series_id,period,value
EG.CONIA.IDX.180D,2017-07-02,16.5596
EG.CONIA.IDX.180D,2017-07-03,16.5765
EG.CONIA.IDX.180D,2017-07-04,16.5922
EG.CONIA.IDX.180D,2017-07-05,16.6091
EG.CONIA.IDX.180D,2017-07-06,16.6259
EG.CONIA.IDX.180D,2017-07-09,16.6761
EG.CONIA.IDX.180D,2017-07-10,16.7046
EG.CONIA.IDX.180D,2017-07-11,16.7316
EG.CONIA.IDX.180D,2017-07-12,16.758
EG.CONIA.IDX.180D,2017-07-13,16.784
EG.CONIA.IDX.180D,2017-07-16,16.8583
EG.CONIA.IDX.180D,2017-07-17,16.8809
EG.CONIA.IDX.180D,2017-07-18,16.9032
EG.CONIA.IDX.180D,2017-07-19,16.93
EG.CONIA.IDX.180D,2017-07-20,16.9569
EG.CONIA.IDX.180D,2017-07-24,17.0651
EG.CONIA.IDX.180D,2017-07-25,17.0928
EG.CONIA.IDX.180D,2017-07-26,17.1207
EG.CONIA.IDX.180D,2017-07-27,17.1479
EG.CONIA.IDX.180D,2017-07-30,17.2192
EG.CONIA.IDX.180D,2017-07-31,17.2406
EG.CONIA.IDX.180D,2017-08-01,17.2614
EG.CONIA.IDX.180D,2017-08-02,17.2863
EG.CONIA.IDX.180D,2017-08-03,17.3114
EG.CONIA.IDX.180D,2017-08-06,17.3788
EG.CONIA.IDX.180D,2017-08-07,17.4002
EG.CONIA.IDX.180D,2017-08-08,17.4227
EG.CONIA.IDX.180D,2017-08-09,17.4447
EG.CONIA.IDX.180D,2017-08-10,17.4668
EG.CONIA.IDX.180D,2017-08-13,17.5339
EG.CONIA.IDX.180D,2017-08-14,17.5567
EG.CONIA.IDX.180D,2017-08-15,17.5775
EG.CONIA.IDX.180D,2017-08-16,17.6002
EG.CONIA.IDX.180D,2017-08-17,17.6221
EG.CONIA.IDX.180D,2017-08-20,17.6889
EG.CONIA.IDX.180D,2017-08-21,17.7123
EG.CONIA.IDX.180D,2017-08-22,17.734
EG.CONIA.IDX.180D,2017-08-23,17.7542
EG.CONIA.IDX.180D,2017-08-24,17.7738
EG.CONIA.IDX.180D,2017-08-27,17.8359
EG.CONIA.IDX.180D,2017-08-28,17.855
EG.CONIA.IDX.180D,2017-08-29,17.874
EG.CONIA.IDX.180D,2017-08-30,17.8934
EG.CONIA.IDX.180D,2017-09-05,18.0192
EG.CONIA.IDX.180D,2017-09-06,18.0426
EG.CONIA.IDX.180D,2017-09-07,18.0656
EG.CONIA.IDX.180D,2017-09-10,18.1361
EG.CONIA.IDX.180D,2017-09-11,18.1548
EG.CONIA.IDX.180D,2017-09-12,18.1733
EG.CONIA.IDX.180D,2017-09-13,18.1938
EG.CONIA.IDX.180D,2017-09-14,18.2141
EG.CONIA.IDX.180D,2017-09-17,18.275
EG.CONIA.IDX.180D,2017-09-18,18.2959
EG.CONIA.IDX.180D,2017-09-19,18.3174
EG.CONIA.IDX.180D,2017-09-20,18.3397
EG.CONIA.IDX.180D,2017-09-24,18.4302
EG.CONIA.IDX.180D,2017-09-25,18.4504
EG.CONIA.IDX.180D,2017-09-26,18.4695
EG.CONIA.IDX.180D,2017-09-27,18.4895
EG.CONIA.IDX.180D,2017-09-28,18.5095
EG.CONIA.IDX.180D,2017-10-01,18.5688
EG.CONIA.IDX.180D,2017-10-02,18.589
EG.CONIA.IDX.180D,2017-10-03,18.6095
EG.CONIA.IDX.180D,2017-10-04,18.6317
EG.CONIA.IDX.180D,2017-10-08,18.7229
EG.CONIA.IDX.180D,2017-10-09,18.7426
EG.CONIA.IDX.180D,2017-10-10,18.7613
EG.CONIA.IDX.180D,2017-10-11,18.7842
EG.CONIA.IDX.180D,2017-10-12,18.8074
EG.CONIA.IDX.180D,2017-10-15,18.8706
EG.CONIA.IDX.180D,2017-10-16,18.8942
EG.CONIA.IDX.180D,2017-10-17,18.9174
EG.CONIA.IDX.180D,2017-10-18,18.9425
EG.CONIA.IDX.180D,2017-10-19,18.9674
EG.CONIA.IDX.180D,2017-10-22,19.0398
EG.CONIA.IDX.180D,2017-10-23,19.0634
EG.CONIA.IDX.180D,2017-10-24,19.0823
EG.CONIA.IDX.180D,2017-10-25,19.1023
EG.CONIA.IDX.180D,2017-10-26,19.1223
EG.CONIA.IDX.180D,2017-10-29,19.1823
EG.CONIA.IDX.180D,2017-10-30,19.202
EG.CONIA.IDX.180D,2017-10-31,19.2223
EG.CONIA.IDX.180D,2017-11-01,19.2419
EG.CONIA.IDX.180D,2017-11-02,19.2618
EG.CONIA.IDX.180D,2017-11-05,19.3217
EG.CONIA.IDX.180D,2017-11-06,19.3402
EG.CONIA.IDX.180D,2017-11-07,19.3588
EG.CONIA.IDX.180D,2017-11-08,19.3785
EG.CONIA.IDX.180D,2017-11-09,19.3979
EG.CONIA.IDX.180D,2017-11-12,19.4578
EG.CONIA.IDX.180D,2017-11-13,19.4784
EG.CONIA.IDX.180D,2017-11-14,19.4985
EG.CONIA.IDX.180D,2017-11-15,19.5176
EG.CONIA.IDX.180D,2017-11-16,19.5366
EG.CONIA.IDX.180D,2017-11-19,19.5857
EG.CONIA.IDX.180D,2017-11-20,19.5925
EG.CONIA.IDX.180D,2017-11-21,19.5989
EG.CONIA.IDX.180D,2017-11-22,19.6058
EG.CONIA.IDX.180D,2017-11-23,19.6127
EG.CONIA.IDX.180D,2017-11-26,19.6347
EG.CONIA.IDX.180D,2017-11-27,19.6422
EG.CONIA.IDX.180D,2017-11-28,19.6499
EG.CONIA.IDX.180D,2017-11-29,19.6582
EG.CONIA.IDX.180D,2017-12-03,19.6964
EG.CONIA.IDX.180D,2017-12-04,19.7033
EG.CONIA.IDX.180D,2017-12-05,19.7102
EG.CONIA.IDX.180D,2017-12-06,19.7178
EG.CONIA.IDX.180D,2017-12-07,19.7253
EG.CONIA.IDX.180D,2017-12-10,19.7488
EG.CONIA.IDX.180D,2017-12-11,19.7562
EG.CONIA.IDX.180D,2017-12-12,19.7636
EG.CONIA.IDX.180D,2017-12-13,19.771
EG.CONIA.IDX.180D,2017-12-14,19.7785
EG.CONIA.IDX.180D,2017-12-17,19.8042
EG.CONIA.IDX.180D,2017-12-18,19.8106
EG.CONIA.IDX.180D,2017-12-19,19.8168
EG.CONIA.IDX.180D,2017-12-20,19.8239
EG.CONIA.IDX.180D,2017-12-21,19.8311
EG.CONIA.IDX.180D,2017-12-24,19.8518
EG.CONIA.IDX.180D,2017-12-25,19.8586
EG.CONIA.IDX.180D,2017-12-26,19.8658
EG.CONIA.IDX.180D,2017-12-27,19.8729
EG.CONIA.IDX.180D,2017-12-28,19.8804
EG.CONIA.IDX.180D,2017-12-31,19.9039
EG.CONIA.IDX.180D,2018-01-02,19.9182
EG.CONIA.IDX.180D,2018-01-03,19.9253
EG.CONIA.IDX.180D,2018-01-04,19.9325
EG.CONIA.IDX.180D,2018-01-08,19.9258
EG.CONIA.IDX.180D,2018-01-09,19.9214
EG.CONIA.IDX.180D,2018-01-10,19.9202
EG.CONIA.IDX.180D,2018-01-11,19.9187
EG.CONIA.IDX.180D,2018-01-14,19.9183
EG.CONIA.IDX.180D,2018-01-15,19.9133
EG.CONIA.IDX.180D,2018-01-16,19.9077
EG.CONIA.IDX.180D,2018-01-17,19.9032
EG.CONIA.IDX.180D,2018-01-18,19.8985
EG.CONIA.IDX.180D,2018-01-21,19.8833
EG.CONIA.IDX.180D,2018-01-22,19.8791
EG.CONIA.IDX.180D,2018-01-23,19.8754
EG.CONIA.IDX.180D,2018-01-24,19.8754
EG.CONIA.IDX.180D,2018-01-28,19.8759
EG.CONIA.IDX.180D,2018-01-29,19.872
EG.CONIA.IDX.180D,2018-01-30,19.8676
EG.CONIA.IDX.180D,2018-01-31,19.8668
EG.CONIA.IDX.180D,2018-02-01,19.866
EG.CONIA.IDX.180D,2018-02-04,19.8635
EG.CONIA.IDX.180D,2018-02-05,19.8633
EG.CONIA.IDX.180D,2018-02-06,19.8631
EG.CONIA.IDX.180D,2018-02-07,19.8635
EG.CONIA.IDX.180D,2018-02-08,19.8632
EG.CONIA.IDX.180D,2018-02-11,19.8625
EG.CONIA.IDX.180D,2018-02-12,19.8606
EG.CONIA.IDX.180D,2018-02-13,19.8594
EG.CONIA.IDX.180D,2018-02-14,19.8586
EG.CONIA.IDX.180D,2018-02-15,19.8576
EG.CONIA.IDX.180D,2018-02-18,19.8543
EG.CONIA.IDX.180D,2018-02-19,19.8471
EG.CONIA.IDX.180D,2018-02-20,19.8406
EG.CONIA.IDX.180D,2018-02-21,19.8341
EG.CONIA.IDX.180D,2018-02-22,19.828
EG.CONIA.IDX.180D,2018-02-25,19.8111
EG.CONIA.IDX.180D,2018-02-26,19.8054
EG.CONIA.IDX.180D,2018-02-27,19.7983
EG.CONIA.IDX.180D,2018-02-28,19.7915
EG.CONIA.IDX.180D,2018-03-01,19.7849
EG.CONIA.IDX.180D,2018-03-04,19.763
EG.CONIA.IDX.180D,2018-03-05,19.7559
EG.CONIA.IDX.180D,2018-03-06,19.7488
EG.CONIA.IDX.180D,2018-03-07,19.7432
EG.CONIA.IDX.180D,2018-03-08,19.7378
EG.CONIA.IDX.180D,2018-03-11,19.7202
EG.CONIA.IDX.180D,2018-03-12,19.7125
EG.CONIA.IDX.180D,2018-03-13,19.7049
EG.CONIA.IDX.180D,2018-03-14,19.6983
EG.CONIA.IDX.180D,2018-03-15,19.693
EG.CONIA.IDX.180D,2018-03-18,19.6723
EG.CONIA.IDX.180D,2018-03-19,19.6654
EG.CONIA.IDX.180D,2018-03-20,19.659
EG.CONIA.IDX.180D,2018-03-21,19.6523
EG.CONIA.IDX.180D,2018-03-22,19.6456
EG.CONIA.IDX.180D,2018-03-25,19.6272
EG.CONIA.IDX.180D,2018-03-26,19.6201
EG.CONIA.IDX.180D,2018-03-27,19.6128
EG.CONIA.IDX.180D,2018-03-28,19.6061
EG.CONIA.IDX.180D,2018-03-29,19.5992
EG.CONIA.IDX.180D,2018-04-01,19.5782
EG.CONIA.IDX.180D,2018-04-02,19.5653
EG.CONIA.IDX.180D,2018-04-03,19.5526
EG.CONIA.IDX.180D,2018-04-04,19.5413
EG.CONIA.IDX.180D,2018-04-05,19.5309
EG.CONIA.IDX.180D,2018-04-10,19.4752
EG.CONIA.IDX.180D,2018-04-11,19.4618
EG.CONIA.IDX.180D,2018-04-12,19.448
EG.CONIA.IDX.180D,2018-04-15,19.4068
EG.CONIA.IDX.180D,2018-04-16,19.3927
EG.CONIA.IDX.180D,2018-04-17,19.3787
EG.CONIA.IDX.180D,2018-04-18,19.3656
EG.CONIA.IDX.180D,2018-04-19,19.3528
EG.CONIA.IDX.180D,2018-04-22,19.3155
EG.CONIA.IDX.180D,2018-04-23,19.3022
EG.CONIA.IDX.180D,2018-04-24,19.2888
EG.CONIA.IDX.180D,2018-04-26,19.2633
EG.CONIA.IDX.180D,2018-04-29,19.2254
EG.CONIA.IDX.180D,2018-04-30,19.2131
EG.CONIA.IDX.180D,2018-05-02,19.1881
EG.CONIA.IDX.180D,2018-05-03,19.1758
EG.CONIA.IDX.180D,2018-05-06,19.1413
EG.CONIA.IDX.180D,2018-05-07,19.1289
EG.CONIA.IDX.180D,2018-05-08,19.1165
EG.CONIA.IDX.180D,2018-05-09,19.1046
EG.CONIA.IDX.180D,2018-05-10,19.0922
EG.CONIA.IDX.180D,2018-05-13,19.0606
EG.CONIA.IDX.180D,2018-05-14,19.0501
EG.CONIA.IDX.180D,2018-05-15,19.0399
EG.CONIA.IDX.180D,2018-05-16,19.0289
EG.CONIA.IDX.180D,2018-05-17,19.0174
EG.CONIA.IDX.180D,2018-05-20,18.9839
EG.CONIA.IDX.180D,2018-05-21,18.9724
EG.CONIA.IDX.180D,2018-05-22,18.9605
EG.CONIA.IDX.180D,2018-05-23,18.9494
EG.CONIA.IDX.180D,2018-05-24,18.9376
EG.CONIA.IDX.180D,2018-05-27,18.9031
EG.CONIA.IDX.180D,2018-05-28,18.8912
EG.CONIA.IDX.180D,2018-05-29,18.88
EG.CONIA.IDX.180D,2018-05-30,18.8677
EG.CONIA.IDX.180D,2018-05-31,18.8554
EG.CONIA.IDX.180D,2018-06-03,18.8209
EG.CONIA.IDX.180D,2018-06-04,18.8092
EG.CONIA.IDX.180D,2018-06-05,18.7969
EG.CONIA.IDX.180D,2018-06-06,18.7858
EG.CONIA.IDX.180D,2018-06-07,18.7748
EG.CONIA.IDX.180D,2018-06-10,18.7411
EG.CONIA.IDX.180D,2018-06-11,18.7301
EG.CONIA.IDX.180D,2018-06-12,18.7193
EG.CONIA.IDX.180D,2018-06-13,18.7085
EG.CONIA.IDX.180D,2018-06-14,18.6974
EG.CONIA.IDX.180D,2018-06-19,18.6424
EG.CONIA.IDX.180D,2018-06-20,18.6313
EG.CONIA.IDX.180D,2018-06-21,18.6206
EG.CONIA.IDX.180D,2018-06-24,18.5885
EG.CONIA.IDX.180D,2018-06-25,18.5775
EG.CONIA.IDX.180D,2018-06-26,18.5658
EG.CONIA.IDX.180D,2018-06-27,18.5548
EG.CONIA.IDX.180D,2018-06-28,18.543
EG.CONIA.IDX.180D,2018-07-02,18.4955
EG.CONIA.IDX.180D,2018-07-03,18.4835
EG.CONIA.IDX.180D,2018-07-04,18.4724
EG.CONIA.IDX.180D,2018-07-05,18.4607
EG.CONIA.IDX.180D,2018-07-08,18.4237
EG.CONIA.IDX.180D,2018-07-09,18.4114
EG.CONIA.IDX.180D,2018-07-10,18.3995
EG.CONIA.IDX.180D,2018-07-11,18.3877
EG.CONIA.IDX.180D,2018-07-12,18.3749
EG.CONIA.IDX.180D,2018-07-15,18.3373
EG.CONIA.IDX.180D,2018-07-16,18.3241
EG.CONIA.IDX.180D,2018-07-17,18.3111
EG.CONIA.IDX.180D,2018-07-18,18.3005
EG.CONIA.IDX.180D,2018-07-19,18.2889
EG.CONIA.IDX.180D,2018-07-22,18.2527
EG.CONIA.IDX.180D,2018-07-24,18.228
EG.CONIA.IDX.180D,2018-07-25,18.2158
EG.CONIA.IDX.180D,2018-07-26,18.2037
EG.CONIA.IDX.180D,2018-07-29,18.1688
EG.CONIA.IDX.180D,2018-07-30,18.1563
EG.CONIA.IDX.180D,2018-07-31,18.1435
EG.CONIA.IDX.180D,2018-08-01,18.1317
EG.CONIA.IDX.180D,2018-08-02,18.1198
EG.CONIA.IDX.180D,2018-08-05,18.0843
EG.CONIA.IDX.180D,2018-08-06,18.0722
EG.CONIA.IDX.180D,2018-08-07,18.0606
EG.CONIA.IDX.180D,2018-08-08,18.0497
EG.CONIA.IDX.180D,2018-08-09,18.0388
EG.CONIA.IDX.180D,2018-08-12,18.0059
EG.CONIA.IDX.180D,2018-08-13,17.9941
EG.CONIA.IDX.180D,2018-08-14,17.982
EG.CONIA.IDX.180D,2018-08-15,17.9715
EG.CONIA.IDX.180D,2018-08-16,17.9611
EG.CONIA.IDX.180D,2018-08-19,17.9424
EG.CONIA.IDX.180D,2018-08-26,17.9074
EG.CONIA.IDX.180D,2018-08-27,17.9007
EG.CONIA.IDX.180D,2018-08-28,17.8936
EG.CONIA.IDX.180D,2018-08-29,17.8889
EG.CONIA.IDX.180D,2018-08-30,17.8836
EG.CONIA.IDX.180D,2018-09-02,17.8675
EG.CONIA.IDX.180D,2018-09-03,17.8619
EG.CONIA.IDX.180D,2018-09-04,17.8563
EG.CONIA.IDX.180D,2018-09-05,17.8509
EG.CONIA.IDX.180D,2018-09-06,17.8454
EG.CONIA.IDX.180D,2018-09-09,17.8296
EG.CONIA.IDX.180D,2018-09-10,17.8235
EG.CONIA.IDX.180D,2018-09-12,17.8101
EG.CONIA.IDX.180D,2018-09-13,17.8049
EG.CONIA.IDX.180D,2018-09-16,17.789
EG.CONIA.IDX.180D,2018-09-17,17.7839
EG.CONIA.IDX.180D,2018-09-18,17.7789
EG.CONIA.IDX.180D,2018-09-19,17.7734
EG.CONIA.IDX.180D,2018-09-20,17.7679
EG.CONIA.IDX.180D,2018-09-23,17.7522
EG.CONIA.IDX.180D,2018-09-24,17.7462
EG.CONIA.IDX.180D,2018-09-25,17.74
EG.CONIA.IDX.180D,2018-09-26,17.7345
EG.CONIA.IDX.180D,2018-09-27,17.7288
EG.CONIA.IDX.180D,2018-09-30,17.7246
EG.CONIA.IDX.180D,2018-10-01,17.7238
EG.CONIA.IDX.180D,2018-10-02,17.7217
EG.CONIA.IDX.180D,2018-10-03,17.7198
EG.CONIA.IDX.180D,2018-10-04,17.7181
EG.CONIA.IDX.180D,2018-10-08,17.7118
EG.CONIA.IDX.180D,2018-10-09,17.7124
EG.CONIA.IDX.180D,2018-10-10,17.7134
EG.CONIA.IDX.180D,2018-10-11,17.7147
EG.CONIA.IDX.180D,2018-10-14,17.7184
EG.CONIA.IDX.180D,2018-10-15,17.7192
EG.CONIA.IDX.180D,2018-10-16,17.7197
EG.CONIA.IDX.180D,2018-10-17,17.7202
EG.CONIA.IDX.180D,2018-10-18,17.7207
EG.CONIA.IDX.180D,2018-10-21,17.7225
EG.CONIA.IDX.180D,2018-10-22,17.7223
EG.CONIA.IDX.180D,2018-10-23,17.7219
EG.CONIA.IDX.180D,2018-10-24,17.722
EG.CONIA.IDX.180D,2018-10-25,17.7222
EG.CONIA.IDX.180D,2018-10-28,17.7233
EG.CONIA.IDX.180D,2018-10-29,17.724
EG.CONIA.IDX.180D,2018-10-30,17.7246
EG.CONIA.IDX.180D,2018-10-31,17.7244
EG.CONIA.IDX.180D,2018-11-01,17.724
EG.CONIA.IDX.180D,2018-11-04,17.7236
EG.CONIA.IDX.180D,2018-11-05,17.723
EG.CONIA.IDX.180D,2018-11-06,17.7226
EG.CONIA.IDX.180D,2018-11-07,17.7211
EG.CONIA.IDX.180D,2018-11-08,17.7196
EG.CONIA.IDX.180D,2018-11-11,17.7147
EG.CONIA.IDX.180D,2018-11-12,17.7137
EG.CONIA.IDX.180D,2018-11-13,17.7131
EG.CONIA.IDX.180D,2018-11-14,17.7123
EG.CONIA.IDX.180D,2018-11-15,17.7114
EG.CONIA.IDX.180D,2018-11-18,17.7086
EG.CONIA.IDX.180D,2018-11-19,17.7065
EG.CONIA.IDX.180D,2018-11-21,17.7033
EG.CONIA.IDX.180D,2018-11-22,17.702
EG.CONIA.IDX.180D,2018-11-25,17.6981
EG.CONIA.IDX.180D,2018-11-26,17.6976
EG.CONIA.IDX.180D,2018-11-27,17.6973
EG.CONIA.IDX.180D,2018-11-28,17.6967
EG.CONIA.IDX.180D,2018-11-29,17.696
EG.CONIA.IDX.180D,2018-12-02,17.6943
EG.CONIA.IDX.180D,2018-12-03,17.6923
EG.CONIA.IDX.180D,2018-12-04,17.6903
EG.CONIA.IDX.180D,2018-12-05,17.6892
EG.CONIA.IDX.180D,2018-12-06,17.6889
EG.CONIA.IDX.180D,2018-12-09,17.6894
EG.CONIA.IDX.180D,2018-12-10,17.6897
EG.CONIA.IDX.180D,2018-12-11,17.6904
EG.CONIA.IDX.180D,2018-12-12,17.6908
EG.CONIA.IDX.180D,2018-12-13,17.6905
EG.CONIA.IDX.180D,2018-12-16,17.6887
EG.CONIA.IDX.180D,2018-12-17,17.6878
EG.CONIA.IDX.180D,2018-12-18,17.686
EG.CONIA.IDX.180D,2018-12-19,17.6846
EG.CONIA.IDX.180D,2018-12-20,17.6834
EG.CONIA.IDX.180D,2018-12-23,17.6797
EG.CONIA.IDX.180D,2018-12-24,17.6782
EG.CONIA.IDX.180D,2018-12-25,17.6774
EG.CONIA.IDX.180D,2018-12-26,17.6769
EG.CONIA.IDX.180D,2018-12-27,17.6764
EG.CONIA.IDX.180D,2018-12-30,17.6746
EG.CONIA.IDX.180D,2018-12-31,17.6728
EG.CONIA.IDX.180D,2019-01-02,17.6706
EG.CONIA.IDX.180D,2019-01-03,17.6707
EG.CONIA.IDX.180D,2019-01-06,17.6698
EG.CONIA.IDX.180D,2019-01-08,17.6694
EG.CONIA.IDX.180D,2019-01-09,17.6697
EG.CONIA.IDX.180D,2019-01-10,17.67
EG.CONIA.IDX.180D,2019-01-13,17.6707
EG.CONIA.IDX.180D,2019-01-14,17.6687
EG.CONIA.IDX.180D,2019-01-15,17.6674
EG.CONIA.IDX.180D,2019-01-16,17.6671
EG.CONIA.IDX.180D,2019-01-17,17.6668
EG.CONIA.IDX.180D,2019-01-20,17.6668
EG.CONIA.IDX.180D,2019-01-21,17.6668
EG.CONIA.IDX.180D,2019-01-22,17.6668
EG.CONIA.IDX.180D,2019-01-23,17.6669
EG.CONIA.IDX.180D,2019-01-27,17.6679
EG.CONIA.IDX.180D,2019-01-28,17.6672
EG.CONIA.IDX.180D,2019-01-29,17.6663
EG.CONIA.IDX.180D,2019-01-30,17.6664
EG.CONIA.IDX.180D,2019-01-31,17.6664
EG.CONIA.IDX.180D,2019-02-03,17.6662
EG.CONIA.IDX.180D,2019-02-04,17.6661
EG.CONIA.IDX.180D,2019-02-05,17.6659
EG.CONIA.IDX.180D,2019-02-06,17.666
EG.CONIA.IDX.180D,2019-02-07,17.666
EG.CONIA.IDX.180D,2019-02-10,17.6682
EG.CONIA.IDX.180D,2019-02-11,17.6678
EG.CONIA.IDX.180D,2019-02-12,17.6666
EG.CONIA.IDX.180D,2019-02-13,17.6661
EG.CONIA.IDX.180D,2019-02-14,17.6654
EG.CONIA.IDX.180D,2019-02-17,17.6636
EG.CONIA.IDX.180D,2019-02-18,17.6567
EG.CONIA.IDX.180D,2019-02-19,17.6496
EG.CONIA.IDX.180D,2019-02-20,17.6425
EG.CONIA.IDX.180D,2019-02-21,17.6353
EG.CONIA.IDX.180D,2019-02-24,17.6161
EG.CONIA.IDX.180D,2019-02-25,17.6083
EG.CONIA.IDX.180D,2019-02-26,17.601
EG.CONIA.IDX.180D,2019-02-27,17.5948
EG.CONIA.IDX.180D,2019-02-28,17.5882
EG.CONIA.IDX.180D,2019-03-03,17.568
EG.CONIA.IDX.180D,2019-03-04,17.5616
EG.CONIA.IDX.180D,2019-03-05,17.5555
EG.CONIA.IDX.180D,2019-03-06,17.5494
EG.CONIA.IDX.180D,2019-03-07,17.5433
EG.CONIA.IDX.180D,2019-03-10,17.5272
EG.CONIA.IDX.180D,2019-03-11,17.5222
EG.CONIA.IDX.180D,2019-03-12,17.5161
EG.CONIA.IDX.180D,2019-03-13,17.5102
EG.CONIA.IDX.180D,2019-03-14,17.504
EG.CONIA.IDX.180D,2019-03-17,17.487
EG.CONIA.IDX.180D,2019-03-18,17.4815
EG.CONIA.IDX.180D,2019-03-19,17.4756
EG.CONIA.IDX.180D,2019-03-20,17.4701
EG.CONIA.IDX.180D,2019-03-21,17.4644
EG.CONIA.IDX.180D,2019-03-24,17.449
EG.CONIA.IDX.180D,2019-03-25,17.4428
EG.CONIA.IDX.180D,2019-03-26,17.4361
EG.CONIA.IDX.180D,2019-03-27,17.4299
EG.CONIA.IDX.180D,2019-03-28,17.4232
EG.CONIA.IDX.180D,2019-03-31,17.4028
EG.CONIA.IDX.180D,2019-04-01,17.3962
EG.CONIA.IDX.180D,2019-04-02,17.3898
EG.CONIA.IDX.180D,2019-04-03,17.384
EG.CONIA.IDX.180D,2019-04-04,17.3783
EG.CONIA.IDX.180D,2019-04-07,17.3631
EG.CONIA.IDX.180D,2019-04-08,17.3574
EG.CONIA.IDX.180D,2019-04-09,17.351
EG.CONIA.IDX.180D,2019-04-10,17.3449
EG.CONIA.IDX.180D,2019-04-11,17.3387
EG.CONIA.IDX.180D,2019-04-14,17.3205
EG.CONIA.IDX.180D,2019-04-15,17.3147
EG.CONIA.IDX.180D,2019-04-16,17.3086
EG.CONIA.IDX.180D,2019-04-17,17.3028
EG.CONIA.IDX.180D,2019-04-18,17.2969
EG.CONIA.IDX.180D,2019-04-21,17.2792
EG.CONIA.IDX.180D,2019-04-22,17.2729
EG.CONIA.IDX.180D,2019-04-23,17.2661
EG.CONIA.IDX.180D,2019-04-24,17.2595
EG.CONIA.IDX.180D,2019-04-30,17.2232
EG.CONIA.IDX.180D,2019-05-02,17.2123
EG.CONIA.IDX.180D,2019-05-05,17.197
EG.CONIA.IDX.180D,2019-05-06,17.1917
EG.CONIA.IDX.180D,2019-05-07,17.1874
EG.CONIA.IDX.180D,2019-05-08,17.1815
EG.CONIA.IDX.180D,2019-05-09,17.1756
EG.CONIA.IDX.180D,2019-05-12,17.1585
EG.CONIA.IDX.180D,2019-05-13,17.1528
EG.CONIA.IDX.180D,2019-05-14,17.1472
EG.CONIA.IDX.180D,2019-05-15,17.1419
EG.CONIA.IDX.180D,2019-05-16,17.1364
EG.CONIA.IDX.180D,2019-05-19,17.12
EG.CONIA.IDX.180D,2019-05-20,17.1145
EG.CONIA.IDX.180D,2019-05-21,17.1081
EG.CONIA.IDX.180D,2019-05-22,17.1024
EG.CONIA.IDX.180D,2019-05-23,17.0965
EG.CONIA.IDX.180D,2019-05-26,17.0781
EG.CONIA.IDX.180D,2019-05-27,17.0721
EG.CONIA.IDX.180D,2019-05-28,17.0663
EG.CONIA.IDX.180D,2019-05-29,17.0606
EG.CONIA.IDX.180D,2019-05-30,17.055
EG.CONIA.IDX.180D,2019-06-02,17.0395
EG.CONIA.IDX.180D,2019-06-03,17.0331
EG.CONIA.IDX.180D,2019-06-09,16.9934
EG.CONIA.IDX.180D,2019-06-10,16.9862
EG.CONIA.IDX.180D,2019-06-11,16.9796
EG.CONIA.IDX.180D,2019-06-12,16.9734
EG.CONIA.IDX.180D,2019-06-13,16.9668
EG.CONIA.IDX.180D,2019-06-16,16.9474
EG.CONIA.IDX.180D,2019-06-17,16.941
EG.CONIA.IDX.180D,2019-06-18,16.934
EG.CONIA.IDX.180D,2019-06-19,16.9279
EG.CONIA.IDX.180D,2019-06-20,16.9216
EG.CONIA.IDX.180D,2019-06-23,16.903
EG.CONIA.IDX.180D,2019-06-24,16.8968
EG.CONIA.IDX.180D,2019-06-25,16.8906
EG.CONIA.IDX.180D,2019-06-26,16.8845
EG.CONIA.IDX.180D,2019-06-27,16.8781
EG.CONIA.IDX.180D,2019-07-02,16.8454
EG.CONIA.IDX.180D,2019-07-03,16.8387
EG.CONIA.IDX.180D,2019-07-04,16.8319
EG.CONIA.IDX.180D,2019-07-07,16.8126
EG.CONIA.IDX.180D,2019-07-08,16.8064
EG.CONIA.IDX.180D,2019-07-09,16.8002
EG.CONIA.IDX.180D,2019-07-10,16.7938
EG.CONIA.IDX.180D,2019-07-11,16.7875
EG.CONIA.IDX.180D,2019-07-14,16.7685
EG.CONIA.IDX.180D,2019-07-15,16.7616
EG.CONIA.IDX.180D,2019-07-16,16.7547
EG.CONIA.IDX.180D,2019-07-17,16.7482
EG.CONIA.IDX.180D,2019-07-18,16.7416
EG.CONIA.IDX.180D,2019-07-21,16.7216
EG.CONIA.IDX.180D,2019-07-22,16.7148
EG.CONIA.IDX.180D,2019-07-24,16.7017
EG.CONIA.IDX.180D,2019-07-25,16.6952
EG.CONIA.IDX.180D,2019-07-28,16.6765
EG.CONIA.IDX.180D,2019-07-29,16.6695
EG.CONIA.IDX.180D,2019-07-30,16.6625
EG.CONIA.IDX.180D,2019-07-31,16.6559
EG.CONIA.IDX.180D,2019-08-01,16.6493
EG.CONIA.IDX.180D,2019-08-04,16.6288
EG.CONIA.IDX.180D,2019-08-05,16.6219
EG.CONIA.IDX.180D,2019-08-06,16.6152
EG.CONIA.IDX.180D,2019-08-07,16.608
EG.CONIA.IDX.180D,2019-08-08,16.601
EG.CONIA.IDX.180D,2019-08-14,16.56
EG.CONIA.IDX.180D,2019-08-15,16.553
EG.CONIA.IDX.180D,2019-08-18,16.5442
EG.CONIA.IDX.180D,2019-08-19,16.5434
EG.CONIA.IDX.180D,2019-08-20,16.5426
EG.CONIA.IDX.180D,2019-08-21,16.5422
EG.CONIA.IDX.180D,2019-08-22,16.5417
EG.CONIA.IDX.180D,2019-08-25,16.5406
EG.CONIA.IDX.180D,2019-08-26,16.5308
EG.CONIA.IDX.180D,2019-08-27,16.5211
EG.CONIA.IDX.180D,2019-08-28,16.512
EG.CONIA.IDX.180D,2019-08-29,16.5026
EG.CONIA.IDX.180D,2019-09-01,16.4743
EG.CONIA.IDX.180D,2019-09-02,16.4647
EG.CONIA.IDX.180D,2019-09-03,16.4552
EG.CONIA.IDX.180D,2019-09-04,16.4451
EG.CONIA.IDX.180D,2019-09-05,16.4352
EG.CONIA.IDX.180D,2019-09-08,16.4063
EG.CONIA.IDX.180D,2019-09-09,16.3967
EG.CONIA.IDX.180D,2019-09-10,16.3869
EG.CONIA.IDX.180D,2019-09-11,16.3771
EG.CONIA.IDX.180D,2019-09-12,16.367
EG.CONIA.IDX.180D,2019-09-15,16.3375
EG.CONIA.IDX.180D,2019-09-16,16.3276
EG.CONIA.IDX.180D,2019-09-17,16.3181
EG.CONIA.IDX.180D,2019-09-18,16.3083
EG.CONIA.IDX.180D,2019-09-19,16.2984
EG.CONIA.IDX.180D,2019-09-22,16.27
EG.CONIA.IDX.180D,2019-09-23,16.2602
EG.CONIA.IDX.180D,2019-09-24,16.2505
EG.CONIA.IDX.180D,2019-09-25,16.2413
EG.CONIA.IDX.180D,2019-09-26,16.232
EG.CONIA.IDX.180D,2019-09-29,16.203
EG.CONIA.IDX.180D,2019-09-30,16.1872
EG.CONIA.IDX.180D,2019-10-01,16.1714
EG.CONIA.IDX.180D,2019-10-02,16.155
EG.CONIA.IDX.180D,2019-10-03,16.1386
EG.CONIA.IDX.180D,2019-10-07,16.0748
EG.CONIA.IDX.180D,2019-10-08,16.0589
EG.CONIA.IDX.180D,2019-10-09,16.0434
EG.CONIA.IDX.180D,2019-10-10,16.0279
EG.CONIA.IDX.180D,2019-10-13,15.9814
EG.CONIA.IDX.180D,2019-10-14,15.966
EG.CONIA.IDX.180D,2019-10-15,15.9505
EG.CONIA.IDX.180D,2019-10-16,15.9354
EG.CONIA.IDX.180D,2019-10-17,15.9204
EG.CONIA.IDX.180D,2019-10-20,15.8749
EG.CONIA.IDX.180D,2019-10-21,15.8598
EG.CONIA.IDX.180D,2019-10-22,15.8439
EG.CONIA.IDX.180D,2019-10-23,15.8284
EG.CONIA.IDX.180D,2019-10-24,15.8129
EG.CONIA.IDX.180D,2019-10-27,15.766
EG.CONIA.IDX.180D,2019-10-28,15.7502
EG.CONIA.IDX.180D,2019-10-29,15.7346
EG.CONIA.IDX.180D,2019-10-30,15.7191
EG.CONIA.IDX.180D,2019-10-31,15.7037
EG.CONIA.IDX.180D,2019-11-03,15.6562
EG.CONIA.IDX.180D,2019-11-04,15.641
EG.CONIA.IDX.180D,2019-11-05,15.6256
EG.CONIA.IDX.180D,2019-11-06,15.6107
EG.CONIA.IDX.180D,2019-11-07,15.5959
EG.CONIA.IDX.180D,2019-11-11,15.5377
EG.CONIA.IDX.180D,2019-11-12,15.5231
EG.CONIA.IDX.180D,2019-11-13,15.5092
EG.CONIA.IDX.180D,2019-11-14,15.4958
EG.CONIA.IDX.180D,2019-11-17,15.4571
EG.CONIA.IDX.180D,2019-11-18,15.438
EG.CONIA.IDX.180D,2019-11-19,15.4189
EG.CONIA.IDX.180D,2019-11-20,15.3986
EG.CONIA.IDX.180D,2019-11-21,15.3785
EG.CONIA.IDX.180D,2019-11-24,15.3177
EG.CONIA.IDX.180D,2019-11-25,15.2973
EG.CONIA.IDX.180D,2019-11-26,15.2768
EG.CONIA.IDX.180D,2019-11-27,15.2561
EG.CONIA.IDX.180D,2019-11-28,15.2352
EG.CONIA.IDX.180D,2019-12-01,15.1722
EG.CONIA.IDX.180D,2019-12-02,15.1505
EG.CONIA.IDX.180D,2019-12-03,15.1284
EG.CONIA.IDX.180D,2019-12-04,15.1068
EG.CONIA.IDX.180D,2019-12-05,15.0851
EG.CONIA.IDX.180D,2019-12-08,15.0222
EG.CONIA.IDX.180D,2019-12-09,15.0015
EG.CONIA.IDX.180D,2019-12-10,14.9812
EG.CONIA.IDX.180D,2019-12-11,14.9611
EG.CONIA.IDX.180D,2019-12-12,14.9411
EG.CONIA.IDX.180D,2019-12-15,14.8818
EG.CONIA.IDX.180D,2019-12-16,14.8616
EG.CONIA.IDX.180D,2019-12-17,14.8409
EG.CONIA.IDX.180D,2019-12-18,14.8209
EG.CONIA.IDX.180D,2019-12-19,14.8007
EG.CONIA.IDX.180D,2019-12-22,14.7401
EG.CONIA.IDX.180D,2019-12-23,14.7199
EG.CONIA.IDX.180D,2019-12-24,14.7001
EG.CONIA.IDX.180D,2019-12-25,14.6806
EG.CONIA.IDX.180D,2019-12-26,14.6608
EG.CONIA.IDX.180D,2019-12-29,14.5995
EG.CONIA.IDX.180D,2019-12-30,14.5786
EG.CONIA.IDX.180D,2019-12-31,14.5578
EG.CONIA.IDX.180D,2020-01-02,14.518
EG.CONIA.IDX.180D,2020-01-05,14.4589
EG.CONIA.IDX.180D,2020-01-06,14.4395
EG.CONIA.IDX.180D,2020-01-08,14.4003
EG.CONIA.IDX.180D,2020-01-09,14.3808
EG.CONIA.IDX.180D,2020-01-12,14.3221
EG.CONIA.IDX.180D,2020-01-13,14.3015
EG.CONIA.IDX.180D,2020-01-14,14.2808
EG.CONIA.IDX.180D,2020-01-15,14.2616
EG.CONIA.IDX.180D,2020-01-16,14.2421
EG.CONIA.IDX.180D,2020-01-19,14.1823
EG.CONIA.IDX.180D,2020-01-20,14.1624
EG.CONIA.IDX.180D,2020-01-21,14.1427
EG.CONIA.IDX.180D,2020-01-22,14.123
EG.CONIA.IDX.180D,2020-01-23,14.1031
EG.CONIA.IDX.180D,2020-01-26,14.0416
EG.CONIA.IDX.180D,2020-01-27,14.0206
EG.CONIA.IDX.180D,2020-01-28,13.9995
EG.CONIA.IDX.180D,2020-01-29,13.9797
EG.CONIA.IDX.180D,2020-01-30,13.96
EG.CONIA.IDX.180D,2020-02-02,13.9007
EG.CONIA.IDX.180D,2020-02-03,13.881
EG.CONIA.IDX.180D,2020-02-04,13.8609
EG.CONIA.IDX.180D,2020-02-05,13.8412
EG.CONIA.IDX.180D,2020-02-06,13.8216
EG.CONIA.IDX.180D,2020-02-09,13.7633
EG.CONIA.IDX.180D,2020-02-10,13.7436
EG.CONIA.IDX.180D,2020-02-11,13.7234
EG.CONIA.IDX.180D,2020-02-12,13.7039
EG.CONIA.IDX.180D,2020-02-13,13.6841
EG.CONIA.IDX.180D,2020-02-16,13.6249
EG.CONIA.IDX.180D,2020-02-17,13.605
EG.CONIA.IDX.180D,2020-02-18,13.5854
EG.CONIA.IDX.180D,2020-02-19,13.5658
EG.CONIA.IDX.180D,2020-02-20,13.5457
EG.CONIA.IDX.180D,2020-02-23,13.5029
EG.CONIA.IDX.180D,2020-02-24,13.4912
EG.CONIA.IDX.180D,2020-02-25,13.4793
EG.CONIA.IDX.180D,2020-02-26,13.4681
EG.CONIA.IDX.180D,2020-02-27,13.4567
EG.CONIA.IDX.180D,2020-03-01,13.4224
EG.CONIA.IDX.180D,2020-03-02,13.4109
EG.CONIA.IDX.180D,2020-03-03,13.3991
EG.CONIA.IDX.180D,2020-03-04,13.3873
EG.CONIA.IDX.180D,2020-03-05,13.3755
EG.CONIA.IDX.180D,2020-03-08,13.3408
EG.CONIA.IDX.180D,2020-03-09,13.3293
EG.CONIA.IDX.180D,2020-03-10,13.3175
EG.CONIA.IDX.180D,2020-03-11,13.3064
EG.CONIA.IDX.180D,2020-03-15,13.2629
EG.CONIA.IDX.180D,2020-03-16,13.2521
EG.CONIA.IDX.180D,2020-03-17,13.2418
EG.CONIA.IDX.180D,2020-03-18,13.2144
EG.CONIA.IDX.180D,2020-03-19,13.1874
EG.CONIA.IDX.180D,2020-03-22,13.1086
EG.CONIA.IDX.180D,2020-03-23,13.0818
EG.CONIA.IDX.180D,2020-03-24,13.053
EG.CONIA.IDX.180D,2020-03-25,13.0259
EG.CONIA.IDX.180D,2020-03-26,12.9989
EG.CONIA.IDX.180D,2020-03-29,12.9293
EG.CONIA.IDX.180D,2020-03-30,12.9081
EG.CONIA.IDX.180D,2020-03-31,12.8872
EG.CONIA.IDX.180D,2020-04-01,12.8671
EG.CONIA.IDX.180D,2020-04-02,12.8451
EG.CONIA.IDX.180D,2020-04-05,12.7793
EG.CONIA.IDX.180D,2020-04-06,12.7559
EG.CONIA.IDX.180D,2020-04-07,12.7321
EG.CONIA.IDX.180D,2020-04-08,12.7108
EG.CONIA.IDX.180D,2020-04-09,12.6891
EG.CONIA.IDX.180D,2020-04-12,12.6233
EG.CONIA.IDX.180D,2020-04-13,12.6016
EG.CONIA.IDX.180D,2020-04-14,12.5796
EG.CONIA.IDX.180D,2020-04-15,12.5586
EG.CONIA.IDX.180D,2020-04-16,12.5374
EG.CONIA.IDX.180D,2020-04-21,12.4329
EG.CONIA.IDX.180D,2020-04-22,12.4116
EG.CONIA.IDX.180D,2020-04-23,12.3896
EG.CONIA.IDX.180D,2020-04-26,12.3215
EG.CONIA.IDX.180D,2020-04-27,12.2987
EG.CONIA.IDX.180D,2020-04-28,12.2757
EG.CONIA.IDX.180D,2020-04-29,12.2526
EG.CONIA.IDX.180D,2020-04-30,12.2293
EG.CONIA.IDX.180D,2020-05-03,12.1599
EG.CONIA.IDX.180D,2020-05-04,12.1363
EG.CONIA.IDX.180D,2020-05-05,12.1123
EG.CONIA.IDX.180D,2020-05-06,12.0899
EG.CONIA.IDX.180D,2020-05-07,12.068
EG.CONIA.IDX.180D,2020-05-10,12.0036
EG.CONIA.IDX.180D,2020-05-11,11.9819
EG.CONIA.IDX.180D,2020-05-12,11.9595
EG.CONIA.IDX.180D,2020-05-13,11.937
EG.CONIA.IDX.180D,2020-05-14,11.9144
EG.CONIA.IDX.180D,2020-05-17,11.8582
EG.CONIA.IDX.180D,2020-05-18,11.8413
EG.CONIA.IDX.180D,2020-05-19,11.8233
EG.CONIA.IDX.180D,2020-05-20,11.808
EG.CONIA.IDX.180D,2020-05-21,11.7927
EG.CONIA.IDX.180D,2020-05-31,11.6399
EG.CONIA.IDX.180D,2020-06-01,11.6234
EG.CONIA.IDX.180D,2020-06-02,11.6059
EG.CONIA.IDX.180D,2020-06-03,11.5908
EG.CONIA.IDX.180D,2020-06-04,11.5756
EG.CONIA.IDX.180D,2020-06-07,11.5287
EG.CONIA.IDX.180D,2020-06-08,11.5129
EG.CONIA.IDX.180D,2020-06-09,11.4966
EG.CONIA.IDX.180D,2020-06-10,11.4807
EG.CONIA.IDX.180D,2020-06-11,11.4643
EG.CONIA.IDX.180D,2020-06-14,11.4165
EG.CONIA.IDX.180D,2020-06-15,11.3986
EG.CONIA.IDX.180D,2020-06-16,11.3804
EG.CONIA.IDX.180D,2020-06-17,11.3645
EG.CONIA.IDX.180D,2020-06-18,11.3489
EG.CONIA.IDX.180D,2020-06-21,11.3034
EG.CONIA.IDX.180D,2020-06-22,11.2871
EG.CONIA.IDX.180D,2020-06-23,11.2713
EG.CONIA.IDX.180D,2020-06-24,11.2564
EG.CONIA.IDX.180D,2020-06-25,11.2414
EG.CONIA.IDX.180D,2020-06-28,11.195
EG.CONIA.IDX.180D,2020-06-29,11.1781
EG.CONIA.IDX.180D,2020-06-30,11.1611
EG.CONIA.IDX.180D,2020-07-05,11.0929
EG.CONIA.IDX.180D,2020-07-06,11.079
EG.CONIA.IDX.180D,2020-07-07,11.0654
EG.CONIA.IDX.180D,2020-07-08,11.0524
EG.CONIA.IDX.180D,2020-07-09,11.038
EG.CONIA.IDX.180D,2020-07-12,10.9894
EG.CONIA.IDX.180D,2020-07-13,10.9725
EG.CONIA.IDX.180D,2020-07-14,10.9555
EG.CONIA.IDX.180D,2020-07-15,10.942
EG.CONIA.IDX.180D,2020-07-16,10.9284
EG.CONIA.IDX.180D,2020-07-19,10.8877
EG.CONIA.IDX.180D,2020-07-20,10.874
EG.CONIA.IDX.180D,2020-07-21,10.8608
EG.CONIA.IDX.180D,2020-07-22,10.8475
EG.CONIA.IDX.180D,2020-07-26,10.7979
EG.CONIA.IDX.180D,2020-07-27,10.7833
EG.CONIA.IDX.180D,2020-07-28,10.7669
EG.CONIA.IDX.180D,2020-07-29,10.7528
EG.CONIA.IDX.180D,2020-08-04,10.6739
EG.CONIA.IDX.180D,2020-08-05,10.6594
EG.CONIA.IDX.180D,2020-08-06,10.6452
EG.CONIA.IDX.180D,2020-08-09,10.5989
EG.CONIA.IDX.180D,2020-08-10,10.5824
EG.CONIA.IDX.180D,2020-08-11,10.5649
EG.CONIA.IDX.180D,2020-08-12,10.5522
EG.CONIA.IDX.180D,2020-08-13,10.5385
EG.CONIA.IDX.180D,2020-08-16,10.4999
EG.CONIA.IDX.180D,2020-08-17,10.4871
EG.CONIA.IDX.180D,2020-08-18,10.4743
EG.CONIA.IDX.180D,2020-08-19,10.4622
EG.CONIA.IDX.180D,2020-08-23,10.4128
EG.CONIA.IDX.180D,2020-08-24,10.3965
EG.CONIA.IDX.180D,2020-08-25,10.3789
EG.CONIA.IDX.180D,2020-08-26,10.3661
EG.CONIA.IDX.180D,2020-08-27,10.3533
EG.CONIA.IDX.180D,2020-08-30,10.3155
EG.CONIA.IDX.180D,2020-08-31,10.3027
EG.CONIA.IDX.180D,2020-09-01,10.2896
EG.CONIA.IDX.180D,2020-09-02,10.2765
EG.CONIA.IDX.180D,2020-09-03,10.2632
EG.CONIA.IDX.180D,2020-09-06,10.2214
EG.CONIA.IDX.180D,2020-09-07,10.2053
EG.CONIA.IDX.180D,2020-09-08,10.1878
EG.CONIA.IDX.180D,2020-09-09,10.1744
EG.CONIA.IDX.180D,2020-09-10,10.1609
EG.CONIA.IDX.180D,2020-09-13,10.1211
EG.CONIA.IDX.180D,2020-09-14,10.1247
EG.CONIA.IDX.180D,2020-09-15,10.1276
EG.CONIA.IDX.180D,2020-09-16,10.1303
EG.CONIA.IDX.180D,2020-09-17,10.1334
EG.CONIA.IDX.180D,2020-09-20,10.144
EG.CONIA.IDX.180D,2020-09-21,10.144
EG.CONIA.IDX.180D,2020-09-22,10.142
EG.CONIA.IDX.180D,2020-09-23,10.1463
EG.CONIA.IDX.180D,2020-09-24,10.1508
EG.CONIA.IDX.180D,2020-09-27,10.164
EG.CONIA.IDX.180D,2020-09-28,10.1646
EG.CONIA.IDX.180D,2020-09-29,10.1673
EG.CONIA.IDX.180D,2020-09-30,10.1702
EG.CONIA.IDX.180D,2020-10-01,10.1728
EG.CONIA.IDX.180D,2020-10-04,10.1858
EG.CONIA.IDX.180D,2020-10-05,10.1877
EG.CONIA.IDX.180D,2020-10-06,10.1862
EG.CONIA.IDX.180D,2020-10-07,10.1896
EG.CONIA.IDX.180D,2020-10-11,10.2029
EG.CONIA.IDX.180D,2020-10-12,10.2059
EG.CONIA.IDX.180D,2020-10-13,10.2086
EG.CONIA.IDX.180D,2020-10-14,10.211
EG.CONIA.IDX.180D,2020-10-15,10.2139
EG.CONIA.IDX.180D,2020-10-18,10.2227
EG.CONIA.IDX.180D,2020-10-19,10.2223
EG.CONIA.IDX.180D,2020-10-20,10.2187
EG.CONIA.IDX.180D,2020-10-21,10.2238
EG.CONIA.IDX.180D,2020-10-22,10.2293
EG.CONIA.IDX.180D,2020-10-25,10.2458
EG.CONIA.IDX.180D,2020-10-26,10.2513
EG.CONIA.IDX.180D,2020-10-27,10.257
EG.CONIA.IDX.180D,2020-10-28,10.262
EG.CONIA.IDX.180D,2020-11-01,10.2798
EG.CONIA.IDX.180D,2020-11-02,10.2783
EG.CONIA.IDX.180D,2020-11-03,10.2735
EG.CONIA.IDX.180D,2020-11-04,10.2777
EG.CONIA.IDX.180D,2020-11-05,10.2814
EG.CONIA.IDX.180D,2020-11-08,10.2916
EG.CONIA.IDX.180D,2020-11-09,10.2947
EG.CONIA.IDX.180D,2020-11-10,10.2977
EG.CONIA.IDX.180D,2020-11-11,10.3003
EG.CONIA.IDX.180D,2020-11-12,10.3031
EG.CONIA.IDX.180D,2020-11-15,10.3122
EG.CONIA.IDX.180D,2020-11-16,10.3046
EG.CONIA.IDX.180D,2020-11-17,10.2958
EG.CONIA.IDX.180D,2020-11-18,10.2978
EG.CONIA.IDX.180D,2020-11-19,10.2998
EG.CONIA.IDX.180D,2020-11-22,10.3055
EG.CONIA.IDX.180D,2020-11-23,10.3068
EG.CONIA.IDX.180D,2020-11-24,10.3074
EG.CONIA.IDX.180D,2020-11-25,10.308
EG.CONIA.IDX.180D,2020-11-26,10.3081
EG.CONIA.IDX.180D,2020-11-29,10.2925
EG.CONIA.IDX.180D,2020-11-30,10.2838
EG.CONIA.IDX.180D,2020-12-01,10.2748
EG.CONIA.IDX.180D,2020-12-02,10.2777
EG.CONIA.IDX.180D,2020-12-03,10.2812
EG.CONIA.IDX.180D,2020-12-06,10.2935
EG.CONIA.IDX.180D,2020-12-07,10.2967
EG.CONIA.IDX.180D,2020-12-08,10.3002
EG.CONIA.IDX.180D,2020-12-09,10.3031
EG.CONIA.IDX.180D,2020-12-10,10.3052
EG.CONIA.IDX.180D,2020-12-13,10.3022
EG.CONIA.IDX.180D,2020-12-14,10.2978
EG.CONIA.IDX.180D,2020-12-15,10.2905
EG.CONIA.IDX.180D,2020-12-16,10.2929
EG.CONIA.IDX.180D,2020-12-17,10.296
EG.CONIA.IDX.180D,2020-12-20,10.3074
EG.CONIA.IDX.180D,2020-12-21,10.3109
EG.CONIA.IDX.180D,2020-12-22,10.3153
EG.CONIA.IDX.180D,2020-12-23,10.3198
EG.CONIA.IDX.180D,2020-12-24,10.3233
EG.CONIA.IDX.180D,2020-12-27,10.3077
EG.CONIA.IDX.180D,2020-12-28,10.2976
EG.CONIA.IDX.180D,2020-12-29,10.2868
EG.CONIA.IDX.180D,2020-12-30,10.2886
EG.CONIA.IDX.180D,2020-12-31,10.2905
EG.CONIA.IDX.180D,2021-01-03,10.2939
EG.CONIA.IDX.180D,2021-01-04,10.2949
EG.CONIA.IDX.180D,2021-01-05,10.2949
EG.CONIA.IDX.180D,2021-01-06,10.2967
EG.CONIA.IDX.180D,2021-01-10,10.2693
EG.CONIA.IDX.180D,2021-01-11,10.2584
EG.CONIA.IDX.180D,2021-01-12,10.2475
EG.CONIA.IDX.180D,2021-01-13,10.2482
EG.CONIA.IDX.180D,2021-01-14,10.2492
EG.CONIA.IDX.180D,2021-01-17,10.2481
EG.CONIA.IDX.180D,2021-01-18,10.2478
EG.CONIA.IDX.180D,2021-01-19,10.2448
EG.CONIA.IDX.180D,2021-01-20,10.2391
EG.CONIA.IDX.180D,2021-01-21,10.2315
EG.CONIA.IDX.180D,2021-01-24,10.2087
EG.CONIA.IDX.180D,2021-01-25,10.1988
EG.CONIA.IDX.180D,2021-01-26,10.1876
EG.CONIA.IDX.180D,2021-01-27,10.1882
EG.CONIA.IDX.180D,2021-01-31,10.1957
EG.CONIA.IDX.180D,2021-02-01,10.1991
EG.CONIA.IDX.180D,2021-02-02,10.2019
EG.CONIA.IDX.180D,2021-02-03,10.2055
EG.CONIA.IDX.180D,2021-02-04,10.2041
EG.CONIA.IDX.180D,2021-02-07,10.1879
EG.CONIA.IDX.180D,2021-02-08,10.1774
EG.CONIA.IDX.180D,2021-02-09,10.167
EG.CONIA.IDX.180D,2021-02-10,10.1687
EG.CONIA.IDX.180D,2021-02-11,10.1708
EG.CONIA.IDX.180D,2021-02-14,10.1764
EG.CONIA.IDX.180D,2021-02-15,10.1774
EG.CONIA.IDX.180D,2021-02-16,10.1787
EG.CONIA.IDX.180D,2021-02-17,10.1783
EG.CONIA.IDX.180D,2021-02-18,10.1741
EG.CONIA.IDX.180D,2021-02-21,10.1545
EG.CONIA.IDX.180D,2021-02-22,10.1438
EG.CONIA.IDX.180D,2021-02-23,10.1327
EG.CONIA.IDX.180D,2021-02-24,10.1334
EG.CONIA.IDX.180D,2021-02-25,10.1349
EG.CONIA.IDX.180D,2021-02-28,10.1419
EG.CONIA.IDX.180D,2021-03-01,10.1442
EG.CONIA.IDX.180D,2021-03-02,10.1466
EG.CONIA.IDX.180D,2021-03-03,10.1489
EG.CONIA.IDX.180D,2021-03-04,10.1485
EG.CONIA.IDX.180D,2021-03-07,10.1307
EG.CONIA.IDX.180D,2021-03-08,10.1203
EG.CONIA.IDX.180D,2021-03-09,10.1109
EG.CONIA.IDX.180D,2021-03-10,10.1123
EG.CONIA.IDX.180D,2021-03-11,10.1134
EG.CONIA.IDX.180D,2021-03-14,10.1161
EG.CONIA.IDX.180D,2021-03-15,10.1165
EG.CONIA.IDX.180D,2021-03-16,10.1167
EG.CONIA.IDX.180D,2021-03-17,10.1167
EG.CONIA.IDX.180D,2021-03-18,10.1138
EG.CONIA.IDX.180D,2021-03-21,10.0961
EG.CONIA.IDX.180D,2021-03-22,10.0839
EG.CONIA.IDX.180D,2021-03-23,10.0715
EG.CONIA.IDX.180D,2021-03-24,10.0717
EG.CONIA.IDX.180D,2021-03-25,10.0716
EG.CONIA.IDX.180D,2021-03-28,10.0768
EG.CONIA.IDX.180D,2021-03-29,10.0797
EG.CONIA.IDX.180D,2021-03-30,10.0831
EG.CONIA.IDX.180D,2021-03-31,10.0857
EG.CONIA.IDX.180D,2021-04-01,10.0872
EG.CONIA.IDX.180D,2021-04-04,10.0859
EG.CONIA.IDX.180D,2021-04-05,10.0757
EG.CONIA.IDX.180D,2021-04-06,10.0648
EG.CONIA.IDX.180D,2021-04-07,10.0651
EG.CONIA.IDX.180D,2021-04-08,10.0651
EG.CONIA.IDX.180D,2021-04-11,10.0635
EG.CONIA.IDX.180D,2021-04-12,10.0614
EG.CONIA.IDX.180D,2021-04-13,10.057
EG.CONIA.IDX.180D,2021-04-14,10.0493
EG.CONIA.IDX.180D,2021-04-15,10.0406
EG.CONIA.IDX.180D,2021-04-18,10.0203
EG.CONIA.IDX.180D,2021-04-19,10.0085
EG.CONIA.IDX.180D,2021-04-20,9.996
EG.CONIA.IDX.180D,2021-04-21,9.9956
EG.CONIA.IDX.180D,2021-04-22,9.9963
EG.CONIA.IDX.180D,2021-04-25,9.9987
EG.CONIA.IDX.180D,2021-04-26,10.0004
EG.CONIA.IDX.180D,2021-04-27,10.0025
EG.CONIA.IDX.180D,2021-04-28,10.0046
EG.CONIA.IDX.180D,2021-05-04,10.0105
EG.CONIA.IDX.180D,2021-05-05,10.0113
EG.CONIA.IDX.180D,2021-05-06,10.0125
EG.CONIA.IDX.180D,2021-05-09,10.0164
EG.CONIA.IDX.180D,2021-05-10,10.0183
EG.CONIA.IDX.180D,2021-05-11,10.02
EG.CONIA.IDX.180D,2021-05-17,10.0403
EG.CONIA.IDX.180D,2021-05-18,10.0301
EG.CONIA.IDX.180D,2021-05-19,10.0323
EG.CONIA.IDX.180D,2021-05-20,10.034
EG.CONIA.IDX.180D,2021-05-23,10.0416
EG.CONIA.IDX.180D,2021-05-24,10.0451
EG.CONIA.IDX.180D,2021-05-25,10.0489
EG.CONIA.IDX.180D,2021-05-26,10.0585
EG.CONIA.IDX.180D,2021-05-27,10.0659
EG.CONIA.IDX.180D,2021-05-30,10.0681
EG.CONIA.IDX.180D,2021-05-31,10.0569
EG.CONIA.IDX.180D,2021-06-01,10.0446
EG.CONIA.IDX.180D,2021-06-02,10.0447
EG.CONIA.IDX.180D,2021-06-03,10.0436
EG.CONIA.IDX.180D,2021-06-06,10.034
EG.CONIA.IDX.180D,2021-06-07,10.0304
EG.CONIA.IDX.180D,2021-06-08,10.026
EG.CONIA.IDX.180D,2021-06-09,10.0244
EG.CONIA.IDX.180D,2021-06-10,10.0201
EG.CONIA.IDX.180D,2021-06-13,10.01
EG.CONIA.IDX.180D,2021-06-14,9.9989
EG.CONIA.IDX.180D,2021-06-15,9.9864
EG.CONIA.IDX.180D,2021-06-16,9.9831
EG.CONIA.IDX.180D,2021-06-17,9.9793
EG.CONIA.IDX.180D,2021-06-20,9.9663
EG.CONIA.IDX.180D,2021-06-21,9.9592
EG.CONIA.IDX.180D,2021-06-22,9.9514
EG.CONIA.IDX.180D,2021-06-23,9.9517
EG.CONIA.IDX.180D,2021-06-24,9.9513
EG.CONIA.IDX.180D,2021-06-27,9.9484
EG.CONIA.IDX.180D,2021-06-28,9.9357
EG.CONIA.IDX.180D,2021-06-29,9.9228
EG.CONIA.IDX.180D,2021-06-30,9.9232
EG.CONIA.IDX.180D,2021-07-04,9.9277
EG.CONIA.IDX.180D,2021-07-05,9.9301
EG.CONIA.IDX.180D,2021-07-06,9.9405
EG.CONIA.IDX.180D,2021-07-07,9.9479
EG.CONIA.IDX.180D,2021-07-08,9.9497
EG.CONIA.IDX.180D,2021-07-11,9.9497
EG.CONIA.IDX.180D,2021-07-12,9.9381
EG.CONIA.IDX.180D,2021-07-13,9.9262
EG.CONIA.IDX.180D,2021-07-14,9.9258
EG.CONIA.IDX.180D,2021-07-15,9.9231
EG.CONIA.IDX.180D,2021-07-18,9.9158
EG.CONIA.IDX.180D,2021-07-25,9.9175
EG.CONIA.IDX.180D,2021-07-26,9.9058
EG.CONIA.IDX.180D,2021-07-27,9.8925
EG.CONIA.IDX.180D,2021-07-28,9.8875
EG.CONIA.IDX.180D,2021-07-29,9.8803
EG.CONIA.IDX.180D,2021-08-01,9.8463
EG.CONIA.IDX.180D,2021-08-02,9.8352
EG.CONIA.IDX.180D,2021-08-03,9.8281
EG.CONIA.IDX.180D,2021-08-04,9.8259
EG.CONIA.IDX.180D,2021-08-05,9.8239
EG.CONIA.IDX.180D,2021-08-08,9.8218
EG.CONIA.IDX.180D,2021-08-09,9.8089
EG.CONIA.IDX.180D,2021-08-10,9.7955
EG.CONIA.IDX.180D,2021-08-11,9.7894
EG.CONIA.IDX.180D,2021-08-15,9.7772
EG.CONIA.IDX.180D,2021-08-16,9.7757
EG.CONIA.IDX.180D,2021-08-17,9.7765
EG.CONIA.IDX.180D,2021-08-18,9.78
EG.CONIA.IDX.180D,2021-08-19,9.7806
EG.CONIA.IDX.180D,2021-08-22,9.7787
EG.CONIA.IDX.180D,2021-08-23,9.7666
EG.CONIA.IDX.180D,2021-08-24,9.7536
EG.CONIA.IDX.180D,2021-08-25,9.7501
EG.CONIA.IDX.180D,2021-08-26,9.7442
EG.CONIA.IDX.180D,2021-08-29,9.7251
EG.CONIA.IDX.180D,2021-08-30,9.7172
EG.CONIA.IDX.180D,2021-08-31,9.7116
EG.CONIA.IDX.180D,2021-09-01,9.7123
EG.CONIA.IDX.180D,2021-09-02,9.7121
EG.CONIA.IDX.180D,2021-09-05,9.7098
EG.CONIA.IDX.180D,2021-09-06,9.6968
EG.CONIA.IDX.180D,2021-09-07,9.684
EG.CONIA.IDX.180D,2021-09-08,9.68
EG.CONIA.IDX.180D,2021-09-09,9.6765
EG.CONIA.IDX.180D,2021-09-12,9.6662
EG.CONIA.IDX.180D,2021-09-13,9.6646
EG.CONIA.IDX.180D,2021-09-14,9.6657
EG.CONIA.IDX.180D,2021-09-15,9.6719
EG.CONIA.IDX.180D,2021-09-16,9.6767
EG.CONIA.IDX.180D,2021-09-19,9.6923
EG.CONIA.IDX.180D,2021-09-20,9.6802
EG.CONIA.IDX.180D,2021-09-21,9.668
EG.CONIA.IDX.180D,2021-09-22,9.6638
EG.CONIA.IDX.180D,2021-09-23,9.6584
EG.CONIA.IDX.180D,2021-09-26,9.6372
EG.CONIA.IDX.180D,2021-09-27,9.628
EG.CONIA.IDX.180D,2021-09-28,9.6202
EG.CONIA.IDX.180D,2021-09-29,9.614
EG.CONIA.IDX.180D,2021-09-30,9.6068
EG.CONIA.IDX.180D,2021-10-03,9.5985
EG.CONIA.IDX.180D,2021-10-04,9.5871
EG.CONIA.IDX.180D,2021-10-05,9.576
EG.CONIA.IDX.180D,2021-10-06,9.5726
EG.CONIA.IDX.180D,2021-10-10,9.571
EG.CONIA.IDX.180D,2021-10-11,9.5763
EG.CONIA.IDX.180D,2021-10-12,9.5822
EG.CONIA.IDX.180D,2021-10-13,9.5873
EG.CONIA.IDX.180D,2021-10-14,9.5904
EG.CONIA.IDX.180D,2021-10-17,9.5915
EG.CONIA.IDX.180D,2021-10-18,9.5794
EG.CONIA.IDX.180D,2021-10-19,9.5662
EG.CONIA.IDX.180D,2021-10-20,9.5626
EG.CONIA.IDX.180D,2021-10-24,9.5456
EG.CONIA.IDX.180D,2021-10-25,9.5383
EG.CONIA.IDX.180D,2021-10-26,9.535
EG.CONIA.IDX.180D,2021-10-27,9.53
EG.CONIA.IDX.180D,2021-10-28,9.521
EG.CONIA.IDX.180D,2021-10-31,9.4892
EG.CONIA.IDX.180D,2021-11-01,9.4761
EG.CONIA.IDX.180D,2021-11-02,9.4626
EG.CONIA.IDX.180D,2021-11-03,9.455
EG.CONIA.IDX.180D,2021-11-04,9.4494
EG.CONIA.IDX.180D,2021-11-07,9.4321
EG.CONIA.IDX.180D,2021-11-08,9.4292
EG.CONIA.IDX.180D,2021-11-09,9.4247
EG.CONIA.IDX.180D,2021-11-10,9.4175
EG.CONIA.IDX.180D,2021-11-11,9.4085
EG.CONIA.IDX.180D,2021-11-14,9.389
EG.CONIA.IDX.180D,2021-11-15,9.376
EG.CONIA.IDX.180D,2021-11-16,9.3635
EG.CONIA.IDX.180D,2021-11-17,9.3573
EG.CONIA.IDX.180D,2021-11-18,9.3527
EG.CONIA.IDX.180D,2021-11-21,9.3405
EG.CONIA.IDX.180D,2021-11-22,9.3366
EG.CONIA.IDX.180D,2021-11-23,9.3337
EG.CONIA.IDX.180D,2021-11-24,9.3362
EG.CONIA.IDX.180D,2021-11-25,9.3368
EG.CONIA.IDX.180D,2021-11-28,9.3392
EG.CONIA.IDX.180D,2021-11-29,9.3266
EG.CONIA.IDX.180D,2021-11-30,9.3152
EG.CONIA.IDX.180D,2021-12-01,9.3144
EG.CONIA.IDX.180D,2021-12-02,9.3145
EG.CONIA.IDX.180D,2021-12-05,9.3185
EG.CONIA.IDX.180D,2021-12-06,9.3212
EG.CONIA.IDX.180D,2021-12-07,9.3237
EG.CONIA.IDX.180D,2021-12-08,9.3251
EG.CONIA.IDX.180D,2021-12-09,9.3253
EG.CONIA.IDX.180D,2021-12-12,9.3251
EG.CONIA.IDX.180D,2021-12-13,9.3158
EG.CONIA.IDX.180D,2021-12-14,9.3071
EG.CONIA.IDX.180D,2021-12-15,9.3055
EG.CONIA.IDX.180D,2021-12-16,9.303
EG.CONIA.IDX.180D,2021-12-19,9.2959
EG.CONIA.IDX.180D,2021-12-20,9.2952
EG.CONIA.IDX.180D,2021-12-21,9.2946
EG.CONIA.IDX.180D,2021-12-22,9.2956
EG.CONIA.IDX.180D,2021-12-23,9.2961
EG.CONIA.IDX.180D,2021-12-26,9.2966
EG.CONIA.IDX.180D,2021-12-27,9.2844
EG.CONIA.IDX.180D,2021-12-28,9.2718
EG.CONIA.IDX.180D,2021-12-29,9.2666
EG.CONIA.IDX.180D,2021-12-30,9.2639
EG.CONIA.IDX.180D,2022-01-02,9.2593
EG.CONIA.IDX.180D,2022-01-03,9.2586
EG.CONIA.IDX.180D,2022-01-04,9.2636
EG.CONIA.IDX.180D,2022-01-05,9.271
EG.CONIA.IDX.180D,2022-01-09,9.3002
EG.CONIA.IDX.180D,2022-01-10,9.2902
EG.CONIA.IDX.180D,2022-01-11,9.2823
EG.CONIA.IDX.180D,2022-01-12,9.2831
EG.CONIA.IDX.180D,2022-01-13,9.284
EG.CONIA.IDX.180D,2022-01-16,9.2988
EG.CONIA.IDX.180D,2022-01-17,9.3049
EG.CONIA.IDX.180D,2022-01-18,9.3111
EG.CONIA.IDX.180D,2022-01-19,9.3177
EG.CONIA.IDX.180D,2022-01-20,9.3246
EG.CONIA.IDX.180D,2022-01-23,9.3482
EG.CONIA.IDX.180D,2022-01-24,9.343
EG.CONIA.IDX.180D,2022-01-25,9.3376
EG.CONIA.IDX.180D,2022-01-26,9.3443
EG.CONIA.IDX.180D,2022-01-30,9.3759
EG.CONIA.IDX.180D,2022-01-31,9.3852
EG.CONIA.IDX.180D,2022-02-01,9.3945
EG.CONIA.IDX.180D,2022-02-02,9.4033
EG.CONIA.IDX.180D,2022-02-03,9.4125
EG.CONIA.IDX.180D,2022-02-06,9.441
EG.CONIA.IDX.180D,2022-02-07,9.4381
EG.CONIA.IDX.180D,2022-02-08,9.4295
EG.CONIA.IDX.180D,2022-02-09,9.4291
EG.CONIA.IDX.180D,2022-02-10,9.4291
EG.CONIA.IDX.180D,2022-02-13,9.4303
EG.CONIA.IDX.180D,2022-02-14,9.4333
EG.CONIA.IDX.180D,2022-02-15,9.4391
EG.CONIA.IDX.180D,2022-02-16,9.4466
EG.CONIA.IDX.180D,2022-02-17,9.4528
EG.CONIA.IDX.180D,2022-02-20,9.4581
EG.CONIA.IDX.180D,2022-02-21,9.4479
EG.CONIA.IDX.180D,2022-02-22,9.4401
EG.CONIA.IDX.180D,2022-02-23,9.4417
EG.CONIA.IDX.180D,2022-02-24,9.4432
EG.CONIA.IDX.180D,2022-02-27,9.4531
EG.CONIA.IDX.180D,2022-02-28,9.4576
EG.CONIA.IDX.180D,2022-03-01,9.4629
EG.CONIA.IDX.180D,2022-03-02,9.4704
EG.CONIA.IDX.180D,2022-03-03,9.4739
EG.CONIA.IDX.180D,2022-03-06,9.4764
EG.CONIA.IDX.180D,2022-03-07,9.4682
EG.CONIA.IDX.180D,2022-03-08,9.4591
EG.CONIA.IDX.180D,2022-03-09,9.4587
EG.CONIA.IDX.180D,2022-03-10,9.4572
EG.CONIA.IDX.180D,2022-03-13,9.4469
EG.CONIA.IDX.180D,2022-03-14,9.4429
EG.CONIA.IDX.180D,2022-03-15,9.4398
EG.CONIA.IDX.180D,2022-03-16,9.4362
EG.CONIA.IDX.180D,2022-03-17,9.431
EG.CONIA.IDX.180D,2022-03-20,9.4238
EG.CONIA.IDX.180D,2022-03-21,9.4153
EG.CONIA.IDX.180D,2022-03-22,9.4145
EG.CONIA.IDX.180D,2022-03-23,9.4235
EG.CONIA.IDX.180D,2022-03-24,9.4268
EG.CONIA.IDX.180D,2022-03-27,9.4395
EG.CONIA.IDX.180D,2022-03-28,9.4465
EG.CONIA.IDX.180D,2022-03-29,9.455
EG.CONIA.IDX.180D,2022-03-30,9.4645
EG.CONIA.IDX.180D,2022-03-31,9.4716
EG.CONIA.IDX.180D,2022-04-03,9.4905
EG.CONIA.IDX.180D,2022-04-04,9.4891
EG.CONIA.IDX.180D,2022-04-05,9.4861
EG.CONIA.IDX.180D,2022-04-06,9.4863
EG.CONIA.IDX.180D,2022-04-07,9.4863
EG.CONIA.IDX.180D,2022-04-10,9.4857
EG.CONIA.IDX.180D,2022-04-11,9.4881
EG.CONIA.IDX.180D,2022-04-12,9.4924
EG.CONIA.IDX.180D,2022-04-13,9.4995
EG.CONIA.IDX.180D,2022-04-14,9.506
EG.CONIA.IDX.180D,2022-04-17,9.5251
EG.CONIA.IDX.180D,2022-04-18,9.5216
EG.CONIA.IDX.180D,2022-04-19,9.5185
EG.CONIA.IDX.180D,2022-04-20,9.5197
EG.CONIA.IDX.180D,2022-04-21,9.5199
EG.CONIA.IDX.180D,2022-04-26,9.5374
EG.CONIA.IDX.180D,2022-04-27,9.546
EG.CONIA.IDX.180D,2022-04-28,9.5533
EG.CONIA.IDX.180D,2022-05-08,9.572
EG.CONIA.IDX.180D,2022-05-09,9.578
EG.CONIA.IDX.180D,2022-05-10,9.5858
EG.CONIA.IDX.180D,2022-05-11,9.5942
EG.CONIA.IDX.180D,2022-05-12,9.602
EG.CONIA.IDX.180D,2022-05-15,9.6248
EG.CONIA.IDX.180D,2022-05-16,9.6248
EG.CONIA.IDX.180D,2022-05-17,9.6225
EG.CONIA.IDX.180D,2022-05-18,9.6232
EG.CONIA.IDX.180D,2022-05-19,9.6243
EG.CONIA.IDX.180D,2022-05-22,9.6277
EG.CONIA.IDX.180D,2022-05-23,9.6445
EG.CONIA.IDX.180D,2022-05-24,9.6632
EG.CONIA.IDX.180D,2022-05-25,9.6818
EG.CONIA.IDX.180D,2022-05-26,9.6986
EG.CONIA.IDX.180D,2022-05-29,9.7497
EG.CONIA.IDX.180D,2022-05-30,9.759
EG.CONIA.IDX.180D,2022-05-31,9.7674
EG.CONIA.IDX.180D,2022-06-01,9.7789
EG.CONIA.IDX.180D,2022-06-02,9.7894
EG.CONIA.IDX.180D,2022-06-05,9.826
EG.CONIA.IDX.180D,2022-06-06,9.8426
EG.CONIA.IDX.180D,2022-06-07,9.8606
EG.CONIA.IDX.180D,2022-06-08,9.8785
EG.CONIA.IDX.180D,2022-06-09,9.8962
EG.CONIA.IDX.180D,2022-06-12,9.9496
EG.CONIA.IDX.180D,2022-06-13,9.9605
EG.CONIA.IDX.180D,2022-06-14,9.9721
EG.CONIA.IDX.180D,2022-06-15,9.9887
EG.CONIA.IDX.180D,2022-06-16,10.0056
EG.CONIA.IDX.180D,2022-06-19,10.0601
EG.CONIA.IDX.180D,2022-06-20,10.0792
EG.CONIA.IDX.180D,2022-06-21,10.0988
EG.CONIA.IDX.180D,2022-06-22,10.1189
EG.CONIA.IDX.180D,2022-06-23,10.1378
EG.CONIA.IDX.180D,2022-06-26,10.1905
EG.CONIA.IDX.180D,2022-06-27,10.2005
EG.CONIA.IDX.180D,2022-06-28,10.208
EG.CONIA.IDX.180D,2022-06-29,10.2173
EG.CONIA.IDX.180D,2022-07-03,10.2584
EG.CONIA.IDX.180D,2022-07-04,10.2692
EG.CONIA.IDX.180D,2022-07-05,10.2802
EG.CONIA.IDX.180D,2022-07-06,10.2908
EG.CONIA.IDX.180D,2022-07-07,10.3014
EG.CONIA.IDX.180D,2022-07-17,10.412
EG.CONIA.IDX.180D,2022-07-18,10.4231
EG.CONIA.IDX.180D,2022-07-19,10.4338
EG.CONIA.IDX.180D,2022-07-20,10.4452
EG.CONIA.IDX.180D,2022-07-21,10.4558
EG.CONIA.IDX.180D,2022-07-24,10.4966
EG.CONIA.IDX.180D,2022-07-25,10.5052
EG.CONIA.IDX.180D,2022-07-26,10.5131
EG.CONIA.IDX.180D,2022-07-27,10.5234
EG.CONIA.IDX.180D,2022-07-28,10.5333
EG.CONIA.IDX.180D,2022-07-31,10.5618
EG.CONIA.IDX.180D,2022-08-01,10.5713
EG.CONIA.IDX.180D,2022-08-02,10.58
EG.CONIA.IDX.180D,2022-08-03,10.5883
EG.CONIA.IDX.180D,2022-08-04,10.5962
EG.CONIA.IDX.180D,2022-08-07,10.6039
EG.CONIA.IDX.180D,2022-08-08,10.6413
EG.CONIA.IDX.180D,2022-08-09,10.6488
EG.CONIA.IDX.180D,2022-08-10,10.6582
EG.CONIA.IDX.180D,2022-08-11,10.6672
EG.CONIA.IDX.180D,2022-08-14,10.6939
EG.CONIA.IDX.180D,2022-08-15,10.7036
EG.CONIA.IDX.180D,2022-08-16,10.7146
EG.CONIA.IDX.180D,2022-08-17,10.7303
EG.CONIA.IDX.180D,2022-08-18,10.746
EG.CONIA.IDX.180D,2022-08-21,10.7968
EG.CONIA.IDX.180D,2022-08-22,10.8057
EG.CONIA.IDX.180D,2022-08-23,10.8146
EG.CONIA.IDX.180D,2022-08-24,10.825
EG.CONIA.IDX.180D,2022-08-25,10.8346
EG.CONIA.IDX.180D,2022-08-28,10.8639
EG.CONIA.IDX.180D,2022-08-29,10.8728
EG.CONIA.IDX.180D,2022-08-30,10.8859
EG.CONIA.IDX.180D,2022-08-31,10.9025
EG.CONIA.IDX.180D,2022-09-01,10.9188
EG.CONIA.IDX.180D,2022-09-04,10.97
EG.CONIA.IDX.180D,2022-09-05,10.9788
EG.CONIA.IDX.180D,2022-09-06,10.9887
EG.CONIA.IDX.180D,2022-09-07,11.0003
EG.CONIA.IDX.180D,2022-09-08,11.0118
EG.CONIA.IDX.180D,2022-09-11,11.0488
EG.CONIA.IDX.180D,2022-09-12,11.0636
EG.CONIA.IDX.180D,2022-09-13,11.0801
EG.CONIA.IDX.180D,2022-09-14,11.0976
EG.CONIA.IDX.180D,2022-09-15,11.115
EG.CONIA.IDX.180D,2022-09-18,11.1609
EG.CONIA.IDX.180D,2022-09-19,11.1631
EG.CONIA.IDX.180D,2022-09-20,11.1711
EG.CONIA.IDX.180D,2022-09-21,11.1799
EG.CONIA.IDX.180D,2022-09-22,11.1884
EG.CONIA.IDX.180D,2022-09-25,11.213
EG.CONIA.IDX.180D,2022-09-26,11.2205
EG.CONIA.IDX.180D,2022-09-27,11.2307
EG.CONIA.IDX.180D,2022-09-28,11.2417
EG.CONIA.IDX.180D,2022-09-29,11.2526
EG.CONIA.IDX.180D,2022-10-02,11.2865
EG.CONIA.IDX.180D,2022-10-03,11.2947
EG.CONIA.IDX.180D,2022-10-04,11.3031
EG.CONIA.IDX.180D,2022-10-05,11.3125
EG.CONIA.IDX.180D,2022-10-09,11.3509
EG.CONIA.IDX.180D,2022-10-10,11.3612
EG.CONIA.IDX.180D,2022-10-11,11.372
EG.CONIA.IDX.180D,2022-10-12,11.3833
EG.CONIA.IDX.180D,2022-10-13,11.3942
EG.CONIA.IDX.180D,2022-10-16,11.428
EG.CONIA.IDX.180D,2022-10-17,11.4353
EG.CONIA.IDX.180D,2022-10-18,11.4436
EG.CONIA.IDX.180D,2022-10-19,11.4524
EG.CONIA.IDX.180D,2022-10-20,11.461
EG.CONIA.IDX.180D,2022-10-23,11.4869
EG.CONIA.IDX.180D,2022-10-24,11.4959
EG.CONIA.IDX.180D,2022-10-25,11.5064
EG.CONIA.IDX.180D,2022-10-26,11.5185
EG.CONIA.IDX.180D,2022-10-27,11.5309
EG.CONIA.IDX.180D,2022-10-30,11.6056
EG.CONIA.IDX.180D,2022-10-31,11.6298
EG.CONIA.IDX.180D,2022-11-01,11.6525
EG.CONIA.IDX.180D,2022-11-02,11.676
EG.CONIA.IDX.180D,2022-11-03,11.6995
EG.CONIA.IDX.180D,2022-11-06,11.7636
EG.CONIA.IDX.180D,2022-11-07,11.7841
EG.CONIA.IDX.180D,2022-11-08,11.8054
EG.CONIA.IDX.180D,2022-11-09,11.8277
EG.CONIA.IDX.180D,2022-11-10,11.8501
EG.CONIA.IDX.180D,2022-11-13,11.9202
EG.CONIA.IDX.180D,2022-11-14,11.94
EG.CONIA.IDX.180D,2022-11-15,11.9593
EG.CONIA.IDX.180D,2022-11-16,11.9804
EG.CONIA.IDX.180D,2022-11-17,12.0014
EG.CONIA.IDX.180D,2022-11-20,12.0401
EG.CONIA.IDX.180D,2022-11-21,12.0498
EG.CONIA.IDX.180D,2022-11-22,12.0613
EG.CONIA.IDX.180D,2022-11-23,12.0732
EG.CONIA.IDX.180D,2022-11-24,12.0851
EG.CONIA.IDX.180D,2022-11-27,12.1204
EG.CONIA.IDX.180D,2022-11-28,12.1294
EG.CONIA.IDX.180D,2022-11-29,12.1392
EG.CONIA.IDX.180D,2022-11-30,12.1508
EG.CONIA.IDX.180D,2022-12-01,12.1617
EG.CONIA.IDX.180D,2022-12-04,12.1944
EG.CONIA.IDX.180D,2022-12-05,12.2058
EG.CONIA.IDX.180D,2022-12-06,12.2174
EG.CONIA.IDX.180D,2022-12-07,12.229
EG.CONIA.IDX.180D,2022-12-08,12.2406
EG.CONIA.IDX.180D,2022-12-11,12.2752
EG.CONIA.IDX.180D,2022-12-12,12.2843
EG.CONIA.IDX.180D,2022-12-13,12.293
EG.CONIA.IDX.180D,2022-12-14,12.3027
EG.CONIA.IDX.180D,2022-12-15,12.3122
EG.CONIA.IDX.180D,2022-12-18,12.3403
EG.CONIA.IDX.180D,2022-12-19,12.3493
EG.CONIA.IDX.180D,2022-12-20,12.3595
EG.CONIA.IDX.180D,2022-12-21,12.3711
EG.CONIA.IDX.180D,2022-12-22,12.3825
EG.CONIA.IDX.180D,2022-12-25,12.4173
EG.CONIA.IDX.180D,2022-12-26,12.4442
EG.CONIA.IDX.180D,2022-12-27,12.4716
EG.CONIA.IDX.180D,2022-12-28,12.4992
EG.CONIA.IDX.180D,2022-12-29,12.527
EG.CONIA.IDX.180D,2023-01-02,12.6408
EG.CONIA.IDX.180D,2023-01-03,12.6707
EG.CONIA.IDX.180D,2023-01-04,12.7
EG.CONIA.IDX.180D,2023-01-05,12.7294
EG.CONIA.IDX.180D,2023-01-09,12.8456
EG.CONIA.IDX.180D,2023-01-10,12.8747
EG.CONIA.IDX.180D,2023-01-11,12.9041
EG.CONIA.IDX.180D,2023-01-12,12.9335
EG.CONIA.IDX.180D,2023-01-15,13.017
EG.CONIA.IDX.180D,2023-01-16,13.0441
EG.CONIA.IDX.180D,2023-01-17,13.0722
EG.CONIA.IDX.180D,2023-01-18,13.1028
EG.CONIA.IDX.180D,2023-01-19,13.1334
EG.CONIA.IDX.180D,2023-01-22,13.2254
EG.CONIA.IDX.180D,2023-01-23,13.2527
EG.CONIA.IDX.180D,2023-01-24,13.2803
EG.CONIA.IDX.180D,2023-01-25,13.3099
EG.CONIA.IDX.180D,2023-01-29,13.4305
EG.CONIA.IDX.180D,2023-01-30,13.4618
EG.CONIA.IDX.180D,2023-01-31,13.4937
EG.CONIA.IDX.180D,2023-02-01,13.5261
EG.CONIA.IDX.180D,2023-02-02,13.5581
EG.CONIA.IDX.180D,2023-02-05,13.6535
EG.CONIA.IDX.180D,2023-02-06,13.6819
EG.CONIA.IDX.180D,2023-02-07,13.7105
EG.CONIA.IDX.180D,2023-02-08,13.7415
EG.CONIA.IDX.180D,2023-02-09,13.7726
EG.CONIA.IDX.180D,2023-02-12,13.8655
EG.CONIA.IDX.180D,2023-02-13,13.8966
EG.CONIA.IDX.180D,2023-02-14,13.9275
EG.CONIA.IDX.180D,2023-02-15,13.9579
EG.CONIA.IDX.180D,2023-02-16,13.9884
EG.CONIA.IDX.180D,2023-02-19,14.0786
EG.CONIA.IDX.180D,2023-02-20,14.1069
EG.CONIA.IDX.180D,2023-02-21,14.1359
EG.CONIA.IDX.180D,2023-02-22,14.1666
EG.CONIA.IDX.180D,2023-02-23,14.1968
EG.CONIA.IDX.180D,2023-02-26,14.2873
EG.CONIA.IDX.180D,2023-02-27,14.3174
EG.CONIA.IDX.180D,2023-02-28,14.3481
EG.CONIA.IDX.180D,2023-03-01,14.3786
EG.CONIA.IDX.180D,2023-03-02,14.409
EG.CONIA.IDX.180D,2023-03-05,14.4992
EG.CONIA.IDX.180D,2023-03-06,14.5285
EG.CONIA.IDX.180D,2023-03-07,14.5581
EG.CONIA.IDX.180D,2023-03-08,14.589
EG.CONIA.IDX.180D,2023-03-09,14.6199
EG.CONIA.IDX.180D,2023-03-12,14.7125
EG.CONIA.IDX.180D,2023-03-13,14.7433
EG.CONIA.IDX.180D,2023-03-14,14.774
EG.CONIA.IDX.180D,2023-03-15,14.8046
EG.CONIA.IDX.180D,2023-03-16,14.8348
EG.CONIA.IDX.180D,2023-03-19,14.9248
EG.CONIA.IDX.180D,2023-03-20,14.954
EG.CONIA.IDX.180D,2023-03-21,14.9834
EG.CONIA.IDX.180D,2023-03-22,15.0139
EG.CONIA.IDX.180D,2023-03-23,15.0438
EG.CONIA.IDX.180D,2023-03-26,15.1336
EG.CONIA.IDX.180D,2023-03-27,15.1638
EG.CONIA.IDX.180D,2023-03-28,15.1941
EG.CONIA.IDX.180D,2023-03-29,15.2246
EG.CONIA.IDX.180D,2023-03-30,15.2548
EG.CONIA.IDX.180D,2023-04-02,15.346
EG.CONIA.IDX.180D,2023-04-03,15.3869
EG.CONIA.IDX.180D,2023-04-04,15.4279
EG.CONIA.IDX.180D,2023-04-05,15.4692
EG.CONIA.IDX.180D,2023-04-06,15.5105
EG.CONIA.IDX.180D,2023-04-09,15.6344
EG.CONIA.IDX.180D,2023-04-10,15.676
EG.CONIA.IDX.180D,2023-04-11,15.7181
EG.CONIA.IDX.180D,2023-04-12,15.7603
EG.CONIA.IDX.180D,2023-04-13,15.8022
EG.CONIA.IDX.180D,2023-04-18,16.0105
EG.CONIA.IDX.180D,2023-04-19,16.0523
EG.CONIA.IDX.180D,2023-04-26,16.3275
EG.CONIA.IDX.180D,2023-04-27,16.355
EG.CONIA.IDX.180D,2023-04-30,16.4398
EG.CONIA.IDX.180D,2023-05-01,16.4686
EG.CONIA.IDX.180D,2023-05-02,16.4973
EG.CONIA.IDX.180D,2023-05-03,16.5267
EG.CONIA.IDX.180D,2023-05-07,16.6446
EG.CONIA.IDX.180D,2023-05-08,16.674
EG.CONIA.IDX.180D,2023-05-09,16.7035
EG.CONIA.IDX.180D,2023-05-10,16.7334
EG.CONIA.IDX.180D,2023-05-11,16.7628
EG.CONIA.IDX.180D,2023-05-14,16.8517
EG.CONIA.IDX.180D,2023-05-15,16.8806
EG.CONIA.IDX.180D,2023-05-16,16.9095
EG.CONIA.IDX.180D,2023-05-17,16.9395
EG.CONIA.IDX.180D,2023-05-18,16.9692
EG.CONIA.IDX.180D,2023-05-21,17.0586
EG.CONIA.IDX.180D,2023-05-22,17.0888
EG.CONIA.IDX.180D,2023-05-23,17.1189
EG.CONIA.IDX.180D,2023-05-24,17.1491
EG.CONIA.IDX.180D,2023-05-25,17.1792
EG.CONIA.IDX.180D,2023-05-28,17.2692
EG.CONIA.IDX.180D,2023-05-29,17.298
EG.CONIA.IDX.180D,2023-05-30,17.3274
EG.CONIA.IDX.180D,2023-05-31,17.3577
EG.CONIA.IDX.180D,2023-06-01,17.3879
EG.CONIA.IDX.180D,2023-06-04,17.4779
EG.CONIA.IDX.180D,2023-06-05,17.5081
EG.CONIA.IDX.180D,2023-06-06,17.5383
EG.CONIA.IDX.180D,2023-06-07,17.5687
EG.CONIA.IDX.180D,2023-06-08,17.5989
EG.CONIA.IDX.180D,2023-06-11,17.6894
EG.CONIA.IDX.180D,2023-06-12,17.7186
EG.CONIA.IDX.180D,2023-06-13,17.7478
EG.CONIA.IDX.180D,2023-06-14,17.7781
EG.CONIA.IDX.180D,2023-06-15,17.8083
EG.CONIA.IDX.180D,2023-06-18,17.8989
EG.CONIA.IDX.180D,2023-06-19,17.9294
EG.CONIA.IDX.180D,2023-06-20,17.96
EG.CONIA.IDX.180D,2023-06-21,17.9906
EG.CONIA.IDX.180D,2023-06-22,18.0211
EG.CONIA.IDX.180D,2023-06-25,18.0759
EG.CONIA.IDX.180D,2023-06-26,18.0879
EG.CONIA.IDX.180D,2023-07-04,18.1814
EG.CONIA.IDX.180D,2023-07-05,18.1944
EG.CONIA.IDX.180D,2023-07-06,18.2071
EG.CONIA.IDX.180D,2023-07-09,18.2437
EG.CONIA.IDX.180D,2023-07-10,18.2556
EG.CONIA.IDX.180D,2023-07-11,18.2674
EG.CONIA.IDX.180D,2023-07-12,18.2798
EG.CONIA.IDX.180D,2023-07-13,18.2921
EG.CONIA.IDX.180D,2023-07-16,18.329
EG.CONIA.IDX.180D,2023-07-17,18.3401
EG.CONIA.IDX.180D,2023-07-18,18.3513
EG.CONIA.IDX.180D,2023-07-19,18.3628
EG.CONIA.IDX.180D,2023-07-24,18.4212
EG.CONIA.IDX.180D,2023-07-25,18.4313
EG.CONIA.IDX.180D,2023-07-26,18.4422
EG.CONIA.IDX.180D,2023-07-27,18.453
EG.CONIA.IDX.180D,2023-07-30,18.4838
EG.CONIA.IDX.180D,2023-07-31,18.4934
EG.CONIA.IDX.180D,2023-08-01,18.5033
EG.CONIA.IDX.180D,2023-08-02,18.5139
EG.CONIA.IDX.180D,2023-08-03,18.524
EG.CONIA.IDX.180D,2023-08-06,18.5577
EG.CONIA.IDX.180D,2023-08-07,18.5742
EG.CONIA.IDX.180D,2023-08-08,18.5906
EG.CONIA.IDX.180D,2023-08-09,18.608
EG.CONIA.IDX.180D,2023-08-10,18.6251
EG.CONIA.IDX.180D,2023-08-13,18.6762
EG.CONIA.IDX.180D,2023-08-14,18.694
EG.CONIA.IDX.180D,2023-08-15,18.7116
EG.CONIA.IDX.180D,2023-08-16,18.7296
EG.CONIA.IDX.180D,2023-08-17,18.7476
EG.CONIA.IDX.180D,2023-08-20,18.8016
EG.CONIA.IDX.180D,2023-08-21,18.8186
EG.CONIA.IDX.180D,2023-08-22,18.836
EG.CONIA.IDX.180D,2023-08-23,18.8543
EG.CONIA.IDX.180D,2023-08-24,18.8725
EG.CONIA.IDX.180D,2023-08-27,18.9261
EG.CONIA.IDX.180D,2023-08-28,18.9438
EG.CONIA.IDX.180D,2023-08-29,18.9616
EG.CONIA.IDX.180D,2023-08-30,18.9808
EG.CONIA.IDX.180D,2023-08-31,19.0002
EG.CONIA.IDX.180D,2023-09-03,19.0561
EG.CONIA.IDX.180D,2023-09-04,19.0732
EG.CONIA.IDX.180D,2023-09-05,19.0903
EG.CONIA.IDX.180D,2023-09-06,19.108
EG.CONIA.IDX.180D,2023-09-07,19.1255
EG.CONIA.IDX.180D,2023-09-10,19.1779
EG.CONIA.IDX.180D,2023-09-11,19.1958
EG.CONIA.IDX.180D,2023-09-12,19.2139
EG.CONIA.IDX.180D,2023-09-13,19.2322
EG.CONIA.IDX.180D,2023-09-14,19.2503
EG.CONIA.IDX.180D,2023-09-17,19.3048
EG.CONIA.IDX.180D,2023-09-18,19.3221
EG.CONIA.IDX.180D,2023-09-19,19.3399
EG.CONIA.IDX.180D,2023-09-20,19.3592
EG.CONIA.IDX.180D,2023-09-21,19.3786
EG.CONIA.IDX.180D,2023-09-24,19.4369
EG.CONIA.IDX.180D,2023-09-25,19.4553
EG.CONIA.IDX.180D,2023-09-26,19.4739
EG.CONIA.IDX.180D,2023-09-27,19.4926
EG.CONIA.IDX.180D,2023-10-01,19.5435
EG.CONIA.IDX.180D,2023-10-02,19.55
EG.CONIA.IDX.180D,2023-10-03,19.5559
EG.CONIA.IDX.180D,2023-10-04,19.563
EG.CONIA.IDX.180D,2023-10-08,19.591
EG.CONIA.IDX.180D,2023-10-09,19.5974
EG.CONIA.IDX.180D,2023-10-10,19.6039
EG.CONIA.IDX.180D,2023-10-11,19.6108
EG.CONIA.IDX.180D,2023-10-12,19.6175
EG.CONIA.IDX.180D,2023-10-15,19.6363
EG.CONIA.IDX.180D,2023-10-16,19.6421
EG.CONIA.IDX.180D,2023-10-17,19.6482
EG.CONIA.IDX.180D,2023-10-18,19.655
EG.CONIA.IDX.180D,2023-10-19,19.6617
EG.CONIA.IDX.180D,2023-10-22,19.6807
EG.CONIA.IDX.180D,2023-10-23,19.6871
EG.CONIA.IDX.180D,2023-10-24,19.6935
EG.CONIA.IDX.180D,2023-10-25,19.7003
EG.CONIA.IDX.180D,2023-10-26,19.7071
EG.CONIA.IDX.180D,2023-10-29,19.7257
EG.CONIA.IDX.180D,2023-10-30,19.7316
EG.CONIA.IDX.180D,2023-10-31,19.7375
EG.CONIA.IDX.180D,2023-11-01,19.7445
EG.CONIA.IDX.180D,2023-11-02,19.7513
EG.CONIA.IDX.180D,2023-11-05,19.7704
EG.CONIA.IDX.180D,2023-11-06,19.7766
EG.CONIA.IDX.180D,2023-11-07,19.7834
EG.CONIA.IDX.180D,2023-11-08,19.7904
EG.CONIA.IDX.180D,2023-11-09,19.797
EG.CONIA.IDX.180D,2023-11-12,19.8153
EG.CONIA.IDX.180D,2023-11-13,19.8207
EG.CONIA.IDX.180D,2023-11-14,19.8263
EG.CONIA.IDX.180D,2023-11-15,19.8329
EG.CONIA.IDX.180D,2023-11-16,19.8393
EG.CONIA.IDX.180D,2023-11-19,19.8584
EG.CONIA.IDX.180D,2023-11-20,19.8652
EG.CONIA.IDX.180D,2023-11-21,19.8719
EG.CONIA.IDX.180D,2023-11-22,19.8793
EG.CONIA.IDX.180D,2023-11-23,19.8865
EG.CONIA.IDX.180D,2023-11-26,19.9058
EG.CONIA.IDX.180D,2023-11-27,19.9113
EG.CONIA.IDX.180D,2023-11-28,19.917
EG.CONIA.IDX.180D,2023-11-29,19.9242
EG.CONIA.IDX.180D,2023-11-30,19.9305
EG.CONIA.IDX.180D,2023-12-03,19.949
EG.CONIA.IDX.180D,2023-12-04,19.9553
EG.CONIA.IDX.180D,2023-12-05,19.9617
EG.CONIA.IDX.180D,2023-12-06,19.9681
EG.CONIA.IDX.180D,2023-12-07,19.9743
EG.CONIA.IDX.180D,2023-12-10,19.9925
EG.CONIA.IDX.180D,2023-12-11,19.998
EG.CONIA.IDX.180D,2023-12-12,20.0036
EG.CONIA.IDX.180D,2023-12-13,20.0098
EG.CONIA.IDX.180D,2023-12-14,20.0157
EG.CONIA.IDX.180D,2023-12-17,20.033
EG.CONIA.IDX.180D,2023-12-18,20.0389
EG.CONIA.IDX.180D,2023-12-19,20.0448
EG.CONIA.IDX.180D,2023-12-20,20.0509
EG.CONIA.IDX.180D,2023-12-21,20.057
EG.CONIA.IDX.180D,2023-12-24,20.0753
EG.CONIA.IDX.180D,2023-12-25,20.0815
EG.CONIA.IDX.180D,2023-12-26,20.0878
EG.CONIA.IDX.180D,2023-12-27,20.0945
EG.CONIA.IDX.180D,2023-12-28,20.101
EG.CONIA.IDX.180D,2023-12-31,20.1199
EG.CONIA.IDX.180D,2024-01-02,20.1315
EG.CONIA.IDX.180D,2024-01-03,20.1378
EG.CONIA.IDX.180D,2024-01-04,20.1441
EG.CONIA.IDX.180D,2024-01-08,20.1678
EG.CONIA.IDX.180D,2024-01-09,20.1735
EG.CONIA.IDX.180D,2024-01-10,20.1794
EG.CONIA.IDX.180D,2024-01-11,20.1853
EG.CONIA.IDX.180D,2024-01-14,20.2026
EG.CONIA.IDX.180D,2024-01-15,20.2082
EG.CONIA.IDX.180D,2024-01-16,20.2141
EG.CONIA.IDX.180D,2024-01-17,20.2199
EG.CONIA.IDX.180D,2024-01-18,20.2255
EG.CONIA.IDX.180D,2024-01-21,20.2427
EG.CONIA.IDX.180D,2024-01-22,20.2478
EG.CONIA.IDX.180D,2024-01-23,20.2531
EG.CONIA.IDX.180D,2024-01-24,20.2591
EG.CONIA.IDX.180D,2024-01-28,20.2823
EG.CONIA.IDX.180D,2024-01-29,20.2879
EG.CONIA.IDX.180D,2024-01-30,20.2939
EG.CONIA.IDX.180D,2024-01-31,20.3002
EG.CONIA.IDX.180D,2024-02-01,20.3063
EG.CONIA.IDX.180D,2024-02-04,20.312
EG.CONIA.IDX.180D,2024-02-05,20.3234
EG.CONIA.IDX.180D,2024-02-06,20.3349
EG.CONIA.IDX.180D,2024-02-07,20.3468
EG.CONIA.IDX.180D,2024-02-08,20.3587
EG.CONIA.IDX.180D,2024-02-11,20.394
EG.CONIA.IDX.180D,2024-02-12,20.4059
EG.CONIA.IDX.180D,2024-02-13,20.4179
EG.CONIA.IDX.180D,2024-02-14,20.4302
EG.CONIA.IDX.180D,2024-02-15,20.4423
EG.CONIA.IDX.180D,2024-02-18,20.4782
EG.CONIA.IDX.180D,2024-02-19,20.4895
EG.CONIA.IDX.180D,2024-02-20,20.5009
EG.CONIA.IDX.180D,2024-02-21,20.5128
EG.CONIA.IDX.180D,2024-02-22,20.5247
EG.CONIA.IDX.180D,2024-02-25,20.56
EG.CONIA.IDX.180D,2024-02-26,20.571
EG.CONIA.IDX.180D,2024-02-27,20.5816
EG.CONIA.IDX.180D,2024-02-28,20.5933
EG.CONIA.IDX.180D,2024-02-29,20.605
EG.CONIA.IDX.180D,2024-03-03,20.6407
EG.CONIA.IDX.180D,2024-03-04,20.6522
EG.CONIA.IDX.180D,2024-03-05,20.6641
EG.CONIA.IDX.180D,2024-03-06,20.6788
EG.CONIA.IDX.180D,2024-03-07,20.7289
EG.CONIA.IDX.180D,2024-03-10,20.8822
EG.CONIA.IDX.180D,2024-03-11,20.9335
EG.CONIA.IDX.180D,2024-03-12,20.9847
EG.CONIA.IDX.180D,2024-03-13,21.0358
EG.CONIA.IDX.180D,2024-03-14,21.0857
EG.CONIA.IDX.180D,2024-03-17,21.2342
EG.CONIA.IDX.180D,2024-03-18,21.2818
EG.CONIA.IDX.180D,2024-03-19,21.3292
EG.CONIA.IDX.180D,2024-03-20,21.3775
EG.CONIA.IDX.180D,2024-03-21,21.4253
EG.CONIA.IDX.180D,2024-03-24,21.5699
EG.CONIA.IDX.180D,2024-03-25,21.6186
EG.CONIA.IDX.180D,2024-03-26,21.6674
EG.CONIA.IDX.180D,2024-03-27,21.7162
EG.CONIA.IDX.180D,2024-03-28,21.7648
EG.CONIA.IDX.180D,2024-03-31,21.911
EG.CONIA.IDX.180D,2024-04-01,21.9592
EG.CONIA.IDX.180D,2024-04-02,22.0075
EG.CONIA.IDX.180D,2024-04-03,22.0558
EG.CONIA.IDX.180D,2024-04-04,22.104
EG.CONIA.IDX.180D,2024-04-07,22.2497
EG.CONIA.IDX.180D,2024-04-08,22.2984
EG.CONIA.IDX.180D,2024-04-15,22.6405
EG.CONIA.IDX.180D,2024-04-16,22.6893
EG.CONIA.IDX.180D,2024-04-17,22.7383
EG.CONIA.IDX.180D,2024-04-18,22.7873
EG.CONIA.IDX.180D,2024-04-21,22.9338
EG.CONIA.IDX.180D,2024-04-22,22.9824
EG.CONIA.IDX.180D,2024-04-23,23.031
EG.CONIA.IDX.180D,2024-04-24,23.0803
EG.CONIA.IDX.180D,2024-04-28,23.2764
EG.CONIA.IDX.180D,2024-04-29,23.3247
EG.CONIA.IDX.180D,2024-04-30,23.3729
EG.CONIA.IDX.180D,2024-05-01,23.4221
EG.CONIA.IDX.180D,2024-05-02,23.471
EG.CONIA.IDX.180D,2024-05-07,23.7168
EG.CONIA.IDX.180D,2024-05-08,23.7667
EG.CONIA.IDX.180D,2024-05-09,23.8164
EG.CONIA.IDX.180D,2024-05-12,23.9645
EG.CONIA.IDX.180D,2024-05-13,24.0132
EG.CONIA.IDX.180D,2024-05-14,24.0618
EG.CONIA.IDX.180D,2024-05-15,24.111
EG.CONIA.IDX.180D,2024-05-16,24.1604
EG.CONIA.IDX.180D,2024-05-19,24.3091
EG.CONIA.IDX.180D,2024-05-20,24.3584
EG.CONIA.IDX.180D,2024-05-21,24.4075
EG.CONIA.IDX.180D,2024-05-22,24.4572
EG.CONIA.IDX.180D,2024-05-23,24.5064
EG.CONIA.IDX.180D,2024-05-26,24.6547
EG.CONIA.IDX.180D,2024-05-27,24.7029
EG.CONIA.IDX.180D,2024-05-28,24.7521
EG.CONIA.IDX.180D,2024-05-29,24.8017
EG.CONIA.IDX.180D,2024-05-30,24.8519
EG.CONIA.IDX.180D,2024-06-02,25.0025
EG.CONIA.IDX.180D,2024-06-03,25.0527
EG.CONIA.IDX.180D,2024-06-04,25.1031
EG.CONIA.IDX.180D,2024-06-05,25.1531
EG.CONIA.IDX.180D,2024-06-06,25.2031
EG.CONIA.IDX.180D,2024-06-09,25.3522
EG.CONIA.IDX.180D,2024-06-10,25.4017
EG.CONIA.IDX.180D,2024-06-11,25.4515
EG.CONIA.IDX.180D,2024-06-12,25.5016
EG.CONIA.IDX.180D,2024-06-13,25.5517
EG.CONIA.IDX.180D,2024-06-23,26.0464
EG.CONIA.IDX.180D,2024-06-24,26.096
EG.CONIA.IDX.180D,2024-06-25,26.1456
EG.CONIA.IDX.180D,2024-06-26,26.1961
EG.CONIA.IDX.180D,2024-06-27,26.2464
EG.CONIA.IDX.180D,2024-07-01,26.4479
EG.CONIA.IDX.180D,2024-07-02,26.4978
EG.CONIA.IDX.180D,2024-07-03,26.5481
EG.CONIA.IDX.180D,2024-07-04,26.5984
EG.CONIA.IDX.180D,2024-07-07,26.7487
EG.CONIA.IDX.180D,2024-07-08,26.7987
EG.CONIA.IDX.180D,2024-07-09,26.8484
EG.CONIA.IDX.180D,2024-07-10,26.8986
EG.CONIA.IDX.180D,2024-07-14,27.0987
EG.CONIA.IDX.180D,2024-07-15,27.149
EG.CONIA.IDX.180D,2024-07-16,27.1994
EG.CONIA.IDX.180D,2024-07-17,27.2498
EG.CONIA.IDX.180D,2024-07-18,27.3002
EG.CONIA.IDX.180D,2024-07-21,27.4508
EG.CONIA.IDX.180D,2024-07-22,27.5009
EG.CONIA.IDX.180D,2024-07-23,27.5512
EG.CONIA.IDX.180D,2024-07-24,27.6016
EG.CONIA.IDX.180D,2024-07-28,27.8019
EG.CONIA.IDX.180D,2024-07-29,27.8523
EG.CONIA.IDX.180D,2024-07-30,27.9027
EG.CONIA.IDX.180D,2024-07-31,27.9534
EG.CONIA.IDX.180D,2024-08-01,28.004
EG.CONIA.IDX.180D,2024-08-04,28.1302
EG.CONIA.IDX.180D,2024-08-05,28.1681
EG.CONIA.IDX.180D,2024-08-06,28.206
EG.CONIA.IDX.180D,2024-08-07,28.2443
EG.CONIA.IDX.180D,2024-08-08,28.2827
EG.CONIA.IDX.180D,2024-08-11,28.3978
EG.CONIA.IDX.180D,2024-08-12,28.4362
EG.CONIA.IDX.180D,2024-08-13,28.4746
EG.CONIA.IDX.180D,2024-08-14,28.5132
EG.CONIA.IDX.180D,2024-08-15,28.5515
EG.CONIA.IDX.180D,2024-08-18,28.6662
EG.CONIA.IDX.180D,2024-08-19,28.7041
EG.CONIA.IDX.180D,2024-08-20,28.742
EG.CONIA.IDX.180D,2024-08-21,28.7802
EG.CONIA.IDX.180D,2024-08-22,28.8185
EG.CONIA.IDX.180D,2024-08-25,28.9327
EG.CONIA.IDX.180D,2024-08-26,28.9709
EG.CONIA.IDX.180D,2024-08-27,29.0091
EG.CONIA.IDX.180D,2024-08-28,29.0477
EG.CONIA.IDX.180D,2024-08-29,29.0861
EG.CONIA.IDX.180D,2024-09-01,29.2007
EG.CONIA.IDX.180D,2024-09-02,29.2361
EG.CONIA.IDX.180D,2024-09-03,29.2345
EG.CONIA.IDX.180D,2024-09-04,29.2326
EG.CONIA.IDX.180D,2024-09-05,29.2306
EG.CONIA.IDX.180D,2024-09-08,29.2241
EG.CONIA.IDX.180D,2024-09-09,29.2222
EG.CONIA.IDX.180D,2024-09-10,29.2216
EG.CONIA.IDX.180D,2024-09-11,29.2217
EG.CONIA.IDX.180D,2024-09-12,29.2213
EG.CONIA.IDX.180D,2024-09-16,29.2195
EG.CONIA.IDX.180D,2024-09-17,29.2192
EG.CONIA.IDX.180D,2024-09-18,29.2197
EG.CONIA.IDX.180D,2024-09-19,29.2203
EG.CONIA.IDX.180D,2024-09-22,29.2209
EG.CONIA.IDX.180D,2024-09-23,29.221
EG.CONIA.IDX.180D,2024-09-24,29.2211
EG.CONIA.IDX.180D,2024-09-25,29.2219
EG.CONIA.IDX.180D,2024-09-26,29.2224
EG.CONIA.IDX.180D,2024-09-29,29.2223
EG.CONIA.IDX.180D,2024-09-30,29.2223
EG.CONIA.IDX.180D,2024-10-01,29.2221
EG.CONIA.IDX.180D,2024-10-02,29.2233
EG.CONIA.IDX.180D,2024-10-03,29.2249
EG.CONIA.IDX.180D,2024-10-07,29.2299
EG.CONIA.IDX.180D,2024-10-08,29.2314
EG.CONIA.IDX.180D,2024-10-09,29.2324
EG.CONIA.IDX.180D,2024-10-10,29.2328
EG.CONIA.IDX.180D,2024-10-13,29.2325
EG.CONIA.IDX.180D,2024-10-14,29.2326
EG.CONIA.IDX.180D,2024-10-15,29.2326
EG.CONIA.IDX.180D,2024-10-16,29.2338
EG.CONIA.IDX.180D,2024-10-17,29.2353
EG.CONIA.IDX.180D,2024-10-20,29.2395
EG.CONIA.IDX.180D,2024-10-21,29.2406
EG.CONIA.IDX.180D,2024-10-22,29.2426
EG.CONIA.IDX.180D,2024-10-23,29.2443
EG.CONIA.IDX.180D,2024-10-24,29.2455
EG.CONIA.IDX.180D,2024-10-27,29.2474
EG.CONIA.IDX.180D,2024-10-28,29.2473
EG.CONIA.IDX.180D,2024-10-29,29.2473
EG.CONIA.IDX.180D,2024-10-30,29.2494
EG.CONIA.IDX.180D,2024-10-31,29.2509
EG.CONIA.IDX.180D,2024-11-03,29.2546
EG.CONIA.IDX.180D,2024-11-04,29.2559
EG.CONIA.IDX.180D,2024-11-05,29.2575
EG.CONIA.IDX.180D,2024-11-06,29.2591
EG.CONIA.IDX.180D,2024-11-07,29.2603
EG.CONIA.IDX.180D,2024-11-10,29.2631
EG.CONIA.IDX.180D,2024-11-11,29.2632
EG.CONIA.IDX.180D,2024-11-12,29.2629
EG.CONIA.IDX.180D,2024-11-13,29.2641
EG.CONIA.IDX.180D,2024-11-14,29.2654
EG.CONIA.IDX.180D,2024-11-17,29.2682
EG.CONIA.IDX.180D,2024-11-18,29.2696
EG.CONIA.IDX.180D,2024-11-19,29.2715
EG.CONIA.IDX.180D,2024-11-20,29.2732
EG.CONIA.IDX.180D,2024-11-21,29.2743
EG.CONIA.IDX.180D,2024-11-24,29.2765
EG.CONIA.IDX.180D,2024-11-25,29.2766
EG.CONIA.IDX.180D,2024-11-26,29.2761
EG.CONIA.IDX.180D,2024-11-27,29.2767
EG.CONIA.IDX.180D,2024-11-28,29.2773
EG.CONIA.IDX.180D,2024-12-01,29.2808
EG.CONIA.IDX.180D,2024-12-02,29.2825
EG.CONIA.IDX.180D,2024-12-03,29.2843
EG.CONIA.IDX.180D,2024-12-04,29.2859
EG.CONIA.IDX.180D,2024-12-05,29.2872
EG.CONIA.IDX.180D,2024-12-08,29.2894
EG.CONIA.IDX.180D,2024-12-09,29.2895
EG.CONIA.IDX.180D,2024-12-10,29.2895
EG.CONIA.IDX.180D,2024-12-11,29.292
EG.CONIA.IDX.180D,2024-12-12,29.2944
EG.CONIA.IDX.180D,2024-12-15,29.3014
EG.CONIA.IDX.180D,2024-12-16,29.303
EG.CONIA.IDX.180D,2024-12-17,29.3048
EG.CONIA.IDX.180D,2024-12-18,29.3061
EG.CONIA.IDX.180D,2024-12-19,29.3069
EG.CONIA.IDX.180D,2024-12-22,29.3079
EG.CONIA.IDX.180D,2024-12-23,29.3076
EG.CONIA.IDX.180D,2024-12-24,29.3074
EG.CONIA.IDX.180D,2024-12-25,29.3082
EG.CONIA.IDX.180D,2024-12-26,29.309
EG.CONIA.IDX.180D,2024-12-29,29.3103
EG.CONIA.IDX.180D,2024-12-30,29.311
EG.CONIA.IDX.180D,2024-12-31,29.312
EG.CONIA.IDX.180D,2025-01-02,29.3128
EG.CONIA.IDX.180D,2025-01-05,29.3123
EG.CONIA.IDX.180D,2025-01-06,29.3125
EG.CONIA.IDX.180D,2025-01-08,29.3132
EG.CONIA.IDX.180D,2025-01-09,29.3146
EG.CONIA.IDX.180D,2025-01-12,29.3192
EG.CONIA.IDX.180D,2025-01-13,29.3208
EG.CONIA.IDX.180D,2025-01-14,29.3225
EG.CONIA.IDX.180D,2025-01-15,29.3246
EG.CONIA.IDX.180D,2025-01-16,29.3264
EG.CONIA.IDX.180D,2025-01-19,29.3308
EG.CONIA.IDX.180D,2025-01-20,29.3326
EG.CONIA.IDX.180D,2025-01-21,29.3345
EG.CONIA.IDX.180D,2025-01-22,29.3372
EG.CONIA.IDX.180D,2025-01-23,29.3394
EG.CONIA.IDX.180D,2025-01-26,29.3459
EG.CONIA.IDX.180D,2025-01-27,29.3482
EG.CONIA.IDX.180D,2025-01-28,29.3509
EG.CONIA.IDX.180D,2025-01-29,29.3536
EG.CONIA.IDX.180D,2025-01-30,29.3559
EG.CONIA.IDX.180D,2025-02-02,29.3617
EG.CONIA.IDX.180D,2025-02-03,29.3621
EG.CONIA.IDX.180D,2025-02-04,29.3619
EG.CONIA.IDX.180D,2025-02-05,29.3641
EG.CONIA.IDX.180D,2025-02-06,29.3664
EG.CONIA.IDX.180D,2025-02-09,29.3737
EG.CONIA.IDX.180D,2025-02-10,29.3764
EG.CONIA.IDX.180D,2025-02-11,29.3793
EG.CONIA.IDX.180D,2025-02-12,29.3818
EG.CONIA.IDX.180D,2025-02-13,29.3837
EG.CONIA.IDX.180D,2025-02-16,29.3862
EG.CONIA.IDX.180D,2025-02-17,29.3864
EG.CONIA.IDX.180D,2025-02-18,29.3864
EG.CONIA.IDX.180D,2025-02-19,29.3889
EG.CONIA.IDX.180D,2025-02-20,29.3908
EG.CONIA.IDX.180D,2025-02-23,29.3942
EG.CONIA.IDX.180D,2025-02-24,29.3959
EG.CONIA.IDX.180D,2025-02-25,29.3978
EG.CONIA.IDX.180D,2025-02-26,29.3997
EG.CONIA.IDX.180D,2025-02-27,29.4007
EG.CONIA.IDX.180D,2025-03-02,29.4022
EG.CONIA.IDX.180D,2025-03-03,29.4017
EG.CONIA.IDX.180D,2025-03-04,29.4012
EG.CONIA.IDX.180D,2025-03-05,29.4035
EG.CONIA.IDX.180D,2025-03-06,29.4054
EG.CONIA.IDX.180D,2025-03-09,29.4109
EG.CONIA.IDX.180D,2025-03-10,29.4126
EG.CONIA.IDX.180D,2025-03-11,29.4147
EG.CONIA.IDX.180D,2025-03-12,29.4165
EG.CONIA.IDX.180D,2025-03-13,29.4174
EG.CONIA.IDX.180D,2025-03-16,29.418
EG.CONIA.IDX.180D,2025-03-17,29.4177
EG.CONIA.IDX.180D,2025-03-18,29.4172
EG.CONIA.IDX.180D,2025-03-19,29.4181
EG.CONIA.IDX.180D,2025-03-20,29.4194
EG.CONIA.IDX.180D,2025-03-23,29.4207
EG.CONIA.IDX.180D,2025-03-24,29.4208
EG.CONIA.IDX.180D,2025-03-25,29.4215
EG.CONIA.IDX.180D,2025-03-26,29.4225
EG.CONIA.IDX.180D,2025-03-27,29.4233
EG.CONIA.IDX.180D,2025-04-03,29.4218
EG.CONIA.IDX.180D,2025-04-06,29.4244
EG.CONIA.IDX.180D,2025-04-07,29.4254
EG.CONIA.IDX.180D,2025-04-08,29.4265
EG.CONIA.IDX.180D,2025-04-09,29.428
EG.CONIA.IDX.180D,2025-04-10,29.4292
EG.CONIA.IDX.180D,2025-04-13,29.4308
EG.CONIA.IDX.180D,2025-04-14,29.4301
EG.CONIA.IDX.180D,2025-04-15,29.4288
EG.CONIA.IDX.180D,2025-04-16,29.4284
EG.CONIA.IDX.180D,2025-04-17,29.4292
EG.CONIA.IDX.180D,2025-04-22,29.4336
EG.CONIA.IDX.180D,2025-04-23,29.4213
EG.CONIA.IDX.180D,2025-04-27,29.37
EG.CONIA.IDX.180D,2025-04-28,29.3539
EG.CONIA.IDX.180D,2025-04-29,29.3381
EG.CONIA.IDX.180D,2025-04-30,29.3243
EG.CONIA.IDX.180D,2025-05-04,29.2704
EG.CONIA.IDX.180D,2025-05-05,29.2575
EG.CONIA.IDX.180D,2025-05-06,29.245
EG.CONIA.IDX.180D,2025-05-07,29.2321
EG.CONIA.IDX.180D,2025-05-08,29.2193
EG.CONIA.IDX.180D,2025-05-11,29.1808
EG.CONIA.IDX.180D,2025-05-12,29.1655
EG.CONIA.IDX.180D,2025-05-13,29.1494
EG.CONIA.IDX.180D,2025-05-14,29.136
EG.CONIA.IDX.180D,2025-05-15,29.1224
EG.CONIA.IDX.180D,2025-05-18,29.0817
EG.CONIA.IDX.180D,2025-05-19,29.0685
EG.CONIA.IDX.180D,2025-05-20,29.0554
EG.CONIA.IDX.180D,2025-05-21,29.0427
EG.CONIA.IDX.180D,2025-05-22,29.0299
EG.CONIA.IDX.180D,2025-05-25,28.9914
EG.CONIA.IDX.180D,2025-05-26,28.9702
EG.CONIA.IDX.180D,2025-05-27,28.9485
EG.CONIA.IDX.180D,2025-05-28,28.9289
EG.CONIA.IDX.180D,2025-05-29,28.909
EG.CONIA.IDX.180D,2025-06-01,28.8489
EG.CONIA.IDX.180D,2025-06-02,28.8296
EG.CONIA.IDX.180D,2025-06-03,28.8105
EG.CONIA.IDX.180D,2025-06-04,28.7919
EG.CONIA.IDX.180D,2025-06-10,28.6732
EG.CONIA.IDX.180D,2025-06-11,28.6538
EG.CONIA.IDX.180D,2025-06-12,28.634
EG.CONIA.IDX.180D,2025-06-15,28.5755
EG.CONIA.IDX.180D,2025-06-16,28.5563
EG.CONIA.IDX.180D,2025-06-17,28.5371
EG.CONIA.IDX.180D,2025-06-18,28.5185
EG.CONIA.IDX.180D,2025-06-19,28.4994
EG.CONIA.IDX.180D,2025-06-22,28.4392
EG.CONIA.IDX.180D,2025-06-23,28.4177
EG.CONIA.IDX.180D,2025-06-24,28.396
EG.CONIA.IDX.180D,2025-06-25,28.3773
EG.CONIA.IDX.180D,2025-06-29,28.3008
EG.CONIA.IDX.180D,2025-06-30,28.2822
EG.CONIA.IDX.180D,2025-07-01,28.2638
EG.CONIA.IDX.180D,2025-07-02,28.2458
EG.CONIA.IDX.180D,2025-07-06,28.1729
EG.CONIA.IDX.180D,2025-07-07,28.1543
EG.CONIA.IDX.180D,2025-07-08,28.1327
EG.CONIA.IDX.180D,2025-07-09,28.1127
EG.CONIA.IDX.180D,2025-07-10,28.0922
EG.CONIA.IDX.180D,2025-07-13,28.0309
EG.CONIA.IDX.180D,2025-07-14,28.0108
EG.CONIA.IDX.180D,2025-07-15,27.9909
EG.CONIA.IDX.180D,2025-07-16,27.9713
EG.CONIA.IDX.180D,2025-07-17,27.9513
EG.CONIA.IDX.180D,2025-07-20,27.8907
EG.CONIA.IDX.180D,2025-07-21,27.8697
EG.CONIA.IDX.180D,2025-07-22,27.8485
EG.CONIA.IDX.180D,2025-07-23,27.8285
EG.CONIA.IDX.180D,2025-07-27,27.7473
EG.CONIA.IDX.180D,2025-07-28,27.727
EG.CONIA.IDX.180D,2025-07-29,27.7067
EG.CONIA.IDX.180D,2025-07-30,27.6869
EG.CONIA.IDX.180D,2025-07-31,27.6669
EG.CONIA.IDX.180D,2025-08-03,27.6105
EG.CONIA.IDX.180D,2025-08-04,27.5886
EG.CONIA.IDX.180D,2025-08-05,27.5656
EG.CONIA.IDX.180D,2025-08-06,27.545
EG.CONIA.IDX.180D,2025-08-07,27.5243
EG.CONIA.IDX.180D,2025-08-10,27.4612
EG.CONIA.IDX.180D,2025-08-11,27.441
EG.CONIA.IDX.180D,2025-08-12,27.4211
EG.CONIA.IDX.180D,2025-08-13,27.4022
EG.CONIA.IDX.180D,2025-08-14,27.3826
EG.CONIA.IDX.180D,2025-08-17,27.3255
EG.CONIA.IDX.180D,2025-08-18,27.3041
EG.CONIA.IDX.180D,2025-08-19,27.2821
EG.CONIA.IDX.180D,2025-08-20,27.263
EG.CONIA.IDX.180D,2025-08-21,27.2437
EG.CONIA.IDX.180D,2025-08-24,27.1842
EG.CONIA.IDX.180D,2025-08-25,27.1643
EG.CONIA.IDX.180D,2025-08-26,27.1453
EG.CONIA.IDX.180D,2025-08-27,27.127
EG.CONIA.IDX.180D,2025-08-28,27.1083
EG.CONIA.IDX.180D,2025-08-31,27.0505
EG.CONIA.IDX.180D,2025-09-01,27.0161
EG.CONIA.IDX.180D,2025-09-02,26.9815
EG.CONIA.IDX.180D,2025-09-03,26.949
EG.CONIA.IDX.180D,2025-09-07,26.8193
EG.CONIA.IDX.180D,2025-09-08,26.7877
EG.CONIA.IDX.180D,2025-09-09,26.7569
EG.CONIA.IDX.180D,2025-09-10,26.7266
EG.CONIA.IDX.180D,2025-09-11,26.6963
EG.CONIA.IDX.180D,2025-09-14,26.6046
EG.CONIA.IDX.180D,2025-09-15,26.5716
EG.CONIA.IDX.180D,2025-09-16,26.5373
EG.CONIA.IDX.180D,2025-09-17,26.5065
EG.CONIA.IDX.180D,2025-09-18,26.4756
EG.CONIA.IDX.180D,2025-09-21,26.3822
EG.CONIA.IDX.180D,2025-09-22,26.3511
EG.CONIA.IDX.180D,2025-09-23,26.3202
EG.CONIA.IDX.180D,2025-09-24,26.2894
EG.CONIA.IDX.180D,2025-09-25,26.2583
EG.CONIA.IDX.180D,2025-09-28,26.1616
EG.CONIA.IDX.180D,2025-09-29,26.1282
EG.CONIA.IDX.180D,2025-09-30,26.0946
EG.CONIA.IDX.180D,2025-10-01,26.0627
EG.CONIA.IDX.180D,2025-10-02,26.0307
EG.CONIA.IDX.180D,2025-10-05,25.9352
EG.CONIA.IDX.180D,2025-10-06,25.8975
EG.CONIA.IDX.180D,2025-10-07,25.8599
EG.CONIA.IDX.180D,2025-10-08,25.8225
EG.CONIA.IDX.180D,2025-10-12,25.6718
EG.CONIA.IDX.180D,2025-10-13,25.6325
EG.CONIA.IDX.180D,2025-10-14,25.5918
EG.CONIA.IDX.180D,2025-10-15,25.5538
EG.CONIA.IDX.180D,2025-10-16,25.5156
EG.CONIA.IDX.180D,2025-10-19,25.4
EG.CONIA.IDX.180D,2025-10-20,25.3757
EG.CONIA.IDX.180D,2025-10-21,25.3519
EG.CONIA.IDX.180D,2025-10-22,25.328
EG.CONIA.IDX.180D,2025-10-23,25.3035
EG.CONIA.IDX.180D,2025-10-26,25.2315
EG.CONIA.IDX.180D,2025-10-27,25.205
EG.CONIA.IDX.180D,2025-10-28,25.1778
EG.CONIA.IDX.180D,2025-10-29,25.1534
EG.CONIA.IDX.180D,2025-10-30,25.1287
EG.CONIA.IDX.180D,2025-11-02,25.0546
EG.CONIA.IDX.180D,2025-11-03,25.0304
EG.CONIA.IDX.180D,2025-11-04,25.0061
EG.CONIA.IDX.180D,2025-11-05,24.9819
EG.CONIA.IDX.180D,2025-11-06,24.9573
EG.CONIA.IDX.180D,2025-11-09,24.885
EG.CONIA.IDX.180D,2025-11-10,24.8581
EG.CONIA.IDX.180D,2025-11-11,24.8311
EG.CONIA.IDX.180D,2025-11-12,24.8067
EG.CONIA.IDX.180D,2025-11-13,24.7823
EG.CONIA.IDX.180D,2025-11-16,24.7088
EG.CONIA.IDX.180D,2025-11-17,24.6847
EG.CONIA.IDX.180D,2025-11-18,24.6606
EG.CONIA.IDX.180D,2025-11-19,24.6369
EG.CONIA.IDX.180D,2025-11-20,24.613
EG.CONIA.IDX.180D,2025-11-23,24.5548
EG.CONIA.IDX.180D,2025-11-24,24.5349
EG.CONIA.IDX.180D,2025-11-25,24.514
EG.CONIA.IDX.180D,2025-11-26,24.4959
EG.CONIA.IDX.180D,2025-11-27,24.4775
EG.CONIA.IDX.180D,2025-11-30,24.4218
EG.CONIA.IDX.180D,2025-12-01,24.4036
EG.CONIA.IDX.180D,2025-12-02,24.3865
EG.CONIA.IDX.180D,2025-12-03,24.3694
EG.CONIA.IDX.180D,2025-12-04,24.3521
EG.CONIA.IDX.180D,2025-12-07,24.2993
EG.CONIA.IDX.180D,2025-12-08,24.2808
EG.CONIA.IDX.180D,2025-12-09,24.2619
EG.CONIA.IDX.180D,2025-12-10,24.2441
EG.CONIA.IDX.180D,2025-12-11,24.2262
EG.CONIA.IDX.180D,2025-12-14,24.1723
EG.CONIA.IDX.180D,2025-12-15,24.1547
EG.CONIA.IDX.180D,2025-12-16,24.1375
EG.CONIA.IDX.180D,2025-12-17,24.1211
EG.CONIA.IDX.180D,2025-12-18,24.1046
EG.CONIA.IDX.180D,2025-12-21,24.0561
EG.CONIA.IDX.180D,2025-12-22,24.0378
EG.CONIA.IDX.180D,2025-12-23,24.0197
EG.CONIA.IDX.180D,2025-12-24,24.0023
EG.CONIA.IDX.180D,2025-12-25,23.9847
EG.CONIA.IDX.180D,2025-12-28,23.9319
EG.CONIA.IDX.180D,2025-12-29,23.908
EG.CONIA.IDX.180D,2025-12-30,23.8843
EG.CONIA.IDX.180D,2025-12-31,23.8607
EG.CONIA.IDX.180D,2026-01-04,23.769
EG.CONIA.IDX.180D,2026-01-05,23.7455
EG.CONIA.IDX.180D,2026-01-06,23.7218
EG.CONIA.IDX.180D,2026-01-08,23.6762
EG.CONIA.IDX.180D,2026-01-11,23.6066
EG.CONIA.IDX.180D,2026-01-12,23.5828
EG.CONIA.IDX.180D,2026-01-13,23.5588
EG.CONIA.IDX.180D,2026-01-14,23.5355
EG.CONIA.IDX.180D,2026-01-15,23.5113
EG.CONIA.IDX.180D,2026-01-18,23.4378
EG.CONIA.IDX.180D,2026-01-19,23.4116
EG.CONIA.IDX.180D,2026-01-20,23.3849
EG.CONIA.IDX.180D,2026-01-21,23.3603
EG.CONIA.IDX.180D,2026-01-22,23.3358
EG.CONIA.IDX.180D,2026-01-25,23.2638
EG.CONIA.IDX.180D,2026-01-26,23.24
EG.CONIA.IDX.180D,2026-01-27,23.2163
EG.CONIA.IDX.180D,2026-01-28,23.1927
EG.CONIA.IDX.180D,2026-02-01,23.0979
EG.CONIA.IDX.180D,2026-02-02,23.0718
EG.CONIA.IDX.180D,2026-02-03,23.0447
EG.CONIA.IDX.180D,2026-02-04,23.021
EG.CONIA.IDX.180D,2026-02-05,22.9974
EG.CONIA.IDX.180D,2026-02-08,22.9268
EG.CONIA.IDX.180D,2026-02-09,22.9035
EG.CONIA.IDX.180D,2026-02-10,22.8809
EG.CONIA.IDX.180D,2026-02-11,22.858
EG.CONIA.IDX.180D,2026-02-12,22.8336
EG.CONIA.IDX.180D,2026-02-15,22.7591
EG.CONIA.IDX.180D,2026-02-16,22.7283
EG.CONIA.IDX.180D,2026-02-17,22.6986
EG.CONIA.IDX.180D,2026-02-18,22.6694
EG.CONIA.IDX.180D,2026-02-19,22.6391
EG.CONIA.IDX.180D,2026-02-22,22.5505
EG.CONIA.IDX.180D,2026-02-23,22.5211
EG.CONIA.IDX.180D,2026-02-24,22.4922
EG.CONIA.IDX.180D,2026-02-25,22.463
EG.CONIA.IDX.180D,2026-02-26,22.4339
EG.CONIA.IDX.180D,2026-03-01,22.3699
EG.CONIA.IDX.180D,2026-03-02,22.3502
EG.CONIA.IDX.180D,2026-03-03,22.3296
EG.CONIA.IDX.180D,2026-03-04,22.3119
EG.CONIA.IDX.180D,2026-03-05,22.2944
EG.CONIA.IDX.180D,2026-03-08,22.2425
EG.CONIA.IDX.180D,2026-03-09,22.2251
EG.CONIA.IDX.180D,2026-03-10,22.2079
EG.CONIA.IDX.180D,2026-03-11,22.1904
EG.CONIA.IDX.180D,2026-03-12,22.1729
EG.CONIA.IDX.180D,2026-03-15,22.1221
EG.CONIA.IDX.180D,2026-03-16,22.1018
EG.CONIA.IDX.180D,2026-03-17,22.0807
EG.CONIA.IDX.180D,2026-03-18,22.064
EG.CONIA.IDX.180D,2026-03-24,21.9615
EG.CONIA.IDX.180D,2026-03-25,21.9454
EG.CONIA.IDX.180D,2026-03-26,21.9289
EG.CONIA.IDX.180D,2026-03-29,21.8809
EG.CONIA.IDX.180D,2026-03-30,21.8617
EG.CONIA.IDX.180D,2026-03-31,21.8415
EG.CONIA.IDX.180D,2026-04-01,21.8249
EG.CONIA.IDX.180D,2026-04-02,21.8081
EG.CONIA.IDX.180D,2026-04-05,21.7703
EG.CONIA.IDX.180D,2026-04-06,21.76
EG.CONIA.IDX.180D,2026-04-07,21.7504
EG.CONIA.IDX.180D,2026-04-08,21.7402
EG.CONIA.IDX.180D,2026-04-09,21.728
EG.CONIA.IDX.180D,2026-04-14,21.6727
EG.CONIA.IDX.180D,2026-04-15,21.6613
EG.CONIA.IDX.180D,2026-04-16,21.6494
EG.CONIA.IDX.180D,2026-04-19,21.6148
EG.CONIA.IDX.180D,2026-04-20,21.6025
EG.CONIA.IDX.180D,2026-04-21,21.5902
EG.CONIA.IDX.180D,2026-04-22,21.5794
EG.CONIA.IDX.180D,2026-04-23,21.5678
EG.CONIA.IDX.180D,2026-04-26,21.5391
EG.CONIA.IDX.180D,2026-04-27,21.5247
EG.CONIA.IDX.180D,2026-04-28,21.5099
EG.CONIA.IDX.180D,2026-04-29,21.4984
EG.CONIA.IDX.180D,2026-04-30,21.4866
EG.CONIA.IDX.180D,2026-05-03,21.4513
EG.CONIA.IDX.180D,2026-05-04,21.4402
EG.CONIA.IDX.180D,2026-05-05,21.4297
EG.CONIA.IDX.180D,2026-05-06,21.4198
EG.CONIA.IDX.180D,2026-05-10,21.3853
EG.CONIA.IDX.180D,2026-05-11,21.3712
EG.CONIA.IDX.180D,2026-05-12,21.3568
EG.CONIA.IDX.180D,2026-05-13,21.3459
EG.CONIA.IDX.180D,2026-05-14,21.3347
EG.CONIA.IDX.180D,2026-05-17,21.3027
EG.CONIA.IDX.180D,2026-05-18,21.2921
EG.CONIA.IDX.180D,2026-05-19,21.2815
EG.CONIA.IDX.180D,2026-05-20,21.2717
EG.CONIA.IDX.180D,2026-05-21,21.2618
EG.CONIA.IDX.180D,2026-05-24,21.2339
EG.CONIA.IDX.180D,2026-05-25,21.2205
EG.CONIA.IDX.180D,2026-06-01,21.1489
EG.CONIA.IDX.180D,2026-06-02,21.1383
EG.CONIA.IDX.180D,2026-06-03,21.128
EG.CONIA.IDX.180D,2026-06-04,21.1177
EG.CONIA.IDX.180D,2026-06-07,21.0869
EG.CONIA.IDX.180D,2026-06-08,21.076
EG.CONIA.IDX.180D,2026-06-09,21.0647
EG.CONIA.IDX.180D,2026-06-10,21.0542
EG.CONIA.IDX.180D,2026-06-11,21.0439
EG.CONIA.IDX.180D,2026-06-14,21.0123
EG.CONIA.IDX.180D,2026-06-15,21.002
EG.CONIA.IDX.180D,2026-06-16,20.9916
EG.CONIA.IDX.180D,2026-06-17,20.982
EG.CONIA.IDX.180D,2026-06-21,20.9406
EG.CONIA.IDX.180D,2026-06-22,20.9297
EG.CONIA.IDX.180D,2026-06-23,20.9186
EG.CONIA.IDX.180D,2026-06-24,20.9081
EG.CONIA.IDX.180D,2026-06-25,20.8975
EG.CONIA.IDX.180D,2026-06-28,20.8779
EG.CONIA.IDX.180D,2026-06-29,20.8734
EG.CONIA.IDX.180D,2026-06-30,20.8686
EG.CONIA.IDX.180D,2026-07-01,20.8637
EG.CONIA.IDX.180D,2026-07-05,20.8451
EG.CONIA.IDX.180D,2026-07-06,20.8403
EG.CONIA.IDX.180D,2026-07-07,20.8352
EG.CONIA.IDX.180D,2026-07-08,20.8305
EG.CONIA.IDX.180D,2026-07-09,20.8258
EG.CONIA.IDX.180D,2026-07-12,20.8121
EG.CONIA.IDX.180D,2026-07-13,20.8078
EG.CONIA.IDX.180D,2026-07-14,20.8041
EG.CONIA.IDX.180D,2026-07-15,20.8009
EG.CONIA.IDX.180D,2026-07-16,20.7976
EG.CONIA.IDX.180D,2026-07-19,20.79
EG.CONIA.IDX.180D,2026-07-20,20.7854
EG.CONIA.IDX.180D,2026-07-21,20.7802
EG.CONIA.IDX.180D,2026-07-22,20.7758
EG.CONIA.IDX.180D,2026-07-26,20.7591
EG.CONIA.IDX.180D,2026-07-27,20.7544
EG.CONIA.IDX.180D,2026-07-28,20.7508
EG.CONIA.IDX.180D,2026-07-29,20.747
EG.CONIA.IDX.180D,2026-07-30,20.7432
EG.CONIA.IDX.180D,2026-08-02,20.7351
EG.CONIA.IDX.180D,2026-08-03,20.7297
EG.CONIA.IDX.180D,2026-08-04,20.7231
EG.CONIA.IDX.180D,2026-08-05,20.7175
EG.CONIA.IDX.180D,2026-08-06,20.7119
EG.CONIA.IDX.180D,2026-08-09,20.6951
EG.CONIA.IDX.180D,2026-08-10,20.6893
EG.CONIA.IDX.180D,2026-08-11,20.6844
EG.CONIA.IDX.180D,2026-08-12,20.6812
EG.CONIA.IDX.180D,2026-08-13,20.6759
EG.CONIA.IDX.180D,2026-08-16,20.6658
EG.CONIA.IDX.180D,2026-08-17,20.6625
EG.CONIA.IDX.180D,2026-08-18,20.6597
EG.CONIA.IDX.180D,2026-08-19,20.6592
EG.CONIA.IDX.180D,2026-08-20,20.6585
EG.CONIA.IDX.30D,2017-01-31,15.1919
EG.CONIA.IDX.30D,2017-02-01,15.2068
EG.CONIA.IDX.30D,2017-02-02,15.2235
EG.CONIA.IDX.30D,2017-02-05,15.2624
EG.CONIA.IDX.30D,2017-02-06,15.274
EG.CONIA.IDX.30D,2017-02-07,15.286
EG.CONIA.IDX.30D,2017-02-08,15.3019
EG.CONIA.IDX.30D,2017-02-09,15.3119
EG.CONIA.IDX.30D,2017-02-12,15.3197
EG.CONIA.IDX.30D,2017-02-13,15.3098
EG.CONIA.IDX.30D,2017-02-14,15.3031
EG.CONIA.IDX.30D,2017-02-15,15.3006
EG.CONIA.IDX.30D,2017-02-16,15.315
EG.CONIA.IDX.30D,2017-02-19,15.3356
EG.CONIA.IDX.30D,2017-02-20,15.3393
EG.CONIA.IDX.30D,2017-02-21,15.3358
EG.CONIA.IDX.30D,2017-02-22,15.3287
EG.CONIA.IDX.30D,2017-02-23,15.3329
EG.CONIA.IDX.30D,2017-02-26,15.3871
EG.CONIA.IDX.30D,2017-02-27,15.407
EG.CONIA.IDX.30D,2017-02-28,15.4094
EG.CONIA.IDX.30D,2017-03-01,15.4243
EG.CONIA.IDX.30D,2017-03-02,15.4522
EG.CONIA.IDX.30D,2017-03-05,15.4939
EG.CONIA.IDX.30D,2017-03-06,15.506
EG.CONIA.IDX.30D,2017-03-07,15.5195
EG.CONIA.IDX.30D,2017-03-08,15.5222
EG.CONIA.IDX.30D,2017-03-09,15.5222
EG.CONIA.IDX.30D,2017-03-12,15.5074
EG.CONIA.IDX.30D,2017-03-13,15.4972
EG.CONIA.IDX.30D,2017-03-14,15.4805
EG.CONIA.IDX.30D,2017-03-15,15.5021
EG.CONIA.IDX.30D,2017-03-16,15.5215
EG.CONIA.IDX.30D,2017-03-19,15.5682
EG.CONIA.IDX.30D,2017-03-20,15.5797
EG.CONIA.IDX.30D,2017-03-21,15.5909
EG.CONIA.IDX.30D,2017-03-22,15.5973
EG.CONIA.IDX.30D,2017-03-23,15.6079
EG.CONIA.IDX.30D,2017-03-26,15.6039
EG.CONIA.IDX.30D,2017-03-27,15.5835
EG.CONIA.IDX.30D,2017-03-28,15.5615
EG.CONIA.IDX.30D,2017-03-29,15.5567
EG.CONIA.IDX.30D,2017-03-30,15.5733
EG.CONIA.IDX.30D,2017-04-02,15.5711
EG.CONIA.IDX.30D,2017-04-03,15.5703
EG.CONIA.IDX.30D,2017-04-04,15.5698
EG.CONIA.IDX.30D,2017-04-05,15.5704
EG.CONIA.IDX.30D,2017-04-06,15.5688
EG.CONIA.IDX.30D,2017-04-09,15.5734
EG.CONIA.IDX.30D,2017-04-10,15.5743
EG.CONIA.IDX.30D,2017-04-11,15.5691
EG.CONIA.IDX.30D,2017-04-12,15.5934
EG.CONIA.IDX.30D,2017-04-13,15.6257
EG.CONIA.IDX.30D,2017-04-18,15.5997
EG.CONIA.IDX.30D,2017-04-19,15.5827
EG.CONIA.IDX.30D,2017-04-20,15.564
EG.CONIA.IDX.30D,2017-04-23,15.5177
EG.CONIA.IDX.30D,2017-04-24,15.5065
EG.CONIA.IDX.30D,2017-04-26,15.4929
EG.CONIA.IDX.30D,2017-04-27,15.5163
EG.CONIA.IDX.30D,2017-04-30,15.5261
EG.CONIA.IDX.30D,2017-05-02,15.5239
EG.CONIA.IDX.30D,2017-05-03,15.524
EG.CONIA.IDX.30D,2017-05-04,15.5194
EG.CONIA.IDX.30D,2017-05-07,15.5287
EG.CONIA.IDX.30D,2017-05-08,15.5391
EG.CONIA.IDX.30D,2017-05-09,15.5445
EG.CONIA.IDX.30D,2017-05-10,15.5633
EG.CONIA.IDX.30D,2017-05-11,15.5868
EG.CONIA.IDX.30D,2017-05-14,15.5917
EG.CONIA.IDX.30D,2017-05-15,15.5955
EG.CONIA.IDX.30D,2017-05-16,15.5906
EG.CONIA.IDX.30D,2017-05-17,15.5881
EG.CONIA.IDX.30D,2017-05-18,15.5886
EG.CONIA.IDX.30D,2017-05-21,15.6538
EG.CONIA.IDX.30D,2017-05-22,15.6709
EG.CONIA.IDX.30D,2017-05-23,15.7457
EG.CONIA.IDX.30D,2017-05-24,15.8368
EG.CONIA.IDX.30D,2017-05-25,15.93
EG.CONIA.IDX.30D,2017-05-28,16.1614
EG.CONIA.IDX.30D,2017-05-29,16.2305
EG.CONIA.IDX.30D,2017-05-30,16.2993
EG.CONIA.IDX.30D,2017-05-31,16.3696
EG.CONIA.IDX.30D,2017-06-01,16.4389
EG.CONIA.IDX.30D,2017-06-04,16.6402
EG.CONIA.IDX.30D,2017-06-05,16.6946
EG.CONIA.IDX.30D,2017-06-06,16.7393
EG.CONIA.IDX.30D,2017-06-07,16.8089
EG.CONIA.IDX.30D,2017-06-08,16.8807
EG.CONIA.IDX.30D,2017-06-11,17.0732
EG.CONIA.IDX.30D,2017-06-12,17.14
EG.CONIA.IDX.30D,2017-06-13,17.2057
EG.CONIA.IDX.30D,2017-06-14,17.2766
EG.CONIA.IDX.30D,2017-06-15,17.3554
EG.CONIA.IDX.30D,2017-06-18,17.5703
EG.CONIA.IDX.30D,2017-06-19,17.6309
EG.CONIA.IDX.30D,2017-06-20,17.6872
EG.CONIA.IDX.30D,2017-06-21,17.7634
EG.CONIA.IDX.30D,2017-06-22,17.7826
EG.CONIA.IDX.30D,2017-06-28,17.7908
EG.CONIA.IDX.30D,2017-07-02,17.7942
EG.CONIA.IDX.30D,2017-07-03,17.7979
EG.CONIA.IDX.30D,2017-07-04,17.7942
EG.CONIA.IDX.30D,2017-07-05,17.8109
EG.CONIA.IDX.30D,2017-07-06,17.8367
EG.CONIA.IDX.30D,2017-07-09,17.8468
EG.CONIA.IDX.30D,2017-07-10,17.9186
EG.CONIA.IDX.30D,2017-07-11,17.9893
EG.CONIA.IDX.30D,2017-07-12,18.0585
EG.CONIA.IDX.30D,2017-07-13,18.1266
EG.CONIA.IDX.30D,2017-07-16,18.2795
EG.CONIA.IDX.30D,2017-07-17,18.3172
EG.CONIA.IDX.30D,2017-07-18,18.3533
EG.CONIA.IDX.30D,2017-07-19,18.426
EG.CONIA.IDX.30D,2017-07-20,18.5044
EG.CONIA.IDX.30D,2017-07-24,18.7703
EG.CONIA.IDX.30D,2017-07-25,18.8369
EG.CONIA.IDX.30D,2017-07-26,18.9006
EG.CONIA.IDX.30D,2017-07-27,18.9608
EG.CONIA.IDX.30D,2017-07-30,19.0879
EG.CONIA.IDX.30D,2017-07-31,19.1257
EG.CONIA.IDX.30D,2017-08-01,19.1618
EG.CONIA.IDX.30D,2017-08-02,19.2192
EG.CONIA.IDX.30D,2017-08-03,19.2854
EG.CONIA.IDX.30D,2017-08-06,19.4158
EG.CONIA.IDX.30D,2017-08-07,19.4572
EG.CONIA.IDX.30D,2017-08-08,19.4995
EG.CONIA.IDX.30D,2017-08-09,19.4715
EG.CONIA.IDX.30D,2017-08-10,19.4443
EG.CONIA.IDX.30D,2017-08-13,19.3761
EG.CONIA.IDX.30D,2017-08-14,19.361
EG.CONIA.IDX.30D,2017-08-15,19.3456
EG.CONIA.IDX.30D,2017-08-16,19.3541
EG.CONIA.IDX.30D,2017-08-17,19.36
EG.CONIA.IDX.30D,2017-08-20,19.2854
EG.CONIA.IDX.30D,2017-08-21,19.2591
EG.CONIA.IDX.30D,2017-08-22,19.2342
EG.CONIA.IDX.30D,2017-08-23,19.2083
EG.CONIA.IDX.30D,2017-08-24,19.1795
EG.CONIA.IDX.30D,2017-08-27,19.1273
EG.CONIA.IDX.30D,2017-08-28,19.1206
EG.CONIA.IDX.30D,2017-08-29,19.1166
EG.CONIA.IDX.30D,2017-08-30,19.1194
EG.CONIA.IDX.30D,2017-09-05,19.1031
EG.CONIA.IDX.30D,2017-09-06,19.1057
EG.CONIA.IDX.30D,2017-09-07,19.1047
EG.CONIA.IDX.30D,2017-09-10,19.1003
EG.CONIA.IDX.30D,2017-09-11,19.0976
EG.CONIA.IDX.30D,2017-09-12,19.0944
EG.CONIA.IDX.30D,2017-09-13,19.1039
EG.CONIA.IDX.30D,2017-09-14,19.1124
EG.CONIA.IDX.30D,2017-09-17,19.1152
EG.CONIA.IDX.30D,2017-09-18,19.1165
EG.CONIA.IDX.30D,2017-09-19,19.1177
EG.CONIA.IDX.30D,2017-09-20,19.1197
EG.CONIA.IDX.30D,2017-09-24,19.1154
EG.CONIA.IDX.30D,2017-09-25,19.1131
EG.CONIA.IDX.30D,2017-09-26,19.1091
EG.CONIA.IDX.30D,2017-09-27,19.1146
EG.CONIA.IDX.30D,2017-09-28,19.1181
EG.CONIA.IDX.30D,2017-10-01,19.1133
EG.CONIA.IDX.30D,2017-10-02,19.1123
EG.CONIA.IDX.30D,2017-10-03,19.1123
EG.CONIA.IDX.30D,2017-10-04,19.1093
EG.CONIA.IDX.30D,2017-10-08,19.1089
EG.CONIA.IDX.30D,2017-10-09,19.1118
EG.CONIA.IDX.30D,2017-10-10,19.1098
EG.CONIA.IDX.30D,2017-10-11,19.1272
EG.CONIA.IDX.30D,2017-10-12,19.1466
EG.CONIA.IDX.30D,2017-10-15,19.1442
EG.CONIA.IDX.30D,2017-10-16,19.1453
EG.CONIA.IDX.30D,2017-10-17,19.1419
EG.CONIA.IDX.30D,2017-10-18,19.145
EG.CONIA.IDX.30D,2017-10-19,19.1475
EG.CONIA.IDX.30D,2017-10-22,19.1507
EG.CONIA.IDX.30D,2017-10-23,19.1492
EG.CONIA.IDX.30D,2017-10-24,19.1452
EG.CONIA.IDX.30D,2017-10-25,19.1505
EG.CONIA.IDX.30D,2017-10-26,19.1574
EG.CONIA.IDX.30D,2017-10-29,19.1557
EG.CONIA.IDX.30D,2017-10-30,19.1551
EG.CONIA.IDX.30D,2017-10-31,19.1537
EG.CONIA.IDX.30D,2017-11-01,19.1485
EG.CONIA.IDX.30D,2017-11-02,19.144
EG.CONIA.IDX.30D,2017-11-05,19.1345
EG.CONIA.IDX.30D,2017-11-06,19.1284
EG.CONIA.IDX.30D,2017-11-07,19.1207
EG.CONIA.IDX.30D,2017-11-08,19.1207
EG.CONIA.IDX.30D,2017-11-09,19.1228
EG.CONIA.IDX.30D,2017-11-12,19.0868
EG.CONIA.IDX.30D,2017-11-13,19.0815
EG.CONIA.IDX.30D,2017-11-14,19.0759
EG.CONIA.IDX.30D,2017-11-15,19.069
EG.CONIA.IDX.30D,2017-11-16,19.0659
EG.CONIA.IDX.30D,2017-11-19,19.0448
EG.CONIA.IDX.30D,2017-11-20,19.0397
EG.CONIA.IDX.30D,2017-11-21,19.0335
EG.CONIA.IDX.30D,2017-11-22,19.0338
EG.CONIA.IDX.30D,2017-11-23,19.036
EG.CONIA.IDX.30D,2017-11-26,19.0335
EG.CONIA.IDX.30D,2017-11-27,19.0339
EG.CONIA.IDX.30D,2017-11-28,19.0343
EG.CONIA.IDX.30D,2017-11-29,19.0359
EG.CONIA.IDX.30D,2017-12-03,19.0427
EG.CONIA.IDX.30D,2017-12-04,19.0409
EG.CONIA.IDX.30D,2017-12-05,19.0365
EG.CONIA.IDX.30D,2017-12-06,19.0382
EG.CONIA.IDX.30D,2017-12-07,19.0412
EG.CONIA.IDX.30D,2017-12-10,19.0464
EG.CONIA.IDX.30D,2017-12-11,19.0492
EG.CONIA.IDX.30D,2017-12-12,19.0513
EG.CONIA.IDX.30D,2017-12-13,19.0533
EG.CONIA.IDX.30D,2017-12-14,19.0561
EG.CONIA.IDX.30D,2017-12-17,19.0672
EG.CONIA.IDX.30D,2017-12-18,19.0658
EG.CONIA.IDX.30D,2017-12-19,19.0639
EG.CONIA.IDX.30D,2017-12-20,19.068
EG.CONIA.IDX.30D,2017-12-21,19.0727
EG.CONIA.IDX.30D,2017-12-24,19.0746
EG.CONIA.IDX.30D,2017-12-25,19.0733
EG.CONIA.IDX.30D,2017-12-26,19.0716
EG.CONIA.IDX.30D,2017-12-27,19.0691
EG.CONIA.IDX.30D,2017-12-28,19.0683
EG.CONIA.IDX.30D,2017-12-31,19.068
EG.CONIA.IDX.30D,2018-01-02,19.0659
EG.CONIA.IDX.30D,2018-01-03,19.0684
EG.CONIA.IDX.30D,2018-01-04,19.074
EG.CONIA.IDX.30D,2018-01-08,19.0831
EG.CONIA.IDX.30D,2018-01-09,19.0832
EG.CONIA.IDX.30D,2018-01-10,19.086
EG.CONIA.IDX.30D,2018-01-11,19.0874
EG.CONIA.IDX.30D,2018-01-14,19.087
EG.CONIA.IDX.30D,2018-01-15,19.0839
EG.CONIA.IDX.30D,2018-01-16,19.0786
EG.CONIA.IDX.30D,2018-01-17,19.0842
EG.CONIA.IDX.30D,2018-01-18,19.0897
EG.CONIA.IDX.30D,2018-01-21,19.0883
EG.CONIA.IDX.30D,2018-01-22,19.0903
EG.CONIA.IDX.30D,2018-01-23,19.0919
EG.CONIA.IDX.30D,2018-01-24,19.0945
EG.CONIA.IDX.30D,2018-01-28,19.0961
EG.CONIA.IDX.30D,2018-01-29,19.0908
EG.CONIA.IDX.30D,2018-01-30,19.0844
EG.CONIA.IDX.30D,2018-01-31,19.0835
EG.CONIA.IDX.30D,2018-02-01,19.0827
EG.CONIA.IDX.30D,2018-02-04,19.0769
EG.CONIA.IDX.30D,2018-02-05,19.0745
EG.CONIA.IDX.30D,2018-02-06,19.0719
EG.CONIA.IDX.30D,2018-02-07,19.0695
EG.CONIA.IDX.30D,2018-02-08,19.0652
EG.CONIA.IDX.30D,2018-02-11,19.0446
EG.CONIA.IDX.30D,2018-02-12,19.0391
EG.CONIA.IDX.30D,2018-02-13,19.0332
EG.CONIA.IDX.30D,2018-02-14,19.0324
EG.CONIA.IDX.30D,2018-02-15,19.0323
EG.CONIA.IDX.30D,2018-02-18,19.0173
EG.CONIA.IDX.30D,2018-02-19,18.9801
EG.CONIA.IDX.30D,2018-02-20,18.9428
EG.CONIA.IDX.30D,2018-02-21,18.9039
EG.CONIA.IDX.30D,2018-02-22,18.8671
EG.CONIA.IDX.30D,2018-02-25,18.7654
EG.CONIA.IDX.30D,2018-02-26,18.7332
EG.CONIA.IDX.30D,2018-02-27,18.6973
EG.CONIA.IDX.30D,2018-02-28,18.6682
EG.CONIA.IDX.30D,2018-03-01,18.6409
EG.CONIA.IDX.30D,2018-03-04,18.5382
EG.CONIA.IDX.30D,2018-03-05,18.5045
EG.CONIA.IDX.30D,2018-03-06,18.4688
EG.CONIA.IDX.30D,2018-03-07,18.4363
EG.CONIA.IDX.30D,2018-03-08,18.4048
EG.CONIA.IDX.30D,2018-03-11,18.305
EG.CONIA.IDX.30D,2018-03-12,18.2724
EG.CONIA.IDX.30D,2018-03-13,18.2387
EG.CONIA.IDX.30D,2018-03-14,18.2108
EG.CONIA.IDX.30D,2018-03-15,18.1899
EG.CONIA.IDX.30D,2018-03-18,18.0968
EG.CONIA.IDX.30D,2018-03-19,18.0656
EG.CONIA.IDX.30D,2018-03-20,18.0331
EG.CONIA.IDX.30D,2018-03-21,18.0331
EG.CONIA.IDX.30D,2018-03-22,18.0326
EG.CONIA.IDX.30D,2018-03-25,18.0286
EG.CONIA.IDX.30D,2018-03-26,18.0236
EG.CONIA.IDX.30D,2018-03-27,18.0182
EG.CONIA.IDX.30D,2018-03-28,18.0134
EG.CONIA.IDX.30D,2018-03-29,18.0119
EG.CONIA.IDX.30D,2018-04-01,18.0062
EG.CONIA.IDX.30D,2018-04-02,17.9719
EG.CONIA.IDX.30D,2018-04-03,17.9384
EG.CONIA.IDX.30D,2018-04-04,17.9131
EG.CONIA.IDX.30D,2018-04-05,17.8943
EG.CONIA.IDX.30D,2018-04-10,17.7874
EG.CONIA.IDX.30D,2018-04-11,17.7532
EG.CONIA.IDX.30D,2018-04-12,17.7181
EG.CONIA.IDX.30D,2018-04-15,17.5931
EG.CONIA.IDX.30D,2018-04-16,17.5554
EG.CONIA.IDX.30D,2018-04-17,17.518
EG.CONIA.IDX.30D,2018-04-18,17.482
EG.CONIA.IDX.30D,2018-04-19,17.4485
EG.CONIA.IDX.30D,2018-04-22,17.35
EG.CONIA.IDX.30D,2018-04-23,17.3148
EG.CONIA.IDX.30D,2018-04-24,17.2787
EG.CONIA.IDX.30D,2018-04-26,17.2151
EG.CONIA.IDX.30D,2018-04-29,17.1154
EG.CONIA.IDX.30D,2018-04-30,17.081
EG.CONIA.IDX.30D,2018-05-02,17.0459
EG.CONIA.IDX.30D,2018-05-03,17.045
EG.CONIA.IDX.30D,2018-05-06,17.0171
EG.CONIA.IDX.30D,2018-05-07,17.0055
EG.CONIA.IDX.30D,2018-05-08,16.9916
EG.CONIA.IDX.30D,2018-05-09,16.9787
EG.CONIA.IDX.30D,2018-05-10,16.9636
EG.CONIA.IDX.30D,2018-05-13,17.0013
EG.CONIA.IDX.30D,2018-05-14,17.0139
EG.CONIA.IDX.30D,2018-05-15,17.0273
EG.CONIA.IDX.30D,2018-05-16,17.0352
EG.CONIA.IDX.30D,2018-05-17,17.0408
EG.CONIA.IDX.30D,2018-05-20,17.0556
EG.CONIA.IDX.30D,2018-05-21,17.0606
EG.CONIA.IDX.30D,2018-05-22,17.0626
EG.CONIA.IDX.30D,2018-05-23,17.0734
EG.CONIA.IDX.30D,2018-05-24,17.081
EG.CONIA.IDX.30D,2018-05-27,17.1027
EG.CONIA.IDX.30D,2018-05-28,17.108
EG.CONIA.IDX.30D,2018-05-29,17.1159
EG.CONIA.IDX.30D,2018-05-30,17.1185
EG.CONIA.IDX.30D,2018-05-31,17.1213
EG.CONIA.IDX.30D,2018-06-03,17.1291
EG.CONIA.IDX.30D,2018-06-04,17.1289
EG.CONIA.IDX.30D,2018-06-05,17.1253
EG.CONIA.IDX.30D,2018-06-06,17.1322
EG.CONIA.IDX.30D,2018-06-07,17.1418
EG.CONIA.IDX.30D,2018-06-10,17.157
EG.CONIA.IDX.30D,2018-06-11,17.1559
EG.CONIA.IDX.30D,2018-06-12,17.1563
EG.CONIA.IDX.30D,2018-06-13,17.1577
EG.CONIA.IDX.30D,2018-06-14,17.1565
EG.CONIA.IDX.30D,2018-06-19,17.1719
EG.CONIA.IDX.30D,2018-06-20,17.1749
EG.CONIA.IDX.30D,2018-06-21,17.1827
EG.CONIA.IDX.30D,2018-06-24,17.1912
EG.CONIA.IDX.30D,2018-06-25,17.1918
EG.CONIA.IDX.30D,2018-06-26,17.1899
EG.CONIA.IDX.30D,2018-06-27,17.1936
EG.CONIA.IDX.30D,2018-06-28,17.1905
EG.CONIA.IDX.30D,2018-07-02,17.1949
EG.CONIA.IDX.30D,2018-07-03,17.1941
EG.CONIA.IDX.30D,2018-07-04,17.2009
EG.CONIA.IDX.30D,2018-07-05,17.2073
EG.CONIA.IDX.30D,2018-07-08,17.1896
EG.CONIA.IDX.30D,2018-07-09,17.1868
EG.CONIA.IDX.30D,2018-07-10,17.1837
EG.CONIA.IDX.30D,2018-07-11,17.1789
EG.CONIA.IDX.30D,2018-07-12,17.1675
EG.CONIA.IDX.30D,2018-07-15,17.1356
EG.CONIA.IDX.30D,2018-07-16,17.1263
EG.CONIA.IDX.30D,2018-07-17,17.1176
EG.CONIA.IDX.30D,2018-07-18,17.1197
EG.CONIA.IDX.30D,2018-07-19,17.1165
EG.CONIA.IDX.30D,2018-07-22,17.1007
EG.CONIA.IDX.30D,2018-07-24,17.0849
EG.CONIA.IDX.30D,2018-07-25,17.0792
EG.CONIA.IDX.30D,2018-07-26,17.0765
EG.CONIA.IDX.30D,2018-07-29,17.0647
EG.CONIA.IDX.30D,2018-07-30,17.0595
EG.CONIA.IDX.30D,2018-07-31,17.0534
EG.CONIA.IDX.30D,2018-08-01,17.0514
EG.CONIA.IDX.30D,2018-08-02,17.05
EG.CONIA.IDX.30D,2018-08-05,17.0408
EG.CONIA.IDX.30D,2018-08-06,17.0397
EG.CONIA.IDX.30D,2018-08-07,17.039
EG.CONIA.IDX.30D,2018-08-08,17.0368
EG.CONIA.IDX.30D,2018-08-09,17.0355
EG.CONIA.IDX.30D,2018-08-12,17.046
EG.CONIA.IDX.30D,2018-08-13,17.0487
EG.CONIA.IDX.30D,2018-08-14,17.0489
EG.CONIA.IDX.30D,2018-08-15,17.0577
EG.CONIA.IDX.30D,2018-08-16,17.0661
EG.CONIA.IDX.30D,2018-08-19,17.0743
EG.CONIA.IDX.30D,2018-08-26,17.1109
EG.CONIA.IDX.30D,2018-08-27,17.1079
EG.CONIA.IDX.30D,2018-08-28,17.1035
EG.CONIA.IDX.30D,2018-08-29,17.1128
EG.CONIA.IDX.30D,2018-08-30,17.1195
EG.CONIA.IDX.30D,2018-09-02,17.1253
EG.CONIA.IDX.30D,2018-09-03,17.1277
EG.CONIA.IDX.30D,2018-09-04,17.1306
EG.CONIA.IDX.30D,2018-09-05,17.1324
EG.CONIA.IDX.30D,2018-09-06,17.1332
EG.CONIA.IDX.30D,2018-09-09,17.132
EG.CONIA.IDX.30D,2018-09-10,17.1307
EG.CONIA.IDX.30D,2018-09-12,17.1293
EG.CONIA.IDX.30D,2018-09-13,17.1367
EG.CONIA.IDX.30D,2018-09-16,17.1287
EG.CONIA.IDX.30D,2018-09-17,17.124
EG.CONIA.IDX.30D,2018-09-18,17.1189
EG.CONIA.IDX.30D,2018-09-19,17.1137
EG.CONIA.IDX.30D,2018-09-20,17.1093
EG.CONIA.IDX.30D,2018-09-23,17.0947
EG.CONIA.IDX.30D,2018-09-24,17.0864
EG.CONIA.IDX.30D,2018-09-25,17.0763
EG.CONIA.IDX.30D,2018-09-26,17.0802
EG.CONIA.IDX.30D,2018-09-27,17.0848
EG.CONIA.IDX.30D,2018-09-30,17.0807
EG.CONIA.IDX.30D,2018-10-01,17.0814
EG.CONIA.IDX.30D,2018-10-02,17.0796
EG.CONIA.IDX.30D,2018-10-03,17.0768
EG.CONIA.IDX.30D,2018-10-04,17.0741
EG.CONIA.IDX.30D,2018-10-08,17.0666
EG.CONIA.IDX.30D,2018-10-09,17.0626
EG.CONIA.IDX.30D,2018-10-10,17.0625
EG.CONIA.IDX.30D,2018-10-11,17.0647
EG.CONIA.IDX.30D,2018-10-14,17.0652
EG.CONIA.IDX.30D,2018-10-15,17.0636
EG.CONIA.IDX.30D,2018-10-16,17.0616
EG.CONIA.IDX.30D,2018-10-17,17.0591
EG.CONIA.IDX.30D,2018-10-18,17.0579
EG.CONIA.IDX.30D,2018-10-21,17.0552
EG.CONIA.IDX.30D,2018-10-22,17.0511
EG.CONIA.IDX.30D,2018-10-23,17.0456
EG.CONIA.IDX.30D,2018-10-24,17.0466
EG.CONIA.IDX.30D,2018-10-25,17.0494
EG.CONIA.IDX.30D,2018-10-28,17.046
EG.CONIA.IDX.30D,2018-10-29,17.0454
EG.CONIA.IDX.30D,2018-10-30,17.045
EG.CONIA.IDX.30D,2018-10-31,17.0417
EG.CONIA.IDX.30D,2018-11-01,17.0399
EG.CONIA.IDX.30D,2018-11-04,17.035
EG.CONIA.IDX.30D,2018-11-05,17.032
EG.CONIA.IDX.30D,2018-11-06,17.0272
EG.CONIA.IDX.30D,2018-11-07,17.0266
EG.CONIA.IDX.30D,2018-11-08,17.028
EG.CONIA.IDX.30D,2018-11-11,17.0209
EG.CONIA.IDX.30D,2018-11-12,17.0162
EG.CONIA.IDX.30D,2018-11-13,17.0115
EG.CONIA.IDX.30D,2018-11-14,17.0078
EG.CONIA.IDX.30D,2018-11-15,17.0041
EG.CONIA.IDX.30D,2018-11-18,16.9933
EG.CONIA.IDX.30D,2018-11-19,16.9887
EG.CONIA.IDX.30D,2018-11-21,16.9819
EG.CONIA.IDX.30D,2018-11-22,16.984
EG.CONIA.IDX.30D,2018-11-25,16.9798
EG.CONIA.IDX.30D,2018-11-26,16.9773
EG.CONIA.IDX.30D,2018-11-27,16.9761
EG.CONIA.IDX.30D,2018-11-28,16.9724
EG.CONIA.IDX.30D,2018-11-29,16.9682
EG.CONIA.IDX.30D,2018-12-02,16.9621
EG.CONIA.IDX.30D,2018-12-03,16.9589
EG.CONIA.IDX.30D,2018-12-04,16.9557
EG.CONIA.IDX.30D,2018-12-05,16.9599
EG.CONIA.IDX.30D,2018-12-06,16.9698
EG.CONIA.IDX.30D,2018-12-09,16.9972
EG.CONIA.IDX.30D,2018-12-10,17.0085
EG.CONIA.IDX.30D,2018-12-11,17.0203
EG.CONIA.IDX.30D,2018-12-12,17.0294
EG.CONIA.IDX.30D,2018-12-13,17.0348
EG.CONIA.IDX.30D,2018-12-16,17.051
EG.CONIA.IDX.30D,2018-12-17,17.0555
EG.CONIA.IDX.30D,2018-12-18,17.0563
EG.CONIA.IDX.30D,2018-12-19,17.0611
EG.CONIA.IDX.30D,2018-12-20,17.0668
EG.CONIA.IDX.30D,2018-12-23,17.0731
EG.CONIA.IDX.30D,2018-12-24,17.0742
EG.CONIA.IDX.30D,2018-12-25,17.075
EG.CONIA.IDX.30D,2018-12-26,17.0764
EG.CONIA.IDX.30D,2018-12-27,17.0761
EG.CONIA.IDX.30D,2018-12-30,17.0793
EG.CONIA.IDX.30D,2018-12-31,17.0799
EG.CONIA.IDX.30D,2019-01-02,17.0795
EG.CONIA.IDX.30D,2019-01-03,17.0854
EG.CONIA.IDX.30D,2019-01-06,17.0756
EG.CONIA.IDX.30D,2019-01-08,17.0556
EG.CONIA.IDX.30D,2019-01-09,17.0429
EG.CONIA.IDX.30D,2019-01-10,17.0297
EG.CONIA.IDX.30D,2019-01-13,17.0105
EG.CONIA.IDX.30D,2019-01-14,17.0044
EG.CONIA.IDX.30D,2019-01-15,16.9977
EG.CONIA.IDX.30D,2019-01-16,16.9966
EG.CONIA.IDX.30D,2019-01-17,16.9988
EG.CONIA.IDX.30D,2019-01-20,17.0016
EG.CONIA.IDX.30D,2019-01-21,17.0026
EG.CONIA.IDX.30D,2019-01-22,17.0039
EG.CONIA.IDX.30D,2019-01-23,17.0056
EG.CONIA.IDX.30D,2019-01-27,17.0099
EG.CONIA.IDX.30D,2019-01-28,17.0077
EG.CONIA.IDX.30D,2019-01-29,17.0036
EG.CONIA.IDX.30D,2019-01-30,17.0077
EG.CONIA.IDX.30D,2019-01-31,17.0121
EG.CONIA.IDX.30D,2019-02-03,17.014
EG.CONIA.IDX.30D,2019-02-04,17.0138
EG.CONIA.IDX.30D,2019-02-05,17.0138
EG.CONIA.IDX.30D,2019-02-06,17.0176
EG.CONIA.IDX.30D,2019-02-07,17.0208
EG.CONIA.IDX.30D,2019-02-10,17.0384
EG.CONIA.IDX.30D,2019-02-11,17.0427
EG.CONIA.IDX.30D,2019-02-12,17.0429
EG.CONIA.IDX.30D,2019-02-13,17.0502
EG.CONIA.IDX.30D,2019-02-14,17.0576
EG.CONIA.IDX.30D,2019-02-17,17.0652
EG.CONIA.IDX.30D,2019-02-18,17.0314
EG.CONIA.IDX.30D,2019-02-19,16.9968
EG.CONIA.IDX.30D,2019-02-20,16.9633
EG.CONIA.IDX.30D,2019-02-21,16.9288
EG.CONIA.IDX.30D,2019-02-24,16.8211
EG.CONIA.IDX.30D,2019-02-25,16.7836
EG.CONIA.IDX.30D,2019-02-26,16.7453
EG.CONIA.IDX.30D,2019-02-27,16.7162
EG.CONIA.IDX.30D,2019-02-28,16.6872
EG.CONIA.IDX.30D,2019-03-03,16.5821
EG.CONIA.IDX.30D,2019-03-04,16.5477
EG.CONIA.IDX.30D,2019-03-05,16.5139
EG.CONIA.IDX.30D,2019-03-06,16.48
EG.CONIA.IDX.30D,2019-03-07,16.4461
EG.CONIA.IDX.30D,2019-03-10,16.3509
EG.CONIA.IDX.30D,2019-03-11,16.3197
EG.CONIA.IDX.30D,2019-03-12,16.286
EG.CONIA.IDX.30D,2019-03-13,16.2531
EG.CONIA.IDX.30D,2019-03-14,16.223
EG.CONIA.IDX.30D,2019-03-17,16.1259
EG.CONIA.IDX.30D,2019-03-18,16.0927
EG.CONIA.IDX.30D,2019-03-19,16.0581
EG.CONIA.IDX.30D,2019-03-20,16.0613
EG.CONIA.IDX.30D,2019-03-21,16.0641
EG.CONIA.IDX.30D,2019-03-24,16.077
EG.CONIA.IDX.30D,2019-03-25,16.0792
EG.CONIA.IDX.30D,2019-03-26,16.0782
EG.CONIA.IDX.30D,2019-03-27,16.0831
EG.CONIA.IDX.30D,2019-03-28,16.0858
EG.CONIA.IDX.30D,2019-03-31,16.0795
EG.CONIA.IDX.30D,2019-04-01,16.0774
EG.CONIA.IDX.30D,2019-04-02,16.0772
EG.CONIA.IDX.30D,2019-04-03,16.0779
EG.CONIA.IDX.30D,2019-04-04,16.0783
EG.CONIA.IDX.30D,2019-04-07,16.0858
EG.CONIA.IDX.30D,2019-04-08,16.0837
EG.CONIA.IDX.30D,2019-04-09,16.0788
EG.CONIA.IDX.30D,2019-04-10,16.0749
EG.CONIA.IDX.30D,2019-04-11,16.0719
EG.CONIA.IDX.30D,2019-04-14,16.0677
EG.CONIA.IDX.30D,2019-04-15,16.0636
EG.CONIA.IDX.30D,2019-04-16,16.0595
EG.CONIA.IDX.30D,2019-04-17,16.0572
EG.CONIA.IDX.30D,2019-04-18,16.0559
EG.CONIA.IDX.30D,2019-04-21,16.0406
EG.CONIA.IDX.30D,2019-04-22,16.0343
EG.CONIA.IDX.30D,2019-04-23,16.0254
EG.CONIA.IDX.30D,2019-04-24,16.022
EG.CONIA.IDX.30D,2019-04-30,16.0342
EG.CONIA.IDX.30D,2019-05-02,16.0409
EG.CONIA.IDX.30D,2019-05-05,16.0413
EG.CONIA.IDX.30D,2019-05-06,16.0401
EG.CONIA.IDX.30D,2019-05-07,16.0444
EG.CONIA.IDX.30D,2019-05-08,16.0415
EG.CONIA.IDX.30D,2019-05-09,16.0416
EG.CONIA.IDX.30D,2019-05-12,16.0379
EG.CONIA.IDX.30D,2019-05-13,16.0355
EG.CONIA.IDX.30D,2019-05-14,16.0332
EG.CONIA.IDX.30D,2019-05-15,16.0329
EG.CONIA.IDX.30D,2019-05-16,16.0317
EG.CONIA.IDX.30D,2019-05-19,16.0284
EG.CONIA.IDX.30D,2019-05-20,16.0285
EG.CONIA.IDX.30D,2019-05-21,16.0258
EG.CONIA.IDX.30D,2019-05-22,16.0281
EG.CONIA.IDX.30D,2019-05-23,16.0315
EG.CONIA.IDX.30D,2019-05-26,16.0281
EG.CONIA.IDX.30D,2019-05-27,16.0263
EG.CONIA.IDX.30D,2019-05-28,16.0247
EG.CONIA.IDX.30D,2019-05-29,16.0225
EG.CONIA.IDX.30D,2019-05-30,16.021
EG.CONIA.IDX.30D,2019-06-02,16.0187
EG.CONIA.IDX.30D,2019-06-03,16.0151
EG.CONIA.IDX.30D,2019-06-09,16.0326
EG.CONIA.IDX.30D,2019-06-10,16.0322
EG.CONIA.IDX.30D,2019-06-11,16.0325
EG.CONIA.IDX.30D,2019-06-12,16.0339
EG.CONIA.IDX.30D,2019-06-13,16.0334
EG.CONIA.IDX.30D,2019-06-16,16.029
EG.CONIA.IDX.30D,2019-06-17,16.0279
EG.CONIA.IDX.30D,2019-06-18,16.0243
EG.CONIA.IDX.30D,2019-06-19,16.0241
EG.CONIA.IDX.30D,2019-06-20,16.0261
EG.CONIA.IDX.30D,2019-06-23,16.0245
EG.CONIA.IDX.30D,2019-06-24,16.0248
EG.CONIA.IDX.30D,2019-06-25,16.0249
EG.CONIA.IDX.30D,2019-06-26,16.0246
EG.CONIA.IDX.30D,2019-06-27,16.0218
EG.CONIA.IDX.30D,2019-07-02,15.9971
EG.CONIA.IDX.30D,2019-07-03,15.9956
EG.CONIA.IDX.30D,2019-07-04,15.9881
EG.CONIA.IDX.30D,2019-07-07,15.9638
EG.CONIA.IDX.30D,2019-07-08,15.9547
EG.CONIA.IDX.30D,2019-07-09,15.9457
EG.CONIA.IDX.30D,2019-07-10,15.9413
EG.CONIA.IDX.30D,2019-07-11,15.9365
EG.CONIA.IDX.30D,2019-07-14,15.9242
EG.CONIA.IDX.30D,2019-07-15,15.9213
EG.CONIA.IDX.30D,2019-07-16,15.9179
EG.CONIA.IDX.30D,2019-07-17,15.9182
EG.CONIA.IDX.30D,2019-07-18,15.92
EG.CONIA.IDX.30D,2019-07-21,15.9167
EG.CONIA.IDX.30D,2019-07-22,15.9154
EG.CONIA.IDX.30D,2019-07-24,15.9124
EG.CONIA.IDX.30D,2019-07-25,15.9114
EG.CONIA.IDX.30D,2019-07-28,15.9106
EG.CONIA.IDX.30D,2019-07-29,15.9116
EG.CONIA.IDX.30D,2019-07-30,15.9114
EG.CONIA.IDX.30D,2019-07-31,15.9127
EG.CONIA.IDX.30D,2019-08-01,15.9136
EG.CONIA.IDX.30D,2019-08-04,15.9121
EG.CONIA.IDX.30D,2019-08-05,15.9122
EG.CONIA.IDX.30D,2019-08-06,15.9126
EG.CONIA.IDX.30D,2019-08-07,15.913
EG.CONIA.IDX.30D,2019-08-08,15.9139
EG.CONIA.IDX.30D,2019-08-14,15.9281
EG.CONIA.IDX.30D,2019-08-15,15.9302
EG.CONIA.IDX.30D,2019-08-18,15.9268
EG.CONIA.IDX.30D,2019-08-19,15.9255
EG.CONIA.IDX.30D,2019-08-20,15.9239
EG.CONIA.IDX.30D,2019-08-21,15.9225
EG.CONIA.IDX.30D,2019-08-22,15.9214
EG.CONIA.IDX.30D,2019-08-25,15.9159
EG.CONIA.IDX.30D,2019-08-26,15.8657
EG.CONIA.IDX.30D,2019-08-27,15.8147
EG.CONIA.IDX.30D,2019-08-28,15.7664
EG.CONIA.IDX.30D,2019-08-29,15.7185
EG.CONIA.IDX.30D,2019-09-01,15.5695
EG.CONIA.IDX.30D,2019-09-02,15.5204
EG.CONIA.IDX.30D,2019-09-03,15.4711
EG.CONIA.IDX.30D,2019-09-04,15.4216
EG.CONIA.IDX.30D,2019-09-05,15.3729
EG.CONIA.IDX.30D,2019-09-08,15.2334
EG.CONIA.IDX.30D,2019-09-09,15.1853
EG.CONIA.IDX.30D,2019-09-10,15.1344
EG.CONIA.IDX.30D,2019-09-11,15.0856
EG.CONIA.IDX.30D,2019-09-12,15.0356
EG.CONIA.IDX.30D,2019-09-15,14.8887
EG.CONIA.IDX.30D,2019-09-16,14.8411
EG.CONIA.IDX.30D,2019-09-17,14.794
EG.CONIA.IDX.30D,2019-09-18,14.747
EG.CONIA.IDX.30D,2019-09-19,14.6999
EG.CONIA.IDX.30D,2019-09-22,14.556
EG.CONIA.IDX.30D,2019-09-23,14.5071
EG.CONIA.IDX.30D,2019-09-24,14.4566
EG.CONIA.IDX.30D,2019-09-25,14.4566
EG.CONIA.IDX.30D,2019-09-26,14.4568
EG.CONIA.IDX.30D,2019-09-29,14.4472
EG.CONIA.IDX.30D,2019-09-30,14.4116
EG.CONIA.IDX.30D,2019-10-01,14.3771
EG.CONIA.IDX.30D,2019-10-02,14.3415
EG.CONIA.IDX.30D,2019-10-03,14.3064
EG.CONIA.IDX.30D,2019-10-07,14.159
EG.CONIA.IDX.30D,2019-10-08,14.1198
EG.CONIA.IDX.30D,2019-10-09,14.0848
EG.CONIA.IDX.30D,2019-10-10,14.0523
EG.CONIA.IDX.30D,2019-10-13,13.9494
EG.CONIA.IDX.30D,2019-10-14,13.9149
EG.CONIA.IDX.30D,2019-10-15,13.8804
EG.CONIA.IDX.30D,2019-10-16,13.8455
EG.CONIA.IDX.30D,2019-10-17,13.8101
EG.CONIA.IDX.30D,2019-10-20,13.701
EG.CONIA.IDX.30D,2019-10-21,13.6657
EG.CONIA.IDX.30D,2019-10-22,13.629
EG.CONIA.IDX.30D,2019-10-23,13.5959
EG.CONIA.IDX.30D,2019-10-24,13.5644
EG.CONIA.IDX.30D,2019-10-27,13.4676
EG.CONIA.IDX.30D,2019-10-28,13.4366
EG.CONIA.IDX.30D,2019-10-29,13.4064
EG.CONIA.IDX.30D,2019-10-30,13.4094
EG.CONIA.IDX.30D,2019-10-31,13.4122
EG.CONIA.IDX.30D,2019-11-03,13.4228
EG.CONIA.IDX.30D,2019-11-04,13.4241
EG.CONIA.IDX.30D,2019-11-05,13.4247
EG.CONIA.IDX.30D,2019-11-06,13.4278
EG.CONIA.IDX.30D,2019-11-07,13.4326
EG.CONIA.IDX.30D,2019-11-11,13.4479
EG.CONIA.IDX.30D,2019-11-12,13.4511
EG.CONIA.IDX.30D,2019-11-13,13.4576
EG.CONIA.IDX.30D,2019-11-14,13.4675
EG.CONIA.IDX.30D,2019-11-17,13.5037
EG.CONIA.IDX.30D,2019-11-18,13.484
EG.CONIA.IDX.30D,2019-11-19,13.4628
EG.CONIA.IDX.30D,2019-11-20,13.4342
EG.CONIA.IDX.30D,2019-11-21,13.4081
EG.CONIA.IDX.30D,2019-11-24,13.3225
EG.CONIA.IDX.30D,2019-11-25,13.2933
EG.CONIA.IDX.30D,2019-11-26,13.264
EG.CONIA.IDX.30D,2019-11-27,13.2351
EG.CONIA.IDX.30D,2019-11-28,13.2041
EG.CONIA.IDX.30D,2019-12-01,13.1074
EG.CONIA.IDX.30D,2019-12-02,13.0743
EG.CONIA.IDX.30D,2019-12-03,13.039
EG.CONIA.IDX.30D,2019-12-04,13.0085
EG.CONIA.IDX.30D,2019-12-05,12.9786
EG.CONIA.IDX.30D,2019-12-08,12.8794
EG.CONIA.IDX.30D,2019-12-09,12.8455
EG.CONIA.IDX.30D,2019-12-10,12.8119
EG.CONIA.IDX.30D,2019-12-11,12.778
EG.CONIA.IDX.30D,2019-12-12,12.7456
EG.CONIA.IDX.30D,2019-12-15,12.6333
EG.CONIA.IDX.30D,2019-12-16,12.5924
EG.CONIA.IDX.30D,2019-12-17,12.548
EG.CONIA.IDX.30D,2019-12-18,12.5411
EG.CONIA.IDX.30D,2019-12-19,12.5345
EG.CONIA.IDX.30D,2019-12-22,12.5341
EG.CONIA.IDX.30D,2019-12-23,12.5339
EG.CONIA.IDX.30D,2019-12-24,12.5338
EG.CONIA.IDX.30D,2019-12-25,12.5348
EG.CONIA.IDX.30D,2019-12-26,12.5343
EG.CONIA.IDX.30D,2019-12-29,12.5239
EG.CONIA.IDX.30D,2019-12-30,12.52
EG.CONIA.IDX.30D,2019-12-31,12.5161
EG.CONIA.IDX.30D,2020-01-02,12.5218
EG.CONIA.IDX.30D,2020-01-05,12.5279
EG.CONIA.IDX.30D,2020-01-06,12.5295
EG.CONIA.IDX.30D,2020-01-08,12.5304
EG.CONIA.IDX.30D,2020-01-09,12.5307
EG.CONIA.IDX.30D,2020-01-12,12.5288
EG.CONIA.IDX.30D,2020-01-13,12.5249
EG.CONIA.IDX.30D,2020-01-14,12.5189
EG.CONIA.IDX.30D,2020-01-15,12.5229
EG.CONIA.IDX.30D,2020-01-16,12.5288
EG.CONIA.IDX.30D,2020-01-19,12.5272
EG.CONIA.IDX.30D,2020-01-20,12.5272
EG.CONIA.IDX.30D,2020-01-21,12.5289
EG.CONIA.IDX.30D,2020-01-22,12.5294
EG.CONIA.IDX.30D,2020-01-23,12.5283
EG.CONIA.IDX.30D,2020-01-26,12.5194
EG.CONIA.IDX.30D,2020-01-27,12.517
EG.CONIA.IDX.30D,2020-01-28,12.5141
EG.CONIA.IDX.30D,2020-01-29,12.5191
EG.CONIA.IDX.30D,2020-01-30,12.5245
EG.CONIA.IDX.30D,2020-02-02,12.5255
EG.CONIA.IDX.30D,2020-02-03,12.5248
EG.CONIA.IDX.30D,2020-02-04,12.523
EG.CONIA.IDX.30D,2020-02-05,12.523
EG.CONIA.IDX.30D,2020-02-06,12.5245
EG.CONIA.IDX.30D,2020-02-09,12.534
EG.CONIA.IDX.30D,2020-02-10,12.5359
EG.CONIA.IDX.30D,2020-02-11,12.5338
EG.CONIA.IDX.30D,2020-02-12,12.5373
EG.CONIA.IDX.30D,2020-02-13,12.5417
EG.CONIA.IDX.30D,2020-02-16,12.5339
EG.CONIA.IDX.30D,2020-02-17,12.5329
EG.CONIA.IDX.30D,2020-02-18,12.5327
EG.CONIA.IDX.30D,2020-02-19,12.5322
EG.CONIA.IDX.30D,2020-02-20,12.5274
EG.CONIA.IDX.30D,2020-02-23,12.5231
EG.CONIA.IDX.30D,2020-02-24,12.5249
EG.CONIA.IDX.30D,2020-02-25,12.5247
EG.CONIA.IDX.30D,2020-02-26,12.5304
EG.CONIA.IDX.30D,2020-02-27,12.5352
EG.CONIA.IDX.30D,2020-03-01,12.5287
EG.CONIA.IDX.30D,2020-03-02,12.5259
EG.CONIA.IDX.30D,2020-03-03,12.5229
EG.CONIA.IDX.30D,2020-03-04,12.5213
EG.CONIA.IDX.30D,2020-03-05,12.521
EG.CONIA.IDX.30D,2020-03-08,12.5124
EG.CONIA.IDX.30D,2020-03-09,12.508
EG.CONIA.IDX.30D,2020-03-10,12.5014
EG.CONIA.IDX.30D,2020-03-11,12.5001
EG.CONIA.IDX.30D,2020-03-15,12.5118
EG.CONIA.IDX.30D,2020-03-16,12.5157
EG.CONIA.IDX.30D,2020-03-17,12.5218
EG.CONIA.IDX.30D,2020-03-18,12.4301
EG.CONIA.IDX.30D,2020-03-19,12.3401
EG.CONIA.IDX.30D,2020-03-22,12.0846
EG.CONIA.IDX.30D,2020-03-23,11.9967
EG.CONIA.IDX.30D,2020-03-24,11.8977
EG.CONIA.IDX.30D,2020-03-25,11.806
EG.CONIA.IDX.30D,2020-03-26,11.7166
EG.CONIA.IDX.30D,2020-03-29,11.4419
EG.CONIA.IDX.30D,2020-03-30,11.3507
EG.CONIA.IDX.30D,2020-03-31,11.2617
EG.CONIA.IDX.30D,2020-04-01,11.1769
EG.CONIA.IDX.30D,2020-04-02,11.0823
EG.CONIA.IDX.30D,2020-04-05,10.7956
EG.CONIA.IDX.30D,2020-04-06,10.6933
EG.CONIA.IDX.30D,2020-04-07,10.5883
EG.CONIA.IDX.30D,2020-04-08,10.4974
EG.CONIA.IDX.30D,2020-04-09,10.4067
EG.CONIA.IDX.30D,2020-04-12,10.1163
EG.CONIA.IDX.30D,2020-04-13,10.0192
EG.CONIA.IDX.30D,2020-04-14,9.9213
EG.CONIA.IDX.30D,2020-04-15,9.8255
EG.CONIA.IDX.30D,2020-04-16,9.7271
EG.CONIA.IDX.30D,2020-04-21,9.7164
EG.CONIA.IDX.30D,2020-04-22,9.7143
EG.CONIA.IDX.30D,2020-04-23,9.7199
EG.CONIA.IDX.30D,2020-04-26,9.7009
EG.CONIA.IDX.30D,2020-04-27,9.6943
EG.CONIA.IDX.30D,2020-04-28,9.6873
EG.CONIA.IDX.30D,2020-04-29,9.68
EG.CONIA.IDX.30D,2020-04-30,9.6689
EG.CONIA.IDX.30D,2020-05-03,9.6433
EG.CONIA.IDX.30D,2020-05-04,9.6368
EG.CONIA.IDX.30D,2020-05-05,9.6286
EG.CONIA.IDX.30D,2020-05-06,9.6372
EG.CONIA.IDX.30D,2020-05-07,9.6515
EG.CONIA.IDX.30D,2020-05-10,9.6654
EG.CONIA.IDX.30D,2020-05-11,9.6726
EG.CONIA.IDX.30D,2020-05-12,9.6788
EG.CONIA.IDX.30D,2020-05-13,9.6855
EG.CONIA.IDX.30D,2020-05-14,9.6928
EG.CONIA.IDX.30D,2020-05-17,9.7036
EG.CONIA.IDX.30D,2020-05-18,9.6976
EG.CONIA.IDX.30D,2020-05-19,9.6863
EG.CONIA.IDX.30D,2020-05-20,9.6903
EG.CONIA.IDX.30D,2020-05-21,9.694
EG.CONIA.IDX.30D,2020-05-31,9.8037
EG.CONIA.IDX.30D,2020-06-01,9.8103
EG.CONIA.IDX.30D,2020-06-02,9.8114
EG.CONIA.IDX.30D,2020-06-03,9.8271
EG.CONIA.IDX.30D,2020-06-04,9.8438
EG.CONIA.IDX.30D,2020-06-07,9.8504
EG.CONIA.IDX.30D,2020-06-08,9.8487
EG.CONIA.IDX.30D,2020-06-09,9.8452
EG.CONIA.IDX.30D,2020-06-10,9.8432
EG.CONIA.IDX.30D,2020-06-11,9.8398
EG.CONIA.IDX.30D,2020-06-14,9.8284
EG.CONIA.IDX.30D,2020-06-15,9.8154
EG.CONIA.IDX.30D,2020-06-16,9.7996
EG.CONIA.IDX.30D,2020-06-17,9.806
EG.CONIA.IDX.30D,2020-06-18,9.8189
EG.CONIA.IDX.30D,2020-06-21,9.8215
EG.CONIA.IDX.30D,2020-06-22,9.8181
EG.CONIA.IDX.30D,2020-06-23,9.8148
EG.CONIA.IDX.30D,2020-06-24,9.814
EG.CONIA.IDX.30D,2020-06-25,9.8123
EG.CONIA.IDX.30D,2020-06-28,9.7964
EG.CONIA.IDX.30D,2020-06-29,9.7878
EG.CONIA.IDX.30D,2020-06-30,9.7786
EG.CONIA.IDX.30D,2020-07-05,9.8533
EG.CONIA.IDX.30D,2020-07-06,9.8633
EG.CONIA.IDX.30D,2020-07-07,9.8751
EG.CONIA.IDX.30D,2020-07-08,9.8908
EG.CONIA.IDX.30D,2020-07-09,9.9008
EG.CONIA.IDX.30D,2020-07-12,9.8888
EG.CONIA.IDX.30D,2020-07-13,9.888
EG.CONIA.IDX.30D,2020-07-14,9.8852
EG.CONIA.IDX.30D,2020-07-15,9.9088
EG.CONIA.IDX.30D,2020-07-16,9.9349
EG.CONIA.IDX.30D,2020-07-19,9.9696
EG.CONIA.IDX.30D,2020-07-20,9.9783
EG.CONIA.IDX.30D,2020-07-21,9.9885
EG.CONIA.IDX.30D,2020-07-22,10.0
EG.CONIA.IDX.30D,2020-07-26,10.0581
EG.CONIA.IDX.30D,2020-07-27,10.0673
EG.CONIA.IDX.30D,2020-07-28,10.0669
EG.CONIA.IDX.30D,2020-07-29,10.0834
EG.CONIA.IDX.30D,2020-08-04,10.1177
EG.CONIA.IDX.30D,2020-08-05,10.1167
EG.CONIA.IDX.30D,2020-08-06,10.1162
EG.CONIA.IDX.30D,2020-08-09,10.1063
EG.CONIA.IDX.30D,2020-08-10,10.1079
EG.CONIA.IDX.30D,2020-08-11,10.102
EG.CONIA.IDX.30D,2020-08-12,10.1215
EG.CONIA.IDX.30D,2020-08-13,10.1371
EG.CONIA.IDX.30D,2020-08-16,10.1464
EG.CONIA.IDX.30D,2020-08-17,10.1497
EG.CONIA.IDX.30D,2020-08-18,10.1505
EG.CONIA.IDX.30D,2020-08-19,10.1563
EG.CONIA.IDX.30D,2020-08-23,10.1698
EG.CONIA.IDX.30D,2020-08-24,10.1518
EG.CONIA.IDX.30D,2020-08-25,10.1249
EG.CONIA.IDX.30D,2020-08-26,10.1334
EG.CONIA.IDX.30D,2020-08-27,10.1517
EG.CONIA.IDX.30D,2020-08-30,10.159
EG.CONIA.IDX.30D,2020-08-31,10.1587
EG.CONIA.IDX.30D,2020-09-01,10.1573
EG.CONIA.IDX.30D,2020-09-02,10.1558
EG.CONIA.IDX.30D,2020-09-03,10.1525
EG.CONIA.IDX.30D,2020-09-06,10.153
EG.CONIA.IDX.30D,2020-09-07,10.1485
EG.CONIA.IDX.30D,2020-09-08,10.1373
EG.CONIA.IDX.30D,2020-09-09,10.1565
EG.CONIA.IDX.30D,2020-09-10,10.1824
EG.CONIA.IDX.30D,2020-09-13,10.1919
EG.CONIA.IDX.30D,2020-09-14,10.1947
EG.CONIA.IDX.30D,2020-09-15,10.1961
EG.CONIA.IDX.30D,2020-09-16,10.1986
EG.CONIA.IDX.30D,2020-09-17,10.2058
EG.CONIA.IDX.30D,2020-09-20,10.2082
EG.CONIA.IDX.30D,2020-09-21,10.1878
EG.CONIA.IDX.30D,2020-09-22,10.1567
EG.CONIA.IDX.30D,2020-09-23,10.1831
EG.CONIA.IDX.30D,2020-09-24,10.2193
EG.CONIA.IDX.30D,2020-09-27,10.2442
EG.CONIA.IDX.30D,2020-09-28,10.2353
EG.CONIA.IDX.30D,2020-09-29,10.2287
EG.CONIA.IDX.30D,2020-09-30,10.2237
EG.CONIA.IDX.30D,2020-10-01,10.2188
EG.CONIA.IDX.30D,2020-10-04,10.2239
EG.CONIA.IDX.30D,2020-10-05,10.225
EG.CONIA.IDX.30D,2020-10-06,10.2039
EG.CONIA.IDX.30D,2020-10-07,10.2205
EG.CONIA.IDX.30D,2020-10-11,10.2384
EG.CONIA.IDX.30D,2020-10-12,10.2358
EG.CONIA.IDX.30D,2020-10-13,10.2311
EG.CONIA.IDX.30D,2020-10-14,10.2259
EG.CONIA.IDX.30D,2020-10-15,10.2247
EG.CONIA.IDX.30D,2020-10-18,10.2163
EG.CONIA.IDX.30D,2020-10-19,10.1941
EG.CONIA.IDX.30D,2020-10-20,10.1496
EG.CONIA.IDX.30D,2020-10-21,10.1733
EG.CONIA.IDX.30D,2020-10-22,10.2107
EG.CONIA.IDX.30D,2020-10-25,10.2082
EG.CONIA.IDX.30D,2020-10-26,10.2067
EG.CONIA.IDX.30D,2020-10-27,10.2045
EG.CONIA.IDX.30D,2020-10-28,10.2145
EG.CONIA.IDX.30D,2020-11-01,10.225
EG.CONIA.IDX.30D,2020-11-02,10.1985
EG.CONIA.IDX.30D,2020-11-03,10.1562
EG.CONIA.IDX.30D,2020-11-04,10.1723
EG.CONIA.IDX.30D,2020-11-05,10.2074
EG.CONIA.IDX.30D,2020-11-08,10.2273
EG.CONIA.IDX.30D,2020-11-09,10.2331
EG.CONIA.IDX.30D,2020-11-10,10.2381
EG.CONIA.IDX.30D,2020-11-11,10.24
EG.CONIA.IDX.30D,2020-11-12,10.2446
EG.CONIA.IDX.30D,2020-11-15,10.2352
EG.CONIA.IDX.30D,2020-11-16,10.1784
EG.CONIA.IDX.30D,2020-11-17,10.1145
EG.CONIA.IDX.30D,2020-11-18,10.1322
EG.CONIA.IDX.30D,2020-11-19,10.1724
EG.CONIA.IDX.30D,2020-11-22,10.1473
EG.CONIA.IDX.30D,2020-11-23,10.1346
EG.CONIA.IDX.30D,2020-11-24,10.1182
EG.CONIA.IDX.30D,2020-11-25,10.1017
EG.CONIA.IDX.30D,2020-11-26,10.0835
EG.CONIA.IDX.30D,2020-11-29,9.938
EG.CONIA.IDX.30D,2020-11-30,9.8775
EG.CONIA.IDX.30D,2020-12-01,9.8147
EG.CONIA.IDX.30D,2020-12-02,9.8453
EG.CONIA.IDX.30D,2020-12-03,9.8951
EG.CONIA.IDX.30D,2020-12-06,9.8953
EG.CONIA.IDX.30D,2020-12-07,9.8929
EG.CONIA.IDX.30D,2020-12-08,9.8898
EG.CONIA.IDX.30D,2020-12-09,9.8841
EG.CONIA.IDX.30D,2020-12-10,9.8753
EG.CONIA.IDX.30D,2020-12-13,9.7847
EG.CONIA.IDX.30D,2020-12-14,9.7467
EG.CONIA.IDX.30D,2020-12-15,9.6937
EG.CONIA.IDX.30D,2020-12-16,9.7516
EG.CONIA.IDX.30D,2020-12-17,9.8206
EG.CONIA.IDX.30D,2020-12-20,9.8479
EG.CONIA.IDX.30D,2020-12-21,9.8558
EG.CONIA.IDX.30D,2020-12-22,9.8684
EG.CONIA.IDX.30D,2020-12-23,9.8816
EG.CONIA.IDX.30D,2020-12-24,9.893
EG.CONIA.IDX.30D,2020-12-27,9.8132
EG.CONIA.IDX.30D,2020-12-28,9.8018
EG.CONIA.IDX.30D,2020-12-29,9.7865
EG.CONIA.IDX.30D,2020-12-30,9.8572
EG.CONIA.IDX.30D,2020-12-31,9.9307
EG.CONIA.IDX.30D,2021-01-03,9.9256
EG.CONIA.IDX.30D,2021-01-04,9.9238
EG.CONIA.IDX.30D,2021-01-05,9.9083
EG.CONIA.IDX.30D,2021-01-06,9.895
EG.CONIA.IDX.30D,2021-01-10,9.6914
EG.CONIA.IDX.30D,2021-01-11,9.6558
EG.CONIA.IDX.30D,2021-01-12,9.6201
EG.CONIA.IDX.30D,2021-01-13,9.6627
EG.CONIA.IDX.30D,2021-01-14,9.7223
EG.CONIA.IDX.30D,2021-01-17,9.6947
EG.CONIA.IDX.30D,2021-01-18,9.6804
EG.CONIA.IDX.30D,2021-01-19,9.6544
EG.CONIA.IDX.30D,2021-01-20,9.6149
EG.CONIA.IDX.30D,2021-01-21,9.559
EG.CONIA.IDX.30D,2021-01-24,9.4396
EG.CONIA.IDX.30D,2021-01-25,9.4284
EG.CONIA.IDX.30D,2021-01-26,9.4141
EG.CONIA.IDX.30D,2021-01-27,9.4781
EG.CONIA.IDX.30D,2021-01-31,9.567
EG.CONIA.IDX.30D,2021-02-01,9.5778
EG.CONIA.IDX.30D,2021-02-02,9.5871
EG.CONIA.IDX.30D,2021-02-03,9.5893
EG.CONIA.IDX.30D,2021-02-04,9.5759
EG.CONIA.IDX.30D,2021-02-07,9.5532
EG.CONIA.IDX.30D,2021-02-08,9.5534
EG.CONIA.IDX.30D,2021-02-09,9.5488
EG.CONIA.IDX.30D,2021-02-10,9.6242
EG.CONIA.IDX.30D,2021-02-11,9.7021
EG.CONIA.IDX.30D,2021-02-14,9.7335
EG.CONIA.IDX.30D,2021-02-15,9.7467
EG.CONIA.IDX.30D,2021-02-16,9.7589
EG.CONIA.IDX.30D,2021-02-17,9.7647
EG.CONIA.IDX.30D,2021-02-18,9.7606
EG.CONIA.IDX.30D,2021-02-21,9.7337
EG.CONIA.IDX.30D,2021-02-22,9.7249
EG.CONIA.IDX.30D,2021-02-23,9.7144
EG.CONIA.IDX.30D,2021-02-24,9.7808
EG.CONIA.IDX.30D,2021-02-25,9.8549
EG.CONIA.IDX.30D,2021-02-28,9.8695
EG.CONIA.IDX.30D,2021-03-01,9.8704
EG.CONIA.IDX.30D,2021-03-02,9.8701
EG.CONIA.IDX.30D,2021-03-03,9.8622
EG.CONIA.IDX.30D,2021-03-04,9.8398
EG.CONIA.IDX.30D,2021-03-07,9.7528
EG.CONIA.IDX.30D,2021-03-08,9.7434
EG.CONIA.IDX.30D,2021-03-09,9.7391
EG.CONIA.IDX.30D,2021-03-10,9.8086
EG.CONIA.IDX.30D,2021-03-11,9.8807
EG.CONIA.IDX.30D,2021-03-14,9.8707
EG.CONIA.IDX.30D,2021-03-15,9.8661
EG.CONIA.IDX.30D,2021-03-16,9.8624
EG.CONIA.IDX.30D,2021-03-17,9.8552
EG.CONIA.IDX.30D,2021-03-18,9.8332
EG.CONIA.IDX.30D,2021-03-21,9.7619
EG.CONIA.IDX.30D,2021-03-22,9.7518
EG.CONIA.IDX.30D,2021-03-23,9.7413
EG.CONIA.IDX.30D,2021-03-24,9.8131
EG.CONIA.IDX.30D,2021-03-25,9.8847
EG.CONIA.IDX.30D,2021-03-28,9.8817
EG.CONIA.IDX.30D,2021-03-29,9.88
EG.CONIA.IDX.30D,2021-03-30,9.8801
EG.CONIA.IDX.30D,2021-03-31,9.8806
EG.CONIA.IDX.30D,2021-04-01,9.8767
EG.CONIA.IDX.30D,2021-04-04,9.8868
EG.CONIA.IDX.30D,2021-04-05,9.8773
EG.CONIA.IDX.30D,2021-04-06,9.8637
EG.CONIA.IDX.30D,2021-04-07,9.9244
EG.CONIA.IDX.30D,2021-04-08,9.9779
EG.CONIA.IDX.30D,2021-04-11,9.9388
EG.CONIA.IDX.30D,2021-04-12,9.9167
EG.CONIA.IDX.30D,2021-04-13,9.8844
EG.CONIA.IDX.30D,2021-04-14,9.8351
EG.CONIA.IDX.30D,2021-04-15,9.7786
EG.CONIA.IDX.30D,2021-04-18,9.6632
EG.CONIA.IDX.30D,2021-04-19,9.6491
EG.CONIA.IDX.30D,2021-04-20,9.6337
EG.CONIA.IDX.30D,2021-04-21,9.7018
EG.CONIA.IDX.30D,2021-04-22,9.7763
EG.CONIA.IDX.30D,2021-04-25,9.7851
EG.CONIA.IDX.30D,2021-04-26,9.7883
EG.CONIA.IDX.30D,2021-04-27,9.7899
EG.CONIA.IDX.30D,2021-04-28,9.7885
EG.CONIA.IDX.30D,2021-05-04,9.7729
EG.CONIA.IDX.30D,2021-05-05,9.843
EG.CONIA.IDX.30D,2021-05-06,9.9195
EG.CONIA.IDX.30D,2021-05-09,9.961
EG.CONIA.IDX.30D,2021-05-10,9.9776
EG.CONIA.IDX.30D,2021-05-11,9.9938
EG.CONIA.IDX.30D,2021-05-17,10.2301
EG.CONIA.IDX.30D,2021-05-18,10.2284
EG.CONIA.IDX.30D,2021-05-19,10.3028
EG.CONIA.IDX.30D,2021-05-20,10.3754
EG.CONIA.IDX.30D,2021-05-23,10.375
EG.CONIA.IDX.30D,2021-05-24,10.374
EG.CONIA.IDX.30D,2021-05-25,10.3724
EG.CONIA.IDX.30D,2021-05-26,10.3673
EG.CONIA.IDX.30D,2021-05-27,10.3504
EG.CONIA.IDX.30D,2021-05-30,10.1853
EG.CONIA.IDX.30D,2021-05-31,10.1273
EG.CONIA.IDX.30D,2021-06-01,10.0664
EG.CONIA.IDX.30D,2021-06-02,10.0783
EG.CONIA.IDX.30D,2021-06-03,10.084
EG.CONIA.IDX.30D,2021-06-06,10.0071
EG.CONIA.IDX.30D,2021-06-07,9.9731
EG.CONIA.IDX.30D,2021-06-08,9.9306
EG.CONIA.IDX.30D,2021-06-09,9.8786
EG.CONIA.IDX.30D,2021-06-10,9.8119
EG.CONIA.IDX.30D,2021-06-13,9.6334
EG.CONIA.IDX.30D,2021-06-14,9.5738
EG.CONIA.IDX.30D,2021-06-15,9.5105
EG.CONIA.IDX.30D,2021-06-16,9.5006
EG.CONIA.IDX.30D,2021-06-17,9.5462
EG.CONIA.IDX.30D,2021-06-20,9.4677
EG.CONIA.IDX.30D,2021-06-21,9.4252
EG.CONIA.IDX.30D,2021-06-22,9.3736
EG.CONIA.IDX.30D,2021-06-23,9.3144
EG.CONIA.IDX.30D,2021-06-24,9.2522
EG.CONIA.IDX.30D,2021-06-27,9.1152
EG.CONIA.IDX.30D,2021-06-28,9.1049
EG.CONIA.IDX.30D,2021-06-29,9.0939
EG.CONIA.IDX.30D,2021-06-30,9.1617
EG.CONIA.IDX.30D,2021-07-04,9.2625
EG.CONIA.IDX.30D,2021-07-05,9.2798
EG.CONIA.IDX.30D,2021-07-06,9.2941
EG.CONIA.IDX.30D,2021-07-07,9.2994
EG.CONIA.IDX.30D,2021-07-08,9.2806
EG.CONIA.IDX.30D,2021-07-11,9.2465
EG.CONIA.IDX.30D,2021-07-12,9.2433
EG.CONIA.IDX.30D,2021-07-13,9.2398
EG.CONIA.IDX.30D,2021-07-14,9.2954
EG.CONIA.IDX.30D,2021-07-15,9.3409
EG.CONIA.IDX.30D,2021-07-18,9.3132
EG.CONIA.IDX.30D,2021-07-25,9.2332
EG.CONIA.IDX.30D,2021-07-26,9.2332
EG.CONIA.IDX.30D,2021-07-27,9.2318
EG.CONIA.IDX.30D,2021-07-28,9.2788
EG.CONIA.IDX.30D,2021-07-29,9.314
EG.CONIA.IDX.30D,2021-08-01,9.1357
EG.CONIA.IDX.30D,2021-08-02,9.0716
EG.CONIA.IDX.30D,2021-08-03,9.0019
EG.CONIA.IDX.30D,2021-08-04,8.9353
EG.CONIA.IDX.30D,2021-08-05,8.8728
EG.CONIA.IDX.30D,2021-08-08,8.8164
EG.CONIA.IDX.30D,2021-08-09,8.8155
EG.CONIA.IDX.30D,2021-08-10,8.8135
EG.CONIA.IDX.30D,2021-08-11,8.8543
EG.CONIA.IDX.30D,2021-08-15,8.9384
EG.CONIA.IDX.30D,2021-08-16,8.9521
EG.CONIA.IDX.30D,2021-08-17,8.9574
EG.CONIA.IDX.30D,2021-08-18,8.9754
EG.CONIA.IDX.30D,2021-08-19,8.977
EG.CONIA.IDX.30D,2021-08-22,8.9391
EG.CONIA.IDX.30D,2021-08-23,8.9248
EG.CONIA.IDX.30D,2021-08-24,8.91
EG.CONIA.IDX.30D,2021-08-25,8.9677
EG.CONIA.IDX.30D,2021-08-26,9.012
EG.CONIA.IDX.30D,2021-08-29,9.039
EG.CONIA.IDX.30D,2021-08-30,9.0522
EG.CONIA.IDX.30D,2021-08-31,9.0628
EG.CONIA.IDX.30D,2021-09-01,9.0732
EG.CONIA.IDX.30D,2021-09-02,9.0836
EG.CONIA.IDX.30D,2021-09-05,9.0926
EG.CONIA.IDX.30D,2021-09-06,9.0901
EG.CONIA.IDX.30D,2021-09-07,9.0863
EG.CONIA.IDX.30D,2021-09-08,9.1348
EG.CONIA.IDX.30D,2021-09-09,9.1874
EG.CONIA.IDX.30D,2021-09-12,9.1894
EG.CONIA.IDX.30D,2021-09-13,9.1898
EG.CONIA.IDX.30D,2021-09-14,9.19
EG.CONIA.IDX.30D,2021-09-15,9.1863
EG.CONIA.IDX.30D,2021-09-16,9.1829
EG.CONIA.IDX.30D,2021-09-19,9.2423
EG.CONIA.IDX.30D,2021-09-20,9.2455
EG.CONIA.IDX.30D,2021-09-21,9.2464
EG.CONIA.IDX.30D,2021-09-22,9.2949
EG.CONIA.IDX.30D,2021-09-23,9.3374
EG.CONIA.IDX.30D,2021-09-26,9.301
EG.CONIA.IDX.30D,2021-09-27,9.2854
EG.CONIA.IDX.30D,2021-09-28,9.2718
EG.CONIA.IDX.30D,2021-09-29,9.2609
EG.CONIA.IDX.30D,2021-09-30,9.2464
EG.CONIA.IDX.30D,2021-10-03,9.2172
EG.CONIA.IDX.30D,2021-10-04,9.2119
EG.CONIA.IDX.30D,2021-10-05,9.2058
EG.CONIA.IDX.30D,2021-10-06,9.2465
EG.CONIA.IDX.30D,2021-10-10,9.2964
EG.CONIA.IDX.30D,2021-10-11,9.2963
EG.CONIA.IDX.30D,2021-10-12,9.2939
EG.CONIA.IDX.30D,2021-10-13,9.2715
EG.CONIA.IDX.30D,2021-10-14,9.2378
EG.CONIA.IDX.30D,2021-10-17,9.1213
EG.CONIA.IDX.30D,2021-10-18,9.0853
EG.CONIA.IDX.30D,2021-10-19,9.0487
EG.CONIA.IDX.30D,2021-10-20,9.0994
EG.CONIA.IDX.30D,2021-10-24,9.1771
EG.CONIA.IDX.30D,2021-10-25,9.175
EG.CONIA.IDX.30D,2021-10-26,9.1808
EG.CONIA.IDX.30D,2021-10-27,9.1878
EG.CONIA.IDX.30D,2021-10-28,9.1692
EG.CONIA.IDX.30D,2021-10-31,9.1418
EG.CONIA.IDX.30D,2021-11-01,9.1383
EG.CONIA.IDX.30D,2021-11-02,9.1355
EG.CONIA.IDX.30D,2021-11-03,9.1682
EG.CONIA.IDX.30D,2021-11-04,9.2131
EG.CONIA.IDX.30D,2021-11-07,9.2025
EG.CONIA.IDX.30D,2021-11-08,9.1976
EG.CONIA.IDX.30D,2021-11-09,9.1834
EG.CONIA.IDX.30D,2021-11-10,9.1522
EG.CONIA.IDX.30D,2021-11-11,9.1131
EG.CONIA.IDX.30D,2021-11-14,9.0671
EG.CONIA.IDX.30D,2021-11-15,9.0632
EG.CONIA.IDX.30D,2021-11-16,9.0586
EG.CONIA.IDX.30D,2021-11-17,9.097
EG.CONIA.IDX.30D,2021-11-18,9.1446
EG.CONIA.IDX.30D,2021-11-21,9.1397
EG.CONIA.IDX.30D,2021-11-22,9.1367
EG.CONIA.IDX.30D,2021-11-23,9.1264
EG.CONIA.IDX.30D,2021-11-24,9.1179
EG.CONIA.IDX.30D,2021-11-25,9.0905
EG.CONIA.IDX.30D,2021-11-28,9.0774
EG.CONIA.IDX.30D,2021-11-29,9.0781
EG.CONIA.IDX.30D,2021-11-30,9.0787
EG.CONIA.IDX.30D,2021-12-01,9.1259
EG.CONIA.IDX.30D,2021-12-02,9.1771
EG.CONIA.IDX.30D,2021-12-05,9.2084
EG.CONIA.IDX.30D,2021-12-06,9.2052
EG.CONIA.IDX.30D,2021-12-07,9.186
EG.CONIA.IDX.30D,2021-12-08,9.1511
EG.CONIA.IDX.30D,2021-12-09,9.1185
EG.CONIA.IDX.30D,2021-12-12,9.0855
EG.CONIA.IDX.30D,2021-12-13,9.0794
EG.CONIA.IDX.30D,2021-12-14,9.0731
EG.CONIA.IDX.30D,2021-12-15,9.1108
EG.CONIA.IDX.30D,2021-12-16,9.1445
EG.CONIA.IDX.30D,2021-12-19,9.0681
EG.CONIA.IDX.30D,2021-12-20,9.0289
EG.CONIA.IDX.30D,2021-12-21,8.9872
EG.CONIA.IDX.30D,2021-12-22,8.9452
EG.CONIA.IDX.30D,2021-12-23,8.9077
EG.CONIA.IDX.30D,2021-12-26,8.8635
EG.CONIA.IDX.30D,2021-12-27,8.8545
EG.CONIA.IDX.30D,2021-12-28,8.8452
EG.CONIA.IDX.30D,2021-12-29,8.8878
EG.CONIA.IDX.30D,2021-12-30,8.9443
EG.CONIA.IDX.30D,2022-01-02,8.9758
EG.CONIA.IDX.30D,2022-01-03,8.9691
EG.CONIA.IDX.30D,2022-01-04,8.9633
EG.CONIA.IDX.30D,2022-01-05,8.9665
EG.CONIA.IDX.30D,2022-01-09,9.0964
EG.CONIA.IDX.30D,2022-01-10,9.0958
EG.CONIA.IDX.30D,2022-01-11,9.0938
EG.CONIA.IDX.30D,2022-01-12,9.1399
EG.CONIA.IDX.30D,2022-01-13,9.1865
EG.CONIA.IDX.30D,2022-01-16,9.2488
EG.CONIA.IDX.30D,2022-01-17,9.278
EG.CONIA.IDX.30D,2022-01-18,9.3078
EG.CONIA.IDX.30D,2022-01-19,9.3481
EG.CONIA.IDX.30D,2022-01-20,9.3931
EG.CONIA.IDX.30D,2022-01-23,9.5327
EG.CONIA.IDX.30D,2022-01-24,9.5485
EG.CONIA.IDX.30D,2022-01-25,9.5509
EG.CONIA.IDX.30D,2022-01-26,9.6023
EG.CONIA.IDX.30D,2022-01-30,9.662
EG.CONIA.IDX.30D,2022-01-31,9.6574
EG.CONIA.IDX.30D,2022-02-01,9.6534
EG.CONIA.IDX.30D,2022-02-02,9.6631
EG.CONIA.IDX.30D,2022-02-03,9.6744
EG.CONIA.IDX.30D,2022-02-06,9.7134
EG.CONIA.IDX.30D,2022-02-07,9.6944
EG.CONIA.IDX.30D,2022-02-08,9.6588
EG.CONIA.IDX.30D,2022-02-09,9.7123
EG.CONIA.IDX.30D,2022-02-10,9.7703
EG.CONIA.IDX.30D,2022-02-13,9.7921
EG.CONIA.IDX.30D,2022-02-14,9.7899
EG.CONIA.IDX.30D,2022-02-15,9.7873
EG.CONIA.IDX.30D,2022-02-16,9.783
EG.CONIA.IDX.30D,2022-02-17,9.7703
EG.CONIA.IDX.30D,2022-02-20,9.6448
EG.CONIA.IDX.30D,2022-02-21,9.5939
EG.CONIA.IDX.30D,2022-02-22,9.5425
EG.CONIA.IDX.30D,2022-02-23,9.575
EG.CONIA.IDX.30D,2022-02-24,9.6207
EG.CONIA.IDX.30D,2022-02-27,9.6064
EG.CONIA.IDX.30D,2022-02-28,9.5966
EG.CONIA.IDX.30D,2022-03-01,9.5856
EG.CONIA.IDX.30D,2022-03-02,9.5793
EG.CONIA.IDX.30D,2022-03-03,9.549
EG.CONIA.IDX.30D,2022-03-06,9.4025
EG.CONIA.IDX.30D,2022-03-07,9.3484
EG.CONIA.IDX.30D,2022-03-08,9.2917
EG.CONIA.IDX.30D,2022-03-09,9.3178
EG.CONIA.IDX.30D,2022-03-10,9.3541
EG.CONIA.IDX.30D,2022-03-13,9.2946
EG.CONIA.IDX.30D,2022-03-14,9.2677
EG.CONIA.IDX.30D,2022-03-15,9.2374
EG.CONIA.IDX.30D,2022-03-16,9.2036
EG.CONIA.IDX.30D,2022-03-17,9.1609
EG.CONIA.IDX.30D,2022-03-20,9.07
EG.CONIA.IDX.30D,2022-03-21,9.059
EG.CONIA.IDX.30D,2022-03-22,9.0859
EG.CONIA.IDX.30D,2022-03-23,9.1735
EG.CONIA.IDX.30D,2022-03-24,9.2287
EG.CONIA.IDX.30D,2022-03-27,9.2426
EG.CONIA.IDX.30D,2022-03-28,9.249
EG.CONIA.IDX.30D,2022-03-29,9.2575
EG.CONIA.IDX.30D,2022-03-30,9.2704
EG.CONIA.IDX.30D,2022-03-31,9.2701
EG.CONIA.IDX.30D,2022-04-03,9.3005
EG.CONIA.IDX.30D,2022-04-04,9.3273
EG.CONIA.IDX.30D,2022-04-05,9.3537
EG.CONIA.IDX.30D,2022-04-06,9.4033
EG.CONIA.IDX.30D,2022-04-07,9.4549
EG.CONIA.IDX.30D,2022-04-10,9.4748
EG.CONIA.IDX.30D,2022-04-11,9.4882
EG.CONIA.IDX.30D,2022-04-12,9.5008
EG.CONIA.IDX.30D,2022-04-13,9.5182
EG.CONIA.IDX.30D,2022-04-14,9.5354
EG.CONIA.IDX.30D,2022-04-17,9.6277
EG.CONIA.IDX.30D,2022-04-18,9.6623
EG.CONIA.IDX.30D,2022-04-19,9.6952
EG.CONIA.IDX.30D,2022-04-20,9.7538
EG.CONIA.IDX.30D,2022-04-21,9.7693
EG.CONIA.IDX.30D,2022-04-26,9.7342
EG.CONIA.IDX.30D,2022-04-27,9.7285
EG.CONIA.IDX.30D,2022-04-28,9.7126
EG.CONIA.IDX.30D,2022-05-08,9.6793
EG.CONIA.IDX.30D,2022-05-09,9.6852
EG.CONIA.IDX.30D,2022-05-10,9.6907
EG.CONIA.IDX.30D,2022-05-11,9.6959
EG.CONIA.IDX.30D,2022-05-12,9.6981
EG.CONIA.IDX.30D,2022-05-15,9.7104
EG.CONIA.IDX.30D,2022-05-16,9.7109
EG.CONIA.IDX.30D,2022-05-17,9.7063
EG.CONIA.IDX.30D,2022-05-18,9.7263
EG.CONIA.IDX.30D,2022-05-19,9.7501
EG.CONIA.IDX.30D,2022-05-22,9.747
EG.CONIA.IDX.30D,2022-05-23,9.8151
EG.CONIA.IDX.30D,2022-05-24,9.8834
EG.CONIA.IDX.30D,2022-05-25,9.9462
EG.CONIA.IDX.30D,2022-05-26,9.9983
EG.CONIA.IDX.30D,2022-05-29,10.1719
EG.CONIA.IDX.30D,2022-05-30,10.2325
EG.CONIA.IDX.30D,2022-05-31,10.293
EG.CONIA.IDX.30D,2022-06-01,10.3701
EG.CONIA.IDX.30D,2022-06-02,10.4416
EG.CONIA.IDX.30D,2022-06-05,10.6493
EG.CONIA.IDX.30D,2022-06-06,10.7157
EG.CONIA.IDX.30D,2022-06-07,10.7831
EG.CONIA.IDX.30D,2022-06-08,10.8323
EG.CONIA.IDX.30D,2022-06-09,10.8803
EG.CONIA.IDX.30D,2022-06-12,11.038
EG.CONIA.IDX.30D,2022-06-13,11.0936
EG.CONIA.IDX.30D,2022-06-14,11.1479
EG.CONIA.IDX.30D,2022-06-15,11.2249
EG.CONIA.IDX.30D,2022-06-16,11.309
EG.CONIA.IDX.30D,2022-06-19,11.4986
EG.CONIA.IDX.30D,2022-06-20,11.5611
EG.CONIA.IDX.30D,2022-06-21,11.6242
EG.CONIA.IDX.30D,2022-06-22,11.6197
EG.CONIA.IDX.30D,2022-06-23,11.6075
EG.CONIA.IDX.30D,2022-06-26,11.5884
EG.CONIA.IDX.30D,2022-06-27,11.5874
EG.CONIA.IDX.30D,2022-06-28,11.5861
EG.CONIA.IDX.30D,2022-06-29,11.5993
EG.CONIA.IDX.30D,2022-07-03,11.6083
EG.CONIA.IDX.30D,2022-07-04,11.605
EG.CONIA.IDX.30D,2022-07-05,11.6015
EG.CONIA.IDX.30D,2022-07-06,11.5985
EG.CONIA.IDX.30D,2022-07-07,11.5945
EG.CONIA.IDX.30D,2022-07-17,11.5496
EG.CONIA.IDX.30D,2022-07-18,11.5472
EG.CONIA.IDX.30D,2022-07-19,11.5449
EG.CONIA.IDX.30D,2022-07-20,11.5443
EG.CONIA.IDX.30D,2022-07-21,11.5385
EG.CONIA.IDX.30D,2022-07-24,11.5161
EG.CONIA.IDX.30D,2022-07-25,11.5149
EG.CONIA.IDX.30D,2022-07-26,11.5136
EG.CONIA.IDX.30D,2022-07-27,11.5274
EG.CONIA.IDX.30D,2022-07-28,11.5388
EG.CONIA.IDX.30D,2022-07-31,11.5328
EG.CONIA.IDX.30D,2022-08-01,11.5297
EG.CONIA.IDX.30D,2022-08-02,11.5243
EG.CONIA.IDX.30D,2022-08-03,11.5223
EG.CONIA.IDX.30D,2022-08-04,11.5178
EG.CONIA.IDX.30D,2022-08-07,11.5144
EG.CONIA.IDX.30D,2022-08-08,11.5073
EG.CONIA.IDX.30D,2022-08-09,11.5054
EG.CONIA.IDX.30D,2022-08-10,11.5123
EG.CONIA.IDX.30D,2022-08-11,11.5163
EG.CONIA.IDX.30D,2022-08-14,11.5147
EG.CONIA.IDX.30D,2022-08-15,11.513
EG.CONIA.IDX.30D,2022-08-16,11.5103
EG.CONIA.IDX.30D,2022-08-17,11.4944
EG.CONIA.IDX.30D,2022-08-18,11.4791
EG.CONIA.IDX.30D,2022-08-21,11.4511
EG.CONIA.IDX.30D,2022-08-22,11.4495
EG.CONIA.IDX.30D,2022-08-23,11.4478
EG.CONIA.IDX.30D,2022-08-24,11.456
EG.CONIA.IDX.30D,2022-08-25,11.46
EG.CONIA.IDX.30D,2022-08-28,11.4297
EG.CONIA.IDX.30D,2022-08-29,11.4203
EG.CONIA.IDX.30D,2022-08-30,11.4111
EG.CONIA.IDX.30D,2022-08-31,11.404
EG.CONIA.IDX.30D,2022-09-01,11.3976
EG.CONIA.IDX.30D,2022-09-04,11.3944
EG.CONIA.IDX.30D,2022-09-05,11.3945
EG.CONIA.IDX.30D,2022-09-06,11.3945
EG.CONIA.IDX.30D,2022-09-07,11.3967
EG.CONIA.IDX.30D,2022-09-08,11.3976
EG.CONIA.IDX.30D,2022-09-11,11.381
EG.CONIA.IDX.30D,2022-09-12,11.3792
EG.CONIA.IDX.30D,2022-09-13,11.3774
EG.CONIA.IDX.30D,2022-09-14,11.377
EG.CONIA.IDX.30D,2022-09-15,11.377
EG.CONIA.IDX.30D,2022-09-18,11.3762
EG.CONIA.IDX.30D,2022-09-19,11.3761
EG.CONIA.IDX.30D,2022-09-20,11.3759
EG.CONIA.IDX.30D,2022-09-21,11.3797
EG.CONIA.IDX.30D,2022-09-22,11.3819
EG.CONIA.IDX.30D,2022-09-25,11.3746
EG.CONIA.IDX.30D,2022-09-26,11.3735
EG.CONIA.IDX.30D,2022-09-27,11.374
EG.CONIA.IDX.30D,2022-09-28,11.3734
EG.CONIA.IDX.30D,2022-09-29,11.3724
EG.CONIA.IDX.30D,2022-10-02,11.368
EG.CONIA.IDX.30D,2022-10-03,11.3659
EG.CONIA.IDX.30D,2022-10-04,11.3641
EG.CONIA.IDX.30D,2022-10-05,11.3678
EG.CONIA.IDX.30D,2022-10-09,11.3805
EG.CONIA.IDX.30D,2022-10-10,11.3844
EG.CONIA.IDX.30D,2022-10-11,11.3878
EG.CONIA.IDX.30D,2022-10-12,11.3902
EG.CONIA.IDX.30D,2022-10-13,11.3899
EG.CONIA.IDX.30D,2022-10-16,11.3892
EG.CONIA.IDX.30D,2022-10-17,11.3891
EG.CONIA.IDX.30D,2022-10-18,11.3888
EG.CONIA.IDX.30D,2022-10-19,11.3928
EG.CONIA.IDX.30D,2022-10-20,11.3953
EG.CONIA.IDX.30D,2022-10-23,11.3951
EG.CONIA.IDX.30D,2022-10-24,11.394
EG.CONIA.IDX.30D,2022-10-25,11.3933
EG.CONIA.IDX.30D,2022-10-26,11.4009
EG.CONIA.IDX.30D,2022-10-27,11.409
EG.CONIA.IDX.30D,2022-10-30,11.6569
EG.CONIA.IDX.30D,2022-10-31,11.736
EG.CONIA.IDX.30D,2022-11-01,11.8066
EG.CONIA.IDX.30D,2022-11-02,11.8825
EG.CONIA.IDX.30D,2022-11-03,11.958
EG.CONIA.IDX.30D,2022-11-06,12.1639
EG.CONIA.IDX.30D,2022-11-07,12.2311
EG.CONIA.IDX.30D,2022-11-08,12.2992
EG.CONIA.IDX.30D,2022-11-09,12.3684
EG.CONIA.IDX.30D,2022-11-10,12.4382
EG.CONIA.IDX.30D,2022-11-13,12.6544
EG.CONIA.IDX.30D,2022-11-14,12.723
EG.CONIA.IDX.30D,2022-11-15,12.7903
EG.CONIA.IDX.30D,2022-11-16,12.8642
EG.CONIA.IDX.30D,2022-11-17,12.9384
EG.CONIA.IDX.30D,2022-11-20,13.1471
EG.CONIA.IDX.30D,2022-11-21,13.216
EG.CONIA.IDX.30D,2022-11-22,13.2849
EG.CONIA.IDX.30D,2022-11-23,13.3531
EG.CONIA.IDX.30D,2022-11-24,13.4206
EG.CONIA.IDX.30D,2022-11-27,13.5233
EG.CONIA.IDX.30D,2022-11-28,13.5092
EG.CONIA.IDX.30D,2022-11-29,13.4941
EG.CONIA.IDX.30D,2022-11-30,13.4911
EG.CONIA.IDX.30D,2022-12-01,13.4928
EG.CONIA.IDX.30D,2022-12-04,13.4812
EG.CONIA.IDX.30D,2022-12-05,13.4783
EG.CONIA.IDX.30D,2022-12-06,13.4753
EG.CONIA.IDX.30D,2022-12-07,13.4727
EG.CONIA.IDX.30D,2022-12-08,13.4689
EG.CONIA.IDX.30D,2022-12-11,13.4512
EG.CONIA.IDX.30D,2022-12-12,13.4458
EG.CONIA.IDX.30D,2022-12-13,13.4401
EG.CONIA.IDX.30D,2022-12-14,13.4449
EG.CONIA.IDX.30D,2022-12-15,13.4502
EG.CONIA.IDX.30D,2022-12-18,13.4418
EG.CONIA.IDX.30D,2022-12-19,13.4376
EG.CONIA.IDX.30D,2022-12-20,13.4329
EG.CONIA.IDX.30D,2022-12-21,13.4283
EG.CONIA.IDX.30D,2022-12-22,13.4234
EG.CONIA.IDX.30D,2022-12-25,13.4175
EG.CONIA.IDX.30D,2022-12-26,13.517
EG.CONIA.IDX.30D,2022-12-27,13.6165
EG.CONIA.IDX.30D,2022-12-28,13.7174
EG.CONIA.IDX.30D,2022-12-29,13.8205
EG.CONIA.IDX.30D,2023-01-02,14.2102
EG.CONIA.IDX.30D,2023-01-03,14.3144
EG.CONIA.IDX.30D,2023-01-04,14.4136
EG.CONIA.IDX.30D,2023-01-05,14.5137
EG.CONIA.IDX.30D,2023-01-09,14.9133
EG.CONIA.IDX.30D,2023-01-10,15.0141
EG.CONIA.IDX.30D,2023-01-11,15.117
EG.CONIA.IDX.30D,2023-01-12,15.2199
EG.CONIA.IDX.30D,2023-01-15,15.5148
EG.CONIA.IDX.30D,2023-01-16,15.6142
EG.CONIA.IDX.30D,2023-01-17,15.7148
EG.CONIA.IDX.30D,2023-01-18,15.8223
EG.CONIA.IDX.30D,2023-01-19,15.9306
EG.CONIA.IDX.30D,2023-01-22,16.2564
EG.CONIA.IDX.30D,2023-01-23,16.3595
EG.CONIA.IDX.30D,2023-01-24,16.4614
EG.CONIA.IDX.30D,2023-01-25,16.4721
EG.CONIA.IDX.30D,2023-01-29,16.517
EG.CONIA.IDX.30D,2023-01-30,16.5302
EG.CONIA.IDX.30D,2023-01-31,16.5432
EG.CONIA.IDX.30D,2023-02-01,16.5582
EG.CONIA.IDX.30D,2023-02-02,16.566
EG.CONIA.IDX.30D,2023-02-05,16.6019
EG.CONIA.IDX.30D,2023-02-06,16.6051
EG.CONIA.IDX.30D,2023-02-07,16.6057
EG.CONIA.IDX.30D,2023-02-08,16.6153
EG.CONIA.IDX.30D,2023-02-09,16.6256
EG.CONIA.IDX.30D,2023-02-12,16.6456
EG.CONIA.IDX.30D,2023-02-13,16.6519
EG.CONIA.IDX.30D,2023-02-14,16.6574
EG.CONIA.IDX.30D,2023-02-15,16.6598
EG.CONIA.IDX.30D,2023-02-16,16.6615
EG.CONIA.IDX.30D,2023-02-19,16.6467
EG.CONIA.IDX.30D,2023-02-20,16.64
EG.CONIA.IDX.30D,2023-02-21,16.6331
EG.CONIA.IDX.30D,2023-02-22,16.6391
EG.CONIA.IDX.30D,2023-02-23,16.6435
EG.CONIA.IDX.30D,2023-02-26,16.6211
EG.CONIA.IDX.30D,2023-02-27,16.6128
EG.CONIA.IDX.30D,2023-02-28,16.606
EG.CONIA.IDX.30D,2023-03-01,16.5966
EG.CONIA.IDX.30D,2023-03-02,16.5872
EG.CONIA.IDX.30D,2023-03-05,16.5516
EG.CONIA.IDX.30D,2023-03-06,16.5395
EG.CONIA.IDX.30D,2023-03-07,16.5268
EG.CONIA.IDX.30D,2023-03-08,16.5307
EG.CONIA.IDX.30D,2023-03-09,16.537
EG.CONIA.IDX.30D,2023-03-12,16.5287
EG.CONIA.IDX.30D,2023-03-13,16.5262
EG.CONIA.IDX.30D,2023-03-14,16.5226
EG.CONIA.IDX.30D,2023-03-15,16.5189
EG.CONIA.IDX.30D,2023-03-16,16.5136
EG.CONIA.IDX.30D,2023-03-19,16.5061
EG.CONIA.IDX.30D,2023-03-20,16.5041
EG.CONIA.IDX.30D,2023-03-21,16.5016
EG.CONIA.IDX.30D,2023-03-22,16.5072
EG.CONIA.IDX.30D,2023-03-23,16.5098
EG.CONIA.IDX.30D,2023-03-26,16.5016
EG.CONIA.IDX.30D,2023-03-27,16.5002
EG.CONIA.IDX.30D,2023-03-28,16.499
EG.CONIA.IDX.30D,2023-03-29,16.4977
EG.CONIA.IDX.30D,2023-03-30,16.4934
EG.CONIA.IDX.30D,2023-04-02,16.488
EG.CONIA.IDX.30D,2023-04-03,16.5522
EG.CONIA.IDX.30D,2023-04-04,16.6165
EG.CONIA.IDX.30D,2023-04-05,16.6847
EG.CONIA.IDX.30D,2023-04-06,16.7535
EG.CONIA.IDX.30D,2023-04-09,16.9393
EG.CONIA.IDX.30D,2023-04-10,17.0013
EG.CONIA.IDX.30D,2023-04-11,17.0634
EG.CONIA.IDX.30D,2023-04-12,17.1264
EG.CONIA.IDX.30D,2023-04-13,17.1886
EG.CONIA.IDX.30D,2023-04-18,17.5145
EG.CONIA.IDX.30D,2023-04-19,17.5838
EG.CONIA.IDX.30D,2023-04-26,18.043
EG.CONIA.IDX.30D,2023-04-27,18.109
EG.CONIA.IDX.30D,2023-04-30,18.3065
EG.CONIA.IDX.30D,2023-05-01,18.3722
EG.CONIA.IDX.30D,2023-05-02,18.4378
EG.CONIA.IDX.30D,2023-05-03,18.4406
EG.CONIA.IDX.30D,2023-05-07,18.4459
EG.CONIA.IDX.30D,2023-05-08,18.4476
EG.CONIA.IDX.30D,2023-05-09,18.4496
EG.CONIA.IDX.30D,2023-05-10,18.4532
EG.CONIA.IDX.30D,2023-05-11,18.4533
EG.CONIA.IDX.30D,2023-05-14,18.453
EG.CONIA.IDX.30D,2023-05-15,18.4535
EG.CONIA.IDX.30D,2023-05-16,18.4538
EG.CONIA.IDX.30D,2023-05-17,18.4581
EG.CONIA.IDX.30D,2023-05-18,18.4612
EG.CONIA.IDX.30D,2023-05-21,18.4686
EG.CONIA.IDX.30D,2023-05-22,18.4708
EG.CONIA.IDX.30D,2023-05-23,18.4721
EG.CONIA.IDX.30D,2023-05-24,18.4719
EG.CONIA.IDX.30D,2023-05-25,18.471
EG.CONIA.IDX.30D,2023-05-28,18.4687
EG.CONIA.IDX.30D,2023-05-29,18.4691
EG.CONIA.IDX.30D,2023-05-30,18.469
EG.CONIA.IDX.30D,2023-05-31,18.4726
EG.CONIA.IDX.30D,2023-06-01,18.4754
EG.CONIA.IDX.30D,2023-06-04,18.4756
EG.CONIA.IDX.30D,2023-06-05,18.4754
EG.CONIA.IDX.30D,2023-06-06,18.4747
EG.CONIA.IDX.30D,2023-06-07,18.4731
EG.CONIA.IDX.30D,2023-06-08,18.4704
EG.CONIA.IDX.30D,2023-06-11,18.4647
EG.CONIA.IDX.30D,2023-06-12,18.4648
EG.CONIA.IDX.30D,2023-06-13,18.4646
EG.CONIA.IDX.30D,2023-06-14,18.4684
EG.CONIA.IDX.30D,2023-06-15,18.4715
EG.CONIA.IDX.30D,2023-06-18,18.466
EG.CONIA.IDX.30D,2023-06-19,18.4645
EG.CONIA.IDX.30D,2023-06-20,18.4626
EG.CONIA.IDX.30D,2023-06-21,18.4615
EG.CONIA.IDX.30D,2023-06-22,18.4604
EG.CONIA.IDX.30D,2023-06-25,18.4597
EG.CONIA.IDX.30D,2023-06-26,18.46
EG.CONIA.IDX.30D,2023-07-04,18.4426
EG.CONIA.IDX.30D,2023-07-05,18.4447
EG.CONIA.IDX.30D,2023-07-06,18.4459
EG.CONIA.IDX.30D,2023-07-09,18.446
EG.CONIA.IDX.30D,2023-07-10,18.4463
EG.CONIA.IDX.30D,2023-07-11,18.4463
EG.CONIA.IDX.30D,2023-07-12,18.4496
EG.CONIA.IDX.30D,2023-07-13,18.4524
EG.CONIA.IDX.30D,2023-07-16,18.4542
EG.CONIA.IDX.30D,2023-07-17,18.4546
EG.CONIA.IDX.30D,2023-07-18,18.4552
EG.CONIA.IDX.30D,2023-07-19,18.4566
EG.CONIA.IDX.30D,2023-07-24,18.4666
EG.CONIA.IDX.30D,2023-07-25,18.4666
EG.CONIA.IDX.30D,2023-07-26,18.4716
EG.CONIA.IDX.30D,2023-07-27,18.4776
EG.CONIA.IDX.30D,2023-07-30,18.4901
EG.CONIA.IDX.30D,2023-07-31,18.493
EG.CONIA.IDX.30D,2023-08-01,18.4947
EG.CONIA.IDX.30D,2023-08-02,18.4983
EG.CONIA.IDX.30D,2023-08-03,18.4988
EG.CONIA.IDX.30D,2023-08-06,18.4922
EG.CONIA.IDX.30D,2023-08-07,18.5257
EG.CONIA.IDX.30D,2023-08-08,18.5591
EG.CONIA.IDX.30D,2023-08-09,18.5963
EG.CONIA.IDX.30D,2023-08-10,18.6327
EG.CONIA.IDX.30D,2023-08-13,18.7299
EG.CONIA.IDX.30D,2023-08-14,18.7622
EG.CONIA.IDX.30D,2023-08-15,18.7938
EG.CONIA.IDX.30D,2023-08-16,18.8267
EG.CONIA.IDX.30D,2023-08-17,18.8585
EG.CONIA.IDX.30D,2023-08-20,18.9527
EG.CONIA.IDX.30D,2023-08-21,18.9842
EG.CONIA.IDX.30D,2023-08-22,19.0151
EG.CONIA.IDX.30D,2023-08-23,19.0497
EG.CONIA.IDX.30D,2023-08-24,19.0864
EG.CONIA.IDX.30D,2023-08-27,19.183
EG.CONIA.IDX.30D,2023-08-28,19.2157
EG.CONIA.IDX.30D,2023-08-29,19.2481
EG.CONIA.IDX.30D,2023-08-30,19.2866
EG.CONIA.IDX.30D,2023-08-31,19.3276
EG.CONIA.IDX.30D,2023-09-03,19.434
EG.CONIA.IDX.30D,2023-09-04,19.4681
EG.CONIA.IDX.30D,2023-09-05,19.502
EG.CONIA.IDX.30D,2023-09-06,19.5053
EG.CONIA.IDX.30D,2023-09-07,19.5071
EG.CONIA.IDX.30D,2023-09-10,19.5046
EG.CONIA.IDX.30D,2023-09-11,19.5054
EG.CONIA.IDX.30D,2023-09-12,19.5053
EG.CONIA.IDX.30D,2023-09-13,19.5045
EG.CONIA.IDX.30D,2023-09-14,19.5035
EG.CONIA.IDX.30D,2023-09-17,19.502
EG.CONIA.IDX.30D,2023-09-18,19.5023
EG.CONIA.IDX.30D,2023-09-19,19.5023
EG.CONIA.IDX.30D,2023-09-20,19.5099
EG.CONIA.IDX.30D,2023-09-21,19.5187
EG.CONIA.IDX.30D,2023-09-24,19.5361
EG.CONIA.IDX.30D,2023-09-25,19.5372
EG.CONIA.IDX.30D,2023-09-26,19.5375
EG.CONIA.IDX.30D,2023-09-27,19.5394
EG.CONIA.IDX.30D,2023-10-01,19.5331
EG.CONIA.IDX.30D,2023-10-02,19.5331
EG.CONIA.IDX.30D,2023-10-03,19.5298
EG.CONIA.IDX.30D,2023-10-04,19.5355
EG.CONIA.IDX.30D,2023-10-08,19.553
EG.CONIA.IDX.30D,2023-10-09,19.5544
EG.CONIA.IDX.30D,2023-10-10,19.5541
EG.CONIA.IDX.30D,2023-10-11,19.555
EG.CONIA.IDX.30D,2023-10-12,19.5561
EG.CONIA.IDX.30D,2023-10-15,19.5577
EG.CONIA.IDX.30D,2023-10-16,19.558
EG.CONIA.IDX.30D,2023-10-17,19.5578
EG.CONIA.IDX.30D,2023-10-18,19.5609
EG.CONIA.IDX.30D,2023-10-19,19.5644
EG.CONIA.IDX.30D,2023-10-22,19.5462
EG.CONIA.IDX.30D,2023-10-23,19.5402
EG.CONIA.IDX.30D,2023-10-24,19.5335
EG.CONIA.IDX.30D,2023-10-25,19.5337
EG.CONIA.IDX.30D,2023-10-26,19.5343
EG.CONIA.IDX.30D,2023-10-29,19.5264
EG.CONIA.IDX.30D,2023-10-30,19.5231
EG.CONIA.IDX.30D,2023-10-31,19.5194
EG.CONIA.IDX.30D,2023-11-01,19.5227
EG.CONIA.IDX.30D,2023-11-02,19.5287
EG.CONIA.IDX.30D,2023-11-05,19.5233
EG.CONIA.IDX.30D,2023-11-06,19.5221
EG.CONIA.IDX.30D,2023-11-07,19.5204
EG.CONIA.IDX.30D,2023-11-08,19.5219
EG.CONIA.IDX.30D,2023-11-09,19.523
EG.CONIA.IDX.30D,2023-11-12,19.5166
EG.CONIA.IDX.30D,2023-11-13,19.5161
EG.CONIA.IDX.30D,2023-11-14,19.5152
EG.CONIA.IDX.30D,2023-11-15,19.5205
EG.CONIA.IDX.30D,2023-11-16,19.5252
EG.CONIA.IDX.30D,2023-11-19,19.5283
EG.CONIA.IDX.30D,2023-11-20,19.5301
EG.CONIA.IDX.30D,2023-11-21,19.5313
EG.CONIA.IDX.30D,2023-11-22,19.5349
EG.CONIA.IDX.30D,2023-11-23,19.5384
EG.CONIA.IDX.30D,2023-11-26,19.5372
EG.CONIA.IDX.30D,2023-11-27,19.5368
EG.CONIA.IDX.30D,2023-11-28,19.5361
EG.CONIA.IDX.30D,2023-11-29,19.5432
EG.CONIA.IDX.30D,2023-11-30,19.5455
EG.CONIA.IDX.30D,2023-12-03,19.5353
EG.CONIA.IDX.30D,2023-12-04,19.5331
EG.CONIA.IDX.30D,2023-12-05,19.5307
EG.CONIA.IDX.30D,2023-12-06,19.5272
EG.CONIA.IDX.30D,2023-12-07,19.5225
EG.CONIA.IDX.30D,2023-12-10,19.515
EG.CONIA.IDX.30D,2023-12-11,19.5152
EG.CONIA.IDX.30D,2023-12-12,19.515
EG.CONIA.IDX.30D,2023-12-13,19.5165
EG.CONIA.IDX.30D,2023-12-14,19.5167
EG.CONIA.IDX.30D,2023-12-17,19.502
EG.CONIA.IDX.30D,2023-12-18,19.4979
EG.CONIA.IDX.30D,2023-12-19,19.4933
EG.CONIA.IDX.30D,2023-12-20,19.4889
EG.CONIA.IDX.30D,2023-12-21,19.4847
EG.CONIA.IDX.30D,2023-12-24,19.4689
EG.CONIA.IDX.30D,2023-12-25,19.466
EG.CONIA.IDX.30D,2023-12-26,19.4633
EG.CONIA.IDX.30D,2023-12-27,19.4652
EG.CONIA.IDX.30D,2023-12-28,19.4668
EG.CONIA.IDX.30D,2023-12-31,19.4583
EG.CONIA.IDX.30D,2024-01-02,19.457
EG.CONIA.IDX.30D,2024-01-03,19.4565
EG.CONIA.IDX.30D,2024-01-04,19.4557
EG.CONIA.IDX.30D,2024-01-08,19.4548
EG.CONIA.IDX.30D,2024-01-09,19.4548
EG.CONIA.IDX.30D,2024-01-10,19.4563
EG.CONIA.IDX.30D,2024-01-11,19.4584
EG.CONIA.IDX.30D,2024-01-14,19.4589
EG.CONIA.IDX.30D,2024-01-15,19.4594
EG.CONIA.IDX.30D,2024-01-16,19.46
EG.CONIA.IDX.30D,2024-01-17,19.4603
EG.CONIA.IDX.30D,2024-01-18,19.4608
EG.CONIA.IDX.30D,2024-01-21,19.462
EG.CONIA.IDX.30D,2024-01-22,19.462
EG.CONIA.IDX.30D,2024-01-23,19.4621
EG.CONIA.IDX.30D,2024-01-24,19.4649
EG.CONIA.IDX.30D,2024-01-28,19.4635
EG.CONIA.IDX.30D,2024-01-29,19.4631
EG.CONIA.IDX.30D,2024-01-30,19.4619
EG.CONIA.IDX.30D,2024-01-31,19.4612
EG.CONIA.IDX.30D,2024-02-01,19.4597
EG.CONIA.IDX.30D,2024-02-04,19.4555
EG.CONIA.IDX.30D,2024-02-05,19.5224
EG.CONIA.IDX.30D,2024-02-06,19.5886
EG.CONIA.IDX.30D,2024-02-07,19.6553
EG.CONIA.IDX.30D,2024-02-08,19.7222
EG.CONIA.IDX.30D,2024-02-11,19.918
EG.CONIA.IDX.30D,2024-02-12,19.9843
EG.CONIA.IDX.30D,2024-02-13,20.0503
EG.CONIA.IDX.30D,2024-02-14,20.1177
EG.CONIA.IDX.30D,2024-02-15,20.1842
EG.CONIA.IDX.30D,2024-02-18,20.3831
EG.CONIA.IDX.30D,2024-02-19,20.4496
EG.CONIA.IDX.30D,2024-02-20,20.5159
EG.CONIA.IDX.30D,2024-02-21,20.5844
EG.CONIA.IDX.30D,2024-02-22,20.6524
EG.CONIA.IDX.30D,2024-02-25,20.8514
EG.CONIA.IDX.30D,2024-02-26,20.9181
EG.CONIA.IDX.30D,2024-02-27,20.984
EG.CONIA.IDX.30D,2024-02-28,21.0511
EG.CONIA.IDX.30D,2024-02-29,21.1186
EG.CONIA.IDX.30D,2024-03-03,21.32
EG.CONIA.IDX.30D,2024-03-04,21.3879
EG.CONIA.IDX.30D,2024-03-05,21.456
EG.CONIA.IDX.30D,2024-03-06,21.4719
EG.CONIA.IDX.30D,2024-03-07,21.6846
EG.CONIA.IDX.30D,2024-03-10,22.3383
EG.CONIA.IDX.30D,2024-03-11,22.5561
EG.CONIA.IDX.30D,2024-03-12,22.7722
EG.CONIA.IDX.30D,2024-03-13,22.9872
EG.CONIA.IDX.30D,2024-03-14,23.1963
EG.CONIA.IDX.30D,2024-03-17,23.8169
EG.CONIA.IDX.30D,2024-03-18,24.0218
EG.CONIA.IDX.30D,2024-03-19,24.2261
EG.CONIA.IDX.30D,2024-03-20,24.4351
EG.CONIA.IDX.30D,2024-03-21,24.6416
EG.CONIA.IDX.30D,2024-03-24,25.2533
EG.CONIA.IDX.30D,2024-03-25,25.4588
EG.CONIA.IDX.30D,2024-03-26,25.6633
EG.CONIA.IDX.30D,2024-03-27,25.8685
EG.CONIA.IDX.30D,2024-03-28,26.0737
EG.CONIA.IDX.30D,2024-03-31,26.6858
EG.CONIA.IDX.30D,2024-04-01,26.8911
EG.CONIA.IDX.30D,2024-04-02,27.0959
EG.CONIA.IDX.30D,2024-04-03,27.3009
EG.CONIA.IDX.30D,2024-04-04,27.506
EG.CONIA.IDX.30D,2024-04-07,27.673
EG.CONIA.IDX.30D,2024-04-08,27.6593
EG.CONIA.IDX.30D,2024-04-15,27.589
EG.CONIA.IDX.30D,2024-04-16,27.5857
EG.CONIA.IDX.30D,2024-04-17,27.5858
EG.CONIA.IDX.30D,2024-04-18,27.586
EG.CONIA.IDX.30D,2024-04-21,27.5792
EG.CONIA.IDX.30D,2024-04-22,27.5781
EG.CONIA.IDX.30D,2024-04-23,27.5763
EG.CONIA.IDX.30D,2024-04-24,27.5744
EG.CONIA.IDX.30D,2024-04-28,27.5646
EG.CONIA.IDX.30D,2024-04-29,27.5641
EG.CONIA.IDX.30D,2024-04-30,27.5628
EG.CONIA.IDX.30D,2024-05-01,27.5639
EG.CONIA.IDX.30D,2024-05-02,27.5641
EG.CONIA.IDX.30D,2024-05-07,27.5731
EG.CONIA.IDX.30D,2024-05-08,27.5742
EG.CONIA.IDX.30D,2024-05-09,27.5779
EG.CONIA.IDX.30D,2024-05-12,27.5805
EG.CONIA.IDX.30D,2024-05-13,27.581
EG.CONIA.IDX.30D,2024-05-14,27.58
EG.CONIA.IDX.30D,2024-05-15,27.58
EG.CONIA.IDX.30D,2024-05-16,27.5824
EG.CONIA.IDX.30D,2024-05-19,27.5935
EG.CONIA.IDX.30D,2024-05-20,27.5977
EG.CONIA.IDX.30D,2024-05-21,27.6004
EG.CONIA.IDX.30D,2024-05-22,27.6025
EG.CONIA.IDX.30D,2024-05-23,27.6025
EG.CONIA.IDX.30D,2024-05-26,27.6051
EG.CONIA.IDX.30D,2024-05-27,27.6057
EG.CONIA.IDX.30D,2024-05-28,27.6056
EG.CONIA.IDX.30D,2024-05-29,27.6066
EG.CONIA.IDX.30D,2024-05-30,27.6112
EG.CONIA.IDX.30D,2024-06-02,27.6202
EG.CONIA.IDX.30D,2024-06-03,27.6218
EG.CONIA.IDX.30D,2024-06-04,27.623
EG.CONIA.IDX.30D,2024-06-05,27.6202
EG.CONIA.IDX.30D,2024-06-06,27.6167
EG.CONIA.IDX.30D,2024-06-09,27.6135
EG.CONIA.IDX.30D,2024-06-10,27.6139
EG.CONIA.IDX.30D,2024-06-11,27.6134
EG.CONIA.IDX.30D,2024-06-12,27.6135
EG.CONIA.IDX.30D,2024-06-13,27.6145
EG.CONIA.IDX.30D,2024-06-23,27.5603
EG.CONIA.IDX.30D,2024-06-24,27.5606
EG.CONIA.IDX.30D,2024-06-25,27.5601
EG.CONIA.IDX.30D,2024-06-26,27.5637
EG.CONIA.IDX.30D,2024-06-27,27.5662
EG.CONIA.IDX.30D,2024-07-01,27.5648
EG.CONIA.IDX.30D,2024-07-02,27.5598
EG.CONIA.IDX.30D,2024-07-03,27.5568
EG.CONIA.IDX.30D,2024-07-04,27.5537
EG.CONIA.IDX.30D,2024-07-07,27.554
EG.CONIA.IDX.30D,2024-07-08,27.5553
EG.CONIA.IDX.30D,2024-07-09,27.555
EG.CONIA.IDX.30D,2024-07-10,27.5552
EG.CONIA.IDX.30D,2024-07-14,27.5588
EG.CONIA.IDX.30D,2024-07-15,27.5647
EG.CONIA.IDX.30D,2024-07-16,27.57
EG.CONIA.IDX.30D,2024-07-17,27.5745
EG.CONIA.IDX.30D,2024-07-18,27.5783
EG.CONIA.IDX.30D,2024-07-21,27.5821
EG.CONIA.IDX.30D,2024-07-22,27.5835
EG.CONIA.IDX.30D,2024-07-23,27.5836
EG.CONIA.IDX.30D,2024-07-24,27.5842
EG.CONIA.IDX.30D,2024-07-28,27.5742
EG.CONIA.IDX.30D,2024-07-29,27.5719
EG.CONIA.IDX.30D,2024-07-30,27.5687
EG.CONIA.IDX.30D,2024-07-31,27.5649
EG.CONIA.IDX.30D,2024-08-01,27.5647
EG.CONIA.IDX.30D,2024-08-04,27.5624
EG.CONIA.IDX.30D,2024-08-05,27.562
EG.CONIA.IDX.30D,2024-08-06,27.5611
EG.CONIA.IDX.30D,2024-08-07,27.5613
EG.CONIA.IDX.30D,2024-08-08,27.5636
EG.CONIA.IDX.30D,2024-08-11,27.5723
EG.CONIA.IDX.30D,2024-08-12,27.575
EG.CONIA.IDX.30D,2024-08-13,27.5766
EG.CONIA.IDX.30D,2024-08-14,27.5782
EG.CONIA.IDX.30D,2024-08-15,27.5786
EG.CONIA.IDX.30D,2024-08-18,27.5806
EG.CONIA.IDX.30D,2024-08-19,27.5818
EG.CONIA.IDX.30D,2024-08-20,27.5819
EG.CONIA.IDX.30D,2024-08-21,27.5818
EG.CONIA.IDX.30D,2024-08-22,27.583
EG.CONIA.IDX.30D,2024-08-25,27.587
EG.CONIA.IDX.30D,2024-08-26,27.5884
EG.CONIA.IDX.30D,2024-08-27,27.5894
EG.CONIA.IDX.30D,2024-08-28,27.5915
EG.CONIA.IDX.30D,2024-08-29,27.5928
EG.CONIA.IDX.30D,2024-09-01,27.596
EG.CONIA.IDX.30D,2024-09-02,27.5978
EG.CONIA.IDX.30D,2024-09-03,27.5981
EG.CONIA.IDX.30D,2024-09-04,27.6023
EG.CONIA.IDX.30D,2024-09-05,27.6062
EG.CONIA.IDX.30D,2024-09-08,27.6091
EG.CONIA.IDX.30D,2024-09-09,27.6086
EG.CONIA.IDX.30D,2024-09-10,27.6079
EG.CONIA.IDX.30D,2024-09-11,27.6084
EG.CONIA.IDX.30D,2024-09-12,27.6074
EG.CONIA.IDX.30D,2024-09-16,27.604
EG.CONIA.IDX.30D,2024-09-17,27.6036
EG.CONIA.IDX.30D,2024-09-18,27.6058
EG.CONIA.IDX.30D,2024-09-19,27.6095
EG.CONIA.IDX.30D,2024-09-22,27.6152
EG.CONIA.IDX.30D,2024-09-23,27.6174
EG.CONIA.IDX.30D,2024-09-24,27.6182
EG.CONIA.IDX.30D,2024-09-25,27.621
EG.CONIA.IDX.30D,2024-09-26,27.6228
EG.CONIA.IDX.30D,2024-09-29,27.6213
EG.CONIA.IDX.30D,2024-09-30,27.6216
EG.CONIA.IDX.30D,2024-10-01,27.6209
EG.CONIA.IDX.30D,2024-10-02,27.6256
EG.CONIA.IDX.30D,2024-10-03,27.6342
EG.CONIA.IDX.30D,2024-10-07,27.6465
EG.CONIA.IDX.30D,2024-10-08,27.6498
EG.CONIA.IDX.30D,2024-10-09,27.6526
EG.CONIA.IDX.30D,2024-10-10,27.6525
EG.CONIA.IDX.30D,2024-10-13,27.6506
EG.CONIA.IDX.30D,2024-10-14,27.6521
EG.CONIA.IDX.30D,2024-10-15,27.6526
EG.CONIA.IDX.30D,2024-10-16,27.6574
EG.CONIA.IDX.30D,2024-10-17,27.6646
EG.CONIA.IDX.30D,2024-10-20,27.6784
EG.CONIA.IDX.30D,2024-10-21,27.6821
EG.CONIA.IDX.30D,2024-10-22,27.6872
EG.CONIA.IDX.30D,2024-10-23,27.6916
EG.CONIA.IDX.30D,2024-10-24,27.6953
EG.CONIA.IDX.30D,2024-10-27,27.6977
EG.CONIA.IDX.30D,2024-10-28,27.6983
EG.CONIA.IDX.30D,2024-10-29,27.6981
EG.CONIA.IDX.30D,2024-10-30,27.7096
EG.CONIA.IDX.30D,2024-10-31,27.7187
EG.CONIA.IDX.30D,2024-11-03,27.7288
EG.CONIA.IDX.30D,2024-11-04,27.7319
EG.CONIA.IDX.30D,2024-11-05,27.7349
EG.CONIA.IDX.30D,2024-11-06,27.735
EG.CONIA.IDX.30D,2024-11-07,27.7347
EG.CONIA.IDX.30D,2024-11-10,27.7433
EG.CONIA.IDX.30D,2024-11-11,27.7451
EG.CONIA.IDX.30D,2024-11-12,27.7451
EG.CONIA.IDX.30D,2024-11-13,27.7536
EG.CONIA.IDX.30D,2024-11-14,27.7637
EG.CONIA.IDX.30D,2024-11-17,27.7704
EG.CONIA.IDX.30D,2024-11-18,27.7726
EG.CONIA.IDX.30D,2024-11-19,27.7741
EG.CONIA.IDX.30D,2024-11-20,27.7756
EG.CONIA.IDX.30D,2024-11-21,27.7727
EG.CONIA.IDX.30D,2024-11-24,27.7686
EG.CONIA.IDX.30D,2024-11-25,27.7671
EG.CONIA.IDX.30D,2024-11-26,27.7645
EG.CONIA.IDX.30D,2024-11-27,27.7704
EG.CONIA.IDX.30D,2024-11-28,27.7766
EG.CONIA.IDX.30D,2024-12-01,27.7762
EG.CONIA.IDX.30D,2024-12-02,27.7762
EG.CONIA.IDX.30D,2024-12-03,27.7756
EG.CONIA.IDX.30D,2024-12-04,27.7743
EG.CONIA.IDX.30D,2024-12-05,27.7709
EG.CONIA.IDX.30D,2024-12-08,27.7645
EG.CONIA.IDX.30D,2024-12-09,27.7608
EG.CONIA.IDX.30D,2024-12-10,27.7561
EG.CONIA.IDX.30D,2024-12-11,27.7609
EG.CONIA.IDX.30D,2024-12-12,27.7669
EG.CONIA.IDX.30D,2024-12-15,27.7636
EG.CONIA.IDX.30D,2024-12-16,27.7605
EG.CONIA.IDX.30D,2024-12-17,27.7584
EG.CONIA.IDX.30D,2024-12-18,27.7541
EG.CONIA.IDX.30D,2024-12-19,27.7483
EG.CONIA.IDX.30D,2024-12-22,27.7372
EG.CONIA.IDX.30D,2024-12-23,27.7351
EG.CONIA.IDX.30D,2024-12-24,27.7319
EG.CONIA.IDX.30D,2024-12-25,27.7364
EG.CONIA.IDX.30D,2024-12-26,27.7423
EG.CONIA.IDX.30D,2024-12-29,27.7322
EG.CONIA.IDX.30D,2024-12-30,27.7258
EG.CONIA.IDX.30D,2024-12-31,27.7207
EG.CONIA.IDX.30D,2025-01-02,27.7043
EG.CONIA.IDX.30D,2025-01-05,27.6868
EG.CONIA.IDX.30D,2025-01-06,27.6842
EG.CONIA.IDX.30D,2025-01-08,27.6799
EG.CONIA.IDX.30D,2025-01-09,27.6863
EG.CONIA.IDX.30D,2025-01-12,27.6904
EG.CONIA.IDX.30D,2025-01-13,27.6909
EG.CONIA.IDX.30D,2025-01-14,27.6913
EG.CONIA.IDX.30D,2025-01-15,27.6949
EG.CONIA.IDX.30D,2025-01-16,27.6963
EG.CONIA.IDX.30D,2025-01-19,27.7109
EG.CONIA.IDX.30D,2025-01-20,27.719
EG.CONIA.IDX.30D,2025-01-21,27.7249
EG.CONIA.IDX.30D,2025-01-22,27.7367
EG.CONIA.IDX.30D,2025-01-23,27.7471
EG.CONIA.IDX.30D,2025-01-26,27.7652
EG.CONIA.IDX.30D,2025-01-27,27.773
EG.CONIA.IDX.30D,2025-01-28,27.7822
EG.CONIA.IDX.30D,2025-01-29,27.791
EG.CONIA.IDX.30D,2025-01-30,27.7965
EG.CONIA.IDX.30D,2025-02-02,27.825
EG.CONIA.IDX.30D,2025-02-03,27.828
EG.CONIA.IDX.30D,2025-02-04,27.8288
EG.CONIA.IDX.30D,2025-02-05,27.8408
EG.CONIA.IDX.30D,2025-02-06,27.8552
EG.CONIA.IDX.30D,2025-02-09,27.8855
EG.CONIA.IDX.30D,2025-02-10,27.8933
EG.CONIA.IDX.30D,2025-02-11,27.9002
EG.CONIA.IDX.30D,2025-02-12,27.9044
EG.CONIA.IDX.30D,2025-02-13,27.9057
EG.CONIA.IDX.30D,2025-02-16,27.8946
EG.CONIA.IDX.30D,2025-02-17,27.8882
EG.CONIA.IDX.30D,2025-02-18,27.8804
EG.CONIA.IDX.30D,2025-02-19,27.8841
EG.CONIA.IDX.30D,2025-02-20,27.8862
EG.CONIA.IDX.30D,2025-02-23,27.8716
EG.CONIA.IDX.30D,2025-02-24,27.8716
EG.CONIA.IDX.30D,2025-02-25,27.8705
EG.CONIA.IDX.30D,2025-02-26,27.8683
EG.CONIA.IDX.30D,2025-02-27,27.8597
EG.CONIA.IDX.30D,2025-03-02,27.8364
EG.CONIA.IDX.30D,2025-03-03,27.8273
EG.CONIA.IDX.30D,2025-03-04,27.8175
EG.CONIA.IDX.30D,2025-03-05,27.8288
EG.CONIA.IDX.30D,2025-03-06,27.8401
EG.CONIA.IDX.30D,2025-03-09,27.8339
EG.CONIA.IDX.30D,2025-03-10,27.8305
EG.CONIA.IDX.30D,2025-03-11,27.8266
EG.CONIA.IDX.30D,2025-03-12,27.8187
EG.CONIA.IDX.30D,2025-03-13,27.8069
EG.CONIA.IDX.30D,2025-03-16,27.7838
EG.CONIA.IDX.30D,2025-03-17,27.78
EG.CONIA.IDX.30D,2025-03-18,27.7755
EG.CONIA.IDX.30D,2025-03-19,27.78
EG.CONIA.IDX.30D,2025-03-20,27.7883
EG.CONIA.IDX.30D,2025-03-23,27.773
EG.CONIA.IDX.30D,2025-03-24,27.7701
EG.CONIA.IDX.30D,2025-03-25,27.769
EG.CONIA.IDX.30D,2025-03-26,27.763
EG.CONIA.IDX.30D,2025-03-27,27.7562
EG.CONIA.IDX.30D,2025-04-03,27.7474
EG.CONIA.IDX.30D,2025-04-06,27.7432
EG.CONIA.IDX.30D,2025-04-07,27.7409
EG.CONIA.IDX.30D,2025-04-08,27.7364
EG.CONIA.IDX.30D,2025-04-09,27.7316
EG.CONIA.IDX.30D,2025-04-10,27.7261
EG.CONIA.IDX.30D,2025-04-13,27.7238
EG.CONIA.IDX.30D,2025-04-14,27.724
EG.CONIA.IDX.30D,2025-04-15,27.7228
EG.CONIA.IDX.30D,2025-04-16,27.726
EG.CONIA.IDX.30D,2025-04-17,27.736
EG.CONIA.IDX.30D,2025-04-22,27.7642
EG.CONIA.IDX.30D,2025-04-23,27.6963
EG.CONIA.IDX.30D,2025-04-27,27.4135
EG.CONIA.IDX.30D,2025-04-28,27.3387
EG.CONIA.IDX.30D,2025-04-29,27.2616
EG.CONIA.IDX.30D,2025-04-30,27.1937
EG.CONIA.IDX.30D,2025-05-04,26.9204
EG.CONIA.IDX.30D,2025-05-05,26.8473
EG.CONIA.IDX.30D,2025-05-06,26.7748
EG.CONIA.IDX.30D,2025-05-07,26.7003
EG.CONIA.IDX.30D,2025-05-08,26.6283
EG.CONIA.IDX.30D,2025-05-11,26.4139
EG.CONIA.IDX.30D,2025-05-12,26.3376
EG.CONIA.IDX.30D,2025-05-13,26.2576
EG.CONIA.IDX.30D,2025-05-14,26.1923
EG.CONIA.IDX.30D,2025-05-15,26.1273
EG.CONIA.IDX.30D,2025-05-18,25.9123
EG.CONIA.IDX.30D,2025-05-19,25.8382
EG.CONIA.IDX.30D,2025-05-20,25.7619
EG.CONIA.IDX.30D,2025-05-21,25.6846
EG.CONIA.IDX.30D,2025-05-22,25.6061
EG.CONIA.IDX.30D,2025-05-25,25.6044
EG.CONIA.IDX.30D,2025-05-26,25.5641
EG.CONIA.IDX.30D,2025-05-27,25.5206
EG.CONIA.IDX.30D,2025-05-28,25.4984
EG.CONIA.IDX.30D,2025-05-29,25.4771
EG.CONIA.IDX.30D,2025-06-01,25.377
EG.CONIA.IDX.30D,2025-06-02,25.3431
EG.CONIA.IDX.30D,2025-06-03,25.3084
EG.CONIA.IDX.30D,2025-06-04,25.2735
EG.CONIA.IDX.30D,2025-06-10,25.0477
EG.CONIA.IDX.30D,2025-06-11,25.0235
EG.CONIA.IDX.30D,2025-06-12,25.0014
EG.CONIA.IDX.30D,2025-06-15,24.901
EG.CONIA.IDX.30D,2025-06-16,24.8665
EG.CONIA.IDX.30D,2025-06-17,24.8298
EG.CONIA.IDX.30D,2025-06-18,24.7937
EG.CONIA.IDX.30D,2025-06-19,24.7575
EG.CONIA.IDX.30D,2025-06-22,24.6368
EG.CONIA.IDX.30D,2025-06-23,24.5937
EG.CONIA.IDX.30D,2025-06-24,24.5501
EG.CONIA.IDX.30D,2025-06-25,24.5597
EG.CONIA.IDX.30D,2025-06-29,24.5673
EG.CONIA.IDX.30D,2025-06-30,24.5655
EG.CONIA.IDX.30D,2025-07-01,24.5655
EG.CONIA.IDX.30D,2025-07-02,24.5637
EG.CONIA.IDX.30D,2025-07-06,24.5727
EG.CONIA.IDX.30D,2025-07-07,24.5758
EG.CONIA.IDX.30D,2025-07-08,24.5691
EG.CONIA.IDX.30D,2025-07-09,24.5706
EG.CONIA.IDX.30D,2025-07-10,24.5697
EG.CONIA.IDX.30D,2025-07-13,24.5593
EG.CONIA.IDX.30D,2025-07-14,24.5578
EG.CONIA.IDX.30D,2025-07-15,24.5563
EG.CONIA.IDX.30D,2025-07-16,24.5561
EG.CONIA.IDX.30D,2025-07-17,24.5559
EG.CONIA.IDX.30D,2025-07-20,24.5632
EG.CONIA.IDX.30D,2025-07-21,24.5694
EG.CONIA.IDX.30D,2025-07-22,24.5726
EG.CONIA.IDX.30D,2025-07-23,24.5849
EG.CONIA.IDX.30D,2025-07-27,24.6017
EG.CONIA.IDX.30D,2025-07-28,24.6023
EG.CONIA.IDX.30D,2025-07-29,24.6014
EG.CONIA.IDX.30D,2025-07-30,24.603
EG.CONIA.IDX.30D,2025-07-31,24.6021
EG.CONIA.IDX.30D,2025-08-03,24.6072
EG.CONIA.IDX.30D,2025-08-04,24.5994
EG.CONIA.IDX.30D,2025-08-05,24.587
EG.CONIA.IDX.30D,2025-08-06,24.5898
EG.CONIA.IDX.30D,2025-08-07,24.6025
EG.CONIA.IDX.30D,2025-08-10,24.6137
EG.CONIA.IDX.30D,2025-08-11,24.6183
EG.CONIA.IDX.30D,2025-08-12,24.6222
EG.CONIA.IDX.30D,2025-08-13,24.6233
EG.CONIA.IDX.30D,2025-08-14,24.6207
EG.CONIA.IDX.30D,2025-08-17,24.6183
EG.CONIA.IDX.30D,2025-08-18,24.6162
EG.CONIA.IDX.30D,2025-08-19,24.6071
EG.CONIA.IDX.30D,2025-08-20,24.6101
EG.CONIA.IDX.30D,2025-08-21,24.6154
EG.CONIA.IDX.30D,2025-08-24,24.6158
EG.CONIA.IDX.30D,2025-08-25,24.6151
EG.CONIA.IDX.30D,2025-08-26,24.6144
EG.CONIA.IDX.30D,2025-08-27,24.6152
EG.CONIA.IDX.30D,2025-08-28,24.6153
EG.CONIA.IDX.30D,2025-08-31,24.601
EG.CONIA.IDX.30D,2025-09-01,24.5257
EG.CONIA.IDX.30D,2025-09-02,24.4469
EG.CONIA.IDX.30D,2025-09-03,24.3881
EG.CONIA.IDX.30D,2025-09-07,24.1355
EG.CONIA.IDX.30D,2025-09-08,24.0705
EG.CONIA.IDX.30D,2025-09-09,24.0049
EG.CONIA.IDX.30D,2025-09-10,23.9386
EG.CONIA.IDX.30D,2025-09-11,23.8726
EG.CONIA.IDX.30D,2025-09-14,23.68
EG.CONIA.IDX.30D,2025-09-15,23.6081
EG.CONIA.IDX.30D,2025-09-16,23.5313
EG.CONIA.IDX.30D,2025-09-17,23.4711
EG.CONIA.IDX.30D,2025-09-18,23.4173
EG.CONIA.IDX.30D,2025-09-21,23.2193
EG.CONIA.IDX.30D,2025-09-22,23.1537
EG.CONIA.IDX.30D,2025-09-23,23.0874
EG.CONIA.IDX.30D,2025-09-24,23.0182
EG.CONIA.IDX.30D,2025-09-25,22.9476
EG.CONIA.IDX.30D,2025-09-28,22.7287
EG.CONIA.IDX.30D,2025-09-29,22.6541
EG.CONIA.IDX.30D,2025-09-30,22.5783
EG.CONIA.IDX.30D,2025-10-01,22.5875
EG.CONIA.IDX.30D,2025-10-02,22.5999
EG.CONIA.IDX.30D,2025-10-05,22.6026
EG.CONIA.IDX.30D,2025-10-06,22.568
EG.CONIA.IDX.30D,2025-10-07,22.533
EG.CONIA.IDX.30D,2025-10-08,22.4956
EG.CONIA.IDX.30D,2025-10-12,22.3405
EG.CONIA.IDX.30D,2025-10-13,22.2955
EG.CONIA.IDX.30D,2025-10-14,22.249
EG.CONIA.IDX.30D,2025-10-15,22.2246
EG.CONIA.IDX.30D,2025-10-16,22.2047
EG.CONIA.IDX.30D,2025-10-19,22.1019
EG.CONIA.IDX.30D,2025-10-20,22.069
EG.CONIA.IDX.30D,2025-10-21,22.0356
EG.CONIA.IDX.30D,2025-10-22,22.0016
EG.CONIA.IDX.30D,2025-10-23,21.9653
EG.CONIA.IDX.30D,2025-10-26,21.8661
EG.CONIA.IDX.30D,2025-10-27,21.8289
EG.CONIA.IDX.30D,2025-10-28,21.7888
EG.CONIA.IDX.30D,2025-10-29,21.7698
EG.CONIA.IDX.30D,2025-10-30,21.7509
EG.CONIA.IDX.30D,2025-11-02,21.6514
EG.CONIA.IDX.30D,2025-11-03,21.6179
EG.CONIA.IDX.30D,2025-11-04,21.5839
EG.CONIA.IDX.30D,2025-11-05,21.5835
EG.CONIA.IDX.30D,2025-11-06,21.581
EG.CONIA.IDX.30D,2025-11-09,21.5781
EG.CONIA.IDX.30D,2025-11-10,21.5695
EG.CONIA.IDX.30D,2025-11-11,21.5595
EG.CONIA.IDX.30D,2025-11-12,21.572
EG.CONIA.IDX.30D,2025-11-13,21.5855
EG.CONIA.IDX.30D,2025-11-16,21.585
EG.CONIA.IDX.30D,2025-11-17,21.5858
EG.CONIA.IDX.30D,2025-11-18,21.5856
EG.CONIA.IDX.30D,2025-11-19,21.5854
EG.CONIA.IDX.30D,2025-11-20,21.585
EG.CONIA.IDX.30D,2025-11-23,21.5843
EG.CONIA.IDX.30D,2025-11-24,21.5823
EG.CONIA.IDX.30D,2025-11-25,21.573
EG.CONIA.IDX.30D,2025-11-26,21.5855
EG.CONIA.IDX.30D,2025-11-27,21.5999
EG.CONIA.IDX.30D,2025-11-30,21.5953
EG.CONIA.IDX.30D,2025-12-01,21.5947
EG.CONIA.IDX.30D,2025-12-02,21.5935
EG.CONIA.IDX.30D,2025-12-03,21.5934
EG.CONIA.IDX.30D,2025-12-04,21.5933
EG.CONIA.IDX.30D,2025-12-07,21.6017
EG.CONIA.IDX.30D,2025-12-08,21.6063
EG.CONIA.IDX.30D,2025-12-09,21.6073
EG.CONIA.IDX.30D,2025-12-10,21.6223
EG.CONIA.IDX.30D,2025-12-11,21.6383
EG.CONIA.IDX.30D,2025-12-14,21.6405
EG.CONIA.IDX.30D,2025-12-15,21.6419
EG.CONIA.IDX.30D,2025-12-16,21.6437
EG.CONIA.IDX.30D,2025-12-17,21.6439
EG.CONIA.IDX.30D,2025-12-18,21.6441
EG.CONIA.IDX.30D,2025-12-21,21.6474
EG.CONIA.IDX.30D,2025-12-22,21.6503
EG.CONIA.IDX.30D,2025-12-23,21.6521
EG.CONIA.IDX.30D,2025-12-24,21.6625
EG.CONIA.IDX.30D,2025-12-25,21.6793
EG.CONIA.IDX.30D,2025-12-28,21.6899
EG.CONIA.IDX.30D,2025-12-29,21.6591
EG.CONIA.IDX.30D,2025-12-30,21.6284
EG.CONIA.IDX.30D,2025-12-31,21.598
EG.CONIA.IDX.30D,2026-01-04,21.4819
EG.CONIA.IDX.30D,2026-01-05,21.4512
EG.CONIA.IDX.30D,2026-01-06,21.4163
EG.CONIA.IDX.30D,2026-01-08,21.3632
EG.CONIA.IDX.30D,2026-01-11,21.2721
EG.CONIA.IDX.30D,2026-01-12,21.2398
EG.CONIA.IDX.30D,2026-01-13,21.2046
EG.CONIA.IDX.30D,2026-01-14,21.1721
EG.CONIA.IDX.30D,2026-01-15,21.1344
EG.CONIA.IDX.30D,2026-01-18,21.0206
EG.CONIA.IDX.30D,2026-01-19,20.9763
EG.CONIA.IDX.30D,2026-01-20,20.929
EG.CONIA.IDX.30D,2026-01-21,20.894
EG.CONIA.IDX.30D,2026-01-22,20.8611
EG.CONIA.IDX.30D,2026-01-25,20.7572
EG.CONIA.IDX.30D,2026-01-26,20.7228
EG.CONIA.IDX.30D,2026-01-27,20.6888
EG.CONIA.IDX.30D,2026-01-28,20.6909
EG.CONIA.IDX.30D,2026-02-01,20.6718
EG.CONIA.IDX.30D,2026-02-02,20.6582
EG.CONIA.IDX.30D,2026-02-03,20.6386
EG.CONIA.IDX.30D,2026-02-04,20.6387
EG.CONIA.IDX.30D,2026-02-05,20.644
EG.CONIA.IDX.30D,2026-02-08,20.6451
EG.CONIA.IDX.30D,2026-02-09,20.6455
EG.CONIA.IDX.30D,2026-02-10,20.6463
EG.CONIA.IDX.30D,2026-02-11,20.6484
EG.CONIA.IDX.30D,2026-02-12,20.6451
EG.CONIA.IDX.30D,2026-02-15,20.6213
EG.CONIA.IDX.30D,2026-02-16,20.5899
EG.CONIA.IDX.30D,2026-02-17,20.5636
EG.CONIA.IDX.30D,2026-02-18,20.5468
EG.CONIA.IDX.30D,2026-02-19,20.5269
EG.CONIA.IDX.30D,2026-02-22,20.4408
EG.CONIA.IDX.30D,2026-02-23,20.4118
EG.CONIA.IDX.30D,2026-02-24,20.383
EG.CONIA.IDX.30D,2026-02-25,20.3481
EG.CONIA.IDX.30D,2026-02-26,20.3131
EG.CONIA.IDX.30D,2026-03-01,20.2041
EG.CONIA.IDX.30D,2026-03-02,20.1632
EG.CONIA.IDX.30D,2026-03-03,20.1176
EG.CONIA.IDX.30D,2026-03-04,20.0959
EG.CONIA.IDX.30D,2026-03-05,20.0819
EG.CONIA.IDX.30D,2026-03-08,19.9903
EG.CONIA.IDX.30D,2026-03-09,19.9575
EG.CONIA.IDX.30D,2026-03-10,19.9262
EG.CONIA.IDX.30D,2026-03-11,19.8912
EG.CONIA.IDX.30D,2026-03-12,19.8556
EG.CONIA.IDX.30D,2026-03-15,19.7645
EG.CONIA.IDX.30D,2026-03-16,19.7306
EG.CONIA.IDX.30D,2026-03-17,19.6917
EG.CONIA.IDX.30D,2026-03-18,19.7017
EG.CONIA.IDX.30D,2026-03-24,19.711
EG.CONIA.IDX.30D,2026-03-25,19.7072
EG.CONIA.IDX.30D,2026-03-26,19.7017
EG.CONIA.IDX.30D,2026-03-29,19.7041
EG.CONIA.IDX.30D,2026-03-30,19.702
EG.CONIA.IDX.30D,2026-03-31,19.6946
EG.CONIA.IDX.30D,2026-04-01,19.7126
EG.CONIA.IDX.30D,2026-04-02,19.7335
EG.CONIA.IDX.30D,2026-04-05,19.746
EG.CONIA.IDX.30D,2026-04-06,19.7471
EG.CONIA.IDX.30D,2026-04-07,19.7486
EG.CONIA.IDX.30D,2026-04-08,19.7489
EG.CONIA.IDX.30D,2026-04-09,19.7367
EG.CONIA.IDX.30D,2026-04-14,19.7319
EG.CONIA.IDX.30D,2026-04-15,19.7453
EG.CONIA.IDX.30D,2026-04-16,19.761
EG.CONIA.IDX.30D,2026-04-19,19.755
EG.CONIA.IDX.30D,2026-04-20,19.749
EG.CONIA.IDX.30D,2026-04-21,19.7397
EG.CONIA.IDX.30D,2026-04-22,19.7359
EG.CONIA.IDX.30D,2026-04-23,19.7277
EG.CONIA.IDX.30D,2026-04-26,19.7349
EG.CONIA.IDX.30D,2026-04-27,19.723
EG.CONIA.IDX.30D,2026-04-28,19.7079
EG.CONIA.IDX.30D,2026-04-29,19.7168
EG.CONIA.IDX.30D,2026-04-30,19.7291
EG.CONIA.IDX.30D,2026-05-03,19.7123
EG.CONIA.IDX.30D,2026-05-04,19.7077
EG.CONIA.IDX.30D,2026-05-05,19.705
EG.CONIA.IDX.30D,2026-05-06,19.7037
EG.CONIA.IDX.30D,2026-05-10,19.7348
EG.CONIA.IDX.30D,2026-05-11,19.7243
EG.CONIA.IDX.30D,2026-05-12,19.712
EG.CONIA.IDX.30D,2026-05-13,19.7175
EG.CONIA.IDX.30D,2026-05-14,19.7217
EG.CONIA.IDX.30D,2026-05-17,19.7383
EG.CONIA.IDX.30D,2026-05-18,19.7436
EG.CONIA.IDX.30D,2026-05-19,19.7478
EG.CONIA.IDX.30D,2026-05-20,19.758
EG.CONIA.IDX.30D,2026-05-21,19.7711
EG.CONIA.IDX.30D,2026-05-24,19.7913
EG.CONIA.IDX.30D,2026-05-25,19.7806
EG.CONIA.IDX.30D,2026-06-01,19.8609
EG.CONIA.IDX.30D,2026-06-02,19.8663
EG.CONIA.IDX.30D,2026-06-03,19.8712
EG.CONIA.IDX.30D,2026-06-04,19.8746
EG.CONIA.IDX.30D,2026-06-07,19.8752
EG.CONIA.IDX.30D,2026-06-08,19.8733
EG.CONIA.IDX.30D,2026-06-09,19.8689
EG.CONIA.IDX.30D,2026-06-10,19.8889
EG.CONIA.IDX.30D,2026-06-11,19.9119
EG.CONIA.IDX.30D,2026-06-14,19.9234
EG.CONIA.IDX.30D,2026-06-15,19.9261
EG.CONIA.IDX.30D,2026-06-16,19.9271
EG.CONIA.IDX.30D,2026-06-17,19.9313
EG.CONIA.IDX.30D,2026-06-21,19.9355
EG.CONIA.IDX.30D,2026-06-22,19.9378
EG.CONIA.IDX.30D,2026-06-23,19.9382
EG.CONIA.IDX.30D,2026-06-24,19.9566
EG.CONIA.IDX.30D,2026-06-25,19.9589
EG.CONIA.IDX.30D,2026-06-28,19.9628
EG.CONIA.IDX.30D,2026-06-29,19.9638
EG.CONIA.IDX.30D,2026-06-30,19.9638
EG.CONIA.IDX.30D,2026-07-01,19.9634
EG.CONIA.IDX.30D,2026-07-05,19.9688
EG.CONIA.IDX.30D,2026-07-06,19.9714
EG.CONIA.IDX.30D,2026-07-07,19.9725
EG.CONIA.IDX.30D,2026-07-08,19.976
EG.CONIA.IDX.30D,2026-07-09,19.9815
EG.CONIA.IDX.30D,2026-07-12,19.9822
EG.CONIA.IDX.30D,2026-07-13,19.9835
EG.CONIA.IDX.30D,2026-07-14,19.984
EG.CONIA.IDX.30D,2026-07-15,19.9841
EG.CONIA.IDX.30D,2026-07-16,19.9855
EG.CONIA.IDX.30D,2026-07-19,19.9837
EG.CONIA.IDX.30D,2026-07-20,19.9807
EG.CONIA.IDX.30D,2026-07-21,19.9745
EG.CONIA.IDX.30D,2026-07-22,19.9749
EG.CONIA.IDX.30D,2026-07-26,19.9838
EG.CONIA.IDX.30D,2026-07-27,19.984
EG.CONIA.IDX.30D,2026-07-28,19.9839
EG.CONIA.IDX.30D,2026-07-29,19.9834
EG.CONIA.IDX.30D,2026-07-30,19.9839
EG.CONIA.IDX.30D,2026-08-02,19.9842
EG.CONIA.IDX.30D,2026-08-03,19.98
EG.CONIA.IDX.30D,2026-08-04,19.9696
EG.CONIA.IDX.30D,2026-08-05,19.9655
EG.CONIA.IDX.30D,2026-08-06,19.9622
EG.CONIA.IDX.30D,2026-08-09,19.9523
EG.CONIA.IDX.30D,2026-08-10,19.9474
EG.CONIA.IDX.30D,2026-08-11,19.9392
EG.CONIA.IDX.30D,2026-08-12,19.9336
EG.CONIA.IDX.30D,2026-08-13,19.9173
EG.CONIA.IDX.30D,2026-08-16,19.8551
EG.CONIA.IDX.30D,2026-08-17,19.8324
EG.CONIA.IDX.30D,2026-08-18,19.807
EG.CONIA.IDX.30D,2026-08-19,19.8013
EG.CONIA.IDX.30D,2026-08-20,19.7983
EG.CONIA.IDX.90D,2017-04-02,15.6138
EG.CONIA.IDX.90D,2017-04-03,15.6236
EG.CONIA.IDX.90D,2017-04-04,15.6327
EG.CONIA.IDX.90D,2017-04-05,15.6417
EG.CONIA.IDX.90D,2017-04-06,15.65
EG.CONIA.IDX.90D,2017-04-09,15.663
EG.CONIA.IDX.90D,2017-04-10,15.6656
EG.CONIA.IDX.90D,2017-04-11,15.6659
EG.CONIA.IDX.90D,2017-04-12,15.671
EG.CONIA.IDX.90D,2017-04-13,15.6757
EG.CONIA.IDX.90D,2017-04-18,15.6982
EG.CONIA.IDX.90D,2017-04-19,15.6992
EG.CONIA.IDX.90D,2017-04-20,15.6978
EG.CONIA.IDX.90D,2017-04-23,15.6883
EG.CONIA.IDX.90D,2017-04-24,15.685
EG.CONIA.IDX.90D,2017-04-26,15.6817
EG.CONIA.IDX.90D,2017-04-27,15.6891
EG.CONIA.IDX.90D,2017-04-30,15.7096
EG.CONIA.IDX.90D,2017-05-02,15.7222
EG.CONIA.IDX.90D,2017-05-03,15.7264
EG.CONIA.IDX.90D,2017-05-04,15.7295
EG.CONIA.IDX.90D,2017-05-07,15.7414
EG.CONIA.IDX.90D,2017-05-08,15.7451
EG.CONIA.IDX.90D,2017-05-09,15.746
EG.CONIA.IDX.90D,2017-05-10,15.7516
EG.CONIA.IDX.90D,2017-05-11,15.7569
EG.CONIA.IDX.90D,2017-05-14,15.7742
EG.CONIA.IDX.90D,2017-05-15,15.7799
EG.CONIA.IDX.90D,2017-05-16,15.7844
EG.CONIA.IDX.90D,2017-05-17,15.7859
EG.CONIA.IDX.90D,2017-05-18,15.7888
EG.CONIA.IDX.90D,2017-05-21,15.8023
EG.CONIA.IDX.90D,2017-05-22,15.8063
EG.CONIA.IDX.90D,2017-05-23,15.8309
EG.CONIA.IDX.90D,2017-05-24,15.8574
EG.CONIA.IDX.90D,2017-05-25,15.8818
EG.CONIA.IDX.90D,2017-05-28,15.9545
EG.CONIA.IDX.90D,2017-05-29,15.9846
EG.CONIA.IDX.90D,2017-05-30,16.0088
EG.CONIA.IDX.90D,2017-05-31,16.0319
EG.CONIA.IDX.90D,2017-06-01,16.0547
EG.CONIA.IDX.90D,2017-06-04,16.1213
EG.CONIA.IDX.90D,2017-06-05,16.1392
EG.CONIA.IDX.90D,2017-06-06,16.1577
EG.CONIA.IDX.90D,2017-06-07,16.1852
EG.CONIA.IDX.90D,2017-06-08,16.2136
EG.CONIA.IDX.90D,2017-06-11,16.3008
EG.CONIA.IDX.90D,2017-06-12,16.3342
EG.CONIA.IDX.90D,2017-06-13,16.3569
EG.CONIA.IDX.90D,2017-06-14,16.3802
EG.CONIA.IDX.90D,2017-06-15,16.4039
EG.CONIA.IDX.90D,2017-06-18,16.4742
EG.CONIA.IDX.90D,2017-06-19,16.4956
EG.CONIA.IDX.90D,2017-06-20,16.5172
EG.CONIA.IDX.90D,2017-06-21,16.5436
EG.CONIA.IDX.90D,2017-06-22,16.572
EG.CONIA.IDX.90D,2017-06-28,16.7435
EG.CONIA.IDX.90D,2017-07-02,16.8379
EG.CONIA.IDX.90D,2017-07-03,16.8613
EG.CONIA.IDX.90D,2017-07-04,16.8826
EG.CONIA.IDX.90D,2017-07-05,16.9067
EG.CONIA.IDX.90D,2017-07-06,16.9347
EG.CONIA.IDX.90D,2017-07-09,17.02
EG.CONIA.IDX.90D,2017-07-10,17.0746
EG.CONIA.IDX.90D,2017-07-11,17.1214
EG.CONIA.IDX.90D,2017-07-12,17.1674
EG.CONIA.IDX.90D,2017-07-13,17.2154
EG.CONIA.IDX.90D,2017-07-16,17.3437
EG.CONIA.IDX.90D,2017-07-17,17.3815
EG.CONIA.IDX.90D,2017-07-18,17.4235
EG.CONIA.IDX.90D,2017-07-19,17.4763
EG.CONIA.IDX.90D,2017-07-20,17.5313
EG.CONIA.IDX.90D,2017-07-24,17.7508
EG.CONIA.IDX.90D,2017-07-25,17.8059
EG.CONIA.IDX.90D,2017-07-26,17.852
EG.CONIA.IDX.90D,2017-07-27,17.897
EG.CONIA.IDX.90D,2017-07-30,18.0124
EG.CONIA.IDX.90D,2017-07-31,18.0495
EG.CONIA.IDX.90D,2017-08-01,18.0854
EG.CONIA.IDX.90D,2017-08-02,18.1301
EG.CONIA.IDX.90D,2017-08-03,18.1746
EG.CONIA.IDX.90D,2017-08-06,18.2924
EG.CONIA.IDX.90D,2017-08-07,18.3327
EG.CONIA.IDX.90D,2017-08-08,18.3703
EG.CONIA.IDX.90D,2017-08-09,18.4075
EG.CONIA.IDX.90D,2017-08-10,18.445
EG.CONIA.IDX.90D,2017-08-13,18.5559
EG.CONIA.IDX.90D,2017-08-14,18.5952
EG.CONIA.IDX.90D,2017-08-15,18.6337
EG.CONIA.IDX.90D,2017-08-16,18.6744
EG.CONIA.IDX.90D,2017-08-17,18.7121
EG.CONIA.IDX.90D,2017-08-20,18.8276
EG.CONIA.IDX.90D,2017-08-21,18.8477
EG.CONIA.IDX.90D,2017-08-22,18.8628
EG.CONIA.IDX.90D,2017-08-23,18.8771
EG.CONIA.IDX.90D,2017-08-24,18.8906
EG.CONIA.IDX.90D,2017-08-27,18.9307
EG.CONIA.IDX.90D,2017-08-28,18.943
EG.CONIA.IDX.90D,2017-08-29,18.9564
EG.CONIA.IDX.90D,2017-08-30,18.9707
EG.CONIA.IDX.90D,2017-09-05,19.081
EG.CONIA.IDX.90D,2017-09-06,19.0976
EG.CONIA.IDX.90D,2017-09-07,19.1134
EG.CONIA.IDX.90D,2017-09-10,19.1556
EG.CONIA.IDX.90D,2017-09-11,19.1688
EG.CONIA.IDX.90D,2017-09-12,19.1809
EG.CONIA.IDX.90D,2017-09-13,19.1965
EG.CONIA.IDX.90D,2017-09-14,19.212
EG.CONIA.IDX.90D,2017-09-17,19.26
EG.CONIA.IDX.90D,2017-09-18,19.2786
EG.CONIA.IDX.90D,2017-09-19,19.2934
EG.CONIA.IDX.90D,2017-09-20,19.3076
EG.CONIA.IDX.90D,2017-09-24,19.3606
EG.CONIA.IDX.90D,2017-09-25,19.3727
EG.CONIA.IDX.90D,2017-09-26,19.3842
EG.CONIA.IDX.90D,2017-09-27,19.3986
EG.CONIA.IDX.90D,2017-09-28,19.4134
EG.CONIA.IDX.90D,2017-10-01,19.4561
EG.CONIA.IDX.90D,2017-10-02,19.4735
EG.CONIA.IDX.90D,2017-10-03,19.4886
EG.CONIA.IDX.90D,2017-10-04,19.5029
EG.CONIA.IDX.90D,2017-10-08,19.5372
EG.CONIA.IDX.90D,2017-10-09,19.528
EG.CONIA.IDX.90D,2017-10-10,19.5174
EG.CONIA.IDX.90D,2017-10-11,19.5131
EG.CONIA.IDX.90D,2017-10-12,19.5147
EG.CONIA.IDX.90D,2017-10-15,19.5118
EG.CONIA.IDX.90D,2017-10-16,19.5149
EG.CONIA.IDX.90D,2017-10-17,19.5064
EG.CONIA.IDX.90D,2017-10-18,19.499
EG.CONIA.IDX.90D,2017-10-19,19.4918
EG.CONIA.IDX.90D,2017-10-22,19.4649
EG.CONIA.IDX.90D,2017-10-23,19.4548
EG.CONIA.IDX.90D,2017-10-24,19.4447
EG.CONIA.IDX.90D,2017-10-25,19.4379
EG.CONIA.IDX.90D,2017-10-26,19.4379
EG.CONIA.IDX.90D,2017-10-29,19.438
EG.CONIA.IDX.90D,2017-10-30,19.4396
EG.CONIA.IDX.90D,2017-10-31,19.4336
EG.CONIA.IDX.90D,2017-11-01,19.4264
EG.CONIA.IDX.90D,2017-11-02,19.4252
EG.CONIA.IDX.90D,2017-11-05,19.4206
EG.CONIA.IDX.90D,2017-11-06,19.4183
EG.CONIA.IDX.90D,2017-11-07,19.4165
EG.CONIA.IDX.90D,2017-11-08,19.4167
EG.CONIA.IDX.90D,2017-11-09,19.4169
EG.CONIA.IDX.90D,2017-11-12,19.4177
EG.CONIA.IDX.90D,2017-11-13,19.4186
EG.CONIA.IDX.90D,2017-11-14,19.4161
EG.CONIA.IDX.90D,2017-11-15,19.4148
EG.CONIA.IDX.90D,2017-11-16,19.4136
EG.CONIA.IDX.90D,2017-11-19,19.4091
EG.CONIA.IDX.90D,2017-11-20,19.407
EG.CONIA.IDX.90D,2017-11-21,19.4048
EG.CONIA.IDX.90D,2017-11-22,19.4046
EG.CONIA.IDX.90D,2017-11-23,19.4045
EG.CONIA.IDX.90D,2017-11-26,19.4073
EG.CONIA.IDX.90D,2017-11-27,19.4082
EG.CONIA.IDX.90D,2017-11-28,19.4087
EG.CONIA.IDX.90D,2017-11-29,19.4081
EG.CONIA.IDX.90D,2017-12-03,19.403
EG.CONIA.IDX.90D,2017-12-04,19.4001
EG.CONIA.IDX.90D,2017-12-05,19.3968
EG.CONIA.IDX.90D,2017-12-06,19.3954
EG.CONIA.IDX.90D,2017-12-07,19.3955
EG.CONIA.IDX.90D,2017-12-10,19.3992
EG.CONIA.IDX.90D,2017-12-11,19.4011
EG.CONIA.IDX.90D,2017-12-12,19.3996
EG.CONIA.IDX.90D,2017-12-13,19.3982
EG.CONIA.IDX.90D,2017-12-14,19.3974
EG.CONIA.IDX.90D,2017-12-17,19.3949
EG.CONIA.IDX.90D,2017-12-18,19.3924
EG.CONIA.IDX.90D,2017-12-19,19.39
EG.CONIA.IDX.90D,2017-12-20,19.3905
EG.CONIA.IDX.90D,2017-12-21,19.3908
EG.CONIA.IDX.90D,2017-12-24,19.3917
EG.CONIA.IDX.90D,2017-12-25,19.3932
EG.CONIA.IDX.90D,2017-12-26,19.3925
EG.CONIA.IDX.90D,2017-12-27,19.3913
EG.CONIA.IDX.90D,2017-12-28,19.3913
EG.CONIA.IDX.90D,2017-12-31,19.3903
EG.CONIA.IDX.90D,2018-01-02,19.3881
EG.CONIA.IDX.90D,2018-01-03,19.3873
EG.CONIA.IDX.90D,2018-01-04,19.3867
EG.CONIA.IDX.90D,2018-01-08,19.3881
EG.CONIA.IDX.90D,2018-01-09,19.3841
EG.CONIA.IDX.90D,2018-01-10,19.3803
EG.CONIA.IDX.90D,2018-01-11,19.38
EG.CONIA.IDX.90D,2018-01-14,19.3764
EG.CONIA.IDX.90D,2018-01-15,19.3754
EG.CONIA.IDX.90D,2018-01-16,19.3721
EG.CONIA.IDX.90D,2018-01-17,19.3706
EG.CONIA.IDX.90D,2018-01-18,19.3707
EG.CONIA.IDX.90D,2018-01-21,19.3697
EG.CONIA.IDX.90D,2018-01-22,19.3717
EG.CONIA.IDX.90D,2018-01-23,19.3716
EG.CONIA.IDX.90D,2018-01-24,19.3715
EG.CONIA.IDX.90D,2018-01-28,19.3708
EG.CONIA.IDX.90D,2018-01-29,19.3694
EG.CONIA.IDX.90D,2018-01-30,19.3682
EG.CONIA.IDX.90D,2018-01-31,19.3678
EG.CONIA.IDX.90D,2018-02-01,19.3682
EG.CONIA.IDX.90D,2018-02-04,19.3685
EG.CONIA.IDX.90D,2018-02-05,19.3699
EG.CONIA.IDX.90D,2018-02-06,19.3693
EG.CONIA.IDX.90D,2018-02-07,19.3697
EG.CONIA.IDX.90D,2018-02-08,19.3694
EG.CONIA.IDX.90D,2018-02-11,19.3662
EG.CONIA.IDX.90D,2018-02-12,19.3651
EG.CONIA.IDX.90D,2018-02-13,19.364
EG.CONIA.IDX.90D,2018-02-14,19.3639
EG.CONIA.IDX.90D,2018-02-15,19.3637
EG.CONIA.IDX.90D,2018-02-18,19.3622
EG.CONIA.IDX.90D,2018-02-19,19.3508
EG.CONIA.IDX.90D,2018-02-20,19.3384
EG.CONIA.IDX.90D,2018-02-21,19.3263
EG.CONIA.IDX.90D,2018-02-22,19.314
EG.CONIA.IDX.90D,2018-02-25,19.2787
EG.CONIA.IDX.90D,2018-02-26,19.2672
EG.CONIA.IDX.90D,2018-02-27,19.2543
EG.CONIA.IDX.90D,2018-02-28,19.2427
EG.CONIA.IDX.90D,2018-03-01,19.2313
EG.CONIA.IDX.90D,2018-03-04,19.195
EG.CONIA.IDX.90D,2018-03-05,19.1847
EG.CONIA.IDX.90D,2018-03-06,19.1727
EG.CONIA.IDX.90D,2018-03-07,19.1618
EG.CONIA.IDX.90D,2018-03-08,19.1505
EG.CONIA.IDX.90D,2018-03-11,19.1122
EG.CONIA.IDX.90D,2018-03-12,19.0991
EG.CONIA.IDX.90D,2018-03-13,19.086
EG.CONIA.IDX.90D,2018-03-14,19.0743
EG.CONIA.IDX.90D,2018-03-15,19.0651
EG.CONIA.IDX.90D,2018-03-18,19.0296
EG.CONIA.IDX.90D,2018-03-19,19.0189
EG.CONIA.IDX.90D,2018-03-20,19.0062
EG.CONIA.IDX.90D,2018-03-21,18.9932
EG.CONIA.IDX.90D,2018-03-22,18.9803
EG.CONIA.IDX.90D,2018-03-25,18.9429
EG.CONIA.IDX.90D,2018-03-26,18.93
EG.CONIA.IDX.90D,2018-03-27,18.9173
EG.CONIA.IDX.90D,2018-03-28,18.9044
EG.CONIA.IDX.90D,2018-03-29,18.8915
EG.CONIA.IDX.90D,2018-04-01,18.8539
EG.CONIA.IDX.90D,2018-04-02,18.8298
EG.CONIA.IDX.90D,2018-04-03,18.8064
EG.CONIA.IDX.90D,2018-04-04,18.7855
EG.CONIA.IDX.90D,2018-04-05,18.766
EG.CONIA.IDX.90D,2018-04-10,18.6658
EG.CONIA.IDX.90D,2018-04-11,18.6404
EG.CONIA.IDX.90D,2018-04-12,18.6152
EG.CONIA.IDX.90D,2018-04-15,18.5402
EG.CONIA.IDX.90D,2018-04-16,18.5165
EG.CONIA.IDX.90D,2018-04-17,18.4913
EG.CONIA.IDX.90D,2018-04-18,18.4663
EG.CONIA.IDX.90D,2018-04-19,18.4425
EG.CONIA.IDX.90D,2018-04-22,18.3697
EG.CONIA.IDX.90D,2018-04-23,18.3445
EG.CONIA.IDX.90D,2018-04-24,18.3189
EG.CONIA.IDX.90D,2018-04-26,18.2707
EG.CONIA.IDX.90D,2018-04-29,18.2001
EG.CONIA.IDX.90D,2018-04-30,18.1778
EG.CONIA.IDX.90D,2018-05-02,18.1301
EG.CONIA.IDX.90D,2018-05-03,18.1069
EG.CONIA.IDX.90D,2018-05-06,18.0392
EG.CONIA.IDX.90D,2018-05-07,18.0161
EG.CONIA.IDX.90D,2018-05-08,17.9921
EG.CONIA.IDX.90D,2018-05-09,17.9695
EG.CONIA.IDX.90D,2018-05-10,17.9471
EG.CONIA.IDX.90D,2018-05-13,17.8901
EG.CONIA.IDX.90D,2018-05-14,17.8711
EG.CONIA.IDX.90D,2018-05-15,17.8517
EG.CONIA.IDX.90D,2018-05-16,17.8309
EG.CONIA.IDX.90D,2018-05-17,17.8097
EG.CONIA.IDX.90D,2018-05-20,17.7579
EG.CONIA.IDX.90D,2018-05-21,17.7483
EG.CONIA.IDX.90D,2018-05-22,17.7377
EG.CONIA.IDX.90D,2018-05-23,17.7288
EG.CONIA.IDX.90D,2018-05-24,17.718
EG.CONIA.IDX.90D,2018-05-27,17.687
EG.CONIA.IDX.90D,2018-05-28,17.6771
EG.CONIA.IDX.90D,2018-05-29,17.6674
EG.CONIA.IDX.90D,2018-05-30,17.6553
EG.CONIA.IDX.90D,2018-05-31,17.6444
EG.CONIA.IDX.90D,2018-06-03,17.6124
EG.CONIA.IDX.90D,2018-06-04,17.602
EG.CONIA.IDX.90D,2018-06-05,17.5894
EG.CONIA.IDX.90D,2018-06-06,17.5795
EG.CONIA.IDX.90D,2018-06-07,17.5712
EG.CONIA.IDX.90D,2018-06-10,17.5454
EG.CONIA.IDX.90D,2018-06-11,17.5375
EG.CONIA.IDX.90D,2018-06-12,17.5284
EG.CONIA.IDX.90D,2018-06-13,17.517
EG.CONIA.IDX.90D,2018-06-14,17.5084
EG.CONIA.IDX.90D,2018-06-19,17.4625
EG.CONIA.IDX.90D,2018-06-20,17.4541
EG.CONIA.IDX.90D,2018-06-21,17.4461
EG.CONIA.IDX.90D,2018-06-24,17.4224
EG.CONIA.IDX.90D,2018-06-25,17.4142
EG.CONIA.IDX.90D,2018-06-26,17.4047
EG.CONIA.IDX.90D,2018-06-27,17.3965
EG.CONIA.IDX.90D,2018-06-28,17.3866
EG.CONIA.IDX.90D,2018-07-02,17.3681
EG.CONIA.IDX.90D,2018-07-03,17.3659
EG.CONIA.IDX.90D,2018-07-04,17.3643
EG.CONIA.IDX.90D,2018-07-05,17.3619
EG.CONIA.IDX.90D,2018-07-08,17.3506
EG.CONIA.IDX.90D,2018-07-09,17.3476
EG.CONIA.IDX.90D,2018-07-10,17.3501
EG.CONIA.IDX.90D,2018-07-11,17.3526
EG.CONIA.IDX.90D,2018-07-12,17.3534
EG.CONIA.IDX.90D,2018-07-15,17.3547
EG.CONIA.IDX.90D,2018-07-16,17.3546
EG.CONIA.IDX.90D,2018-07-17,17.3547
EG.CONIA.IDX.90D,2018-07-18,17.3581
EG.CONIA.IDX.90D,2018-07-19,17.36
EG.CONIA.IDX.90D,2018-07-22,17.3645
EG.CONIA.IDX.90D,2018-07-24,17.3669
EG.CONIA.IDX.90D,2018-07-25,17.3676
EG.CONIA.IDX.90D,2018-07-26,17.3685
EG.CONIA.IDX.90D,2018-07-29,17.3705
EG.CONIA.IDX.90D,2018-07-30,17.3702
EG.CONIA.IDX.90D,2018-07-31,17.3696
EG.CONIA.IDX.90D,2018-08-01,17.3703
EG.CONIA.IDX.90D,2018-08-02,17.3699
EG.CONIA.IDX.90D,2018-08-05,17.3702
EG.CONIA.IDX.90D,2018-08-06,17.3709
EG.CONIA.IDX.90D,2018-08-07,17.3713
EG.CONIA.IDX.90D,2018-08-08,17.3727
EG.CONIA.IDX.90D,2018-08-09,17.371
EG.CONIA.IDX.90D,2018-08-12,17.3648
EG.CONIA.IDX.90D,2018-08-13,17.3615
EG.CONIA.IDX.90D,2018-08-14,17.3594
EG.CONIA.IDX.90D,2018-08-15,17.3604
EG.CONIA.IDX.90D,2018-08-16,17.3615
EG.CONIA.IDX.90D,2018-08-19,17.366
EG.CONIA.IDX.90D,2018-08-26,17.3701
EG.CONIA.IDX.90D,2018-08-27,17.3669
EG.CONIA.IDX.90D,2018-08-28,17.3654
EG.CONIA.IDX.90D,2018-08-29,17.3673
EG.CONIA.IDX.90D,2018-08-30,17.3678
EG.CONIA.IDX.90D,2018-09-02,17.3686
EG.CONIA.IDX.90D,2018-09-03,17.3705
EG.CONIA.IDX.90D,2018-09-04,17.3697
EG.CONIA.IDX.90D,2018-09-05,17.3677
EG.CONIA.IDX.90D,2018-09-06,17.366
EG.CONIA.IDX.90D,2018-09-09,17.3606
EG.CONIA.IDX.90D,2018-09-10,17.3579
EG.CONIA.IDX.90D,2018-09-12,17.3522
EG.CONIA.IDX.90D,2018-09-13,17.3521
EG.CONIA.IDX.90D,2018-09-16,17.3493
EG.CONIA.IDX.90D,2018-09-17,17.348
EG.CONIA.IDX.90D,2018-09-18,17.3468
EG.CONIA.IDX.90D,2018-09-19,17.3441
EG.CONIA.IDX.90D,2018-09-20,17.3419
EG.CONIA.IDX.90D,2018-09-23,17.3356
EG.CONIA.IDX.90D,2018-09-24,17.3336
EG.CONIA.IDX.90D,2018-09-25,17.3298
EG.CONIA.IDX.90D,2018-09-26,17.3291
EG.CONIA.IDX.90D,2018-09-27,17.3287
EG.CONIA.IDX.90D,2018-09-30,17.3287
EG.CONIA.IDX.90D,2018-10-01,17.3294
EG.CONIA.IDX.90D,2018-10-02,17.327
EG.CONIA.IDX.90D,2018-10-03,17.3258
EG.CONIA.IDX.90D,2018-10-04,17.3261
EG.CONIA.IDX.90D,2018-10-08,17.3222
EG.CONIA.IDX.90D,2018-10-09,17.3208
EG.CONIA.IDX.90D,2018-10-10,17.3219
EG.CONIA.IDX.90D,2018-10-11,17.3239
EG.CONIA.IDX.90D,2018-10-14,17.3302
EG.CONIA.IDX.90D,2018-10-15,17.3318
EG.CONIA.IDX.90D,2018-10-16,17.3294
EG.CONIA.IDX.90D,2018-10-17,17.3283
EG.CONIA.IDX.90D,2018-10-18,17.3281
EG.CONIA.IDX.90D,2018-10-21,17.3266
EG.CONIA.IDX.90D,2018-10-22,17.3256
EG.CONIA.IDX.90D,2018-10-23,17.3241
EG.CONIA.IDX.90D,2018-10-24,17.3234
EG.CONIA.IDX.90D,2018-10-25,17.3231
EG.CONIA.IDX.90D,2018-10-28,17.3241
EG.CONIA.IDX.90D,2018-10-29,17.326
EG.CONIA.IDX.90D,2018-10-30,17.3266
EG.CONIA.IDX.90D,2018-10-31,17.3265
EG.CONIA.IDX.90D,2018-11-01,17.3259
EG.CONIA.IDX.90D,2018-11-04,17.3239
EG.CONIA.IDX.90D,2018-11-05,17.3224
EG.CONIA.IDX.90D,2018-11-06,17.3202
EG.CONIA.IDX.90D,2018-11-07,17.3191
EG.CONIA.IDX.90D,2018-11-08,17.3183
EG.CONIA.IDX.90D,2018-11-11,17.3163
EG.CONIA.IDX.90D,2018-11-12,17.3166
EG.CONIA.IDX.90D,2018-11-13,17.3144
EG.CONIA.IDX.90D,2018-11-14,17.3118
EG.CONIA.IDX.90D,2018-11-15,17.3086
EG.CONIA.IDX.90D,2018-11-18,17.2983
EG.CONIA.IDX.90D,2018-11-19,17.2948
EG.CONIA.IDX.90D,2018-11-21,17.2874
EG.CONIA.IDX.90D,2018-11-22,17.2846
EG.CONIA.IDX.90D,2018-11-25,17.2791
EG.CONIA.IDX.90D,2018-11-26,17.2796
EG.CONIA.IDX.90D,2018-11-27,17.2772
EG.CONIA.IDX.90D,2018-11-28,17.2755
EG.CONIA.IDX.90D,2018-11-29,17.2742
EG.CONIA.IDX.90D,2018-12-02,17.2683
EG.CONIA.IDX.90D,2018-12-03,17.2653
EG.CONIA.IDX.90D,2018-12-04,17.2633
EG.CONIA.IDX.90D,2018-12-05,17.263
EG.CONIA.IDX.90D,2018-12-06,17.2643
EG.CONIA.IDX.90D,2018-12-09,17.2715
EG.CONIA.IDX.90D,2018-12-10,17.2751
EG.CONIA.IDX.90D,2018-12-11,17.2789
EG.CONIA.IDX.90D,2018-12-12,17.2798
EG.CONIA.IDX.90D,2018-12-13,17.2802
EG.CONIA.IDX.90D,2018-12-16,17.2799
EG.CONIA.IDX.90D,2018-12-17,17.2796
EG.CONIA.IDX.90D,2018-12-18,17.2786
EG.CONIA.IDX.90D,2018-12-19,17.2783
EG.CONIA.IDX.90D,2018-12-20,17.2782
EG.CONIA.IDX.90D,2018-12-23,17.2771
EG.CONIA.IDX.90D,2018-12-24,17.278
EG.CONIA.IDX.90D,2018-12-25,17.2773
EG.CONIA.IDX.90D,2018-12-26,17.2767
EG.CONIA.IDX.90D,2018-12-27,17.2757
EG.CONIA.IDX.90D,2018-12-30,17.2715
EG.CONIA.IDX.90D,2018-12-31,17.2704
EG.CONIA.IDX.90D,2019-01-02,17.2671
EG.CONIA.IDX.90D,2019-01-03,17.2681
EG.CONIA.IDX.90D,2019-01-06,17.2696
EG.CONIA.IDX.90D,2019-01-08,17.2691
EG.CONIA.IDX.90D,2019-01-09,17.2677
EG.CONIA.IDX.90D,2019-01-10,17.2663
EG.CONIA.IDX.90D,2019-01-13,17.2618
EG.CONIA.IDX.90D,2019-01-14,17.2602
EG.CONIA.IDX.90D,2019-01-15,17.2589
EG.CONIA.IDX.90D,2019-01-16,17.2585
EG.CONIA.IDX.90D,2019-01-17,17.2586
EG.CONIA.IDX.90D,2019-01-20,17.2605
EG.CONIA.IDX.90D,2019-01-21,17.2619
EG.CONIA.IDX.90D,2019-01-22,17.2625
EG.CONIA.IDX.90D,2019-01-23,17.263
EG.CONIA.IDX.90D,2019-01-27,17.2621
EG.CONIA.IDX.90D,2019-01-28,17.2601
EG.CONIA.IDX.90D,2019-01-29,17.2585
EG.CONIA.IDX.90D,2019-01-30,17.2594
EG.CONIA.IDX.90D,2019-01-31,17.2601
EG.CONIA.IDX.90D,2019-02-03,17.2624
EG.CONIA.IDX.90D,2019-02-04,17.2645
EG.CONIA.IDX.90D,2019-02-05,17.2652
EG.CONIA.IDX.90D,2019-02-06,17.2662
EG.CONIA.IDX.90D,2019-02-07,17.2672
EG.CONIA.IDX.90D,2019-02-10,17.2721
EG.CONIA.IDX.90D,2019-02-11,17.2735
EG.CONIA.IDX.90D,2019-02-12,17.2738
EG.CONIA.IDX.90D,2019-02-13,17.276
EG.CONIA.IDX.90D,2019-02-14,17.2784
EG.CONIA.IDX.90D,2019-02-17,17.2851
EG.CONIA.IDX.90D,2019-02-18,17.2755
EG.CONIA.IDX.90D,2019-02-19,17.2656
EG.CONIA.IDX.90D,2019-02-20,17.2548
EG.CONIA.IDX.90D,2019-02-21,17.244
EG.CONIA.IDX.90D,2019-02-24,17.2092
EG.CONIA.IDX.90D,2019-02-25,17.1966
EG.CONIA.IDX.90D,2019-02-26,17.1842
EG.CONIA.IDX.90D,2019-02-27,17.1737
EG.CONIA.IDX.90D,2019-02-28,17.1631
EG.CONIA.IDX.90D,2019-03-03,17.1313
EG.CONIA.IDX.90D,2019-03-04,17.121
EG.CONIA.IDX.90D,2019-03-05,17.1095
EG.CONIA.IDX.90D,2019-03-06,17.0966
EG.CONIA.IDX.90D,2019-03-07,17.0827
EG.CONIA.IDX.90D,2019-03-10,17.0432
EG.CONIA.IDX.90D,2019-03-11,17.0298
EG.CONIA.IDX.90D,2019-03-12,17.0173
EG.CONIA.IDX.90D,2019-03-13,17.0055
EG.CONIA.IDX.90D,2019-03-14,16.9939
EG.CONIA.IDX.90D,2019-03-17,16.9617
EG.CONIA.IDX.90D,2019-03-18,16.9521
EG.CONIA.IDX.90D,2019-03-19,16.9412
EG.CONIA.IDX.90D,2019-03-20,16.9307
EG.CONIA.IDX.90D,2019-03-21,16.9206
EG.CONIA.IDX.90D,2019-03-24,16.8905
EG.CONIA.IDX.90D,2019-03-25,16.8793
EG.CONIA.IDX.90D,2019-03-26,16.867
EG.CONIA.IDX.90D,2019-03-27,16.8562
EG.CONIA.IDX.90D,2019-03-28,16.8447
EG.CONIA.IDX.90D,2019-03-31,16.8094
EG.CONIA.IDX.90D,2019-04-01,16.7983
EG.CONIA.IDX.90D,2019-04-02,16.7878
EG.CONIA.IDX.90D,2019-04-03,16.7757
EG.CONIA.IDX.90D,2019-04-04,16.7643
EG.CONIA.IDX.90D,2019-04-07,16.734
EG.CONIA.IDX.90D,2019-04-08,16.7237
EG.CONIA.IDX.90D,2019-04-09,16.7128
EG.CONIA.IDX.90D,2019-04-10,16.7027
EG.CONIA.IDX.90D,2019-04-11,16.6923
EG.CONIA.IDX.90D,2019-04-14,16.662
EG.CONIA.IDX.90D,2019-04-15,16.652
EG.CONIA.IDX.90D,2019-04-16,16.6407
EG.CONIA.IDX.90D,2019-04-17,16.6295
EG.CONIA.IDX.90D,2019-04-18,16.6179
EG.CONIA.IDX.90D,2019-04-21,16.5809
EG.CONIA.IDX.90D,2019-04-22,16.5683
EG.CONIA.IDX.90D,2019-04-23,16.5547
EG.CONIA.IDX.90D,2019-04-24,16.5421
EG.CONIA.IDX.90D,2019-04-30,16.476
EG.CONIA.IDX.90D,2019-05-02,16.454
EG.CONIA.IDX.90D,2019-05-05,16.4207
EG.CONIA.IDX.90D,2019-05-06,16.4098
EG.CONIA.IDX.90D,2019-05-07,16.4007
EG.CONIA.IDX.90D,2019-05-08,16.3883
EG.CONIA.IDX.90D,2019-05-09,16.3756
EG.CONIA.IDX.90D,2019-05-12,16.338
EG.CONIA.IDX.90D,2019-05-13,16.3267
EG.CONIA.IDX.90D,2019-05-14,16.3138
EG.CONIA.IDX.90D,2019-05-15,16.3012
EG.CONIA.IDX.90D,2019-05-16,16.2886
EG.CONIA.IDX.90D,2019-05-19,16.2621
EG.CONIA.IDX.90D,2019-05-20,16.2616
EG.CONIA.IDX.90D,2019-05-21,16.26
EG.CONIA.IDX.90D,2019-05-22,16.26
EG.CONIA.IDX.90D,2019-05-23,16.2601
EG.CONIA.IDX.90D,2019-05-26,16.2605
EG.CONIA.IDX.90D,2019-05-27,16.2614
EG.CONIA.IDX.90D,2019-05-28,16.2607
EG.CONIA.IDX.90D,2019-05-29,16.2603
EG.CONIA.IDX.90D,2019-05-30,16.2604
EG.CONIA.IDX.90D,2019-06-02,16.2618
EG.CONIA.IDX.90D,2019-06-03,16.261
EG.CONIA.IDX.90D,2019-06-09,16.2646
EG.CONIA.IDX.90D,2019-06-10,16.2631
EG.CONIA.IDX.90D,2019-06-11,16.2624
EG.CONIA.IDX.90D,2019-06-12,16.262
EG.CONIA.IDX.90D,2019-06-13,16.2602
EG.CONIA.IDX.90D,2019-06-16,16.2539
EG.CONIA.IDX.90D,2019-06-17,16.2524
EG.CONIA.IDX.90D,2019-06-18,16.2495
EG.CONIA.IDX.90D,2019-06-19,16.2479
EG.CONIA.IDX.90D,2019-06-20,16.2459
EG.CONIA.IDX.90D,2019-06-23,16.2413
EG.CONIA.IDX.90D,2019-06-24,16.2416
EG.CONIA.IDX.90D,2019-06-25,16.2406
EG.CONIA.IDX.90D,2019-06-26,16.2405
EG.CONIA.IDX.90D,2019-06-27,16.2399
EG.CONIA.IDX.90D,2019-07-02,16.2342
EG.CONIA.IDX.90D,2019-07-03,16.2327
EG.CONIA.IDX.90D,2019-07-04,16.2303
EG.CONIA.IDX.90D,2019-07-07,16.2232
EG.CONIA.IDX.90D,2019-07-08,16.2221
EG.CONIA.IDX.90D,2019-07-09,16.2204
EG.CONIA.IDX.90D,2019-07-10,16.2185
EG.CONIA.IDX.90D,2019-07-11,16.2166
EG.CONIA.IDX.90D,2019-07-14,16.2102
EG.CONIA.IDX.90D,2019-07-15,16.2083
EG.CONIA.IDX.90D,2019-07-16,16.2062
EG.CONIA.IDX.90D,2019-07-17,16.2053
EG.CONIA.IDX.90D,2019-07-18,16.2049
EG.CONIA.IDX.90D,2019-07-21,16.2037
EG.CONIA.IDX.90D,2019-07-22,16.2043
EG.CONIA.IDX.90D,2019-07-24,16.2031
EG.CONIA.IDX.90D,2019-07-25,16.2021
EG.CONIA.IDX.90D,2019-07-28,16.1975
EG.CONIA.IDX.90D,2019-07-29,16.1958
EG.CONIA.IDX.90D,2019-07-30,16.1936
EG.CONIA.IDX.90D,2019-07-31,16.1918
EG.CONIA.IDX.90D,2019-08-01,16.1901
EG.CONIA.IDX.90D,2019-08-04,16.1838
EG.CONIA.IDX.90D,2019-08-05,16.1797
EG.CONIA.IDX.90D,2019-08-06,16.1791
EG.CONIA.IDX.90D,2019-08-07,16.1781
EG.CONIA.IDX.90D,2019-08-08,16.1774
EG.CONIA.IDX.90D,2019-08-14,16.1728
EG.CONIA.IDX.90D,2019-08-15,16.1722
EG.CONIA.IDX.90D,2019-08-18,16.1695
EG.CONIA.IDX.90D,2019-08-19,16.1695
EG.CONIA.IDX.90D,2019-08-20,16.168
EG.CONIA.IDX.90D,2019-08-21,16.167
EG.CONIA.IDX.90D,2019-08-22,16.1663
EG.CONIA.IDX.90D,2019-08-25,16.1628
EG.CONIA.IDX.90D,2019-08-26,16.1446
EG.CONIA.IDX.90D,2019-08-27,16.1264
EG.CONIA.IDX.90D,2019-08-28,16.1087
EG.CONIA.IDX.90D,2019-08-29,16.0904
EG.CONIA.IDX.90D,2019-09-01,16.0356
EG.CONIA.IDX.90D,2019-09-02,16.016
EG.CONIA.IDX.90D,2019-09-03,15.9964
EG.CONIA.IDX.90D,2019-09-04,15.9767
EG.CONIA.IDX.90D,2019-09-05,15.9573
EG.CONIA.IDX.90D,2019-09-08,15.9029
EG.CONIA.IDX.90D,2019-09-09,15.8852
EG.CONIA.IDX.90D,2019-09-10,15.8667
EG.CONIA.IDX.90D,2019-09-11,15.8496
EG.CONIA.IDX.90D,2019-09-12,15.8326
EG.CONIA.IDX.90D,2019-09-15,15.7814
EG.CONIA.IDX.90D,2019-09-16,15.7654
EG.CONIA.IDX.90D,2019-09-17,15.7485
EG.CONIA.IDX.90D,2019-09-18,15.7317
EG.CONIA.IDX.90D,2019-09-19,15.7148
EG.CONIA.IDX.90D,2019-09-22,15.6625
EG.CONIA.IDX.90D,2019-09-23,15.6446
EG.CONIA.IDX.90D,2019-09-24,15.6262
EG.CONIA.IDX.90D,2019-09-25,15.609
EG.CONIA.IDX.90D,2019-09-26,15.5922
EG.CONIA.IDX.90D,2019-09-29,15.5396
EG.CONIA.IDX.90D,2019-09-30,15.5107
EG.CONIA.IDX.90D,2019-10-01,15.4819
EG.CONIA.IDX.90D,2019-10-02,15.4527
EG.CONIA.IDX.90D,2019-10-03,15.4238
EG.CONIA.IDX.90D,2019-10-07,15.3084
EG.CONIA.IDX.90D,2019-10-08,15.2798
EG.CONIA.IDX.90D,2019-10-09,15.2519
EG.CONIA.IDX.90D,2019-10-10,15.2243
EG.CONIA.IDX.90D,2019-10-13,15.1411
EG.CONIA.IDX.90D,2019-10-14,15.1134
EG.CONIA.IDX.90D,2019-10-15,15.0846
EG.CONIA.IDX.90D,2019-10-16,15.056
EG.CONIA.IDX.90D,2019-10-17,15.0277
EG.CONIA.IDX.90D,2019-10-20,14.9402
EG.CONIA.IDX.90D,2019-10-21,14.9113
EG.CONIA.IDX.90D,2019-10-22,14.8819
EG.CONIA.IDX.90D,2019-10-23,14.853
EG.CONIA.IDX.90D,2019-10-24,14.8247
EG.CONIA.IDX.90D,2019-10-27,14.7393
EG.CONIA.IDX.90D,2019-10-28,14.7113
EG.CONIA.IDX.90D,2019-10-29,14.683
EG.CONIA.IDX.90D,2019-10-30,14.6549
EG.CONIA.IDX.90D,2019-10-31,14.6274
EG.CONIA.IDX.90D,2019-11-03,14.5444
EG.CONIA.IDX.90D,2019-11-04,14.5158
EG.CONIA.IDX.90D,2019-11-05,14.4872
EG.CONIA.IDX.90D,2019-11-06,14.4593
EG.CONIA.IDX.90D,2019-11-07,14.4318
EG.CONIA.IDX.90D,2019-11-11,14.323
EG.CONIA.IDX.90D,2019-11-12,14.2954
EG.CONIA.IDX.90D,2019-11-13,14.2692
EG.CONIA.IDX.90D,2019-11-14,14.2445
EG.CONIA.IDX.90D,2019-11-17,14.1719
EG.CONIA.IDX.90D,2019-11-18,14.1366
EG.CONIA.IDX.90D,2019-11-19,14.1009
EG.CONIA.IDX.90D,2019-11-20,14.0626
EG.CONIA.IDX.90D,2019-11-21,14.025
EG.CONIA.IDX.90D,2019-11-24,13.9286
EG.CONIA.IDX.90D,2019-11-25,13.9075
EG.CONIA.IDX.90D,2019-11-26,13.8857
EG.CONIA.IDX.90D,2019-11-27,13.8642
EG.CONIA.IDX.90D,2019-11-28,13.8425
EG.CONIA.IDX.90D,2019-12-01,13.7767
EG.CONIA.IDX.90D,2019-12-02,13.7546
EG.CONIA.IDX.90D,2019-12-03,13.7317
EG.CONIA.IDX.90D,2019-12-04,13.7094
EG.CONIA.IDX.90D,2019-12-05,13.6865
EG.CONIA.IDX.90D,2019-12-08,13.6183
EG.CONIA.IDX.90D,2019-12-09,13.5969
EG.CONIA.IDX.90D,2019-12-10,13.5749
EG.CONIA.IDX.90D,2019-12-11,13.5532
EG.CONIA.IDX.90D,2019-12-12,13.5317
EG.CONIA.IDX.90D,2019-12-15,13.4675
EG.CONIA.IDX.90D,2019-12-16,13.4453
EG.CONIA.IDX.90D,2019-12-17,13.4222
EG.CONIA.IDX.90D,2019-12-18,13.4006
EG.CONIA.IDX.90D,2019-12-19,13.3791
EG.CONIA.IDX.90D,2019-12-22,13.3148
EG.CONIA.IDX.90D,2019-12-23,13.2942
EG.CONIA.IDX.90D,2019-12-24,13.2732
EG.CONIA.IDX.90D,2019-12-25,13.2525
EG.CONIA.IDX.90D,2019-12-26,13.2318
EG.CONIA.IDX.90D,2019-12-29,13.1773
EG.CONIA.IDX.90D,2019-12-30,13.1658
EG.CONIA.IDX.90D,2019-12-31,13.1547
EG.CONIA.IDX.90D,2020-01-02,13.1357
EG.CONIA.IDX.90D,2020-01-05,13.1078
EG.CONIA.IDX.90D,2020-01-06,13.0988
EG.CONIA.IDX.90D,2020-01-08,13.0785
EG.CONIA.IDX.90D,2020-01-09,13.0685
EG.CONIA.IDX.90D,2020-01-12,13.0382
EG.CONIA.IDX.90D,2020-01-13,13.0272
EG.CONIA.IDX.90D,2020-01-14,13.0156
EG.CONIA.IDX.90D,2020-01-15,13.0069
EG.CONIA.IDX.90D,2020-01-16,12.9984
EG.CONIA.IDX.90D,2020-01-19,12.9697
EG.CONIA.IDX.90D,2020-01-20,12.9606
EG.CONIA.IDX.90D,2020-01-21,12.9514
EG.CONIA.IDX.90D,2020-01-22,12.9418
EG.CONIA.IDX.90D,2020-01-23,12.9317
EG.CONIA.IDX.90D,2020-01-26,12.8976
EG.CONIA.IDX.90D,2020-01-27,12.8851
EG.CONIA.IDX.90D,2020-01-28,12.8725
EG.CONIA.IDX.90D,2020-01-29,12.8617
EG.CONIA.IDX.90D,2020-01-30,12.8512
EG.CONIA.IDX.90D,2020-02-02,12.8205
EG.CONIA.IDX.90D,2020-02-03,12.8108
EG.CONIA.IDX.90D,2020-02-04,12.7998
EG.CONIA.IDX.90D,2020-02-05,12.7891
EG.CONIA.IDX.90D,2020-02-06,12.7783
EG.CONIA.IDX.90D,2020-02-09,12.7472
EG.CONIA.IDX.90D,2020-02-10,12.7366
EG.CONIA.IDX.90D,2020-02-11,12.7237
EG.CONIA.IDX.90D,2020-02-12,12.7106
EG.CONIA.IDX.90D,2020-02-13,12.6966
EG.CONIA.IDX.90D,2020-02-16,12.6655
EG.CONIA.IDX.90D,2020-02-17,12.6628
EG.CONIA.IDX.90D,2020-02-18,12.6629
EG.CONIA.IDX.90D,2020-02-19,12.6625
EG.CONIA.IDX.90D,2020-02-20,12.6614
EG.CONIA.IDX.90D,2020-02-23,12.6582
EG.CONIA.IDX.90D,2020-02-24,12.6574
EG.CONIA.IDX.90D,2020-02-25,12.6558
EG.CONIA.IDX.90D,2020-02-26,12.6558
EG.CONIA.IDX.90D,2020-02-27,12.6556
EG.CONIA.IDX.90D,2020-03-01,12.655
EG.CONIA.IDX.90D,2020-03-02,12.6556
EG.CONIA.IDX.90D,2020-03-03,12.6552
EG.CONIA.IDX.90D,2020-03-04,12.6551
EG.CONIA.IDX.90D,2020-03-05,12.6551
EG.CONIA.IDX.90D,2020-03-08,12.6545
EG.CONIA.IDX.90D,2020-03-09,12.6541
EG.CONIA.IDX.90D,2020-03-10,12.6531
EG.CONIA.IDX.90D,2020-03-11,12.6531
EG.CONIA.IDX.90D,2020-03-15,12.655
EG.CONIA.IDX.90D,2020-03-16,12.6573
EG.CONIA.IDX.90D,2020-03-17,12.6589
EG.CONIA.IDX.90D,2020-03-18,12.6273
EG.CONIA.IDX.90D,2020-03-19,12.5967
EG.CONIA.IDX.90D,2020-03-22,12.5074
EG.CONIA.IDX.90D,2020-03-23,12.4763
EG.CONIA.IDX.90D,2020-03-24,12.4413
EG.CONIA.IDX.90D,2020-03-25,12.4095
EG.CONIA.IDX.90D,2020-03-26,12.379
EG.CONIA.IDX.90D,2020-03-29,12.2884
EG.CONIA.IDX.90D,2020-03-30,12.2584
EG.CONIA.IDX.90D,2020-03-31,12.2275
EG.CONIA.IDX.90D,2020-04-01,12.1979
EG.CONIA.IDX.90D,2020-04-02,12.1647
EG.CONIA.IDX.90D,2020-04-05,12.0648
EG.CONIA.IDX.90D,2020-04-06,12.0297
EG.CONIA.IDX.90D,2020-04-07,11.9936
EG.CONIA.IDX.90D,2020-04-08,11.9622
EG.CONIA.IDX.90D,2020-04-09,11.9303
EG.CONIA.IDX.90D,2020-04-12,11.8341
EG.CONIA.IDX.90D,2020-04-13,11.8035
EG.CONIA.IDX.90D,2020-04-14,11.7696
EG.CONIA.IDX.90D,2020-04-15,11.7374
EG.CONIA.IDX.90D,2020-04-16,11.7059
EG.CONIA.IDX.90D,2020-04-21,11.5503
EG.CONIA.IDX.90D,2020-04-22,11.519
EG.CONIA.IDX.90D,2020-04-23,11.4879
EG.CONIA.IDX.90D,2020-04-26,11.391
EG.CONIA.IDX.90D,2020-04-27,11.3595
EG.CONIA.IDX.90D,2020-04-28,11.3255
EG.CONIA.IDX.90D,2020-04-29,11.2913
EG.CONIA.IDX.90D,2020-04-30,11.2565
EG.CONIA.IDX.90D,2020-05-03,11.1519
EG.CONIA.IDX.90D,2020-05-04,11.1171
EG.CONIA.IDX.90D,2020-05-05,11.0812
EG.CONIA.IDX.90D,2020-05-06,11.0486
EG.CONIA.IDX.90D,2020-05-07,11.0164
EG.CONIA.IDX.90D,2020-05-10,10.9228
EG.CONIA.IDX.90D,2020-05-11,10.8936
EG.CONIA.IDX.90D,2020-05-12,10.8632
EG.CONIA.IDX.90D,2020-05-13,10.8335
EG.CONIA.IDX.90D,2020-05-14,10.8038
EG.CONIA.IDX.90D,2020-05-17,10.7144
EG.CONIA.IDX.90D,2020-05-18,10.6815
EG.CONIA.IDX.90D,2020-05-19,10.647
EG.CONIA.IDX.90D,2020-05-20,10.6185
EG.CONIA.IDX.90D,2020-05-21,10.5899
EG.CONIA.IDX.90D,2020-05-31,10.2983
EG.CONIA.IDX.90D,2020-06-01,10.2668
EG.CONIA.IDX.90D,2020-06-02,10.233
EG.CONIA.IDX.90D,2020-06-03,10.2037
EG.CONIA.IDX.90D,2020-06-04,10.1743
EG.CONIA.IDX.90D,2020-06-07,10.0842
EG.CONIA.IDX.90D,2020-06-08,10.0546
EG.CONIA.IDX.90D,2020-06-09,10.0231
EG.CONIA.IDX.90D,2020-06-10,9.9919
EG.CONIA.IDX.90D,2020-06-11,9.9598
EG.CONIA.IDX.90D,2020-06-14,9.8635
EG.CONIA.IDX.90D,2020-06-15,9.8272
EG.CONIA.IDX.90D,2020-06-16,9.8233
EG.CONIA.IDX.90D,2020-06-17,9.8231
EG.CONIA.IDX.90D,2020-06-18,9.8223
EG.CONIA.IDX.90D,2020-06-21,9.824
EG.CONIA.IDX.90D,2020-06-22,9.8273
EG.CONIA.IDX.90D,2020-06-23,9.8281
EG.CONIA.IDX.90D,2020-06-24,9.8296
EG.CONIA.IDX.90D,2020-06-25,9.8307
EG.CONIA.IDX.90D,2020-06-28,9.8302
EG.CONIA.IDX.90D,2020-06-29,9.8282
EG.CONIA.IDX.90D,2020-06-30,9.8247
EG.CONIA.IDX.90D,2020-07-05,9.8597
EG.CONIA.IDX.90D,2020-07-06,9.8686
EG.CONIA.IDX.90D,2020-07-07,9.8734
EG.CONIA.IDX.90D,2020-07-08,9.8797
EG.CONIA.IDX.90D,2020-07-09,9.8841
EG.CONIA.IDX.90D,2020-07-12,9.8836
EG.CONIA.IDX.90D,2020-07-13,9.8845
EG.CONIA.IDX.90D,2020-07-14,9.8837
EG.CONIA.IDX.90D,2020-07-15,9.8887
EG.CONIA.IDX.90D,2020-07-16,9.8931
EG.CONIA.IDX.90D,2020-07-19,9.907
EG.CONIA.IDX.90D,2020-07-20,9.9114
EG.CONIA.IDX.90D,2020-07-21,9.9169
EG.CONIA.IDX.90D,2020-07-22,9.9222
EG.CONIA.IDX.90D,2020-07-26,9.9537
EG.CONIA.IDX.90D,2020-07-27,9.9591
EG.CONIA.IDX.90D,2020-07-28,9.9613
EG.CONIA.IDX.90D,2020-07-29,9.9686
EG.CONIA.IDX.90D,2020-08-04,10.0225
EG.CONIA.IDX.90D,2020-08-05,10.0262
EG.CONIA.IDX.90D,2020-08-06,10.0299
EG.CONIA.IDX.90D,2020-08-09,10.031
EG.CONIA.IDX.90D,2020-08-10,10.0293
EG.CONIA.IDX.90D,2020-08-11,10.0248
EG.CONIA.IDX.90D,2020-08-12,10.0297
EG.CONIA.IDX.90D,2020-08-13,10.0329
EG.CONIA.IDX.90D,2020-08-16,10.0498
EG.CONIA.IDX.90D,2020-08-17,10.0594
EG.CONIA.IDX.90D,2020-08-18,10.063
EG.CONIA.IDX.90D,2020-08-19,10.068
EG.CONIA.IDX.90D,2020-08-23,10.0874
EG.CONIA.IDX.90D,2020-08-24,10.0853
EG.CONIA.IDX.90D,2020-08-25,10.0802
EG.CONIA.IDX.90D,2020-08-26,10.0844
EG.CONIA.IDX.90D,2020-08-27,10.0886
EG.CONIA.IDX.90D,2020-08-30,10.105
EG.CONIA.IDX.90D,2020-08-31,10.1136
EG.CONIA.IDX.90D,2020-09-01,10.1174
EG.CONIA.IDX.90D,2020-09-02,10.1213
EG.CONIA.IDX.90D,2020-09-03,10.1254
EG.CONIA.IDX.90D,2020-09-06,10.1335
EG.CONIA.IDX.90D,2020-09-07,10.1336
EG.CONIA.IDX.90D,2020-09-08,10.1306
EG.CONIA.IDX.90D,2020-09-09,10.1366
EG.CONIA.IDX.90D,2020-09-10,10.1423
EG.CONIA.IDX.90D,2020-09-13,10.1652
EG.CONIA.IDX.90D,2020-09-14,10.1762
EG.CONIA.IDX.90D,2020-09-15,10.1821
EG.CONIA.IDX.90D,2020-09-16,10.1881
EG.CONIA.IDX.90D,2020-09-17,10.194
EG.CONIA.IDX.90D,2020-09-20,10.2099
EG.CONIA.IDX.90D,2020-09-21,10.209
EG.CONIA.IDX.90D,2020-09-22,10.2036
EG.CONIA.IDX.90D,2020-09-23,10.211
EG.CONIA.IDX.90D,2020-09-24,10.2199
EG.CONIA.IDX.90D,2020-09-27,10.2479
EG.CONIA.IDX.90D,2020-09-28,10.2527
EG.CONIA.IDX.90D,2020-09-29,10.2515
EG.CONIA.IDX.90D,2020-09-30,10.2506
EG.CONIA.IDX.90D,2020-10-01,10.2493
EG.CONIA.IDX.90D,2020-10-04,10.2502
EG.CONIA.IDX.90D,2020-10-05,10.2491
EG.CONIA.IDX.90D,2020-10-06,10.2396
EG.CONIA.IDX.90D,2020-10-07,10.242
EG.CONIA.IDX.90D,2020-10-11,10.2676
EG.CONIA.IDX.90D,2020-10-12,10.2742
EG.CONIA.IDX.90D,2020-10-13,10.2744
EG.CONIA.IDX.90D,2020-10-14,10.2748
EG.CONIA.IDX.90D,2020-10-15,10.2758
EG.CONIA.IDX.90D,2020-10-18,10.2794
EG.CONIA.IDX.90D,2020-10-19,10.2731
EG.CONIA.IDX.90D,2020-10-20,10.2606
EG.CONIA.IDX.90D,2020-10-21,10.2626
EG.CONIA.IDX.90D,2020-10-22,10.2656
EG.CONIA.IDX.90D,2020-10-25,10.2767
EG.CONIA.IDX.90D,2020-10-26,10.2853
EG.CONIA.IDX.90D,2020-10-27,10.289
EG.CONIA.IDX.90D,2020-10-28,10.2896
EG.CONIA.IDX.90D,2020-11-01,10.2865
EG.CONIA.IDX.90D,2020-11-02,10.2767
EG.CONIA.IDX.90D,2020-11-03,10.2636
EG.CONIA.IDX.90D,2020-11-04,10.2681
EG.CONIA.IDX.90D,2020-11-05,10.2748
EG.CONIA.IDX.90D,2020-11-08,10.2957
EG.CONIA.IDX.90D,2020-11-09,10.3062
EG.CONIA.IDX.90D,2020-11-10,10.3071
EG.CONIA.IDX.90D,2020-11-11,10.3091
EG.CONIA.IDX.90D,2020-11-12,10.3098
EG.CONIA.IDX.90D,2020-11-15,10.3059
EG.CONIA.IDX.90D,2020-11-16,10.2875
EG.CONIA.IDX.90D,2020-11-17,10.2652
EG.CONIA.IDX.90D,2020-11-18,10.2642
EG.CONIA.IDX.90D,2020-11-19,10.2633
EG.CONIA.IDX.90D,2020-11-22,10.2669
EG.CONIA.IDX.90D,2020-11-23,10.2745
EG.CONIA.IDX.90D,2020-11-24,10.2715
EG.CONIA.IDX.90D,2020-11-25,10.2683
EG.CONIA.IDX.90D,2020-11-26,10.264
EG.CONIA.IDX.90D,2020-11-29,10.2132
EG.CONIA.IDX.90D,2020-11-30,10.1924
EG.CONIA.IDX.90D,2020-12-01,10.1709
EG.CONIA.IDX.90D,2020-12-02,10.1725
EG.CONIA.IDX.90D,2020-12-03,10.1768
EG.CONIA.IDX.90D,2020-12-06,10.1952
EG.CONIA.IDX.90D,2020-12-07,10.2044
EG.CONIA.IDX.90D,2020-12-08,10.2053
EG.CONIA.IDX.90D,2020-12-09,10.2051
EG.CONIA.IDX.90D,2020-12-10,10.2028
EG.CONIA.IDX.90D,2020-12-13,10.1696
EG.CONIA.IDX.90D,2020-12-14,10.155
EG.CONIA.IDX.90D,2020-12-15,10.1347
EG.CONIA.IDX.90D,2020-12-16,10.1335
EG.CONIA.IDX.90D,2020-12-17,10.1348
EG.CONIA.IDX.90D,2020-12-20,10.1469
EG.CONIA.IDX.90D,2020-12-21,10.159
EG.CONIA.IDX.90D,2020-12-22,10.1602
EG.CONIA.IDX.90D,2020-12-23,10.16
EG.CONIA.IDX.90D,2020-12-24,10.1579
EG.CONIA.IDX.90D,2020-12-27,10.1038
EG.CONIA.IDX.90D,2020-12-28,10.0852
EG.CONIA.IDX.90D,2020-12-29,10.0651
EG.CONIA.IDX.90D,2020-12-30,10.0699
EG.CONIA.IDX.90D,2020-12-31,10.0735
EG.CONIA.IDX.90D,2021-01-03,10.0803
EG.CONIA.IDX.90D,2021-01-04,10.0918
EG.CONIA.IDX.90D,2021-01-05,10.0894
EG.CONIA.IDX.90D,2021-01-06,10.0864
EG.CONIA.IDX.90D,2021-01-10,10.0073
EG.CONIA.IDX.90D,2021-01-11,9.9858
EG.CONIA.IDX.90D,2021-01-12,9.9643
EG.CONIA.IDX.90D,2021-01-13,9.9645
EG.CONIA.IDX.90D,2021-01-14,9.9654
EG.CONIA.IDX.90D,2021-01-17,9.9672
EG.CONIA.IDX.90D,2021-01-18,9.979
EG.CONIA.IDX.90D,2021-01-19,9.9711
EG.CONIA.IDX.90D,2021-01-20,9.9571
EG.CONIA.IDX.90D,2021-01-21,9.9394
EG.CONIA.IDX.90D,2021-01-24,9.8781
EG.CONIA.IDX.90D,2021-01-25,9.8552
EG.CONIA.IDX.90D,2021-01-26,9.8326
EG.CONIA.IDX.90D,2021-01-27,9.8345
EG.CONIA.IDX.90D,2021-01-31,9.8613
EG.CONIA.IDX.90D,2021-02-01,9.8811
EG.CONIA.IDX.90D,2021-02-02,9.882
EG.CONIA.IDX.90D,2021-02-03,9.8824
EG.CONIA.IDX.90D,2021-02-04,9.8733
EG.CONIA.IDX.90D,2021-02-07,9.8165
EG.CONIA.IDX.90D,2021-02-08,9.7952
EG.CONIA.IDX.90D,2021-02-09,9.7731
EG.CONIA.IDX.90D,2021-02-10,9.7757
EG.CONIA.IDX.90D,2021-02-11,9.781
EG.CONIA.IDX.90D,2021-02-14,9.8129
EG.CONIA.IDX.90D,2021-02-15,9.8372
EG.CONIA.IDX.90D,2021-02-16,9.8407
EG.CONIA.IDX.90D,2021-02-17,9.8408
EG.CONIA.IDX.90D,2021-02-18,9.8338
EG.CONIA.IDX.90D,2021-02-21,9.7831
EG.CONIA.IDX.90D,2021-02-22,9.7653
EG.CONIA.IDX.90D,2021-02-23,9.7469
EG.CONIA.IDX.90D,2021-02-24,9.7526
EG.CONIA.IDX.90D,2021-02-25,9.7726
EG.CONIA.IDX.90D,2021-02-28,9.8407
EG.CONIA.IDX.90D,2021-03-01,9.8667
EG.CONIA.IDX.90D,2021-03-02,9.8697
EG.CONIA.IDX.90D,2021-03-03,9.8699
EG.CONIA.IDX.90D,2021-03-04,9.8641
EG.CONIA.IDX.90D,2021-03-07,9.8068
EG.CONIA.IDX.90D,2021-03-08,9.7856
EG.CONIA.IDX.90D,2021-03-09,9.7674
EG.CONIA.IDX.90D,2021-03-10,9.7726
EG.CONIA.IDX.90D,2021-03-11,9.7857
EG.CONIA.IDX.90D,2021-03-14,9.8276
EG.CONIA.IDX.90D,2021-03-15,9.8487
EG.CONIA.IDX.90D,2021-03-16,9.8504
EG.CONIA.IDX.90D,2021-03-17,9.8489
EG.CONIA.IDX.90D,2021-03-18,9.8419
EG.CONIA.IDX.90D,2021-03-21,9.7847
EG.CONIA.IDX.90D,2021-03-22,9.7597
EG.CONIA.IDX.90D,2021-03-23,9.7356
EG.CONIA.IDX.90D,2021-03-24,9.7382
EG.CONIA.IDX.90D,2021-03-25,9.7578
EG.CONIA.IDX.90D,2021-03-28,9.8208
EG.CONIA.IDX.90D,2021-03-29,9.8466
EG.CONIA.IDX.90D,2021-03-30,9.8484
EG.CONIA.IDX.90D,2021-03-31,9.8497
EG.CONIA.IDX.90D,2021-04-01,9.851
EG.CONIA.IDX.90D,2021-04-04,9.832
EG.CONIA.IDX.90D,2021-04-05,9.8144
EG.CONIA.IDX.90D,2021-04-06,9.7962
EG.CONIA.IDX.90D,2021-04-07,9.8166
EG.CONIA.IDX.90D,2021-04-08,9.8363
EG.CONIA.IDX.90D,2021-04-11,9.8942
EG.CONIA.IDX.90D,2021-04-12,9.9115
EG.CONIA.IDX.90D,2021-04-13,9.9028
EG.CONIA.IDX.90D,2021-04-14,9.8869
EG.CONIA.IDX.90D,2021-04-15,9.8716
EG.CONIA.IDX.90D,2021-04-18,9.8168
EG.CONIA.IDX.90D,2021-04-19,9.8016
EG.CONIA.IDX.90D,2021-04-20,9.7911
EG.CONIA.IDX.90D,2021-04-21,9.808
EG.CONIA.IDX.90D,2021-04-22,9.8299
EG.CONIA.IDX.90D,2021-04-25,9.8985
EG.CONIA.IDX.90D,2021-04-26,9.9242
EG.CONIA.IDX.90D,2021-04-27,9.9264
EG.CONIA.IDX.90D,2021-04-28,9.9262
EG.CONIA.IDX.90D,2021-05-04,9.8942
EG.CONIA.IDX.90D,2021-05-05,9.9049
EG.CONIA.IDX.90D,2021-05-06,9.9263
EG.CONIA.IDX.90D,2021-05-09,9.9929
EG.CONIA.IDX.90D,2021-05-10,10.0187
EG.CONIA.IDX.90D,2021-05-11,10.0194
EG.CONIA.IDX.90D,2021-05-17,9.994
EG.CONIA.IDX.90D,2021-05-18,9.9739
EG.CONIA.IDX.90D,2021-05-19,9.9853
EG.CONIA.IDX.90D,2021-05-20,10.0059
EG.CONIA.IDX.90D,2021-05-23,10.072
EG.CONIA.IDX.90D,2021-05-24,10.0972
EG.CONIA.IDX.90D,2021-05-25,10.0989
EG.CONIA.IDX.90D,2021-05-26,10.0978
EG.CONIA.IDX.90D,2021-05-27,10.091
EG.CONIA.IDX.90D,2021-05-30,10.0223
EG.CONIA.IDX.90D,2021-05-31,9.9974
EG.CONIA.IDX.90D,2021-06-01,9.9732
EG.CONIA.IDX.90D,2021-06-02,9.9791
EG.CONIA.IDX.90D,2021-06-03,9.9967
EG.CONIA.IDX.90D,2021-06-06,10.0369
EG.CONIA.IDX.90D,2021-06-07,10.048
EG.CONIA.IDX.90D,2021-06-08,10.0343
EG.CONIA.IDX.90D,2021-06-09,10.018
EG.CONIA.IDX.90D,2021-06-10,9.997
EG.CONIA.IDX.90D,2021-06-13,9.9268
EG.CONIA.IDX.90D,2021-06-14,9.9034
EG.CONIA.IDX.90D,2021-06-15,9.8806
EG.CONIA.IDX.90D,2021-06-16,9.8813
EG.CONIA.IDX.90D,2021-06-17,9.893
EG.CONIA.IDX.90D,2021-06-20,9.9306
EG.CONIA.IDX.90D,2021-06-21,9.9408
EG.CONIA.IDX.90D,2021-06-22,9.9231
EG.CONIA.IDX.90D,2021-06-23,9.9039
EG.CONIA.IDX.90D,2021-06-24,9.8834
EG.CONIA.IDX.90D,2021-06-27,9.8087
EG.CONIA.IDX.90D,2021-06-28,9.7821
EG.CONIA.IDX.90D,2021-06-29,9.7557
EG.CONIA.IDX.90D,2021-06-30,9.7551
EG.CONIA.IDX.90D,2021-07-04,9.8006
EG.CONIA.IDX.90D,2021-07-05,9.8234
EG.CONIA.IDX.90D,2021-07-06,9.8233
EG.CONIA.IDX.90D,2021-07-07,9.8181
EG.CONIA.IDX.90D,2021-07-08,9.803
EG.CONIA.IDX.90D,2021-07-11,9.7463
EG.CONIA.IDX.90D,2021-07-12,9.7326
EG.CONIA.IDX.90D,2021-07-13,9.7251
EG.CONIA.IDX.90D,2021-07-14,9.7397
EG.CONIA.IDX.90D,2021-07-15,9.753
EG.CONIA.IDX.90D,2021-07-18,9.7902
EG.CONIA.IDX.90D,2021-07-25,9.6709
EG.CONIA.IDX.90D,2021-07-26,9.6458
EG.CONIA.IDX.90D,2021-07-27,9.6201
EG.CONIA.IDX.90D,2021-07-28,9.6156
EG.CONIA.IDX.90D,2021-07-29,9.6069
EG.CONIA.IDX.90D,2021-08-01,9.5579
EG.CONIA.IDX.90D,2021-08-02,9.5402
EG.CONIA.IDX.90D,2021-08-03,9.5158
EG.CONIA.IDX.90D,2021-08-04,9.4901
EG.CONIA.IDX.90D,2021-08-05,9.4649
EG.CONIA.IDX.90D,2021-08-08,9.3897
EG.CONIA.IDX.90D,2021-08-09,9.3638
EG.CONIA.IDX.90D,2021-08-10,9.3426
EG.CONIA.IDX.90D,2021-08-11,9.3352
EG.CONIA.IDX.90D,2021-08-15,9.3275
EG.CONIA.IDX.90D,2021-08-16,9.3445
EG.CONIA.IDX.90D,2021-08-17,9.3346
EG.CONIA.IDX.90D,2021-08-18,9.3209
EG.CONIA.IDX.90D,2021-08-19,9.3012
EG.CONIA.IDX.90D,2021-08-22,9.2273
EG.CONIA.IDX.90D,2021-08-23,9.2019
EG.CONIA.IDX.90D,2021-08-24,9.1776
EG.CONIA.IDX.90D,2021-08-25,9.1778
EG.CONIA.IDX.90D,2021-08-26,9.1891
EG.CONIA.IDX.90D,2021-08-29,9.2222
EG.CONIA.IDX.90D,2021-08-30,9.2309
EG.CONIA.IDX.90D,2021-08-31,9.2142
EG.CONIA.IDX.90D,2021-09-01,9.1981
EG.CONIA.IDX.90D,2021-09-02,9.1854
EG.CONIA.IDX.90D,2021-09-05,9.1419
EG.CONIA.IDX.90D,2021-09-06,9.1303
EG.CONIA.IDX.90D,2021-09-07,9.1216
EG.CONIA.IDX.90D,2021-09-08,9.1347
EG.CONIA.IDX.90D,2021-09-09,9.1514
EG.CONIA.IDX.90D,2021-09-12,9.2013
EG.CONIA.IDX.90D,2021-09-13,9.2209
EG.CONIA.IDX.90D,2021-09-14,9.2223
EG.CONIA.IDX.90D,2021-09-15,9.2227
EG.CONIA.IDX.90D,2021-09-16,9.2211
EG.CONIA.IDX.90D,2021-09-19,9.2148
EG.CONIA.IDX.90D,2021-09-20,9.2089
EG.CONIA.IDX.90D,2021-09-21,9.2042
EG.CONIA.IDX.90D,2021-09-22,9.2163
EG.CONIA.IDX.90D,2021-09-23,9.2303
EG.CONIA.IDX.90D,2021-09-26,9.2656
EG.CONIA.IDX.90D,2021-09-27,9.2742
EG.CONIA.IDX.90D,2021-09-28,9.2595
EG.CONIA.IDX.90D,2021-09-29,9.2399
EG.CONIA.IDX.90D,2021-09-30,9.2182
EG.CONIA.IDX.90D,2021-10-03,9.1488
EG.CONIA.IDX.90D,2021-10-04,9.1268
EG.CONIA.IDX.90D,2021-10-05,9.1102
EG.CONIA.IDX.90D,2021-10-06,9.1188
EG.CONIA.IDX.90D,2021-10-10,9.186
EG.CONIA.IDX.90D,2021-10-11,9.2037
EG.CONIA.IDX.90D,2021-10-12,9.2008
EG.CONIA.IDX.90D,2021-10-13,9.1974
EG.CONIA.IDX.90D,2021-10-14,9.1916
EG.CONIA.IDX.90D,2021-10-17,9.1637
EG.CONIA.IDX.90D,2021-10-18,9.159
EG.CONIA.IDX.90D,2021-10-19,9.154
EG.CONIA.IDX.90D,2021-10-20,9.1681
EG.CONIA.IDX.90D,2021-10-24,9.223
EG.CONIA.IDX.90D,2021-10-25,9.2344
EG.CONIA.IDX.90D,2021-10-26,9.2324
EG.CONIA.IDX.90D,2021-10-27,9.2315
EG.CONIA.IDX.90D,2021-10-28,9.2301
EG.CONIA.IDX.90D,2021-10-31,9.2184
EG.CONIA.IDX.90D,2021-11-01,9.2171
EG.CONIA.IDX.90D,2021-11-02,9.2166
EG.CONIA.IDX.90D,2021-11-03,9.2268
EG.CONIA.IDX.90D,2021-11-04,9.2408
EG.CONIA.IDX.90D,2021-11-07,9.283
EG.CONIA.IDX.90D,2021-11-08,9.2987
EG.CONIA.IDX.90D,2021-11-09,9.2973
EG.CONIA.IDX.90D,2021-11-10,9.2852
EG.CONIA.IDX.90D,2021-11-11,9.2695
EG.CONIA.IDX.90D,2021-11-14,9.2182
EG.CONIA.IDX.90D,2021-11-15,9.2026
EG.CONIA.IDX.90D,2021-11-16,9.1918
EG.CONIA.IDX.90D,2021-11-17,9.1996
EG.CONIA.IDX.90D,2021-11-18,9.215
EG.CONIA.IDX.90D,2021-11-21,9.266
EG.CONIA.IDX.90D,2021-11-22,9.2825
EG.CONIA.IDX.90D,2021-11-23,9.2767
EG.CONIA.IDX.90D,2021-11-24,9.2703
EG.CONIA.IDX.90D,2021-11-25,9.2613
EG.CONIA.IDX.90D,2021-11-28,9.2343
EG.CONIA.IDX.90D,2021-11-29,9.2265
EG.CONIA.IDX.90D,2021-11-30,9.2202
EG.CONIA.IDX.90D,2021-12-01,9.2314
EG.CONIA.IDX.90D,2021-12-02,9.2469
EG.CONIA.IDX.90D,2021-12-05,9.2946
EG.CONIA.IDX.90D,2021-12-06,9.3086
EG.CONIA.IDX.90D,2021-12-07,9.3004
EG.CONIA.IDX.90D,2021-12-08,9.2864
EG.CONIA.IDX.90D,2021-12-09,9.2701
EG.CONIA.IDX.90D,2021-12-12,9.2168
EG.CONIA.IDX.90D,2021-12-13,9.1973
EG.CONIA.IDX.90D,2021-12-14,9.1799
EG.CONIA.IDX.90D,2021-12-15,9.1782
EG.CONIA.IDX.90D,2021-12-16,9.1775
EG.CONIA.IDX.90D,2021-12-19,9.1718
EG.CONIA.IDX.90D,2021-12-20,9.175
EG.CONIA.IDX.90D,2021-12-21,9.1618
EG.CONIA.IDX.90D,2021-12-22,9.1498
EG.CONIA.IDX.90D,2021-12-23,9.1391
EG.CONIA.IDX.90D,2021-12-26,9.1078
EG.CONIA.IDX.90D,2021-12-27,9.0987
EG.CONIA.IDX.90D,2021-12-28,9.0936
EG.CONIA.IDX.90D,2021-12-29,9.1052
EG.CONIA.IDX.90D,2021-12-30,9.1234
EG.CONIA.IDX.90D,2022-01-02,9.1823
EG.CONIA.IDX.90D,2022-01-03,9.1974
EG.CONIA.IDX.90D,2022-01-04,9.1987
EG.CONIA.IDX.90D,2022-01-05,9.1965
EG.CONIA.IDX.90D,2022-01-09,9.1853
EG.CONIA.IDX.90D,2022-01-10,9.1687
EG.CONIA.IDX.90D,2022-01-11,9.1567
EG.CONIA.IDX.90D,2022-01-12,9.1641
EG.CONIA.IDX.90D,2022-01-13,9.1782
EG.CONIA.IDX.90D,2022-01-16,9.2274
EG.CONIA.IDX.90D,2022-01-17,9.2442
EG.CONIA.IDX.90D,2022-01-18,9.2423
EG.CONIA.IDX.90D,2022-01-19,9.2426
EG.CONIA.IDX.90D,2022-01-20,9.2436
EG.CONIA.IDX.90D,2022-01-23,9.2486
EG.CONIA.IDX.90D,2022-01-24,9.2403
EG.CONIA.IDX.90D,2022-01-25,9.2307
EG.CONIA.IDX.90D,2022-01-26,9.2452
EG.CONIA.IDX.90D,2022-01-30,9.32
EG.CONIA.IDX.90D,2022-01-31,9.3387
EG.CONIA.IDX.90D,2022-02-01,9.3465
EG.CONIA.IDX.90D,2022-02-02,9.3497
EG.CONIA.IDX.90D,2022-02-03,9.354
EG.CONIA.IDX.90D,2022-02-06,9.3656
EG.CONIA.IDX.90D,2022-02-07,9.3613
EG.CONIA.IDX.90D,2022-02-08,9.3567
EG.CONIA.IDX.90D,2022-02-09,9.3714
EG.CONIA.IDX.90D,2022-02-10,9.389
EG.CONIA.IDX.90D,2022-02-13,9.4408
EG.CONIA.IDX.90D,2022-02-14,9.4574
EG.CONIA.IDX.90D,2022-02-15,9.461
EG.CONIA.IDX.90D,2022-02-16,9.4603
EG.CONIA.IDX.90D,2022-02-17,9.4556
EG.CONIA.IDX.90D,2022-02-20,9.4152
EG.CONIA.IDX.90D,2022-02-21,9.401
EG.CONIA.IDX.90D,2022-02-22,9.3923
EG.CONIA.IDX.90D,2022-02-23,9.4042
EG.CONIA.IDX.90D,2022-02-24,9.4179
EG.CONIA.IDX.90D,2022-02-27,9.4613
EG.CONIA.IDX.90D,2022-02-28,9.4765
EG.CONIA.IDX.90D,2022-03-01,9.4756
EG.CONIA.IDX.90D,2022-03-02,9.4748
EG.CONIA.IDX.90D,2022-03-03,9.4664
EG.CONIA.IDX.90D,2022-03-06,9.4248
EG.CONIA.IDX.90D,2022-03-07,9.4171
EG.CONIA.IDX.90D,2022-03-08,9.4132
EG.CONIA.IDX.90D,2022-03-09,9.4288
EG.CONIA.IDX.90D,2022-03-10,9.4431
EG.CONIA.IDX.90D,2022-03-13,9.4785
EG.CONIA.IDX.90D,2022-03-14,9.4882
EG.CONIA.IDX.90D,2022-03-15,9.4837
EG.CONIA.IDX.90D,2022-03-16,9.4774
EG.CONIA.IDX.90D,2022-03-17,9.4728
EG.CONIA.IDX.90D,2022-03-20,9.4557
EG.CONIA.IDX.90D,2022-03-21,9.4523
EG.CONIA.IDX.90D,2022-03-22,9.4628
EG.CONIA.IDX.90D,2022-03-23,9.491
EG.CONIA.IDX.90D,2022-03-24,9.509
EG.CONIA.IDX.90D,2022-03-27,9.5629
EG.CONIA.IDX.90D,2022-03-28,9.5817
EG.CONIA.IDX.90D,2022-03-29,9.5866
EG.CONIA.IDX.90D,2022-03-30,9.587
EG.CONIA.IDX.90D,2022-03-31,9.5814
EG.CONIA.IDX.90D,2022-04-03,9.5636
EG.CONIA.IDX.90D,2022-04-04,9.5596
EG.CONIA.IDX.90D,2022-04-05,9.556
EG.CONIA.IDX.90D,2022-04-06,9.559
EG.CONIA.IDX.90D,2022-04-07,9.5619
EG.CONIA.IDX.90D,2022-04-10,9.583
EG.CONIA.IDX.90D,2022-04-11,9.5998
EG.CONIA.IDX.90D,2022-04-12,9.6007
EG.CONIA.IDX.90D,2022-04-13,9.6005
EG.CONIA.IDX.90D,2022-04-14,9.5974
EG.CONIA.IDX.90D,2022-04-17,9.5846
EG.CONIA.IDX.90D,2022-04-18,9.5795
EG.CONIA.IDX.90D,2022-04-19,9.5732
EG.CONIA.IDX.90D,2022-04-20,9.5744
EG.CONIA.IDX.90D,2022-04-21,9.5753
EG.CONIA.IDX.90D,2022-04-26,9.6075
EG.CONIA.IDX.90D,2022-04-27,9.6058
EG.CONIA.IDX.90D,2022-04-28,9.6013
EG.CONIA.IDX.90D,2022-05-08,9.559
EG.CONIA.IDX.90D,2022-05-09,9.5754
EG.CONIA.IDX.90D,2022-05-10,9.5757
EG.CONIA.IDX.90D,2022-05-11,9.5747
EG.CONIA.IDX.90D,2022-05-12,9.5732
EG.CONIA.IDX.90D,2022-05-15,9.566
EG.CONIA.IDX.90D,2022-05-16,9.5625
EG.CONIA.IDX.90D,2022-05-17,9.5586
EG.CONIA.IDX.90D,2022-05-18,9.5647
EG.CONIA.IDX.90D,2022-05-19,9.5806
EG.CONIA.IDX.90D,2022-05-22,9.6282
EG.CONIA.IDX.90D,2022-05-23,9.6697
EG.CONIA.IDX.90D,2022-05-24,9.6942
EG.CONIA.IDX.90D,2022-05-25,9.7169
EG.CONIA.IDX.90D,2022-05-26,9.7363
EG.CONIA.IDX.90D,2022-05-29,9.7909
EG.CONIA.IDX.90D,2022-05-30,9.81
EG.CONIA.IDX.90D,2022-05-31,9.8273
EG.CONIA.IDX.90D,2022-06-01,9.858
EG.CONIA.IDX.90D,2022-06-02,9.8936
EG.CONIA.IDX.90D,2022-06-05,9.9994
EG.CONIA.IDX.90D,2022-06-06,10.0357
EG.CONIA.IDX.90D,2022-06-07,10.0553
EG.CONIA.IDX.90D,2022-06-08,10.076
EG.CONIA.IDX.90D,2022-06-09,10.0989
EG.CONIA.IDX.90D,2022-06-12,10.1697
EG.CONIA.IDX.90D,2022-06-13,10.1957
EG.CONIA.IDX.90D,2022-06-14,10.2245
EG.CONIA.IDX.90D,2022-06-15,10.2616
EG.CONIA.IDX.90D,2022-06-16,10.3013
EG.CONIA.IDX.90D,2022-06-19,10.4216
EG.CONIA.IDX.90D,2022-06-20,10.4484
EG.CONIA.IDX.90D,2022-06-21,10.4584
EG.CONIA.IDX.90D,2022-06-22,10.4797
EG.CONIA.IDX.90D,2022-06-23,10.4987
EG.CONIA.IDX.90D,2022-06-26,10.5467
EG.CONIA.IDX.90D,2022-06-27,10.5613
EG.CONIA.IDX.90D,2022-06-28,10.5757
EG.CONIA.IDX.90D,2022-06-29,10.5993
EG.CONIA.IDX.90D,2022-07-03,10.7015
EG.CONIA.IDX.90D,2022-07-04,10.7262
EG.CONIA.IDX.90D,2022-07-05,10.7446
EG.CONIA.IDX.90D,2022-07-06,10.7625
EG.CONIA.IDX.90D,2022-07-07,10.7808
EG.CONIA.IDX.90D,2022-07-17,10.9814
EG.CONIA.IDX.90D,2022-07-18,11.0095
EG.CONIA.IDX.90D,2022-07-19,11.0293
EG.CONIA.IDX.90D,2022-07-20,11.0506
EG.CONIA.IDX.90D,2022-07-21,11.0702
EG.CONIA.IDX.90D,2022-07-24,11.1195
EG.CONIA.IDX.90D,2022-07-25,11.1353
EG.CONIA.IDX.90D,2022-07-26,11.1526
EG.CONIA.IDX.90D,2022-07-27,11.1772
EG.CONIA.IDX.90D,2022-07-28,11.2017
EG.CONIA.IDX.90D,2022-07-31,11.2736
EG.CONIA.IDX.90D,2022-08-01,11.2969
EG.CONIA.IDX.90D,2022-08-02,11.3195
EG.CONIA.IDX.90D,2022-08-03,11.3412
EG.CONIA.IDX.90D,2022-08-04,11.362
EG.CONIA.IDX.90D,2022-08-07,11.3824
EG.CONIA.IDX.90D,2022-08-08,11.4332
EG.CONIA.IDX.90D,2022-08-09,11.4488
EG.CONIA.IDX.90D,2022-08-10,11.4688
EG.CONIA.IDX.90D,2022-08-11,11.4894
EG.CONIA.IDX.90D,2022-08-14,11.5491
EG.CONIA.IDX.90D,2022-08-15,11.5721
EG.CONIA.IDX.90D,2022-08-16,11.5875
EG.CONIA.IDX.90D,2022-08-17,11.6021
EG.CONIA.IDX.90D,2022-08-18,11.6182
EG.CONIA.IDX.90D,2022-08-21,11.6425
EG.CONIA.IDX.90D,2022-08-22,11.6352
EG.CONIA.IDX.90D,2022-08-23,11.6297
EG.CONIA.IDX.90D,2022-08-24,11.6306
EG.CONIA.IDX.90D,2022-08-25,11.6316
EG.CONIA.IDX.90D,2022-08-28,11.6325
EG.CONIA.IDX.90D,2022-08-29,11.6326
EG.CONIA.IDX.90D,2022-08-30,11.6273
EG.CONIA.IDX.90D,2022-08-31,11.6239
EG.CONIA.IDX.90D,2022-09-01,11.6208
EG.CONIA.IDX.90D,2022-09-04,11.613
EG.CONIA.IDX.90D,2022-09-05,11.6105
EG.CONIA.IDX.90D,2022-09-06,11.6089
EG.CONIA.IDX.90D,2022-09-07,11.6087
EG.CONIA.IDX.90D,2022-09-08,11.6082
EG.CONIA.IDX.90D,2022-09-11,11.6061
EG.CONIA.IDX.90D,2022-09-12,11.6061
EG.CONIA.IDX.90D,2022-09-13,11.601
EG.CONIA.IDX.90D,2022-09-14,11.5953
EG.CONIA.IDX.90D,2022-09-15,11.5891
EG.CONIA.IDX.90D,2022-09-18,11.5711
EG.CONIA.IDX.90D,2022-09-19,11.5655
EG.CONIA.IDX.90D,2022-09-20,11.5597
EG.CONIA.IDX.90D,2022-09-21,11.5578
EG.CONIA.IDX.90D,2022-09-22,11.5582
EG.CONIA.IDX.90D,2022-09-25,11.5595
EG.CONIA.IDX.90D,2022-09-26,11.5597
EG.CONIA.IDX.90D,2022-09-27,11.5559
EG.CONIA.IDX.90D,2022-09-28,11.5521
EG.CONIA.IDX.90D,2022-09-29,11.5481
EG.CONIA.IDX.90D,2022-10-02,11.5373
EG.CONIA.IDX.90D,2022-10-03,11.5349
EG.CONIA.IDX.90D,2022-10-04,11.5333
EG.CONIA.IDX.90D,2022-10-05,11.5334
EG.CONIA.IDX.90D,2022-10-09,11.5363
EG.CONIA.IDX.90D,2022-10-10,11.5369
EG.CONIA.IDX.90D,2022-10-11,11.5374
EG.CONIA.IDX.90D,2022-10-12,11.5374
EG.CONIA.IDX.90D,2022-10-13,11.5365
EG.CONIA.IDX.90D,2022-10-16,11.5292
EG.CONIA.IDX.90D,2022-10-17,11.5236
EG.CONIA.IDX.90D,2022-10-18,11.5183
EG.CONIA.IDX.90D,2022-10-19,11.516
EG.CONIA.IDX.90D,2022-10-20,11.5162
EG.CONIA.IDX.90D,2022-10-23,11.5178
EG.CONIA.IDX.90D,2022-10-24,11.5181
EG.CONIA.IDX.90D,2022-10-25,11.5139
EG.CONIA.IDX.90D,2022-10-26,11.5128
EG.CONIA.IDX.90D,2022-10-27,11.513
EG.CONIA.IDX.90D,2022-10-30,11.5871
EG.CONIA.IDX.90D,2022-10-31,11.6115
EG.CONIA.IDX.90D,2022-11-01,11.6339
EG.CONIA.IDX.90D,2022-11-02,11.6588
EG.CONIA.IDX.90D,2022-11-03,11.6841
EG.CONIA.IDX.90D,2022-11-06,11.7579
EG.CONIA.IDX.90D,2022-11-07,11.7821
EG.CONIA.IDX.90D,2022-11-08,11.8036
EG.CONIA.IDX.90D,2022-11-09,11.8264
EG.CONIA.IDX.90D,2022-11-10,11.8507
EG.CONIA.IDX.90D,2022-11-13,11.9233
EG.CONIA.IDX.90D,2022-11-14,11.9465
EG.CONIA.IDX.90D,2022-11-15,11.9694
EG.CONIA.IDX.90D,2022-11-16,11.9941
EG.CONIA.IDX.90D,2022-11-17,12.0193
EG.CONIA.IDX.90D,2022-11-20,12.0932
EG.CONIA.IDX.90D,2022-11-21,12.1175
EG.CONIA.IDX.90D,2022-11-22,12.139
EG.CONIA.IDX.90D,2022-11-23,12.1612
EG.CONIA.IDX.90D,2022-11-24,12.1841
EG.CONIA.IDX.90D,2022-11-27,12.2519
EG.CONIA.IDX.90D,2022-11-28,12.2748
EG.CONIA.IDX.90D,2022-11-29,12.2972
EG.CONIA.IDX.90D,2022-11-30,12.3228
EG.CONIA.IDX.90D,2022-12-01,12.347
EG.CONIA.IDX.90D,2022-12-04,12.4178
EG.CONIA.IDX.90D,2022-12-05,12.4415
EG.CONIA.IDX.90D,2022-12-06,12.4644
EG.CONIA.IDX.90D,2022-12-07,12.4875
EG.CONIA.IDX.90D,2022-12-08,12.5108
EG.CONIA.IDX.90D,2022-12-11,12.5793
EG.CONIA.IDX.90D,2022-12-12,12.6021
EG.CONIA.IDX.90D,2022-12-13,12.6248
EG.CONIA.IDX.90D,2022-12-14,12.6497
EG.CONIA.IDX.90D,2022-12-15,12.6745
EG.CONIA.IDX.90D,2022-12-18,12.7465
EG.CONIA.IDX.90D,2022-12-19,12.7698
EG.CONIA.IDX.90D,2022-12-20,12.7916
EG.CONIA.IDX.90D,2022-12-21,12.8137
EG.CONIA.IDX.90D,2022-12-22,12.8357
EG.CONIA.IDX.90D,2022-12-25,12.9021
EG.CONIA.IDX.90D,2022-12-26,12.9582
EG.CONIA.IDX.90D,2022-12-27,13.0153
EG.CONIA.IDX.90D,2022-12-28,13.0729
EG.CONIA.IDX.90D,2022-12-29,13.1313
EG.CONIA.IDX.90D,2023-01-02,13.363
EG.CONIA.IDX.90D,2023-01-03,13.4211
EG.CONIA.IDX.90D,2023-01-04,13.4772
EG.CONIA.IDX.90D,2023-01-05,13.5338
EG.CONIA.IDX.90D,2023-01-09,13.757
EG.CONIA.IDX.90D,2023-01-10,13.8135
EG.CONIA.IDX.90D,2023-01-11,13.8716
EG.CONIA.IDX.90D,2023-01-12,13.9297
EG.CONIA.IDX.90D,2023-01-15,14.104
EG.CONIA.IDX.90D,2023-01-16,14.162
EG.CONIA.IDX.90D,2023-01-17,14.2191
EG.CONIA.IDX.90D,2023-01-18,14.2783
EG.CONIA.IDX.90D,2023-01-19,14.3375
EG.CONIA.IDX.90D,2023-01-22,14.5148
EG.CONIA.IDX.90D,2023-01-23,14.5721
EG.CONIA.IDX.90D,2023-01-24,14.6269
EG.CONIA.IDX.90D,2023-01-25,14.6841
EG.CONIA.IDX.90D,2023-01-29,14.8193
EG.CONIA.IDX.90D,2023-01-30,14.8576
EG.CONIA.IDX.90D,2023-01-31,14.8944
EG.CONIA.IDX.90D,2023-02-01,14.932
EG.CONIA.IDX.90D,2023-02-02,14.9694
EG.CONIA.IDX.90D,2023-02-05,15.0806
EG.CONIA.IDX.90D,2023-02-06,15.1143
EG.CONIA.IDX.90D,2023-02-07,15.1468
EG.CONIA.IDX.90D,2023-02-08,15.1825
EG.CONIA.IDX.90D,2023-02-09,15.2187
EG.CONIA.IDX.90D,2023-02-12,15.3268
EG.CONIA.IDX.90D,2023-02-13,15.3641
EG.CONIA.IDX.90D,2023-02-14,15.3991
EG.CONIA.IDX.90D,2023-02-15,15.4327
EG.CONIA.IDX.90D,2023-02-16,15.4672
EG.CONIA.IDX.90D,2023-02-19,15.5681
EG.CONIA.IDX.90D,2023-02-20,15.6013
EG.CONIA.IDX.90D,2023-02-21,15.6353
EG.CONIA.IDX.90D,2023-02-22,15.6718
EG.CONIA.IDX.90D,2023-02-23,15.7078
EG.CONIA.IDX.90D,2023-02-26,15.8145
EG.CONIA.IDX.90D,2023-02-27,15.8503
EG.CONIA.IDX.90D,2023-02-28,15.8841
EG.CONIA.IDX.90D,2023-03-01,15.9187
EG.CONIA.IDX.90D,2023-03-02,15.954
EG.CONIA.IDX.90D,2023-03-05,16.0574
EG.CONIA.IDX.90D,2023-03-06,16.0912
EG.CONIA.IDX.90D,2023-03-07,16.1253
EG.CONIA.IDX.90D,2023-03-08,16.1617
EG.CONIA.IDX.90D,2023-03-09,16.1986
EG.CONIA.IDX.90D,2023-03-12,16.3091
EG.CONIA.IDX.90D,2023-03-13,16.3458
EG.CONIA.IDX.90D,2023-03-14,16.3802
EG.CONIA.IDX.90D,2023-03-15,16.4145
EG.CONIA.IDX.90D,2023-03-16,16.449
EG.CONIA.IDX.90D,2023-03-19,16.5514
EG.CONIA.IDX.90D,2023-03-20,16.5859
EG.CONIA.IDX.90D,2023-03-21,16.6207
EG.CONIA.IDX.90D,2023-03-22,16.6575
EG.CONIA.IDX.90D,2023-03-23,16.6934
EG.CONIA.IDX.90D,2023-03-26,16.7658
EG.CONIA.IDX.90D,2023-03-27,16.7668
EG.CONIA.IDX.90D,2023-03-28,16.7674
EG.CONIA.IDX.90D,2023-03-29,16.7675
EG.CONIA.IDX.90D,2023-03-30,16.7678
EG.CONIA.IDX.90D,2023-04-02,16.7687
EG.CONIA.IDX.90D,2023-04-03,16.7894
EG.CONIA.IDX.90D,2023-04-04,16.8121
EG.CONIA.IDX.90D,2023-04-05,16.835
EG.CONIA.IDX.90D,2023-04-06,16.8589
EG.CONIA.IDX.90D,2023-04-09,16.9295
EG.CONIA.IDX.90D,2023-04-10,16.953
EG.CONIA.IDX.90D,2023-04-11,16.976
EG.CONIA.IDX.90D,2023-04-12,16.999
EG.CONIA.IDX.90D,2023-04-13,17.0214
EG.CONIA.IDX.90D,2023-04-18,17.1311
EG.CONIA.IDX.90D,2023-04-19,17.1523
EG.CONIA.IDX.90D,2023-04-26,17.3009
EG.CONIA.IDX.90D,2023-04-27,17.3203
EG.CONIA.IDX.90D,2023-04-30,17.3766
EG.CONIA.IDX.90D,2023-05-01,17.395
EG.CONIA.IDX.90D,2023-05-02,17.4126
EG.CONIA.IDX.90D,2023-05-03,17.4316
EG.CONIA.IDX.90D,2023-05-07,17.5132
EG.CONIA.IDX.90D,2023-05-08,17.5371
EG.CONIA.IDX.90D,2023-05-09,17.5582
EG.CONIA.IDX.90D,2023-05-10,17.5794
EG.CONIA.IDX.90D,2023-05-11,17.6002
EG.CONIA.IDX.90D,2023-05-14,17.6609
EG.CONIA.IDX.90D,2023-05-15,17.6814
EG.CONIA.IDX.90D,2023-05-16,17.7033
EG.CONIA.IDX.90D,2023-05-17,17.7263
EG.CONIA.IDX.90D,2023-05-18,17.75
EG.CONIA.IDX.90D,2023-05-21,17.8208
EG.CONIA.IDX.90D,2023-05-22,17.8448
EG.CONIA.IDX.90D,2023-05-23,17.8661
EG.CONIA.IDX.90D,2023-05-24,17.888
EG.CONIA.IDX.90D,2023-05-25,17.9101
EG.CONIA.IDX.90D,2023-05-28,17.9758
EG.CONIA.IDX.90D,2023-05-29,17.9972
EG.CONIA.IDX.90D,2023-05-30,18.019
EG.CONIA.IDX.90D,2023-05-31,18.0418
EG.CONIA.IDX.90D,2023-06-01,18.0654
EG.CONIA.IDX.90D,2023-06-04,18.135
EG.CONIA.IDX.90D,2023-06-05,18.1588
EG.CONIA.IDX.90D,2023-06-06,18.1804
EG.CONIA.IDX.90D,2023-06-07,18.2016
EG.CONIA.IDX.90D,2023-06-08,18.2228
EG.CONIA.IDX.90D,2023-06-11,18.2858
EG.CONIA.IDX.90D,2023-06-12,18.3073
EG.CONIA.IDX.90D,2023-06-13,18.3289
EG.CONIA.IDX.90D,2023-06-14,18.3526
EG.CONIA.IDX.90D,2023-06-15,18.3766
EG.CONIA.IDX.90D,2023-06-18,18.447
EG.CONIA.IDX.90D,2023-06-19,18.4707
EG.CONIA.IDX.90D,2023-06-20,18.4924
EG.CONIA.IDX.90D,2023-06-21,18.5152
EG.CONIA.IDX.90D,2023-06-22,18.5379
EG.CONIA.IDX.90D,2023-06-25,18.6052
EG.CONIA.IDX.90D,2023-06-26,18.6276
EG.CONIA.IDX.90D,2023-07-04,18.7391
EG.CONIA.IDX.90D,2023-07-05,18.74
EG.CONIA.IDX.90D,2023-07-06,18.7408
EG.CONIA.IDX.90D,2023-07-09,18.7402
EG.CONIA.IDX.90D,2023-07-10,18.7398
EG.CONIA.IDX.90D,2023-07-11,18.7395
EG.CONIA.IDX.90D,2023-07-12,18.7407
EG.CONIA.IDX.90D,2023-07-13,18.742
EG.CONIA.IDX.90D,2023-07-16,18.7457
EG.CONIA.IDX.90D,2023-07-17,18.7463
EG.CONIA.IDX.90D,2023-07-18,18.7465
EG.CONIA.IDX.90D,2023-07-19,18.7476
EG.CONIA.IDX.90D,2023-07-24,18.7511
EG.CONIA.IDX.90D,2023-07-25,18.7507
EG.CONIA.IDX.90D,2023-07-26,18.7522
EG.CONIA.IDX.90D,2023-07-27,18.7538
EG.CONIA.IDX.90D,2023-07-30,18.7568
EG.CONIA.IDX.90D,2023-07-31,18.7576
EG.CONIA.IDX.90D,2023-08-01,18.7576
EG.CONIA.IDX.90D,2023-08-02,18.7584
EG.CONIA.IDX.90D,2023-08-03,18.7582
EG.CONIA.IDX.90D,2023-08-06,18.7559
EG.CONIA.IDX.90D,2023-08-07,18.7664
EG.CONIA.IDX.90D,2023-08-08,18.7766
EG.CONIA.IDX.90D,2023-08-09,18.789
EG.CONIA.IDX.90D,2023-08-10,18.8017
EG.CONIA.IDX.90D,2023-08-13,18.8382
EG.CONIA.IDX.90D,2023-08-14,18.8505
EG.CONIA.IDX.90D,2023-08-15,18.8611
EG.CONIA.IDX.90D,2023-08-16,18.8719
EG.CONIA.IDX.90D,2023-08-17,18.8828
EG.CONIA.IDX.90D,2023-08-20,18.9147
EG.CONIA.IDX.90D,2023-08-21,18.9257
EG.CONIA.IDX.90D,2023-08-22,18.9371
EG.CONIA.IDX.90D,2023-08-23,18.9501
EG.CONIA.IDX.90D,2023-08-24,18.9629
EG.CONIA.IDX.90D,2023-08-27,19.0001
EG.CONIA.IDX.90D,2023-08-28,19.0122
EG.CONIA.IDX.90D,2023-08-29,19.0234
EG.CONIA.IDX.90D,2023-08-30,19.0364
EG.CONIA.IDX.90D,2023-08-31,19.0506
EG.CONIA.IDX.90D,2023-09-03,19.0868
EG.CONIA.IDX.90D,2023-09-04,19.098
EG.CONIA.IDX.90D,2023-09-05,19.1095
EG.CONIA.IDX.90D,2023-09-06,19.1221
EG.CONIA.IDX.90D,2023-09-07,19.1346
EG.CONIA.IDX.90D,2023-09-10,19.1712
EG.CONIA.IDX.90D,2023-09-11,19.1836
EG.CONIA.IDX.90D,2023-09-12,19.1946
EG.CONIA.IDX.90D,2023-09-13,19.2056
EG.CONIA.IDX.90D,2023-09-14,19.2168
EG.CONIA.IDX.90D,2023-09-17,19.2499
EG.CONIA.IDX.90D,2023-09-18,19.2612
EG.CONIA.IDX.90D,2023-09-19,19.2725
EG.CONIA.IDX.90D,2023-09-20,19.2866
EG.CONIA.IDX.90D,2023-09-21,19.3013
EG.CONIA.IDX.90D,2023-09-24,19.3452
EG.CONIA.IDX.90D,2023-09-25,19.3587
EG.CONIA.IDX.90D,2023-09-26,19.3719
EG.CONIA.IDX.90D,2023-09-27,19.3853
EG.CONIA.IDX.90D,2023-10-01,19.4371
EG.CONIA.IDX.90D,2023-10-02,19.4497
EG.CONIA.IDX.90D,2023-10-03,19.4601
EG.CONIA.IDX.90D,2023-10-04,19.4728
EG.CONIA.IDX.90D,2023-10-08,19.5274
EG.CONIA.IDX.90D,2023-10-09,19.54
EG.CONIA.IDX.90D,2023-10-10,19.5512
EG.CONIA.IDX.90D,2023-10-11,19.5629
EG.CONIA.IDX.90D,2023-10-12,19.5746
EG.CONIA.IDX.90D,2023-10-15,19.6073
EG.CONIA.IDX.90D,2023-10-16,19.6182
EG.CONIA.IDX.90D,2023-10-17,19.6289
EG.CONIA.IDX.90D,2023-10-18,19.641
EG.CONIA.IDX.90D,2023-10-19,19.6531
EG.CONIA.IDX.90D,2023-10-22,19.6874
EG.CONIA.IDX.90D,2023-10-23,19.7
EG.CONIA.IDX.90D,2023-10-24,19.7107
EG.CONIA.IDX.90D,2023-10-25,19.7222
EG.CONIA.IDX.90D,2023-10-26,19.7342
EG.CONIA.IDX.90D,2023-10-29,19.7669
EG.CONIA.IDX.90D,2023-10-30,19.7781
EG.CONIA.IDX.90D,2023-10-31,19.7886
EG.CONIA.IDX.90D,2023-11-01,19.8021
EG.CONIA.IDX.90D,2023-11-02,19.816
EG.CONIA.IDX.90D,2023-11-05,19.8434
EG.CONIA.IDX.90D,2023-11-06,19.8451
EG.CONIA.IDX.90D,2023-11-07,19.8455
EG.CONIA.IDX.90D,2023-11-08,19.8461
EG.CONIA.IDX.90D,2023-11-09,19.8467
EG.CONIA.IDX.90D,2023-11-12,19.845
EG.CONIA.IDX.90D,2023-11-13,19.8446
EG.CONIA.IDX.90D,2023-11-14,19.8444
EG.CONIA.IDX.90D,2023-11-15,19.8461
EG.CONIA.IDX.90D,2023-11-16,19.8478
EG.CONIA.IDX.90D,2023-11-19,19.8519
EG.CONIA.IDX.90D,2023-11-20,19.8533
EG.CONIA.IDX.90D,2023-11-21,19.8532
EG.CONIA.IDX.90D,2023-11-22,19.8544
EG.CONIA.IDX.90D,2023-11-23,19.8558
EG.CONIA.IDX.90D,2023-11-26,19.8556
EG.CONIA.IDX.90D,2023-11-27,19.8551
EG.CONIA.IDX.90D,2023-11-28,19.8528
EG.CONIA.IDX.90D,2023-11-29,19.8524
EG.CONIA.IDX.90D,2023-11-30,19.8523
EG.CONIA.IDX.90D,2023-12-03,19.8521
EG.CONIA.IDX.90D,2023-12-04,19.8526
EG.CONIA.IDX.90D,2023-12-05,19.8522
EG.CONIA.IDX.90D,2023-12-06,19.852
EG.CONIA.IDX.90D,2023-12-07,19.8516
EG.CONIA.IDX.90D,2023-12-10,19.8494
EG.CONIA.IDX.90D,2023-12-11,19.8488
EG.CONIA.IDX.90D,2023-12-12,19.8486
EG.CONIA.IDX.90D,2023-12-13,19.8491
EG.CONIA.IDX.90D,2023-12-14,19.8494
EG.CONIA.IDX.90D,2023-12-17,19.849
EG.CONIA.IDX.90D,2023-12-18,19.8489
EG.CONIA.IDX.90D,2023-12-19,19.8461
EG.CONIA.IDX.90D,2023-12-20,19.843
EG.CONIA.IDX.90D,2023-12-21,19.84
EG.CONIA.IDX.90D,2023-12-24,19.832
EG.CONIA.IDX.90D,2023-12-25,19.8308
EG.CONIA.IDX.90D,2023-12-26,19.8294
EG.CONIA.IDX.90D,2023-12-27,19.8291
EG.CONIA.IDX.90D,2023-12-28,19.8287
EG.CONIA.IDX.90D,2023-12-31,19.8261
EG.CONIA.IDX.90D,2024-01-02,19.8251
EG.CONIA.IDX.90D,2024-01-03,19.8236
EG.CONIA.IDX.90D,2024-01-04,19.822
EG.CONIA.IDX.90D,2024-01-08,19.8159
EG.CONIA.IDX.90D,2024-01-09,19.8149
EG.CONIA.IDX.90D,2024-01-10,19.8145
EG.CONIA.IDX.90D,2024-01-11,19.8151
EG.CONIA.IDX.90D,2024-01-14,19.8152
EG.CONIA.IDX.90D,2024-01-15,19.8152
EG.CONIA.IDX.90D,2024-01-16,19.8143
EG.CONIA.IDX.90D,2024-01-17,19.8131
EG.CONIA.IDX.90D,2024-01-18,19.8125
EG.CONIA.IDX.90D,2024-01-21,19.8097
EG.CONIA.IDX.90D,2024-01-22,19.8087
EG.CONIA.IDX.90D,2024-01-23,19.8074
EG.CONIA.IDX.90D,2024-01-24,19.8069
EG.CONIA.IDX.90D,2024-01-28,19.8072
EG.CONIA.IDX.90D,2024-01-29,19.8073
EG.CONIA.IDX.90D,2024-01-30,19.8052
EG.CONIA.IDX.90D,2024-01-31,19.8033
EG.CONIA.IDX.90D,2024-02-01,19.8021
EG.CONIA.IDX.90D,2024-02-04,19.7967
EG.CONIA.IDX.90D,2024-02-05,19.818
EG.CONIA.IDX.90D,2024-02-06,19.8393
EG.CONIA.IDX.90D,2024-02-07,19.8615
EG.CONIA.IDX.90D,2024-02-08,19.8847
EG.CONIA.IDX.90D,2024-02-11,19.9534
EG.CONIA.IDX.90D,2024-02-12,19.9763
EG.CONIA.IDX.90D,2024-02-13,19.9975
EG.CONIA.IDX.90D,2024-02-14,20.0192
EG.CONIA.IDX.90D,2024-02-15,20.0411
EG.CONIA.IDX.90D,2024-02-18,20.1052
EG.CONIA.IDX.90D,2024-02-19,20.1267
EG.CONIA.IDX.90D,2024-02-20,20.1474
EG.CONIA.IDX.90D,2024-02-21,20.1687
EG.CONIA.IDX.90D,2024-02-22,20.1916
EG.CONIA.IDX.90D,2024-02-25,20.2594
EG.CONIA.IDX.90D,2024-02-26,20.2826
EG.CONIA.IDX.90D,2024-02-27,20.3031
EG.CONIA.IDX.90D,2024-02-28,20.3256
EG.CONIA.IDX.90D,2024-02-29,20.3483
EG.CONIA.IDX.90D,2024-03-03,20.4155
EG.CONIA.IDX.90D,2024-03-04,20.4379
EG.CONIA.IDX.90D,2024-03-05,20.4607
EG.CONIA.IDX.90D,2024-03-06,20.4891
EG.CONIA.IDX.90D,2024-03-07,20.5854
EG.CONIA.IDX.90D,2024-03-10,20.8795
EG.CONIA.IDX.90D,2024-03-11,20.9775
EG.CONIA.IDX.90D,2024-03-12,21.0745
EG.CONIA.IDX.90D,2024-03-13,21.1715
EG.CONIA.IDX.90D,2024-03-14,21.2668
EG.CONIA.IDX.90D,2024-03-17,21.55
EG.CONIA.IDX.90D,2024-03-18,21.6436
EG.CONIA.IDX.90D,2024-03-19,21.7371
EG.CONIA.IDX.90D,2024-03-20,21.8322
EG.CONIA.IDX.90D,2024-03-21,21.9267
EG.CONIA.IDX.90D,2024-03-24,22.208
EG.CONIA.IDX.90D,2024-03-25,22.3022
EG.CONIA.IDX.90D,2024-03-26,22.3954
EG.CONIA.IDX.90D,2024-03-27,22.4888
EG.CONIA.IDX.90D,2024-03-28,22.5826
EG.CONIA.IDX.90D,2024-03-31,22.8622
EG.CONIA.IDX.90D,2024-04-01,22.9557
EG.CONIA.IDX.90D,2024-04-02,23.0492
EG.CONIA.IDX.90D,2024-04-03,23.1427
EG.CONIA.IDX.90D,2024-04-04,23.2371
EG.CONIA.IDX.90D,2024-04-07,23.5183
EG.CONIA.IDX.90D,2024-04-08,23.6123
EG.CONIA.IDX.90D,2024-04-15,24.2648
EG.CONIA.IDX.90D,2024-04-16,24.3589
EG.CONIA.IDX.90D,2024-04-17,24.4529
EG.CONIA.IDX.90D,2024-04-18,24.5472
EG.CONIA.IDX.90D,2024-04-21,24.8293
EG.CONIA.IDX.90D,2024-04-22,24.9232
EG.CONIA.IDX.90D,2024-04-23,25.0164
EG.CONIA.IDX.90D,2024-04-24,25.1104
EG.CONIA.IDX.90D,2024-04-28,25.4837
EG.CONIA.IDX.90D,2024-04-29,25.5777
EG.CONIA.IDX.90D,2024-04-30,25.6716
EG.CONIA.IDX.90D,2024-05-01,25.7665
EG.CONIA.IDX.90D,2024-05-02,25.8615
EG.CONIA.IDX.90D,2024-05-07,26.2677
EG.CONIA.IDX.90D,2024-05-08,26.3393
EG.CONIA.IDX.90D,2024-05-09,26.4108
EG.CONIA.IDX.90D,2024-05-12,26.6231
EG.CONIA.IDX.90D,2024-05-13,26.6943
EG.CONIA.IDX.90D,2024-05-14,26.765
EG.CONIA.IDX.90D,2024-05-15,26.8364
EG.CONIA.IDX.90D,2024-05-16,26.9089
EG.CONIA.IDX.90D,2024-05-19,27.1266
EG.CONIA.IDX.90D,2024-05-20,27.1994
EG.CONIA.IDX.90D,2024-05-21,27.2713
EG.CONIA.IDX.90D,2024-05-22,27.3426
EG.CONIA.IDX.90D,2024-05-23,27.4136
EG.CONIA.IDX.90D,2024-05-26,27.6259
EG.CONIA.IDX.90D,2024-05-27,27.6969
EG.CONIA.IDX.90D,2024-05-28,27.7676
EG.CONIA.IDX.90D,2024-05-29,27.8388
EG.CONIA.IDX.90D,2024-05-30,27.9117
EG.CONIA.IDX.90D,2024-06-02,28.1299
EG.CONIA.IDX.90D,2024-06-03,28.2021
EG.CONIA.IDX.90D,2024-06-04,28.2692
EG.CONIA.IDX.90D,2024-06-05,28.2662
EG.CONIA.IDX.90D,2024-06-06,28.2616
EG.CONIA.IDX.90D,2024-06-09,28.2456
EG.CONIA.IDX.90D,2024-06-10,28.2411
EG.CONIA.IDX.90D,2024-06-11,28.2369
EG.CONIA.IDX.90D,2024-06-12,28.2352
EG.CONIA.IDX.90D,2024-06-13,28.2345
EG.CONIA.IDX.90D,2024-06-23,28.2173
EG.CONIA.IDX.90D,2024-06-24,28.2168
EG.CONIA.IDX.90D,2024-06-25,28.216
EG.CONIA.IDX.90D,2024-06-26,28.2166
EG.CONIA.IDX.90D,2024-06-27,28.2175
EG.CONIA.IDX.90D,2024-07-01,28.2205
EG.CONIA.IDX.90D,2024-07-02,28.2202
EG.CONIA.IDX.90D,2024-07-03,28.2198
EG.CONIA.IDX.90D,2024-07-04,28.2201
EG.CONIA.IDX.90D,2024-07-07,28.2193
EG.CONIA.IDX.90D,2024-07-08,28.2206
EG.CONIA.IDX.90D,2024-07-09,28.2212
EG.CONIA.IDX.90D,2024-07-10,28.2218
EG.CONIA.IDX.90D,2024-07-14,28.2207
EG.CONIA.IDX.90D,2024-07-15,28.2206
EG.CONIA.IDX.90D,2024-07-16,28.2206
EG.CONIA.IDX.90D,2024-07-17,28.2206
EG.CONIA.IDX.90D,2024-07-18,28.2209
EG.CONIA.IDX.90D,2024-07-21,28.22
EG.CONIA.IDX.90D,2024-07-22,28.2205
EG.CONIA.IDX.90D,2024-07-23,28.2205
EG.CONIA.IDX.90D,2024-07-24,28.2215
EG.CONIA.IDX.90D,2024-07-28,28.2216
EG.CONIA.IDX.90D,2024-07-29,28.2218
EG.CONIA.IDX.90D,2024-07-30,28.2211
EG.CONIA.IDX.90D,2024-07-31,28.2208
EG.CONIA.IDX.90D,2024-08-01,28.2204
EG.CONIA.IDX.90D,2024-08-04,28.217
EG.CONIA.IDX.90D,2024-08-05,28.2155
EG.CONIA.IDX.90D,2024-08-06,28.2147
EG.CONIA.IDX.90D,2024-08-07,28.2148
EG.CONIA.IDX.90D,2024-08-08,28.2159
EG.CONIA.IDX.90D,2024-08-11,28.2182
EG.CONIA.IDX.90D,2024-08-12,28.2192
EG.CONIA.IDX.90D,2024-08-13,28.2196
EG.CONIA.IDX.90D,2024-08-14,28.2192
EG.CONIA.IDX.90D,2024-08-15,28.2184
EG.CONIA.IDX.90D,2024-08-18,28.2144
EG.CONIA.IDX.90D,2024-08-19,28.2134
EG.CONIA.IDX.90D,2024-08-20,28.2129
EG.CONIA.IDX.90D,2024-08-21,28.2133
EG.CONIA.IDX.90D,2024-08-22,28.2141
EG.CONIA.IDX.90D,2024-08-25,28.2149
EG.CONIA.IDX.90D,2024-08-26,28.2154
EG.CONIA.IDX.90D,2024-08-27,28.2156
EG.CONIA.IDX.90D,2024-08-28,28.215
EG.CONIA.IDX.90D,2024-08-29,28.2141
EG.CONIA.IDX.90D,2024-09-01,28.2103
EG.CONIA.IDX.90D,2024-09-02,28.2094
EG.CONIA.IDX.90D,2024-09-03,28.2093
EG.CONIA.IDX.90D,2024-09-04,28.2105
EG.CONIA.IDX.90D,2024-09-05,28.2122
EG.CONIA.IDX.90D,2024-09-08,28.215
EG.CONIA.IDX.90D,2024-09-09,28.2157
EG.CONIA.IDX.90D,2024-09-10,28.2163
EG.CONIA.IDX.90D,2024-09-11,28.2171
EG.CONIA.IDX.90D,2024-09-12,28.2197
EG.CONIA.IDX.90D,2024-09-16,28.2258
EG.CONIA.IDX.90D,2024-09-17,28.227
EG.CONIA.IDX.90D,2024-09-18,28.2287
EG.CONIA.IDX.90D,2024-09-19,28.2304
EG.CONIA.IDX.90D,2024-09-22,28.2333
EG.CONIA.IDX.90D,2024-09-23,28.2344
EG.CONIA.IDX.90D,2024-09-24,28.2339
EG.CONIA.IDX.90D,2024-09-25,28.2345
EG.CONIA.IDX.90D,2024-09-26,28.2349
EG.CONIA.IDX.90D,2024-09-29,28.2322
EG.CONIA.IDX.90D,2024-09-30,28.2325
EG.CONIA.IDX.90D,2024-10-01,28.2326
EG.CONIA.IDX.90D,2024-10-02,28.2344
EG.CONIA.IDX.90D,2024-10-03,28.2378
EG.CONIA.IDX.90D,2024-10-07,28.2458
EG.CONIA.IDX.90D,2024-10-08,28.248
EG.CONIA.IDX.90D,2024-10-09,28.2501
EG.CONIA.IDX.90D,2024-10-10,28.2511
EG.CONIA.IDX.90D,2024-10-13,28.2512
EG.CONIA.IDX.90D,2024-10-14,28.2514
EG.CONIA.IDX.90D,2024-10-15,28.2516
EG.CONIA.IDX.90D,2024-10-16,28.2534
EG.CONIA.IDX.90D,2024-10-17,28.2567
EG.CONIA.IDX.90D,2024-10-20,28.2644
EG.CONIA.IDX.90D,2024-10-21,28.2665
EG.CONIA.IDX.90D,2024-10-22,28.2692
EG.CONIA.IDX.90D,2024-10-23,28.2724
EG.CONIA.IDX.90D,2024-10-24,28.2747
EG.CONIA.IDX.90D,2024-10-27,28.2779
EG.CONIA.IDX.90D,2024-10-28,28.2784
EG.CONIA.IDX.90D,2024-10-29,28.2787
EG.CONIA.IDX.90D,2024-10-30,28.283
EG.CONIA.IDX.90D,2024-10-31,28.287
EG.CONIA.IDX.90D,2024-11-03,28.2977
EG.CONIA.IDX.90D,2024-11-04,28.3008
EG.CONIA.IDX.90D,2024-11-05,28.3038
EG.CONIA.IDX.90D,2024-11-06,28.3056
EG.CONIA.IDX.90D,2024-11-07,28.3072
EG.CONIA.IDX.90D,2024-11-10,28.3098
EG.CONIA.IDX.90D,2024-11-11,28.3097
EG.CONIA.IDX.90D,2024-11-12,28.3095
EG.CONIA.IDX.90D,2024-11-13,28.3125
EG.CONIA.IDX.90D,2024-11-14,28.3163
EG.CONIA.IDX.90D,2024-11-17,28.325
EG.CONIA.IDX.90D,2024-11-18,28.3284
EG.CONIA.IDX.90D,2024-11-19,28.3314
EG.CONIA.IDX.90D,2024-11-20,28.3337
EG.CONIA.IDX.90D,2024-11-21,28.3357
EG.CONIA.IDX.90D,2024-11-24,28.3386
EG.CONIA.IDX.90D,2024-11-25,28.3387
EG.CONIA.IDX.90D,2024-11-26,28.3383
EG.CONIA.IDX.90D,2024-11-27,28.3403
EG.CONIA.IDX.90D,2024-11-28,28.3429
EG.CONIA.IDX.90D,2024-12-01,28.3527
EG.CONIA.IDX.90D,2024-12-02,28.356
EG.CONIA.IDX.90D,2024-12-03,28.3582
EG.CONIA.IDX.90D,2024-12-04,28.3595
EG.CONIA.IDX.90D,2024-12-05,28.361
EG.CONIA.IDX.90D,2024-12-08,28.3623
EG.CONIA.IDX.90D,2024-12-09,28.362
EG.CONIA.IDX.90D,2024-12-10,28.3613
EG.CONIA.IDX.90D,2024-12-11,28.3633
EG.CONIA.IDX.90D,2024-12-12,28.3662
EG.CONIA.IDX.90D,2024-12-15,28.3747
EG.CONIA.IDX.90D,2024-12-16,28.3766
EG.CONIA.IDX.90D,2024-12-17,28.3783
EG.CONIA.IDX.90D,2024-12-18,28.3788
EG.CONIA.IDX.90D,2024-12-19,28.3795
EG.CONIA.IDX.90D,2024-12-22,28.3783
EG.CONIA.IDX.90D,2024-12-23,28.3782
EG.CONIA.IDX.90D,2024-12-24,28.3773
EG.CONIA.IDX.90D,2024-12-25,28.3783
EG.CONIA.IDX.90D,2024-12-26,28.3808
EG.CONIA.IDX.90D,2024-12-29,28.3847
EG.CONIA.IDX.90D,2024-12-30,28.3858
EG.CONIA.IDX.90D,2024-12-31,28.3859
EG.CONIA.IDX.90D,2025-01-02,28.3822
EG.CONIA.IDX.90D,2025-01-05,28.3752
EG.CONIA.IDX.90D,2025-01-06,28.3734
EG.CONIA.IDX.90D,2025-01-08,28.3716
EG.CONIA.IDX.90D,2025-01-09,28.3742
EG.CONIA.IDX.90D,2025-01-12,28.3824
EG.CONIA.IDX.90D,2025-01-13,28.3852
EG.CONIA.IDX.90D,2025-01-14,28.3866
EG.CONIA.IDX.90D,2025-01-15,28.3871
EG.CONIA.IDX.90D,2025-01-16,28.388
EG.CONIA.IDX.90D,2025-01-19,28.389
EG.CONIA.IDX.90D,2025-01-20,28.3895
EG.CONIA.IDX.90D,2025-01-21,28.3899
EG.CONIA.IDX.90D,2025-01-22,28.3926
EG.CONIA.IDX.90D,2025-01-23,28.3958
EG.CONIA.IDX.90D,2025-01-26,28.4053
EG.CONIA.IDX.90D,2025-01-27,28.4092
EG.CONIA.IDX.90D,2025-01-28,28.41
EG.CONIA.IDX.90D,2025-01-29,28.411
EG.CONIA.IDX.90D,2025-01-30,28.4118
EG.CONIA.IDX.90D,2025-02-02,28.4124
EG.CONIA.IDX.90D,2025-02-03,28.4101
EG.CONIA.IDX.90D,2025-02-04,28.408
EG.CONIA.IDX.90D,2025-02-05,28.4104
EG.CONIA.IDX.90D,2025-02-06,28.4141
EG.CONIA.IDX.90D,2025-02-09,28.4258
EG.CONIA.IDX.90D,2025-02-10,28.4312
EG.CONIA.IDX.90D,2025-02-11,28.4335
EG.CONIA.IDX.90D,2025-02-12,28.4343
EG.CONIA.IDX.90D,2025-02-13,28.4352
EG.CONIA.IDX.90D,2025-02-16,28.4306
EG.CONIA.IDX.90D,2025-02-17,28.4279
EG.CONIA.IDX.90D,2025-02-18,28.4256
EG.CONIA.IDX.90D,2025-02-19,28.4284
EG.CONIA.IDX.90D,2025-02-20,28.431
EG.CONIA.IDX.90D,2025-02-23,28.4351
EG.CONIA.IDX.90D,2025-02-24,28.4388
EG.CONIA.IDX.90D,2025-02-25,28.4402
EG.CONIA.IDX.90D,2025-02-26,28.4412
EG.CONIA.IDX.90D,2025-02-27,28.44
EG.CONIA.IDX.90D,2025-03-02,28.4327
EG.CONIA.IDX.90D,2025-03-03,28.4296
EG.CONIA.IDX.90D,2025-03-04,28.4275
EG.CONIA.IDX.90D,2025-03-05,28.4303
EG.CONIA.IDX.90D,2025-03-06,28.4336
EG.CONIA.IDX.90D,2025-03-09,28.443
EG.CONIA.IDX.90D,2025-03-10,28.4469
EG.CONIA.IDX.90D,2025-03-11,28.4488
EG.CONIA.IDX.90D,2025-03-12,28.4493
EG.CONIA.IDX.90D,2025-03-13,28.4481
EG.CONIA.IDX.90D,2025-03-16,28.4417
EG.CONIA.IDX.90D,2025-03-17,28.4395
EG.CONIA.IDX.90D,2025-03-18,28.438
EG.CONIA.IDX.90D,2025-03-19,28.4389
EG.CONIA.IDX.90D,2025-03-20,28.4419
EG.CONIA.IDX.90D,2025-03-23,28.4452
EG.CONIA.IDX.90D,2025-03-24,28.4462
EG.CONIA.IDX.90D,2025-03-25,28.4465
EG.CONIA.IDX.90D,2025-03-26,28.446
EG.CONIA.IDX.90D,2025-03-27,28.4462
EG.CONIA.IDX.90D,2025-04-03,28.4455
EG.CONIA.IDX.90D,2025-04-06,28.4568
EG.CONIA.IDX.90D,2025-04-07,28.4601
EG.CONIA.IDX.90D,2025-04-08,28.4627
EG.CONIA.IDX.90D,2025-04-09,28.4627
EG.CONIA.IDX.90D,2025-04-10,28.4623
EG.CONIA.IDX.90D,2025-04-13,28.457
EG.CONIA.IDX.90D,2025-04-14,28.4543
EG.CONIA.IDX.90D,2025-04-15,28.4514
EG.CONIA.IDX.90D,2025-04-16,28.4498
EG.CONIA.IDX.90D,2025-04-17,28.4511
EG.CONIA.IDX.90D,2025-04-22,28.4548
EG.CONIA.IDX.90D,2025-04-23,28.4285
EG.CONIA.IDX.90D,2025-04-27,28.3194
EG.CONIA.IDX.90D,2025-04-28,28.2887
EG.CONIA.IDX.90D,2025-04-29,28.2581
EG.CONIA.IDX.90D,2025-04-30,28.2314
EG.CONIA.IDX.90D,2025-05-04,28.1326
EG.CONIA.IDX.90D,2025-05-05,28.1106
EG.CONIA.IDX.90D,2025-05-06,28.0849
EG.CONIA.IDX.90D,2025-05-07,28.0572
EG.CONIA.IDX.90D,2025-05-08,28.0298
EG.CONIA.IDX.90D,2025-05-11,27.9442
EG.CONIA.IDX.90D,2025-05-12,27.9133
EG.CONIA.IDX.90D,2025-05-13,27.8824
EG.CONIA.IDX.90D,2025-05-14,27.8565
EG.CONIA.IDX.90D,2025-05-15,27.8327
EG.CONIA.IDX.90D,2025-05-18,27.7624
EG.CONIA.IDX.90D,2025-05-19,27.74
EG.CONIA.IDX.90D,2025-05-20,27.7129
EG.CONIA.IDX.90D,2025-05-21,27.6866
EG.CONIA.IDX.90D,2025-05-22,27.6616
EG.CONIA.IDX.90D,2025-05-25,27.583
EG.CONIA.IDX.90D,2025-05-26,27.542
EG.CONIA.IDX.90D,2025-05-27,27.5004
EG.CONIA.IDX.90D,2025-05-28,27.465
EG.CONIA.IDX.90D,2025-05-29,27.4305
EG.CONIA.IDX.90D,2025-06-01,27.326
EG.CONIA.IDX.90D,2025-06-02,27.2921
EG.CONIA.IDX.90D,2025-06-03,27.2537
EG.CONIA.IDX.90D,2025-06-04,27.2157
EG.CONIA.IDX.90D,2025-06-10,26.9784
EG.CONIA.IDX.90D,2025-06-11,26.9432
EG.CONIA.IDX.90D,2025-06-12,26.9089
EG.CONIA.IDX.90D,2025-06-15,26.8056
EG.CONIA.IDX.90D,2025-06-16,26.7713
EG.CONIA.IDX.90D,2025-06-17,26.7346
EG.CONIA.IDX.90D,2025-06-18,26.6968
EG.CONIA.IDX.90D,2025-06-19,26.6602
EG.CONIA.IDX.90D,2025-06-22,26.5444
EG.CONIA.IDX.90D,2025-06-23,26.504
EG.CONIA.IDX.90D,2025-06-24,26.464
EG.CONIA.IDX.90D,2025-06-25,26.4288
EG.CONIA.IDX.90D,2025-06-29,26.2905
EG.CONIA.IDX.90D,2025-06-30,26.2549
EG.CONIA.IDX.90D,2025-07-01,26.2198
EG.CONIA.IDX.90D,2025-07-02,26.1841
EG.CONIA.IDX.90D,2025-07-06,26.0334
EG.CONIA.IDX.90D,2025-07-07,25.9961
EG.CONIA.IDX.90D,2025-07-08,25.9559
EG.CONIA.IDX.90D,2025-07-09,25.9189
EG.CONIA.IDX.90D,2025-07-10,25.8825
EG.CONIA.IDX.90D,2025-07-13,25.7739
EG.CONIA.IDX.90D,2025-07-14,25.7393
EG.CONIA.IDX.90D,2025-07-15,25.7037
EG.CONIA.IDX.90D,2025-07-16,25.6659
EG.CONIA.IDX.90D,2025-07-17,25.6278
EG.CONIA.IDX.90D,2025-07-20,25.5117
EG.CONIA.IDX.90D,2025-07-21,25.4725
EG.CONIA.IDX.90D,2025-07-22,25.4591
EG.CONIA.IDX.90D,2025-07-23,25.4487
EG.CONIA.IDX.90D,2025-07-27,25.409
EG.CONIA.IDX.90D,2025-07-28,25.4014
EG.CONIA.IDX.90D,2025-07-29,25.39
EG.CONIA.IDX.90D,2025-07-30,25.3782
EG.CONIA.IDX.90D,2025-07-31,25.3662
EG.CONIA.IDX.90D,2025-08-03,25.3303
EG.CONIA.IDX.90D,2025-08-04,25.3149
EG.CONIA.IDX.90D,2025-08-05,25.2994
EG.CONIA.IDX.90D,2025-08-06,25.2881
EG.CONIA.IDX.90D,2025-08-07,25.2779
EG.CONIA.IDX.90D,2025-08-10,25.2474
EG.CONIA.IDX.90D,2025-08-11,25.2401
EG.CONIA.IDX.90D,2025-08-12,25.2287
EG.CONIA.IDX.90D,2025-08-13,25.2171
EG.CONIA.IDX.90D,2025-08-14,25.2042
EG.CONIA.IDX.90D,2025-08-17,25.1657
EG.CONIA.IDX.90D,2025-08-18,25.1527
EG.CONIA.IDX.90D,2025-08-19,25.1377
EG.CONIA.IDX.90D,2025-08-20,25.1267
EG.CONIA.IDX.90D,2025-08-21,25.1164
EG.CONIA.IDX.90D,2025-08-24,25.0982
EG.CONIA.IDX.90D,2025-08-25,25.1024
EG.CONIA.IDX.90D,2025-08-26,25.1021
EG.CONIA.IDX.90D,2025-08-27,25.1021
EG.CONIA.IDX.90D,2025-08-28,25.1022
EG.CONIA.IDX.90D,2025-08-31,25.0966
EG.CONIA.IDX.90D,2025-09-01,25.0704
EG.CONIA.IDX.90D,2025-09-02,25.0434
EG.CONIA.IDX.90D,2025-09-03,25.0224
EG.CONIA.IDX.90D,2025-09-07,24.9379
EG.CONIA.IDX.90D,2025-09-08,24.9165
EG.CONIA.IDX.90D,2025-09-09,24.8938
EG.CONIA.IDX.90D,2025-09-10,24.8712
EG.CONIA.IDX.90D,2025-09-11,24.8488
EG.CONIA.IDX.90D,2025-09-14,24.7794
EG.CONIA.IDX.90D,2025-09-15,24.7541
EG.CONIA.IDX.90D,2025-09-16,24.7274
EG.CONIA.IDX.90D,2025-09-17,24.7062
EG.CONIA.IDX.90D,2025-09-18,24.6869
EG.CONIA.IDX.90D,2025-09-21,24.6284
EG.CONIA.IDX.90D,2025-09-22,24.61
EG.CONIA.IDX.90D,2025-09-23,24.5871
EG.CONIA.IDX.90D,2025-09-24,24.5636
EG.CONIA.IDX.90D,2025-09-25,24.5397
EG.CONIA.IDX.90D,2025-09-28,24.4627
EG.CONIA.IDX.90D,2025-09-29,24.4349
EG.CONIA.IDX.90D,2025-09-30,24.4074
EG.CONIA.IDX.90D,2025-10-01,24.3852
EG.CONIA.IDX.90D,2025-10-02,24.3629
EG.CONIA.IDX.90D,2025-10-05,24.2954
EG.CONIA.IDX.90D,2025-10-06,24.2646
EG.CONIA.IDX.90D,2025-10-07,24.2308
EG.CONIA.IDX.90D,2025-10-08,24.1968
EG.CONIA.IDX.90D,2025-10-12,24.0563
EG.CONIA.IDX.90D,2025-10-13,24.0179
EG.CONIA.IDX.90D,2025-10-14,23.9791
EG.CONIA.IDX.90D,2025-10-15,23.9455
EG.CONIA.IDX.90D,2025-10-16,23.9123
EG.CONIA.IDX.90D,2025-10-19,23.8112
EG.CONIA.IDX.90D,2025-10-20,23.7787
EG.CONIA.IDX.90D,2025-10-21,23.7445
EG.CONIA.IDX.90D,2025-10-22,23.7101
EG.CONIA.IDX.90D,2025-10-23,23.6746
EG.CONIA.IDX.90D,2025-10-26,23.5652
EG.CONIA.IDX.90D,2025-10-27,23.5267
EG.CONIA.IDX.90D,2025-10-28,23.4872
EG.CONIA.IDX.90D,2025-10-29,23.4532
EG.CONIA.IDX.90D,2025-10-30,23.4189
EG.CONIA.IDX.90D,2025-11-02,23.3185
EG.CONIA.IDX.90D,2025-11-03,23.2884
EG.CONIA.IDX.90D,2025-11-04,23.2539
EG.CONIA.IDX.90D,2025-11-05,23.2186
EG.CONIA.IDX.90D,2025-11-06,23.1834
EG.CONIA.IDX.90D,2025-11-09,23.0739
EG.CONIA.IDX.90D,2025-11-10,23.0346
EG.CONIA.IDX.90D,2025-11-11,22.9954
EG.CONIA.IDX.90D,2025-11-12,22.9623
EG.CONIA.IDX.90D,2025-11-13,22.9292
EG.CONIA.IDX.90D,2025-11-16,22.8293
EG.CONIA.IDX.90D,2025-11-17,22.799
EG.CONIA.IDX.90D,2025-11-18,22.7645
EG.CONIA.IDX.90D,2025-11-19,22.7302
EG.CONIA.IDX.90D,2025-11-20,22.696
EG.CONIA.IDX.90D,2025-11-23,22.5896
EG.CONIA.IDX.90D,2025-11-24,22.5525
EG.CONIA.IDX.90D,2025-11-25,22.513
EG.CONIA.IDX.90D,2025-11-26,22.4789
EG.CONIA.IDX.90D,2025-11-27,22.4463
EG.CONIA.IDX.90D,2025-11-30,22.3711
EG.CONIA.IDX.90D,2025-12-01,22.3636
EG.CONIA.IDX.90D,2025-12-02,22.3523
EG.CONIA.IDX.90D,2025-12-03,22.341
EG.CONIA.IDX.90D,2025-12-04,22.3296
EG.CONIA.IDX.90D,2025-12-07,22.2935
EG.CONIA.IDX.90D,2025-12-08,22.2813
EG.CONIA.IDX.90D,2025-12-09,22.268
EG.CONIA.IDX.90D,2025-12-10,22.2568
EG.CONIA.IDX.90D,2025-12-11,22.2461
EG.CONIA.IDX.90D,2025-12-14,22.2156
EG.CONIA.IDX.90D,2025-12-15,22.209
EG.CONIA.IDX.90D,2025-12-16,22.1978
EG.CONIA.IDX.90D,2025-12-17,22.1861
EG.CONIA.IDX.90D,2025-12-18,22.1748
EG.CONIA.IDX.90D,2025-12-21,22.1399
EG.CONIA.IDX.90D,2025-12-22,22.1283
EG.CONIA.IDX.90D,2025-12-23,22.1176
EG.CONIA.IDX.90D,2025-12-24,22.1085
EG.CONIA.IDX.90D,2025-12-25,22.1011
EG.CONIA.IDX.90D,2025-12-28,22.08
EG.CONIA.IDX.90D,2025-12-29,22.0624
EG.CONIA.IDX.90D,2025-12-30,22.0398
EG.CONIA.IDX.90D,2025-12-31,22.0175
EG.CONIA.IDX.90D,2026-01-04,21.9423
EG.CONIA.IDX.90D,2026-01-05,21.9317
EG.CONIA.IDX.90D,2026-01-06,21.9207
EG.CONIA.IDX.90D,2026-01-08,21.9043
EG.CONIA.IDX.90D,2026-01-11,21.8814
EG.CONIA.IDX.90D,2026-01-12,21.8751
EG.CONIA.IDX.90D,2026-01-13,21.8633
EG.CONIA.IDX.90D,2026-01-14,21.8523
EG.CONIA.IDX.90D,2026-01-15,21.8402
EG.CONIA.IDX.90D,2026-01-18,21.801
EG.CONIA.IDX.90D,2026-01-19,21.7855
EG.CONIA.IDX.90D,2026-01-20,21.7694
EG.CONIA.IDX.90D,2026-01-21,21.7582
EG.CONIA.IDX.90D,2026-01-22,21.7485
EG.CONIA.IDX.90D,2026-01-25,21.7232
EG.CONIA.IDX.90D,2026-01-26,21.7175
EG.CONIA.IDX.90D,2026-01-27,21.7066
EG.CONIA.IDX.90D,2026-01-28,21.6962
EG.CONIA.IDX.90D,2026-02-01,21.647
EG.CONIA.IDX.90D,2026-02-02,21.6322
EG.CONIA.IDX.90D,2026-02-03,21.616
EG.CONIA.IDX.90D,2026-02-04,21.6063
EG.CONIA.IDX.90D,2026-02-05,21.5981
EG.CONIA.IDX.90D,2026-02-08,21.5765
EG.CONIA.IDX.90D,2026-02-09,21.5715
EG.CONIA.IDX.90D,2026-02-10,21.5617
EG.CONIA.IDX.90D,2026-02-11,21.5514
EG.CONIA.IDX.90D,2026-02-12,21.5388
EG.CONIA.IDX.90D,2026-02-15,21.4941
EG.CONIA.IDX.90D,2026-02-16,21.4702
EG.CONIA.IDX.90D,2026-02-17,21.4481
EG.CONIA.IDX.90D,2026-02-18,21.4271
EG.CONIA.IDX.90D,2026-02-19,21.4052
EG.CONIA.IDX.90D,2026-02-22,21.345
EG.CONIA.IDX.90D,2026-02-23,21.3288
EG.CONIA.IDX.90D,2026-02-24,21.3081
EG.CONIA.IDX.90D,2026-02-25,21.2853
EG.CONIA.IDX.90D,2026-02-26,21.2632
EG.CONIA.IDX.90D,2026-03-01,21.1914
EG.CONIA.IDX.90D,2026-03-02,21.1653
EG.CONIA.IDX.90D,2026-03-03,21.1376
EG.CONIA.IDX.90D,2026-03-04,21.1154
EG.CONIA.IDX.90D,2026-03-05,21.0943
EG.CONIA.IDX.90D,2026-03-08,21.0322
EG.CONIA.IDX.90D,2026-03-09,21.0124
EG.CONIA.IDX.90D,2026-03-10,20.9911
EG.CONIA.IDX.90D,2026-03-11,20.9686
EG.CONIA.IDX.90D,2026-03-12,20.9466
EG.CONIA.IDX.90D,2026-03-15,20.8761
EG.CONIA.IDX.90D,2026-03-16,20.8489
EG.CONIA.IDX.90D,2026-03-17,20.8206
EG.CONIA.IDX.90D,2026-03-18,20.8001
EG.CONIA.IDX.90D,2026-03-24,20.6719
EG.CONIA.IDX.90D,2026-03-25,20.6487
EG.CONIA.IDX.90D,2026-03-26,20.6252
EG.CONIA.IDX.90D,2026-03-29,20.5652
EG.CONIA.IDX.90D,2026-03-30,20.5512
EG.CONIA.IDX.90D,2026-03-31,20.5352
EG.CONIA.IDX.90D,2026-04-01,20.5255
EG.CONIA.IDX.90D,2026-04-02,20.5153
EG.CONIA.IDX.90D,2026-04-05,20.4856
EG.CONIA.IDX.90D,2026-04-06,20.4772
EG.CONIA.IDX.90D,2026-04-07,20.4671
EG.CONIA.IDX.90D,2026-04-08,20.4559
EG.CONIA.IDX.90D,2026-04-09,20.4412
EG.CONIA.IDX.90D,2026-04-14,20.3797
EG.CONIA.IDX.90D,2026-04-15,20.3701
EG.CONIA.IDX.90D,2026-04-16,20.3606
EG.CONIA.IDX.90D,2026-04-19,20.3365
EG.CONIA.IDX.90D,2026-04-20,20.3293
EG.CONIA.IDX.90D,2026-04-21,20.317
EG.CONIA.IDX.90D,2026-04-22,20.3063
EG.CONIA.IDX.90D,2026-04-23,20.2936
EG.CONIA.IDX.90D,2026-04-26,20.2607
EG.CONIA.IDX.90D,2026-04-27,20.2443
EG.CONIA.IDX.90D,2026-04-28,20.2265
EG.CONIA.IDX.90D,2026-04-29,20.2171
EG.CONIA.IDX.90D,2026-04-30,20.207
EG.CONIA.IDX.90D,2026-05-03,20.1792
EG.CONIA.IDX.90D,2026-05-04,20.1741
EG.CONIA.IDX.90D,2026-05-05,20.164
EG.CONIA.IDX.90D,2026-05-06,20.1533
EG.CONIA.IDX.90D,2026-05-10,20.1144
EG.CONIA.IDX.90D,2026-05-11,20.0973
EG.CONIA.IDX.90D,2026-05-12,20.0803
EG.CONIA.IDX.90D,2026-05-13,20.0722
EG.CONIA.IDX.90D,2026-05-14,20.0658
EG.CONIA.IDX.90D,2026-05-17,20.0585
EG.CONIA.IDX.90D,2026-05-18,20.0605
EG.CONIA.IDX.90D,2026-05-19,20.0613
EG.CONIA.IDX.90D,2026-05-20,20.0645
EG.CONIA.IDX.90D,2026-05-21,20.0662
EG.CONIA.IDX.90D,2026-05-24,20.0689
EG.CONIA.IDX.90D,2026-05-25,20.0642
EG.CONIA.IDX.90D,2026-06-01,20.0981
EG.CONIA.IDX.90D,2026-06-02,20.1001
EG.CONIA.IDX.90D,2026-06-03,20.1016
EG.CONIA.IDX.90D,2026-06-04,20.1029
EG.CONIA.IDX.90D,2026-06-07,20.1054
EG.CONIA.IDX.90D,2026-06-08,20.1058
EG.CONIA.IDX.90D,2026-06-09,20.1067
EG.CONIA.IDX.90D,2026-06-10,20.1088
EG.CONIA.IDX.90D,2026-06-11,20.1127
EG.CONIA.IDX.90D,2026-06-14,20.1267
EG.CONIA.IDX.90D,2026-06-15,20.1355
EG.CONIA.IDX.90D,2026-06-16,20.1361
EG.CONIA.IDX.90D,2026-06-17,20.1391
EG.CONIA.IDX.90D,2026-06-21,20.145
EG.CONIA.IDX.90D,2026-06-22,20.1463
EG.CONIA.IDX.90D,2026-06-23,20.1485
EG.CONIA.IDX.90D,2026-06-24,20.1519
EG.CONIA.IDX.90D,2026-06-25,20.1558
EG.CONIA.IDX.90D,2026-06-28,20.1685
EG.CONIA.IDX.90D,2026-06-29,20.1758
EG.CONIA.IDX.90D,2026-06-30,20.1763
EG.CONIA.IDX.90D,2026-07-01,20.1773
EG.CONIA.IDX.90D,2026-07-05,20.1799
EG.CONIA.IDX.90D,2026-07-06,20.1809
EG.CONIA.IDX.90D,2026-07-07,20.1824
EG.CONIA.IDX.90D,2026-07-08,20.1881
EG.CONIA.IDX.90D,2026-07-09,20.1923
EG.CONIA.IDX.90D,2026-07-12,20.2027
EG.CONIA.IDX.90D,2026-07-13,20.2063
EG.CONIA.IDX.90D,2026-07-14,20.2089
EG.CONIA.IDX.90D,2026-07-15,20.2123
EG.CONIA.IDX.90D,2026-07-16,20.2149
EG.CONIA.IDX.90D,2026-07-19,20.2229
EG.CONIA.IDX.90D,2026-07-20,20.2265
EG.CONIA.IDX.90D,2026-07-21,20.2272
EG.CONIA.IDX.90D,2026-07-22,20.2315
EG.CONIA.IDX.90D,2026-07-26,20.2492
EG.CONIA.IDX.90D,2026-07-27,20.2579
EG.CONIA.IDX.90D,2026-07-28,20.2605
EG.CONIA.IDX.90D,2026-07-29,20.2634
EG.CONIA.IDX.90D,2026-07-30,20.2664
EG.CONIA.IDX.90D,2026-08-02,20.2735
EG.CONIA.IDX.90D,2026-08-03,20.2734
EG.CONIA.IDX.90D,2026-08-04,20.2715
EG.CONIA.IDX.90D,2026-08-05,20.2707
EG.CONIA.IDX.90D,2026-08-06,20.2697
EG.CONIA.IDX.90D,2026-08-09,20.2743
EG.CONIA.IDX.90D,2026-08-10,20.2803
EG.CONIA.IDX.90D,2026-08-11,20.279
EG.CONIA.IDX.90D,2026-08-12,20.2793
EG.CONIA.IDX.90D,2026-08-13,20.2748
EG.CONIA.IDX.90D,2026-08-16,20.2554
EG.CONIA.IDX.90D,2026-08-17,20.2482
EG.CONIA.IDX.90D,2026-08-18,20.2397
EG.CONIA.IDX.90D,2026-08-19,20.2369
EG.CONIA.IDX.90D,2026-08-20,20.2347
EG.CONIA.IDX.LEVEL,2017-01-02,1000.0
EG.CONIA.IDX.LEVEL,2017-01-03,1000.41289
EG.CONIA.IDX.LEVEL,2017-01-04,1000.82821
EG.CONIA.IDX.LEVEL,2017-01-05,1001.24347
EG.CONIA.IDX.LEVEL,2017-01-08,1002.49425
EG.CONIA.IDX.LEVEL,2017-01-09,1002.9114
EG.CONIA.IDX.LEVEL,2017-01-10,1003.3295
EG.CONIA.IDX.LEVEL,2017-01-11,1003.74832
EG.CONIA.IDX.LEVEL,2017-01-12,1004.17408
EG.CONIA.IDX.LEVEL,2017-01-15,1005.46034
EG.CONIA.IDX.LEVEL,2017-01-16,1005.88195
EG.CONIA.IDX.LEVEL,2017-01-17,1006.29915
EG.CONIA.IDX.LEVEL,2017-01-18,1006.72058
EG.CONIA.IDX.LEVEL,2017-01-19,1007.14274
EG.CONIA.IDX.LEVEL,2017-01-22,1008.42325
EG.CONIA.IDX.LEVEL,2017-01-23,1008.8514
EG.CONIA.IDX.LEVEL,2017-01-24,1009.27973
EG.CONIA.IDX.LEVEL,2017-01-26,1010.12822
EG.CONIA.IDX.LEVEL,2017-01-29,1011.39583
EG.CONIA.IDX.LEVEL,2017-01-30,1011.82297
EG.CONIA.IDX.LEVEL,2017-01-31,1012.24219
EG.CONIA.IDX.LEVEL,2017-02-01,1012.67234
EG.CONIA.IDX.LEVEL,2017-02-02,1013.10438
EG.CONIA.IDX.LEVEL,2017-02-05,1014.39982
EG.CONIA.IDX.LEVEL,2017-02-06,1014.83174
EG.CONIA.IDX.LEVEL,2017-02-07,1015.26436
EG.CONIA.IDX.LEVEL,2017-02-08,1015.70013
EG.CONIA.IDX.LEVEL,2017-02-09,1016.13188
EG.CONIA.IDX.LEVEL,2017-02-12,1017.42764
EG.CONIA.IDX.LEVEL,2017-02-13,1017.85361
EG.CONIA.IDX.LEVEL,2017-02-14,1018.28258
EG.CONIA.IDX.LEVEL,2017-02-15,1018.70746
EG.CONIA.IDX.LEVEL,2017-02-16,1019.14208
EG.CONIA.IDX.LEVEL,2017-02-19,1020.44561
EG.CONIA.IDX.LEVEL,2017-02-20,1020.88105
EG.CONIA.IDX.LEVEL,2017-02-21,1021.31071
EG.CONIA.IDX.LEVEL,2017-02-22,1021.7384
EG.CONIA.IDX.LEVEL,2017-02-23,1022.17569
EG.CONIA.IDX.LEVEL,2017-02-26,1023.5083
EG.CONIA.IDX.LEVEL,2017-02-27,1023.95296
EG.CONIA.IDX.LEVEL,2017-02-28,1024.38334
EG.CONIA.IDX.LEVEL,2017-03-01,1024.82851
EG.CONIA.IDX.LEVEL,2017-03-02,1025.27662
EG.CONIA.IDX.LEVEL,2017-03-05,1026.62219
EG.CONIA.IDX.LEVEL,2017-03-06,1027.06978
EG.CONIA.IDX.LEVEL,2017-03-07,1027.51896
EG.CONIA.IDX.LEVEL,2017-03-08,1027.95873
EG.CONIA.IDX.LEVEL,2017-03-09,1028.39693
EG.CONIA.IDX.LEVEL,2017-03-12,1029.70031
EG.CONIA.IDX.LEVEL,2017-03-13,1030.1292
EG.CONIA.IDX.LEVEL,2017-03-14,1030.55291
EG.CONIA.IDX.LEVEL,2017-03-15,1031.0027
EG.CONIA.IDX.LEVEL,2017-03-16,1031.45364
EG.CONIA.IDX.LEVEL,2017-03-19,1032.80373
EG.CONIA.IDX.LEVEL,2017-03-20,1033.25361
EG.CONIA.IDX.LEVEL,2017-03-21,1033.70368
EG.CONIA.IDX.LEVEL,2017-03-22,1034.15018
EG.CONIA.IDX.LEVEL,2017-03-23,1034.59447
EG.CONIA.IDX.LEVEL,2017-03-26,1035.9169
EG.CONIA.IDX.LEVEL,2017-03-27,1036.34945
EG.CONIA.IDX.LEVEL,2017-03-28,1036.78109
EG.CONIA.IDX.LEVEL,2017-03-29,1037.2274
EG.CONIA.IDX.LEVEL,2017-03-30,1037.67751
EG.CONIA.IDX.LEVEL,2017-04-02,1039.03448
EG.CONIA.IDX.LEVEL,2017-04-03,1039.48813
EG.CONIA.IDX.LEVEL,2017-04-04,1039.94242
EG.CONIA.IDX.LEVEL,2017-04-05,1040.39637
EG.CONIA.IDX.LEVEL,2017-04-06,1040.85
EG.CONIA.IDX.LEVEL,2017-04-09,1042.18298
EG.CONIA.IDX.LEVEL,2017-04-10,1042.62391
EG.CONIA.IDX.LEVEL,2017-04-11,1043.0599
EG.CONIA.IDX.LEVEL,2017-04-12,1043.5152
EG.CONIA.IDX.LEVEL,2017-04-13,1043.97217
EG.CONIA.IDX.LEVEL,2017-04-18,1046.22988
EG.CONIA.IDX.LEVEL,2017-04-19,1046.671
EG.CONIA.IDX.LEVEL,2017-04-20,1047.11082
EG.CONIA.IDX.LEVEL,2017-04-23,1048.41938
EG.CONIA.IDX.LEVEL,2017-04-24,1048.85621
EG.CONIA.IDX.LEVEL,2017-04-26,1049.72953
EG.CONIA.IDX.LEVEL,2017-04-27,1050.18694
EG.CONIA.IDX.LEVEL,2017-04-30,1051.56121
EG.CONIA.IDX.LEVEL,2017-05-02,1052.47605
EG.CONIA.IDX.LEVEL,2017-05-03,1052.93562
EG.CONIA.IDX.LEVEL,2017-05-04,1053.39186
EG.CONIA.IDX.LEVEL,2017-05-07,1054.76891
EG.CONIA.IDX.LEVEL,2017-05-08,1055.22798
EG.CONIA.IDX.LEVEL,2017-05-09,1055.68312
EG.CONIA.IDX.LEVEL,2017-05-10,1056.14611
EG.CONIA.IDX.LEVEL,2017-05-11,1056.60818
EG.CONIA.IDX.LEVEL,2017-05-14,1057.99317
EG.CONIA.IDX.LEVEL,2017-05-15,1058.45349
EG.CONIA.IDX.LEVEL,2017-05-16,1058.90663
EG.CONIA.IDX.LEVEL,2017-05-17,1059.36229
EG.CONIA.IDX.LEVEL,2017-05-18,1059.82095
EG.CONIA.IDX.LEVEL,2017-05-21,1061.21167
EG.CONIA.IDX.LEVEL,2017-05-22,1061.66853
EG.CONIA.IDX.LEVEL,2017-05-23,1062.17609
EG.CONIA.IDX.LEVEL,2017-05-24,1062.69828
EG.CONIA.IDX.LEVEL,2017-05-25,1063.22207
EG.CONIA.IDX.LEVEL,2017-05-28,1064.79453
EG.CONIA.IDX.LEVEL,2017-05-29,1065.31932
EG.CONIA.IDX.LEVEL,2017-05-30,1065.84428
EG.CONIA.IDX.LEVEL,2017-05-31,1066.36938
EG.CONIA.IDX.LEVEL,2017-06-01,1066.89397
EG.CONIA.IDX.LEVEL,2017-06-04,1068.464
EG.CONIA.IDX.LEVEL,2017-06-05,1068.97719
EG.CONIA.IDX.LEVEL,2017-06-06,1069.48231
EG.CONIA.IDX.LEVEL,2017-06-07,1070.00898
EG.CONIA.IDX.LEVEL,2017-06-08,1070.53369
EG.CONIA.IDX.LEVEL,2017-06-11,1072.1091
EG.CONIA.IDX.LEVEL,2017-06-12,1072.63619
EG.CONIA.IDX.LEVEL,2017-06-13,1073.1628
EG.CONIA.IDX.LEVEL,2017-06-14,1073.69221
EG.CONIA.IDX.LEVEL,2017-06-15,1074.22144
EG.CONIA.IDX.LEVEL,2017-06-18,1075.80872
EG.CONIA.IDX.LEVEL,2017-06-19,1076.33264
EG.CONIA.IDX.LEVEL,2017-06-20,1076.85327
EG.CONIA.IDX.LEVEL,2017-06-21,1077.38422
EG.CONIA.IDX.LEVEL,2017-06-22,1077.91629
EG.CONIA.IDX.LEVEL,2017-06-28,1081.11342
EG.CONIA.IDX.LEVEL,2017-07-02,1083.245
EG.CONIA.IDX.LEVEL,2017-07-03,1083.77937
EG.CONIA.IDX.LEVEL,2017-07-04,1084.30773
EG.CONIA.IDX.LEVEL,2017-07-05,1084.8434
EG.CONIA.IDX.LEVEL,2017-07-06,1085.379
EG.CONIA.IDX.LEVEL,2017-07-09,1086.98747
EG.CONIA.IDX.LEVEL,2017-07-10,1087.5845
EG.CONIA.IDX.LEVEL,2017-07-11,1088.1812
EG.CONIA.IDX.LEVEL,2017-07-12,1088.778
EG.CONIA.IDX.LEVEL,2017-07-13,1089.37344
EG.CONIA.IDX.LEVEL,2017-07-16,1091.12157
EG.CONIA.IDX.LEVEL,2017-07-17,1091.69249
EG.CONIA.IDX.LEVEL,2017-07-18,1092.2626
EG.CONIA.IDX.LEVEL,2017-07-19,1092.85976
EG.CONIA.IDX.LEVEL,2017-07-20,1093.45868
EG.CONIA.IDX.LEVEL,2017-07-24,1095.85724
EG.CONIA.IDX.LEVEL,2017-07-25,1096.45801
EG.CONIA.IDX.LEVEL,2017-07-26,1097.05688
EG.CONIA.IDX.LEVEL,2017-07-27,1097.65314
EG.CONIA.IDX.LEVEL,2017-07-30,1099.39194
EG.CONIA.IDX.LEVEL,2017-07-31,1099.96769
EG.CONIA.IDX.LEVEL,2017-08-01,1100.54244
EG.CONIA.IDX.LEVEL,2017-08-02,1101.13722
EG.CONIA.IDX.LEVEL,2017-08-03,1101.73387
EG.CONIA.IDX.LEVEL,2017-08-06,1103.48454
EG.CONIA.IDX.LEVEL,2017-08-07,1104.06682
EG.CONIA.IDX.LEVEL,2017-08-08,1104.65052
EG.CONIA.IDX.LEVEL,2017-08-09,1105.23189
EG.CONIA.IDX.LEVEL,2017-08-10,1105.81367
EG.CONIA.IDX.LEVEL,2017-08-13,1107.55478
EG.CONIA.IDX.LEVEL,2017-08-14,1108.13317
EG.CONIA.IDX.LEVEL,2017-08-15,1108.71187
EG.CONIA.IDX.LEVEL,2017-08-16,1109.29974
EG.CONIA.IDX.LEVEL,2017-08-17,1109.88447
EG.CONIA.IDX.LEVEL,2017-08-20,1111.64011
EG.CONIA.IDX.LEVEL,2017-08-21,1112.22509
EG.CONIA.IDX.LEVEL,2017-08-22,1112.81191
EG.CONIA.IDX.LEVEL,2017-08-23,1113.39857
EG.CONIA.IDX.LEVEL,2017-08-24,1113.9826
EG.CONIA.IDX.LEVEL,2017-08-27,1115.73732
EG.CONIA.IDX.LEVEL,2017-08-28,1116.31998
EG.CONIA.IDX.LEVEL,2017-08-29,1116.9058
EG.CONIA.IDX.LEVEL,2017-08-30,1117.49332
EG.CONIA.IDX.LEVEL,2017-09-05,1121.05118
EG.CONIA.IDX.LEVEL,2017-09-06,1121.64513
EG.CONIA.IDX.LEVEL,2017-09-07,1122.23721
EG.CONIA.IDX.LEVEL,2017-09-10,1124.00376
EG.CONIA.IDX.LEVEL,2017-09-11,1124.59088
EG.CONIA.IDX.LEVEL,2017-09-12,1125.17816
EG.CONIA.IDX.LEVEL,2017-09-13,1125.77457
EG.CONIA.IDX.LEVEL,2017-09-14,1126.37033
EG.CONIA.IDX.LEVEL,2017-09-17,1128.15813
EG.CONIA.IDX.LEVEL,2017-09-18,1128.75386
EG.CONIA.IDX.LEVEL,2017-09-19,1129.35009
EG.CONIA.IDX.LEVEL,2017-09-20,1129.94625
EG.CONIA.IDX.LEVEL,2017-09-24,1132.32138
EG.CONIA.IDX.LEVEL,2017-09-25,1132.91349
EG.CONIA.IDX.LEVEL,2017-09-26,1133.50461
EG.CONIA.IDX.LEVEL,2017-09-27,1134.10167
EG.CONIA.IDX.LEVEL,2017-09-28,1134.70006
EG.CONIA.IDX.LEVEL,2017-10-01,1136.49473
EG.CONIA.IDX.LEVEL,2017-10-02,1137.09593
EG.CONIA.IDX.LEVEL,2017-10-03,1137.69864
EG.CONIA.IDX.LEVEL,2017-10-04,1138.29921
EG.CONIA.IDX.LEVEL,2017-10-08,1140.70539
EG.CONIA.IDX.LEVEL,2017-10-09,1141.30634
EG.CONIA.IDX.LEVEL,2017-10-10,1141.90335
EG.CONIA.IDX.LEVEL,2017-10-11,1142.51613
EG.CONIA.IDX.LEVEL,2017-10-12,1143.13097
EG.CONIA.IDX.LEVEL,2017-10-15,1144.94465
EG.CONIA.IDX.LEVEL,2017-10-16,1145.55114
EG.CONIA.IDX.LEVEL,2017-10-17,1146.15406
EG.CONIA.IDX.LEVEL,2017-10-18,1146.76215
EG.CONIA.IDX.LEVEL,2017-10-19,1147.37029
EG.CONIA.IDX.LEVEL,2017-10-22,1149.18425
EG.CONIA.IDX.LEVEL,2017-10-23,1149.78637
EG.CONIA.IDX.LEVEL,2017-10-24,1150.38685
EG.CONIA.IDX.LEVEL,2017-10-25,1150.99341
EG.CONIA.IDX.LEVEL,2017-10-26,1151.60042
EG.CONIA.IDX.LEVEL,2017-10-29,1153.4205
EG.CONIA.IDX.LEVEL,2017-10-30,1154.02775
EG.CONIA.IDX.LEVEL,2017-10-31,1154.63475
EG.CONIA.IDX.LEVEL,2017-11-01,1155.24071
EG.CONIA.IDX.LEVEL,2017-11-02,1155.84875
EG.CONIA.IDX.LEVEL,2017-11-05,1157.67089
EG.CONIA.IDX.LEVEL,2017-11-06,1158.27648
EG.CONIA.IDX.LEVEL,2017-11-07,1158.88125
EG.CONIA.IDX.LEVEL,2017-11-08,1159.49178
EG.CONIA.IDX.LEVEL,2017-11-09,1160.10036
EG.CONIA.IDX.LEVEL,2017-11-12,1161.92676
EG.CONIA.IDX.LEVEL,2017-11-13,1162.53584
EG.CONIA.IDX.LEVEL,2017-11-14,1163.14538
EG.CONIA.IDX.LEVEL,2017-11-15,1163.75491
EG.CONIA.IDX.LEVEL,2017-11-16,1164.36447
EG.CONIA.IDX.LEVEL,2017-11-19,1166.19343
EG.CONIA.IDX.LEVEL,2017-11-20,1166.80277
EG.CONIA.IDX.LEVEL,2017-11-21,1167.41174
EG.CONIA.IDX.LEVEL,2017-11-22,1168.02369
EG.CONIA.IDX.LEVEL,2017-11-23,1168.63584
EG.CONIA.IDX.LEVEL,2017-11-26,1170.4819
EG.CONIA.IDX.LEVEL,2017-11-27,1171.09859
EG.CONIA.IDX.LEVEL,2017-11-28,1171.71595
EG.CONIA.IDX.LEVEL,2017-11-29,1172.33439
EG.CONIA.IDX.LEVEL,2017-12-03,1174.80715
EG.CONIA.IDX.LEVEL,2017-12-04,1175.42248
EG.CONIA.IDX.LEVEL,2017-12-05,1176.03589
EG.CONIA.IDX.LEVEL,2017-12-06,1176.65272
EG.CONIA.IDX.LEVEL,2017-12-07,1177.26994
EG.CONIA.IDX.LEVEL,2017-12-10,1179.13131
EG.CONIA.IDX.LEVEL,2017-12-11,1179.7525
EG.CONIA.IDX.LEVEL,2017-12-12,1180.3736
EG.CONIA.IDX.LEVEL,2017-12-13,1180.99431
EG.CONIA.IDX.LEVEL,2017-12-14,1181.6162
EG.CONIA.IDX.LEVEL,2017-12-17,1183.48411
EG.CONIA.IDX.LEVEL,2017-12-18,1184.10215
EG.CONIA.IDX.LEVEL,2017-12-19,1184.72029
EG.CONIA.IDX.LEVEL,2017-12-20,1185.34328
EG.CONIA.IDX.LEVEL,2017-12-21,1185.96644
EG.CONIA.IDX.LEVEL,2017-12-24,1187.8364
EG.CONIA.IDX.LEVEL,2017-12-25,1188.46023
EG.CONIA.IDX.LEVEL,2017-12-26,1189.08437
EG.CONIA.IDX.LEVEL,2017-12-27,1189.70839
EG.CONIA.IDX.LEVEL,2017-12-28,1190.33481
EG.CONIA.IDX.LEVEL,2017-12-31,1192.21748
EG.CONIA.IDX.LEVEL,2018-01-02,1193.47275
EG.CONIA.IDX.LEVEL,2018-01-03,1194.10034
EG.CONIA.IDX.LEVEL,2018-01-04,1194.72901
EG.CONIA.IDX.LEVEL,2018-01-08,1197.2516
EG.CONIA.IDX.LEVEL,2018-01-09,1197.88266
EG.CONIA.IDX.LEVEL,2018-01-10,1198.51644
EG.CONIA.IDX.LEVEL,2018-01-11,1199.14881
EG.CONIA.IDX.LEVEL,2018-01-14,1201.0427
EG.CONIA.IDX.LEVEL,2018-01-15,1201.67213
EG.CONIA.IDX.LEVEL,2018-01-16,1202.30013
EG.CONIA.IDX.LEVEL,2018-01-17,1202.93349
EG.CONIA.IDX.LEVEL,2018-01-18,1203.56696
EG.CONIA.IDX.LEVEL,2018-01-21,1205.46405
EG.CONIA.IDX.LEVEL,2018-01-22,1206.09927
EG.CONIA.IDX.LEVEL,2018-01-23,1206.73476
EG.CONIA.IDX.LEVEL,2018-01-24,1207.37112
EG.CONIA.IDX.LEVEL,2018-01-28,1209.91395
EG.CONIA.IDX.LEVEL,2018-01-29,1210.54628
EG.CONIA.IDX.LEVEL,2018-01-30,1211.17809
EG.CONIA.IDX.LEVEL,2018-01-31,1211.81448
EG.CONIA.IDX.LEVEL,2018-02-01,1212.45168
EG.CONIA.IDX.LEVEL,2018-02-04,1214.3618
EG.CONIA.IDX.LEVEL,2018-02-05,1214.99971
EG.CONIA.IDX.LEVEL,2018-02-06,1215.63818
EG.CONIA.IDX.LEVEL,2018-02-07,1216.27739
EG.CONIA.IDX.LEVEL,2018-02-08,1216.91422
EG.CONIA.IDX.LEVEL,2018-02-11,1218.82057
EG.CONIA.IDX.LEVEL,2018-02-12,1219.45633
EG.CONIA.IDX.LEVEL,2018-02-13,1220.09242
EG.CONIA.IDX.LEVEL,2018-02-14,1220.73106
EG.CONIA.IDX.LEVEL,2018-02-15,1221.36888
EG.CONIA.IDX.LEVEL,2018-02-18,1223.28252
EG.CONIA.IDX.LEVEL,2018-02-19,1223.88749
EG.CONIA.IDX.LEVEL,2018-02-20,1224.49308
EG.CONIA.IDX.LEVEL,2018-02-21,1225.09929
EG.CONIA.IDX.LEVEL,2018-02-22,1225.70778
EG.CONIA.IDX.LEVEL,2018-02-25,1227.54169
EG.CONIA.IDX.LEVEL,2018-02-26,1228.15526
EG.CONIA.IDX.LEVEL,2018-02-27,1228.7657
EG.CONIA.IDX.LEVEL,2018-02-28,1229.37849
EG.CONIA.IDX.LEVEL,2018-03-01,1229.99264
EG.CONIA.IDX.LEVEL,2018-03-04,1231.82806
EG.CONIA.IDX.LEVEL,2018-03-05,1232.44058
EG.CONIA.IDX.LEVEL,2018-03-06,1233.05167
EG.CONIA.IDX.LEVEL,2018-03-07,1233.66647
EG.CONIA.IDX.LEVEL,2018-03-08,1234.28281
EG.CONIA.IDX.LEVEL,2018-03-11,1236.12165
EG.CONIA.IDX.LEVEL,2018-03-12,1236.73377
EG.CONIA.IDX.LEVEL,2018-03-13,1237.34531
EG.CONIA.IDX.LEVEL,2018-03-14,1237.96242
EG.CONIA.IDX.LEVEL,2018-03-15,1238.58693
EG.CONIA.IDX.LEVEL,2018-03-18,1240.43471
EG.CONIA.IDX.LEVEL,2018-03-19,1241.05043
EG.CONIA.IDX.LEVEL,2018-03-20,1241.66545
EG.CONIA.IDX.LEVEL,2018-03-21,1242.27954
EG.CONIA.IDX.LEVEL,2018-03-22,1242.8937
EG.CONIA.IDX.LEVEL,2018-03-25,1244.74243
EG.CONIA.IDX.LEVEL,2018-03-26,1245.35789
EG.CONIA.IDX.LEVEL,2018-03-27,1245.97343
EG.CONIA.IDX.LEVEL,2018-03-28,1246.59128
EG.CONIA.IDX.LEVEL,2018-03-29,1247.2094
EG.CONIA.IDX.LEVEL,2018-04-01,1249.06929
EG.CONIA.IDX.LEVEL,2018-04-02,1249.655
EG.CONIA.IDX.LEVEL,2018-04-03,1250.2422
EG.CONIA.IDX.LEVEL,2018-04-04,1250.83796
EG.CONIA.IDX.LEVEL,2018-04-05,1251.43881
EG.CONIA.IDX.LEVEL,2018-04-10,1254.44448
EG.CONIA.IDX.LEVEL,2018-04-11,1255.03038
EG.CONIA.IDX.LEVEL,2018-04-12,1255.61479
EG.CONIA.IDX.LEVEL,2018-04-15,1257.37008
EG.CONIA.IDX.LEVEL,2018-04-16,1257.95612
EG.CONIA.IDX.LEVEL,2018-04-17,1258.54298
EG.CONIA.IDX.LEVEL,2018-04-18,1259.13045
EG.CONIA.IDX.LEVEL,2018-04-19,1259.7198
EG.CONIA.IDX.LEVEL,2018-04-22,1261.48839
EG.CONIA.IDX.LEVEL,2018-04-23,1262.07711
EG.CONIA.IDX.LEVEL,2018-04-24,1262.66533
EG.CONIA.IDX.LEVEL,2018-04-26,1263.84806
EG.CONIA.IDX.LEVEL,2018-04-29,1265.62636
EG.CONIA.IDX.LEVEL,2018-04-30,1266.21932
EG.CONIA.IDX.LEVEL,2018-05-02,1267.40624
EG.CONIA.IDX.LEVEL,2018-05-03,1268.00083
EG.CONIA.IDX.LEVEL,2018-05-06,1269.79389
EG.CONIA.IDX.LEVEL,2018-05-07,1270.39086
EG.CONIA.IDX.LEVEL,2018-05-08,1270.98592
EG.CONIA.IDX.LEVEL,2018-05-09,1271.58265
EG.CONIA.IDX.LEVEL,2018-05-10,1272.17775
EG.CONIA.IDX.LEVEL,2018-05-13,1273.99683
EG.CONIA.IDX.LEVEL,2018-05-14,1274.6034
EG.CONIA.IDX.LEVEL,2018-05-15,1275.21146
EG.CONIA.IDX.LEVEL,2018-05-16,1275.8141
EG.CONIA.IDX.LEVEL,2018-05-17,1276.41511
EG.CONIA.IDX.LEVEL,2018-05-20,1278.22159
EG.CONIA.IDX.LEVEL,2018-05-21,1278.82471
EG.CONIA.IDX.LEVEL,2018-05-22,1279.4253
EG.CONIA.IDX.LEVEL,2018-05-23,1280.03373
EG.CONIA.IDX.LEVEL,2018-05-24,1280.63831
EG.CONIA.IDX.LEVEL,2018-05-27,1282.46135
EG.CONIA.IDX.LEVEL,2018-05-28,1283.06816
EG.CONIA.IDX.LEVEL,2018-05-29,1283.67826
EG.CONIA.IDX.LEVEL,2018-05-30,1284.28245
EG.CONIA.IDX.LEVEL,2018-05-31,1284.88712
EG.CONIA.IDX.LEVEL,2018-06-03,1286.70625
EG.CONIA.IDX.LEVEL,2018-06-04,1287.31221
EG.CONIA.IDX.LEVEL,2018-06-05,1287.91522
EG.CONIA.IDX.LEVEL,2018-06-06,1288.52801
EG.CONIA.IDX.LEVEL,2018-06-07,1289.14169
EG.CONIA.IDX.LEVEL,2018-06-10,1290.98117
EG.CONIA.IDX.LEVEL,2018-06-11,1291.59506
EG.CONIA.IDX.LEVEL,2018-06-12,1292.21106
EG.CONIA.IDX.LEVEL,2018-06-13,1292.8278
EG.CONIA.IDX.LEVEL,2018-06-14,1293.44321
EG.CONIA.IDX.LEVEL,2018-06-19,1296.51287
EG.CONIA.IDX.LEVEL,2018-06-20,1297.1278
EG.CONIA.IDX.LEVEL,2018-06-21,1297.74532
EG.CONIA.IDX.LEVEL,2018-06-24,1299.60056
EG.CONIA.IDX.LEVEL,2018-06-25,1300.21753
EG.CONIA.IDX.LEVEL,2018-06-26,1300.8325
EG.CONIA.IDX.LEVEL,2018-06-27,1301.45195
EG.CONIA.IDX.LEVEL,2018-06-28,1302.06749
EG.CONIA.IDX.LEVEL,2018-07-02,1304.52791
EG.CONIA.IDX.LEVEL,2018-07-03,1305.14267
EG.CONIA.IDX.LEVEL,2018-07-04,1305.76464
EG.CONIA.IDX.LEVEL,2018-07-05,1306.38317
EG.CONIA.IDX.LEVEL,2018-07-08,1308.22956
EG.CONIA.IDX.LEVEL,2018-07-09,1308.8485
EG.CONIA.IDX.LEVEL,2018-07-10,1309.46775
EG.CONIA.IDX.LEVEL,2018-07-11,1310.08516
EG.CONIA.IDX.LEVEL,2018-07-12,1310.69775
EG.CONIA.IDX.LEVEL,2018-07-15,1312.53467
EG.CONIA.IDX.LEVEL,2018-07-16,1313.14672
EG.CONIA.IDX.LEVEL,2018-07-17,1313.76
EG.CONIA.IDX.LEVEL,2018-07-18,1314.3856
EG.CONIA.IDX.LEVEL,2018-07-19,1315.00606
EG.CONIA.IDX.LEVEL,2018-07-22,1316.86556
EG.CONIA.IDX.LEVEL,2018-07-24,1318.10347
EG.CONIA.IDX.LEVEL,2018-07-25,1318.72304
EG.CONIA.IDX.LEVEL,2018-07-26,1319.34386
EG.CONIA.IDX.LEVEL,2018-07-29,1321.20657
EG.CONIA.IDX.LEVEL,2018-07-30,1321.82455
EG.CONIA.IDX.LEVEL,2018-07-31,1322.44209
EG.CONIA.IDX.LEVEL,2018-08-01,1323.06457
EG.CONIA.IDX.LEVEL,2018-08-02,1323.68655
EG.CONIA.IDX.LEVEL,2018-08-05,1325.55829
EG.CONIA.IDX.LEVEL,2018-08-06,1326.18129
EG.CONIA.IDX.LEVEL,2018-08-07,1326.80532
EG.CONIA.IDX.LEVEL,2018-08-08,1327.43071
EG.CONIA.IDX.LEVEL,2018-08-09,1328.05725
EG.CONIA.IDX.LEVEL,2018-08-12,1329.93663
EG.CONIA.IDX.LEVEL,2018-08-13,1330.56058
EG.CONIA.IDX.LEVEL,2018-08-14,1331.18244
EG.CONIA.IDX.LEVEL,2018-08-15,1331.81273
EG.CONIA.IDX.LEVEL,2018-08-16,1332.44392
EG.CONIA.IDX.LEVEL,2018-08-19,1334.3448
EG.CONIA.IDX.LEVEL,2018-08-26,1338.78562
EG.CONIA.IDX.LEVEL,2018-08-27,1339.41211
EG.CONIA.IDX.LEVEL,2018-08-28,1340.03764
EG.CONIA.IDX.LEVEL,2018-08-29,1340.67462
EG.CONIA.IDX.LEVEL,2018-08-30,1341.30837
EG.CONIA.IDX.LEVEL,2018-09-02,1343.20923
EG.CONIA.IDX.LEVEL,2018-09-03,1343.84465
EG.CONIA.IDX.LEVEL,2018-09-04,1344.48126
EG.CONIA.IDX.LEVEL,2018-09-05,1345.11516
EG.CONIA.IDX.LEVEL,2018-09-06,1345.74903
EG.CONIA.IDX.LEVEL,2018-09-09,1347.65227
EG.CONIA.IDX.LEVEL,2018-09-10,1348.28628
EG.CONIA.IDX.LEVEL,2018-09-12,1349.55358
EG.CONIA.IDX.LEVEL,2018-09-13,1350.19254
EG.CONIA.IDX.LEVEL,2018-09-16,1352.10514
EG.CONIA.IDX.LEVEL,2018-09-17,1352.74267
EG.CONIA.IDX.LEVEL,2018-09-18,1353.38019
EG.CONIA.IDX.LEVEL,2018-09-19,1354.01603
EG.CONIA.IDX.LEVEL,2018-09-20,1354.65337
EG.CONIA.IDX.LEVEL,2018-09-23,1356.56752
EG.CONIA.IDX.LEVEL,2018-09-24,1357.20284
EG.CONIA.IDX.LEVEL,2018-09-25,1357.83686
EG.CONIA.IDX.LEVEL,2018-09-26,1358.47665
EG.CONIA.IDX.LEVEL,2018-09-27,1359.11616
EG.CONIA.IDX.LEVEL,2018-09-30,1361.04247
EG.CONIA.IDX.LEVEL,2018-10-01,1361.68586
EG.CONIA.IDX.LEVEL,2018-10-02,1362.32714
EG.CONIA.IDX.LEVEL,2018-10-03,1362.96843
EG.CONIA.IDX.LEVEL,2018-10-04,1363.61114
EG.CONIA.IDX.LEVEL,2018-10-08,1366.17477
EG.CONIA.IDX.LEVEL,2018-10-09,1366.81434
EG.CONIA.IDX.LEVEL,2018-10-10,1367.45727
EG.CONIA.IDX.LEVEL,2018-10-11,1368.10201
EG.CONIA.IDX.LEVEL,2018-10-14,1370.03958
EG.CONIA.IDX.LEVEL,2018-10-15,1370.68443
EG.CONIA.IDX.LEVEL,2018-10-16,1371.32936
EG.CONIA.IDX.LEVEL,2018-10-17,1371.97311
EG.CONIA.IDX.LEVEL,2018-10-18,1372.61843
EG.CONIA.IDX.LEVEL,2018-10-21,1374.55307
EG.CONIA.IDX.LEVEL,2018-10-22,1375.19565
EG.CONIA.IDX.LEVEL,2018-10-23,1375.83713
EG.CONIA.IDX.LEVEL,2018-10-24,1376.48257
EG.CONIA.IDX.LEVEL,2018-10-25,1377.12879
EG.CONIA.IDX.LEVEL,2018-10-28,1379.07299
EG.CONIA.IDX.LEVEL,2018-10-29,1379.72355
EG.CONIA.IDX.LEVEL,2018-10-30,1380.37496
EG.CONIA.IDX.LEVEL,2018-10-31,1381.02376
EG.CONIA.IDX.LEVEL,2018-11-01,1381.67201
EG.CONIA.IDX.LEVEL,2018-11-04,1383.61785
EG.CONIA.IDX.LEVEL,2018-11-05,1384.26408
EG.CONIA.IDX.LEVEL,2018-11-06,1384.90897
EG.CONIA.IDX.LEVEL,2018-11-07,1385.55923
EG.CONIA.IDX.LEVEL,2018-11-08,1386.20946
EG.CONIA.IDX.LEVEL,2018-11-11,1388.16163
EG.CONIA.IDX.LEVEL,2018-11-12,1388.81134
EG.CONIA.IDX.LEVEL,2018-11-13,1389.46158
EG.CONIA.IDX.LEVEL,2018-11-14,1390.11136
EG.CONIA.IDX.LEVEL,2018-11-15,1390.7612
EG.CONIA.IDX.LEVEL,2018-11-18,1392.70958
EG.CONIA.IDX.LEVEL,2018-11-19,1393.35835
EG.CONIA.IDX.LEVEL,2018-11-21,1394.65686
EG.CONIA.IDX.LEVEL,2018-11-22,1395.30982
EG.CONIA.IDX.LEVEL,2018-11-25,1397.27155
EG.CONIA.IDX.LEVEL,2018-11-26,1397.9259
EG.CONIA.IDX.LEVEL,2018-11-27,1398.58245
EG.CONIA.IDX.LEVEL,2018-11-28,1399.23795
EG.CONIA.IDX.LEVEL,2018-11-29,1399.89366
EG.CONIA.IDX.LEVEL,2018-12-02,1401.85928
EG.CONIA.IDX.LEVEL,2018-12-03,1402.51337
EG.CONIA.IDX.LEVEL,2018-12-04,1403.16797
EG.CONIA.IDX.LEVEL,2018-12-05,1403.8282
EG.CONIA.IDX.LEVEL,2018-12-06,1404.49362
EG.CONIA.IDX.LEVEL,2018-12-09,1406.50352
EG.CONIA.IDX.LEVEL,2018-12-10,1407.17651
EG.CONIA.IDX.LEVEL,2018-12-11,1407.85073
EG.CONIA.IDX.LEVEL,2018-12-12,1408.52014
EG.CONIA.IDX.LEVEL,2018-12-13,1409.18594
EG.CONIA.IDX.LEVEL,2018-12-16,1411.18085
EG.CONIA.IDX.LEVEL,2018-12-17,1411.84469
EG.CONIA.IDX.LEVEL,2018-12-18,1412.50493
EG.CONIA.IDX.LEVEL,2018-12-19,1413.1685
EG.CONIA.IDX.LEVEL,2018-12-20,1413.83336
EG.CONIA.IDX.LEVEL,2018-12-23,1415.82431
EG.CONIA.IDX.LEVEL,2018-12-24,1416.48875
EG.CONIA.IDX.LEVEL,2018-12-25,1417.15352
EG.CONIA.IDX.LEVEL,2018-12-26,1417.81887
EG.CONIA.IDX.LEVEL,2018-12-27,1418.48441
EG.CONIA.IDX.LEVEL,2018-12-30,1420.48185
EG.CONIA.IDX.LEVEL,2018-12-31,1421.14711
EG.CONIA.IDX.LEVEL,2019-01-02,1422.47526
EG.CONIA.IDX.LEVEL,2019-01-03,1423.14607
EG.CONIA.IDX.LEVEL,2019-01-06,1425.15798
EG.CONIA.IDX.LEVEL,2019-01-08,1426.49415
EG.CONIA.IDX.LEVEL,2019-01-09,1427.16181
EG.CONIA.IDX.LEVEL,2019-01-10,1427.8301
EG.CONIA.IDX.LEVEL,2019-01-13,1429.83549
EG.CONIA.IDX.LEVEL,2019-01-14,1430.50274
EG.CONIA.IDX.LEVEL,2019-01-15,1431.1699
EG.CONIA.IDX.LEVEL,2019-01-16,1431.84189
EG.CONIA.IDX.LEVEL,2019-01-17,1432.51404
EG.CONIA.IDX.LEVEL,2019-01-20,1434.53698
EG.CONIA.IDX.LEVEL,2019-01-21,1435.21121
EG.CONIA.IDX.LEVEL,2019-01-22,1435.88646
EG.CONIA.IDX.LEVEL,2019-01-23,1436.56233
EG.CONIA.IDX.LEVEL,2019-01-27,1439.26587
EG.CONIA.IDX.LEVEL,2019-01-28,1439.93858
EG.CONIA.IDX.LEVEL,2019-01-29,1440.60963
EG.CONIA.IDX.LEVEL,2019-01-30,1441.28911
EG.CONIA.IDX.LEVEL,2019-01-31,1441.96753
EG.CONIA.IDX.LEVEL,2019-02-03,1444.00347
EG.CONIA.IDX.LEVEL,2019-02-04,1444.68328
EG.CONIA.IDX.LEVEL,2019-02-05,1445.36412
EG.CONIA.IDX.LEVEL,2019-02-06,1446.04589
EG.CONIA.IDX.LEVEL,2019-02-07,1446.72755
EG.CONIA.IDX.LEVEL,2019-02-10,1448.78073
EG.CONIA.IDX.LEVEL,2019-02-11,1449.46374
EG.CONIA.IDX.LEVEL,2019-02-12,1450.1426
EG.CONIA.IDX.LEVEL,2019-02-13,1450.828
EG.CONIA.IDX.LEVEL,2019-02-14,1451.51345
EG.CONIA.IDX.LEVEL,2019-02-17,1453.56908
EG.CONIA.IDX.LEVEL,2019-02-18,1454.21265
EG.CONIA.IDX.LEVEL,2019-02-19,1454.85576
EG.CONIA.IDX.LEVEL,2019-02-20,1455.49947
EG.CONIA.IDX.LEVEL,2019-02-21,1456.14294
EG.CONIA.IDX.LEVEL,2019-02-24,1458.06893
EG.CONIA.IDX.LEVEL,2019-02-25,1458.70966
EG.CONIA.IDX.LEVEL,2019-02-26,1459.35001
EG.CONIA.IDX.LEVEL,2019-02-27,1459.99714
EG.CONIA.IDX.LEVEL,2019-02-28,1460.64269
EG.CONIA.IDX.LEVEL,2019-03-03,1462.58059
EG.CONIA.IDX.LEVEL,2019-03-04,1463.22724
EG.CONIA.IDX.LEVEL,2019-03-05,1463.87529
EG.CONIA.IDX.LEVEL,2019-03-06,1464.52365
EG.CONIA.IDX.LEVEL,2019-03-07,1465.17296
EG.CONIA.IDX.LEVEL,2019-03-10,1467.1334
EG.CONIA.IDX.LEVEL,2019-03-11,1467.78941
EG.CONIA.IDX.LEVEL,2019-03-12,1468.44313
EG.CONIA.IDX.LEVEL,2019-03-13,1469.09566
EG.CONIA.IDX.LEVEL,2019-03-14,1469.74728
EG.CONIA.IDX.LEVEL,2019-03-17,1471.71307
EG.CONIA.IDX.LEVEL,2019-03-18,1472.36722
EG.CONIA.IDX.LEVEL,2019-03-19,1473.02043
EG.CONIA.IDX.LEVEL,2019-03-20,1473.67641
EG.CONIA.IDX.LEVEL,2019-03-21,1474.33158
EG.CONIA.IDX.LEVEL,2019-03-24,1476.30161
EG.CONIA.IDX.LEVEL,2019-03-25,1476.95486
EG.CONIA.IDX.LEVEL,2019-03-26,1477.60492
EG.CONIA.IDX.LEVEL,2019-03-27,1478.26012
EG.CONIA.IDX.LEVEL,2019-03-28,1478.91235
EG.CONIA.IDX.LEVEL,2019-03-31,1480.8688
EG.CONIA.IDX.LEVEL,2019-04-01,1481.5208
EG.CONIA.IDX.LEVEL,2019-04-02,1482.17576
EG.CONIA.IDX.LEVEL,2019-04-03,1482.83189
EG.CONIA.IDX.LEVEL,2019-04-04,1483.48912
EG.CONIA.IDX.LEVEL,2019-04-07,1485.47501
EG.CONIA.IDX.LEVEL,2019-04-08,1486.13468
EG.CONIA.IDX.LEVEL,2019-04-09,1486.79158
EG.CONIA.IDX.LEVEL,2019-04-10,1487.45149
EG.CONIA.IDX.LEVEL,2019-04-11,1488.1103
EG.CONIA.IDX.LEVEL,2019-04-14,1490.09025
EG.CONIA.IDX.LEVEL,2019-04-15,1490.74932
EG.CONIA.IDX.LEVEL,2019-04-16,1491.40891
EG.CONIA.IDX.LEVEL,2019-04-17,1492.06898
EG.CONIA.IDX.LEVEL,2019-04-18,1492.72931
EG.CONIA.IDX.LEVEL,2019-04-21,1494.70403
EG.CONIA.IDX.LEVEL,2019-04-22,1495.36177
EG.CONIA.IDX.LEVEL,2019-04-23,1496.01689
EG.CONIA.IDX.LEVEL,2019-04-24,1496.67473
EG.CONIA.IDX.LEVEL,2019-04-30,1500.65595
EG.CONIA.IDX.LEVEL,2019-05-02,1501.98865
EG.CONIA.IDX.LEVEL,2019-05-05,1503.99023
EG.CONIA.IDX.LEVEL,2019-05-06,1504.65953
EG.CONIA.IDX.LEVEL,2019-05-07,1505.33628
EG.CONIA.IDX.LEVEL,2019-05-08,1506.00123
EG.CONIA.IDX.LEVEL,2019-05-09,1506.66702
EG.CONIA.IDX.LEVEL,2019-05-12,1508.66698
EG.CONIA.IDX.LEVEL,2019-05-13,1509.33279
EG.CONIA.IDX.LEVEL,2019-05-14,1509.99928
EG.CONIA.IDX.LEVEL,2019-05-15,1510.6669
EG.CONIA.IDX.LEVEL,2019-05-16,1511.33381
EG.CONIA.IDX.LEVEL,2019-05-19,1513.33408
EG.CONIA.IDX.LEVEL,2019-05-20,1514.00134
EG.CONIA.IDX.LEVEL,2019-05-21,1514.66555
EG.CONIA.IDX.LEVEL,2019-05-22,1515.33498
EG.CONIA.IDX.LEVEL,2019-05-23,1516.00304
EG.CONIA.IDX.LEVEL,2019-05-26,1518.00789
EG.CONIA.IDX.LEVEL,2019-05-27,1518.67775
EG.CONIA.IDX.LEVEL,2019-05-28,1519.34843
EG.CONIA.IDX.LEVEL,2019-05-29,1520.01894
EG.CONIA.IDX.LEVEL,2019-05-30,1520.69096
EG.CONIA.IDX.LEVEL,2019-06-02,1522.71404
EG.CONIA.IDX.LEVEL,2019-06-03,1523.38564
EG.CONIA.IDX.LEVEL,2019-06-09,1527.47187
EG.CONIA.IDX.LEVEL,2019-06-10,1528.1469
EG.CONIA.IDX.LEVEL,2019-06-11,1528.82336
EG.CONIA.IDX.LEVEL,2019-06-12,1529.49981
EG.CONIA.IDX.LEVEL,2019-06-13,1530.17458
EG.CONIA.IDX.LEVEL,2019-06-16,1532.19654
EG.CONIA.IDX.LEVEL,2019-06-17,1532.87075
EG.CONIA.IDX.LEVEL,2019-06-18,1533.5425
EG.CONIA.IDX.LEVEL,2019-06-19,1534.21842
EG.CONIA.IDX.LEVEL,2019-06-20,1534.89408
EG.CONIA.IDX.LEVEL,2019-06-23,1536.92401
EG.CONIA.IDX.LEVEL,2019-06-24,1537.60158
EG.CONIA.IDX.LEVEL,2019-06-25,1538.27953
EG.CONIA.IDX.LEVEL,2019-06-26,1538.95791
EG.CONIA.IDX.LEVEL,2019-06-27,1539.63399
EG.CONIA.IDX.LEVEL,2019-07-02,1543.01321
EG.CONIA.IDX.LEVEL,2019-07-03,1543.6918
EG.CONIA.IDX.LEVEL,2019-07-04,1544.37092
EG.CONIA.IDX.LEVEL,2019-07-07,1546.40938
EG.CONIA.IDX.LEVEL,2019-07-08,1547.08885
EG.CONIA.IDX.LEVEL,2019-07-09,1547.76908
EG.CONIA.IDX.LEVEL,2019-07-10,1548.44745
EG.CONIA.IDX.LEVEL,2019-07-11,1549.12678
EG.CONIA.IDX.LEVEL,2019-07-14,1551.16261
EG.CONIA.IDX.LEVEL,2019-07-15,1551.84184
EG.CONIA.IDX.LEVEL,2019-07-16,1552.52105
EG.CONIA.IDX.LEVEL,2019-07-17,1553.20454
EG.CONIA.IDX.LEVEL,2019-07-18,1553.88744
EG.CONIA.IDX.LEVEL,2019-07-21,1555.93775
EG.CONIA.IDX.LEVEL,2019-07-22,1556.62177
EG.CONIA.IDX.LEVEL,2019-07-24,1557.99062
EG.CONIA.IDX.LEVEL,2019-07-25,1558.67638
EG.CONIA.IDX.LEVEL,2019-07-28,1560.73137
EG.CONIA.IDX.LEVEL,2019-07-29,1561.4168
EG.CONIA.IDX.LEVEL,2019-07-30,1562.10134
EG.CONIA.IDX.LEVEL,2019-07-31,1562.78849
EG.CONIA.IDX.LEVEL,2019-08-01,1563.47557
EG.CONIA.IDX.LEVEL,2019-08-04,1565.53734
EG.CONIA.IDX.LEVEL,2019-08-05,1566.22588
EG.CONIA.IDX.LEVEL,2019-08-06,1566.91553
EG.CONIA.IDX.LEVEL,2019-08-07,1567.60452
EG.CONIA.IDX.LEVEL,2019-08-08,1568.29498
EG.CONIA.IDX.LEVEL,2019-08-14,1572.44004
EG.CONIA.IDX.LEVEL,2019-08-15,1573.13102
EG.CONIA.IDX.LEVEL,2019-08-18,1575.20311
EG.CONIA.IDX.LEVEL,2019-08-19,1575.8939
EG.CONIA.IDX.LEVEL,2019-08-20,1576.5849
EG.CONIA.IDX.LEVEL,2019-08-21,1577.27623
EG.CONIA.IDX.LEVEL,2019-08-22,1577.96801
EG.CONIA.IDX.LEVEL,2019-08-25,1580.04297
EG.CONIA.IDX.LEVEL,2019-08-26,1580.67177
EG.CONIA.IDX.LEVEL,2019-08-27,1581.30011
EG.CONIA.IDX.LEVEL,2019-08-28,1581.93172
EG.CONIA.IDX.LEVEL,2019-08-29,1582.56296
EG.CONIA.IDX.LEVEL,2019-09-01,1584.45662
EG.CONIA.IDX.LEVEL,2019-09-02,1585.08872
EG.CONIA.IDX.LEVEL,2019-09-03,1585.72122
EG.CONIA.IDX.LEVEL,2019-09-04,1586.35402
EG.CONIA.IDX.LEVEL,2019-09-05,1586.9889
EG.CONIA.IDX.LEVEL,2019-09-08,1588.90172
EG.CONIA.IDX.LEVEL,2019-09-09,1589.53754
EG.CONIA.IDX.LEVEL,2019-09-10,1590.17024
EG.CONIA.IDX.LEVEL,2019-09-11,1590.80621
EG.CONIA.IDX.LEVEL,2019-09-12,1591.44111
EG.CONIA.IDX.LEVEL,2019-09-15,1593.34792
EG.CONIA.IDX.LEVEL,2019-09-16,1593.98469
EG.CONIA.IDX.LEVEL,2019-09-17,1594.6227
EG.CONIA.IDX.LEVEL,2019-09-18,1595.26031
EG.CONIA.IDX.LEVEL,2019-09-19,1595.89789
EG.CONIA.IDX.LEVEL,2019-09-22,1597.80813
EG.CONIA.IDX.LEVEL,2019-09-23,1598.44384
EG.CONIA.IDX.LEVEL,2019-09-24,1599.07798
EG.CONIA.IDX.LEVEL,2019-09-25,1599.71432
EG.CONIA.IDX.LEVEL,2019-09-26,1600.35058
EG.CONIA.IDX.LEVEL,2019-09-29,1602.25427
EG.CONIA.IDX.LEVEL,2019-09-30,1602.8461
EG.CONIA.IDX.LEVEL,2019-10-01,1603.43986
EG.CONIA.IDX.LEVEL,2019-10-02,1604.0325
EG.CONIA.IDX.LEVEL,2019-10-03,1604.62619
EG.CONIA.IDX.LEVEL,2019-10-07,1607.00381
EG.CONIA.IDX.LEVEL,2019-10-08,1607.59751
EG.CONIA.IDX.LEVEL,2019-10-09,1608.19453
EG.CONIA.IDX.LEVEL,2019-10-10,1608.79146
EG.CONIA.IDX.LEVEL,2019-10-13,1610.58325
EG.CONIA.IDX.LEVEL,2019-10-14,1611.18054
EG.CONIA.IDX.LEVEL,2019-10-15,1611.77819
EG.CONIA.IDX.LEVEL,2019-10-16,1612.3759
EG.CONIA.IDX.LEVEL,2019-10-17,1612.97422
EG.CONIA.IDX.LEVEL,2019-10-20,1614.76253
EG.CONIA.IDX.LEVEL,2019-10-21,1615.35963
EG.CONIA.IDX.LEVEL,2019-10-22,1615.95521
EG.CONIA.IDX.LEVEL,2019-10-23,1616.55407
EG.CONIA.IDX.LEVEL,2019-10-24,1617.15336
EG.CONIA.IDX.LEVEL,2019-10-27,1618.95245
EG.CONIA.IDX.LEVEL,2019-10-28,1619.55278
EG.CONIA.IDX.LEVEL,2019-10-29,1620.15469
EG.CONIA.IDX.LEVEL,2019-10-30,1620.75713
EG.CONIA.IDX.LEVEL,2019-10-31,1621.3613
EG.CONIA.IDX.LEVEL,2019-11-03,1623.17537
EG.CONIA.IDX.LEVEL,2019-11-04,1623.778
EG.CONIA.IDX.LEVEL,2019-11-05,1624.37998
EG.CONIA.IDX.LEVEL,2019-11-06,1624.98591
EG.CONIA.IDX.LEVEL,2019-11-07,1625.59266
EG.CONIA.IDX.LEVEL,2019-11-11,1628.02802
EG.CONIA.IDX.LEVEL,2019-11-12,1628.63671
EG.CONIA.IDX.LEVEL,2019-11-13,1629.2494
EG.CONIA.IDX.LEVEL,2019-11-14,1629.86698
EG.CONIA.IDX.LEVEL,2019-11-17,1631.72753
EG.CONIA.IDX.LEVEL,2019-11-18,1632.30378
EG.CONIA.IDX.LEVEL,2019-11-19,1632.87857
EG.CONIA.IDX.LEVEL,2019-11-20,1633.44389
EG.CONIA.IDX.LEVEL,2019-11-21,1634.01093
EG.CONIA.IDX.LEVEL,2019-11-24,1635.71302
EG.CONIA.IDX.LEVEL,2019-11-25,1636.28007
EG.CONIA.IDX.LEVEL,2019-11-26,1636.84722
EG.CONIA.IDX.LEVEL,2019-11-27,1637.41526
EG.CONIA.IDX.LEVEL,2019-11-28,1637.98191
EG.CONIA.IDX.LEVEL,2019-12-01,1639.68195
EG.CONIA.IDX.LEVEL,2019-12-02,1640.24853
EG.CONIA.IDX.LEVEL,2019-12-03,1640.81255
EG.CONIA.IDX.LEVEL,2019-12-04,1641.38043
EG.CONIA.IDX.LEVEL,2019-12-05,1641.94852
EG.CONIA.IDX.LEVEL,2019-12-08,1643.65453
EG.CONIA.IDX.LEVEL,2019-12-09,1644.2238
EG.CONIA.IDX.LEVEL,2019-12-10,1644.79383
EG.CONIA.IDX.LEVEL,2019-12-11,1645.36377
EG.CONIA.IDX.LEVEL,2019-12-12,1645.93506
EG.CONIA.IDX.LEVEL,2019-12-15,1647.652
EG.CONIA.IDX.LEVEL,2019-12-16,1648.22315
EG.CONIA.IDX.LEVEL,2019-12-17,1648.78994
EG.CONIA.IDX.LEVEL,2019-12-18,1649.3629
EG.CONIA.IDX.LEVEL,2019-12-19,1649.93462
EG.CONIA.IDX.LEVEL,2019-12-22,1651.65118
EG.CONIA.IDX.LEVEL,2019-12-23,1652.22423
EG.CONIA.IDX.LEVEL,2019-12-24,1652.7977
EG.CONIA.IDX.LEVEL,2019-12-25,1653.37216
EG.CONIA.IDX.LEVEL,2019-12-26,1653.94448
EG.CONIA.IDX.LEVEL,2019-12-29,1655.64909
EG.CONIA.IDX.LEVEL,2019-12-30,1656.21634
EG.CONIA.IDX.LEVEL,2019-12-31,1656.78391
EG.CONIA.IDX.LEVEL,2020-01-02,1657.9341
EG.CONIA.IDX.LEVEL,2020-01-05,1659.66454
EG.CONIA.IDX.LEVEL,2020-01-06,1660.24135
EG.CONIA.IDX.LEVEL,2020-01-08,1661.39275
EG.CONIA.IDX.LEVEL,2020-01-09,1661.96912
EG.CONIA.IDX.LEVEL,2020-01-12,1663.6976
EG.CONIA.IDX.LEVEL,2020-01-13,1664.27053
EG.CONIA.IDX.LEVEL,2020-01-14,1664.84097
EG.CONIA.IDX.LEVEL,2020-01-15,1665.42359
EG.CONIA.IDX.LEVEL,2020-01-16,1666.00435
EG.CONIA.IDX.LEVEL,2020-01-19,1667.73663
EG.CONIA.IDX.LEVEL,2020-01-20,1668.3147
EG.CONIA.IDX.LEVEL,2020-01-21,1668.89563
EG.CONIA.IDX.LEVEL,2020-01-22,1669.47539
EG.CONIA.IDX.LEVEL,2020-01-23,1670.0533
EG.CONIA.IDX.LEVEL,2020-01-26,1671.77351
EG.CONIA.IDX.LEVEL,2020-01-27,1672.34432
EG.CONIA.IDX.LEVEL,2020-01-28,1672.91495
EG.CONIA.IDX.LEVEL,2020-01-29,1673.49499
EG.CONIA.IDX.LEVEL,2020-01-30,1674.07589
EG.CONIA.IDX.LEVEL,2020-02-02,1675.82196
EG.CONIA.IDX.LEVEL,2020-02-03,1676.4038
EG.CONIA.IDX.LEVEL,2020-02-04,1676.98453
EG.CONIA.IDX.LEVEL,2020-02-05,1677.56735
EG.CONIA.IDX.LEVEL,2020-02-06,1678.15095
EG.CONIA.IDX.LEVEL,2020-02-09,1679.91018
EG.CONIA.IDX.LEVEL,2020-02-10,1680.49495
EG.CONIA.IDX.LEVEL,2020-02-11,1681.07468
EG.CONIA.IDX.LEVEL,2020-02-12,1681.65841
EG.CONIA.IDX.LEVEL,2020-02-13,1682.24091
EG.CONIA.IDX.LEVEL,2020-02-16,1683.98861
EG.CONIA.IDX.LEVEL,2020-02-17,1684.5707
EG.CONIA.IDX.LEVEL,2020-02-18,1685.15436
EG.CONIA.IDX.LEVEL,2020-02-19,1685.73779
EG.CONIA.IDX.LEVEL,2020-02-20,1686.31813
EG.CONIA.IDX.LEVEL,2020-02-23,1688.06086
EG.CONIA.IDX.LEVEL,2020-02-24,1688.64268
EG.CONIA.IDX.LEVEL,2020-02-25,1689.22216
EG.CONIA.IDX.LEVEL,2020-02-26,1689.807
EG.CONIA.IDX.LEVEL,2020-02-27,1690.39015
EG.CONIA.IDX.LEVEL,2020-03-01,1692.14184
EG.CONIA.IDX.LEVEL,2020-03-02,1692.72611
EG.CONIA.IDX.LEVEL,2020-03-03,1693.31039
EG.CONIA.IDX.LEVEL,2020-03-04,1693.89609
EG.CONIA.IDX.LEVEL,2020-03-05,1694.48244
EG.CONIA.IDX.LEVEL,2020-03-08,1696.24107
EG.CONIA.IDX.LEVEL,2020-03-09,1696.82748
EG.CONIA.IDX.LEVEL,2020-03-10,1697.41118
EG.CONIA.IDX.LEVEL,2020-03-11,1698.0003
EG.CONIA.IDX.LEVEL,2020-03-15,1700.369
EG.CONIA.IDX.LEVEL,2020-03-16,1700.96315
EG.CONIA.IDX.LEVEL,2020-03-17,1701.56076
EG.CONIA.IDX.LEVEL,2020-03-18,1702.02025
EG.CONIA.IDX.LEVEL,2020-03-19,1702.48355
EG.CONIA.IDX.LEVEL,2020-03-22,1703.88662
EG.CONIA.IDX.LEVEL,2020-03-23,1704.34973
EG.CONIA.IDX.LEVEL,2020-03-24,1704.79755
EG.CONIA.IDX.LEVEL,2020-03-25,1705.25615
EG.CONIA.IDX.LEVEL,2020-03-26,1705.7155
EG.CONIA.IDX.LEVEL,2020-03-29,1707.09691
EG.CONIA.IDX.LEVEL,2020-03-30,1707.55789
EG.CONIA.IDX.LEVEL,2020-03-31,1708.02223
EG.CONIA.IDX.LEVEL,2020-04-01,1708.4923
EG.CONIA.IDX.LEVEL,2020-04-02,1708.94858
EG.CONIA.IDX.LEVEL,2020-04-05,1710.3177
EG.CONIA.IDX.LEVEL,2020-04-06,1710.76461
EG.CONIA.IDX.LEVEL,2020-04-07,1711.20793
EG.CONIA.IDX.LEVEL,2020-04-08,1711.67109
EG.CONIA.IDX.LEVEL,2020-04-09,1712.13162
EG.CONIA.IDX.LEVEL,2020-04-12,1713.50833
EG.CONIA.IDX.LEVEL,2020-04-13,1713.96826
EG.CONIA.IDX.LEVEL,2020-04-14,1714.42721
EG.CONIA.IDX.LEVEL,2020-04-15,1714.89055
EG.CONIA.IDX.LEVEL,2020-04-16,1715.3535
EG.CONIA.IDX.LEVEL,2020-04-21,1717.68292
EG.CONIA.IDX.LEVEL,2020-04-22,1718.14683
EG.CONIA.IDX.LEVEL,2020-04-23,1718.60624
EG.CONIA.IDX.LEVEL,2020-04-26,1719.96864
EG.CONIA.IDX.LEVEL,2020-04-27,1720.42345
EG.CONIA.IDX.LEVEL,2020-04-28,1720.87788
EG.CONIA.IDX.LEVEL,2020-04-29,1721.33213
EG.CONIA.IDX.LEVEL,2020-04-30,1721.78444
EG.CONIA.IDX.LEVEL,2020-05-03,1723.14157
EG.CONIA.IDX.LEVEL,2020-05-04,1723.59235
EG.CONIA.IDX.LEVEL,2020-05-05,1724.04108
EG.CONIA.IDX.LEVEL,2020-05-06,1724.50379
EG.CONIA.IDX.LEVEL,2020-05-07,1724.97096
EG.CONIA.IDX.LEVEL,2020-05-10,1726.3844
EG.CONIA.IDX.LEVEL,2020-05-11,1726.85725
EG.CONIA.IDX.LEVEL,2020-05-12,1727.3289
EG.CONIA.IDX.LEVEL,2020-05-13,1727.80211
EG.CONIA.IDX.LEVEL,2020-05-14,1728.27526
EG.CONIA.IDX.LEVEL,2020-05-17,1729.69353
EG.CONIA.IDX.LEVEL,2020-05-18,1730.15443
EG.CONIA.IDX.LEVEL,2020-05-19,1730.60792
EG.CONIA.IDX.LEVEL,2020-05-20,1731.08343
EG.CONIA.IDX.LEVEL,2020-05-21,1731.55896
EG.CONIA.IDX.LEVEL,2020-05-31,1736.3068
EG.CONIA.IDX.LEVEL,2020-06-01,1736.7724
EG.CONIA.IDX.LEVEL,2020-06-02,1737.23028
EG.CONIA.IDX.LEVEL,2020-06-03,1737.70733
EG.CONIA.IDX.LEVEL,2020-06-04,1738.18362
EG.CONIA.IDX.LEVEL,2020-06-07,1739.60543
EG.CONIA.IDX.LEVEL,2020-06-08,1740.07795
EG.CONIA.IDX.LEVEL,2020-06-09,1740.54819
EG.CONIA.IDX.LEVEL,2020-06-10,1741.02205
EG.CONIA.IDX.LEVEL,2020-06-11,1741.49269
EG.CONIA.IDX.LEVEL,2020-06-14,1742.90676
EG.CONIA.IDX.LEVEL,2020-06-15,1743.36468
EG.CONIA.IDX.LEVEL,2020-06-16,1743.8188
EG.CONIA.IDX.LEVEL,2020-06-17,1744.2926
EG.CONIA.IDX.LEVEL,2020-06-18,1744.76842
EG.CONIA.IDX.LEVEL,2020-06-21,1746.20859
EG.CONIA.IDX.LEVEL,2020-06-22,1746.68142
EG.CONIA.IDX.LEVEL,2020-06-23,1747.1547
EG.CONIA.IDX.LEVEL,2020-06-24,1747.63174
EG.CONIA.IDX.LEVEL,2020-06-25,1748.10785
EG.CONIA.IDX.LEVEL,2020-06-28,1749.52205
EG.CONIA.IDX.LEVEL,2020-06-29,1749.98919
EG.CONIA.IDX.LEVEL,2020-06-30,1750.45569
EG.CONIA.IDX.LEVEL,2020-07-05,1752.93354
EG.CONIA.IDX.LEVEL,2020-07-06,1753.42589
EG.CONIA.IDX.LEVEL,2020-07-07,1753.92103
EG.CONIA.IDX.LEVEL,2020-07-08,1754.4202
EG.CONIA.IDX.LEVEL,2020-07-09,1754.9089
EG.CONIA.IDX.LEVEL,2020-07-12,1756.3188
EG.CONIA.IDX.LEVEL,2020-07-13,1756.79281
EG.CONIA.IDX.LEVEL,2020-07-14,1757.26426
EG.CONIA.IDX.LEVEL,2020-07-15,1757.76021
EG.CONIA.IDX.LEVEL,2020-07-16,1758.256
EG.CONIA.IDX.LEVEL,2020-07-19,1759.7478
EG.CONIA.IDX.LEVEL,2020-07-20,1760.24438
EG.CONIA.IDX.LEVEL,2020-07-21,1760.74353
EG.CONIA.IDX.LEVEL,2020-07-22,1761.23711
EG.CONIA.IDX.LEVEL,2020-07-26,1763.23508
EG.CONIA.IDX.LEVEL,2020-07-27,1763.72388
EG.CONIA.IDX.LEVEL,2020-07-28,1764.19894
EG.CONIA.IDX.LEVEL,2020-07-29,1764.69408
EG.CONIA.IDX.LEVEL,2020-08-04,1767.71325
EG.CONIA.IDX.LEVEL,2020-08-05,1768.20835
EG.CONIA.IDX.LEVEL,2020-08-06,1768.70688
EG.CONIA.IDX.LEVEL,2020-08-09,1770.16234
EG.CONIA.IDX.LEVEL,2020-08-10,1770.63853
EG.CONIA.IDX.LEVEL,2020-08-11,1771.10413
EG.CONIA.IDX.LEVEL,2020-08-12,1771.6106
EG.CONIA.IDX.LEVEL,2020-08-13,1772.10884
EG.CONIA.IDX.LEVEL,2020-08-16,1773.62382
EG.CONIA.IDX.LEVEL,2020-08-17,1774.13018
EG.CONIA.IDX.LEVEL,2020-08-18,1774.63309
EG.CONIA.IDX.LEVEL,2020-08-19,1775.1423
EG.CONIA.IDX.LEVEL,2020-08-23,1777.17018
EG.CONIA.IDX.LEVEL,2020-08-24,1777.64768
EG.CONIA.IDX.LEVEL,2020-08-25,1778.11228
EG.CONIA.IDX.LEVEL,2020-08-26,1778.61764
EG.CONIA.IDX.LEVEL,2020-08-27,1779.12361
EG.CONIA.IDX.LEVEL,2020-08-30,1780.6474
EG.CONIA.IDX.LEVEL,2020-08-31,1781.15436
EG.CONIA.IDX.LEVEL,2020-09-01,1781.65988
EG.CONIA.IDX.LEVEL,2020-09-02,1782.16547
EG.CONIA.IDX.LEVEL,2020-09-03,1782.66885
EG.CONIA.IDX.LEVEL,2020-09-06,1784.16054
EG.CONIA.IDX.LEVEL,2020-09-07,1784.64329
EG.CONIA.IDX.LEVEL,2020-09-08,1785.11624
EG.CONIA.IDX.LEVEL,2020-09-09,1785.62476
EG.CONIA.IDX.LEVEL,2020-09-10,1786.1325
EG.CONIA.IDX.LEVEL,2020-09-13,1787.66872
EG.CONIA.IDX.LEVEL,2020-09-14,1788.18221
EG.CONIA.IDX.LEVEL,2020-09-15,1788.6938
EG.CONIA.IDX.LEVEL,2020-09-16,1789.20825
EG.CONIA.IDX.LEVEL,2020-09-17,1789.72598
EG.CONIA.IDX.LEVEL,2020-09-20,1791.2651
EG.CONIA.IDX.LEVEL,2020-09-21,1791.74642
EG.CONIA.IDX.LEVEL,2020-09-22,1792.21193
EG.CONIA.IDX.LEVEL,2020-09-23,1792.73264
EG.CONIA.IDX.LEVEL,2020-09-24,1793.25482
EG.CONIA.IDX.LEVEL,2020-09-27,1794.82364
EG.CONIA.IDX.LEVEL,2020-09-28,1795.32277
EG.CONIA.IDX.LEVEL,2020-09-29,1795.82547
EG.CONIA.IDX.LEVEL,2020-09-30,1796.32932
EG.CONIA.IDX.LEVEL,2020-10-01,1796.83186
EG.CONIA.IDX.LEVEL,2020-10-04,1798.35828
EG.CONIA.IDX.LEVEL,2020-10-05,1798.86132
EG.CONIA.IDX.LEVEL,2020-10-06,1799.33178
EG.CONIA.IDX.LEVEL,2020-10-07,1799.84329
EG.CONIA.IDX.LEVEL,2020-10-11,1801.888
EG.CONIA.IDX.LEVEL,2020-10-12,1802.40043
EG.CONIA.IDX.LEVEL,2020-10-13,1802.91022
EG.CONIA.IDX.LEVEL,2020-10-14,1803.42035
EG.CONIA.IDX.LEVEL,2020-10-15,1803.93451
EG.CONIA.IDX.LEVEL,2020-10-18,1805.48001
EG.CONIA.IDX.LEVEL,2020-10-19,1805.96428
EG.CONIA.IDX.LEVEL,2020-10-20,1806.41564
EG.CONIA.IDX.LEVEL,2020-10-21,1806.93635
EG.CONIA.IDX.LEVEL,2020-10-22,1807.46174
EG.CONIA.IDX.LEVEL,2020-10-25,1809.03687
EG.CONIA.IDX.LEVEL,2020-10-26,1809.56202
EG.CONIA.IDX.LEVEL,2020-10-27,1810.08639
EG.CONIA.IDX.LEVEL,2020-10-28,1810.60467
EG.CONIA.IDX.LEVEL,2020-11-01,1812.65526
EG.CONIA.IDX.LEVEL,2020-11-02,1813.12868
EG.CONIA.IDX.LEVEL,2020-11-03,1813.57868
EG.CONIA.IDX.LEVEL,2020-11-04,1814.11006
EG.CONIA.IDX.LEVEL,2020-11-05,1814.63715
EG.CONIA.IDX.LEVEL,2020-11-08,1816.21341
EG.CONIA.IDX.LEVEL,2020-11-09,1816.73772
EG.CONIA.IDX.LEVEL,2020-11-10,1817.26121
EG.CONIA.IDX.LEVEL,2020-11-11,1817.78093
EG.CONIA.IDX.LEVEL,2020-11-12,1818.30193
EG.CONIA.IDX.LEVEL,2020-11-15,1819.84019
EG.CONIA.IDX.LEVEL,2020-11-16,1820.27425
EG.CONIA.IDX.LEVEL,2020-11-17,1820.69788
EG.CONIA.IDX.LEVEL,2020-11-18,1821.21288
EG.CONIA.IDX.LEVEL,2020-11-19,1821.72866
EG.CONIA.IDX.LEVEL,2020-11-22,1823.27492
EG.CONIA.IDX.LEVEL,2020-11-23,1823.78531
EG.CONIA.IDX.LEVEL,2020-11-24,1824.29031
EG.CONIA.IDX.LEVEL,2020-11-25,1824.79501
EG.CONIA.IDX.LEVEL,2020-11-26,1825.29642
EG.CONIA.IDX.LEVEL,2020-11-29,1826.63277
EG.CONIA.IDX.LEVEL,2020-11-30,1827.05844
EG.CONIA.IDX.LEVEL,2020-12-01,1827.48083
EG.CONIA.IDX.LEVEL,2020-12-02,1828.00432
EG.CONIA.IDX.LEVEL,2020-12-03,1828.53331
EG.CONIA.IDX.LEVEL,2020-12-06,1830.13027
EG.CONIA.IDX.LEVEL,2020-12-07,1830.65635
EG.CONIA.IDX.LEVEL,2020-12-08,1831.18167
EG.CONIA.IDX.LEVEL,2020-12-09,1831.70171
EG.CONIA.IDX.LEVEL,2020-12-10,1832.21613
EG.CONIA.IDX.LEVEL,2020-12-13,1833.64491
EG.CONIA.IDX.LEVEL,2020-12-14,1834.10425
EG.CONIA.IDX.LEVEL,2020-12-15,1834.54108
EG.CONIA.IDX.LEVEL,2020-12-16,1835.06643
EG.CONIA.IDX.LEVEL,2020-12-17,1835.59816
EG.CONIA.IDX.LEVEL,2020-12-20,1837.19823
EG.CONIA.IDX.LEVEL,2020-12-21,1837.72977
EG.CONIA.IDX.LEVEL,2020-12-22,1838.26892
EG.CONIA.IDX.LEVEL,2020-12-23,1838.80352
EG.CONIA.IDX.LEVEL,2020-12-24,1839.33007
EG.CONIA.IDX.LEVEL,2020-12-27,1840.6719
EG.CONIA.IDX.LEVEL,2020-12-28,1841.10372
EG.CONIA.IDX.LEVEL,2020-12-29,1841.52972
EG.CONIA.IDX.LEVEL,2020-12-30,1842.06648
EG.CONIA.IDX.LEVEL,2020-12-31,1842.6043
EG.CONIA.IDX.LEVEL,2021-01-03,1844.19412
EG.CONIA.IDX.LEVEL,2021-01-04,1844.7281
EG.CONIA.IDX.LEVEL,2021-01-05,1845.24153
EG.CONIA.IDX.LEVEL,2021-01-06,1845.75158
EG.CONIA.IDX.LEVEL,2021-01-10,1847.49328
EG.CONIA.IDX.LEVEL,2021-01-11,1847.91906
EG.CONIA.IDX.LEVEL,2021-01-12,1848.34479
EG.CONIA.IDX.LEVEL,2021-01-13,1848.87289
EG.CONIA.IDX.LEVEL,2021-01-14,1849.40436
EG.CONIA.IDX.LEVEL,2021-01-17,1850.96518
EG.CONIA.IDX.LEVEL,2021-01-18,1851.48098
EG.CONIA.IDX.LEVEL,2021-01-19,1851.97904
EG.CONIA.IDX.LEVEL,2021-01-20,1852.45437
EG.CONIA.IDX.LEVEL,2021-01-21,1852.91232
EG.CONIA.IDX.LEVEL,2021-01-24,1854.24946
EG.CONIA.IDX.LEVEL,2021-01-25,1854.68309
EG.CONIA.IDX.LEVEL,2021-01-26,1855.11218
EG.CONIA.IDX.LEVEL,2021-01-27,1855.64546
EG.CONIA.IDX.LEVEL,2021-01-31,1857.82826
EG.CONIA.IDX.LEVEL,2021-02-01,1858.37907
EG.CONIA.IDX.LEVEL,2021-02-02,1858.92781
EG.CONIA.IDX.LEVEL,2021-02-03,1859.46945
EG.CONIA.IDX.LEVEL,2021-02-04,1859.96635
EG.CONIA.IDX.LEVEL,2021-02-07,1861.32296
EG.CONIA.IDX.LEVEL,2021-02-08,1861.76236
EG.CONIA.IDX.LEVEL,2021-02-09,1862.19436
EG.CONIA.IDX.LEVEL,2021-02-10,1862.73974
EG.CONIA.IDX.LEVEL,2021-02-11,1863.28877
EG.CONIA.IDX.LEVEL,2021-02-14,1864.92954
EG.CONIA.IDX.LEVEL,2021-02-15,1865.47439
EG.CONIA.IDX.LEVEL,2021-02-16,1866.01797
EG.CONIA.IDX.LEVEL,2021-02-17,1866.5469
EG.CONIA.IDX.LEVEL,2021-02-18,1867.04274
EG.CONIA.IDX.LEVEL,2021-02-21,1868.39115
EG.CONIA.IDX.LEVEL,2021-02-22,1868.82696
EG.CONIA.IDX.LEVEL,2021-02-23,1869.26016
EG.CONIA.IDX.LEVEL,2021-02-24,1869.80001
EG.CONIA.IDX.LEVEL,2021-02-25,1870.34707
EG.CONIA.IDX.LEVEL,2021-02-28,1872.0071
EG.CONIA.IDX.LEVEL,2021-03-01,1872.55887
EG.CONIA.IDX.LEVEL,2021-03-02,1873.1091
EG.CONIA.IDX.LEVEL,2021-03-03,1873.65208
EG.CONIA.IDX.LEVEL,2021-03-04,1874.17074
EG.CONIA.IDX.LEVEL,2021-03-07,1875.53852
EG.CONIA.IDX.LEVEL,2021-03-08,1875.97983
EG.CONIA.IDX.LEVEL,2021-03-09,1876.42934
EG.CONIA.IDX.LEVEL,2021-03-10,1876.98002
EG.CONIA.IDX.LEVEL,2021-03-11,1877.52745
EG.CONIA.IDX.LEVEL,2021-03-14,1879.16652
EG.CONIA.IDX.LEVEL,2021-03-15,1879.71084
EG.CONIA.IDX.LEVEL,2021-03-16,1880.25681
EG.CONIA.IDX.LEVEL,2021-03-17,1880.79494
EG.CONIA.IDX.LEVEL,2021-03-18,1881.30871
EG.CONIA.IDX.LEVEL,2021-03-21,1882.68392
EG.CONIA.IDX.LEVEL,2021-03-22,1883.12125
EG.CONIA.IDX.LEVEL,2021-03-23,1883.55835
EG.CONIA.IDX.LEVEL,2021-03-24,1884.10949
EG.CONIA.IDX.LEVEL,2021-03-25,1884.65774
EG.CONIA.IDX.LEVEL,2021-03-28,1886.30641
EG.CONIA.IDX.LEVEL,2021-03-29,1886.86175
EG.CONIA.IDX.LEVEL,2021-03-30,1887.42015
EG.CONIA.IDX.LEVEL,2021-03-31,1887.97715
EG.CONIA.IDX.LEVEL,2021-04-01,1888.52582
EG.CONIA.IDX.LEVEL,2021-04-04,1890.07143
EG.CONIA.IDX.LEVEL,2021-04-05,1890.51631
EG.CONIA.IDX.LEVEL,2021-04-06,1890.9549
EG.CONIA.IDX.LEVEL,2021-04-07,1891.49486
EG.CONIA.IDX.LEVEL,2021-04-08,1892.03171
EG.CONIA.IDX.LEVEL,2021-04-11,1893.62826
EG.CONIA.IDX.LEVEL,2021-04-12,1894.14457
EG.CONIA.IDX.LEVEL,2021-04-13,1894.64522
EG.CONIA.IDX.LEVEL,2021-04-14,1895.11672
EG.CONIA.IDX.LEVEL,2021-04-15,1895.57873
EG.CONIA.IDX.LEVEL,2021-04-18,1896.92008
EG.CONIA.IDX.LEVEL,2021-04-19,1897.36013
EG.CONIA.IDX.LEVEL,2021-04-20,1897.79833
EG.CONIA.IDX.LEVEL,2021-04-21,1898.34594
EG.CONIA.IDX.LEVEL,2021-04-22,1898.90358
EG.CONIA.IDX.LEVEL,2021-04-25,1900.57935
EG.CONIA.IDX.LEVEL,2021-04-26,1901.13846
EG.CONIA.IDX.LEVEL,2021-04-27,1901.69536
EG.CONIA.IDX.LEVEL,2021-04-28,1902.25296
EG.CONIA.IDX.LEVEL,2021-05-04,1905.4644
EG.CONIA.IDX.LEVEL,2021-05-05,1906.02321
EG.CONIA.IDX.LEVEL,2021-05-06,1906.58595
EG.CONIA.IDX.LEVEL,2021-05-09,1908.27342
EG.CONIA.IDX.LEVEL,2021-05-10,1908.83628
EG.CONIA.IDX.LEVEL,2021-05-11,1909.39871
EG.CONIA.IDX.LEVEL,2021-05-17,1912.64032
EG.CONIA.IDX.LEVEL,2021-05-18,1913.08884
EG.CONIA.IDX.LEVEL,2021-05-19,1913.65016
EG.CONIA.IDX.LEVEL,2021-05-20,1914.20694
EG.CONIA.IDX.LEVEL,2021-05-23,1915.88423
EG.CONIA.IDX.LEVEL,2021-05-24,1916.44605
EG.CONIA.IDX.LEVEL,2021-05-25,1917.00731
EG.CONIA.IDX.LEVEL,2021-05-26,1917.56312
EG.CONIA.IDX.LEVEL,2021-05-27,1918.09804
EG.CONIA.IDX.LEVEL,2021-05-30,1919.4772
EG.CONIA.IDX.LEVEL,2021-05-31,1919.92475
EG.CONIA.IDX.LEVEL,2021-06-01,1920.36795
EG.CONIA.IDX.LEVEL,2021-06-02,1920.92709
EG.CONIA.IDX.LEVEL,2021-06-03,1921.47669
EG.CONIA.IDX.LEVEL,2021-06-06,1923.05229
EG.CONIA.IDX.LEVEL,2021-06-07,1923.56542
EG.CONIA.IDX.LEVEL,2021-06-08,1924.0654
EG.CONIA.IDX.LEVEL,2021-06-09,1924.55008
EG.CONIA.IDX.LEVEL,2021-06-10,1925.01106
EG.CONIA.IDX.LEVEL,2021-06-13,1926.35953
EG.CONIA.IDX.LEVEL,2021-06-14,1926.80922
EG.CONIA.IDX.LEVEL,2021-06-15,1927.25345
EG.CONIA.IDX.LEVEL,2021-06-16,1927.78306
EG.CONIA.IDX.LEVEL,2021-06-17,1928.30778
EG.CONIA.IDX.LEVEL,2021-06-20,1929.87277
EG.CONIA.IDX.LEVEL,2021-06-21,1930.36841
EG.CONIA.IDX.LEVEL,2021-06-22,1930.84989
EG.CONIA.IDX.LEVEL,2021-06-23,1931.32152
EG.CONIA.IDX.LEVEL,2021-06-24,1931.78782
EG.CONIA.IDX.LEVEL,2021-06-27,1933.13086
EG.CONIA.IDX.LEVEL,2021-06-28,1933.5777
EG.CONIA.IDX.LEVEL,2021-06-29,1934.0235
EG.CONIA.IDX.LEVEL,2021-06-30,1934.58294
EG.CONIA.IDX.LEVEL,2021-07-04,1936.83698
EG.CONIA.IDX.LEVEL,2021-07-05,1937.39409
EG.CONIA.IDX.LEVEL,2021-07-06,1937.94648
EG.CONIA.IDX.LEVEL,2021-07-07,1938.47206
EG.CONIA.IDX.LEVEL,2021-07-08,1938.94573
EG.CONIA.IDX.LEVEL,2021-07-11,1940.29681
EG.CONIA.IDX.LEVEL,2021-07-12,1940.74461
EG.CONIA.IDX.LEVEL,2021-07-13,1941.19221
EG.CONIA.IDX.LEVEL,2021-07-14,1941.73468
EG.CONIA.IDX.LEVEL,2021-07-15,1942.25528
EG.CONIA.IDX.LEVEL,2021-07-18,1943.79877
EG.CONIA.IDX.LEVEL,2021-07-25,1947.10262
EG.CONIA.IDX.LEVEL,2021-07-26,1947.55366
EG.CONIA.IDX.LEVEL,2021-07-27,1948.00271
EG.CONIA.IDX.LEVEL,2021-07-28,1948.52874
EG.CONIA.IDX.LEVEL,2021-07-29,1949.03477
EG.CONIA.IDX.LEVEL,2021-08-01,1950.44603
EG.CONIA.IDX.LEVEL,2021-08-02,1950.91054
EG.CONIA.IDX.LEVEL,2021-08-03,1951.3664
EG.CONIA.IDX.LEVEL,2021-08-04,1951.82002
EG.CONIA.IDX.LEVEL,2021-08-05,1952.2756
EG.CONIA.IDX.LEVEL,2021-08-08,1953.64468
EG.CONIA.IDX.LEVEL,2021-08-09,1954.09692
EG.CONIA.IDX.LEVEL,2021-08-10,1954.54755
EG.CONIA.IDX.LEVEL,2021-08-11,1955.06463
EG.CONIA.IDX.LEVEL,2021-08-15,1957.24055
EG.CONIA.IDX.LEVEL,2021-08-16,1957.78107
EG.CONIA.IDX.LEVEL,2021-08-17,1958.30825
EG.CONIA.IDX.LEVEL,2021-08-18,1958.81222
EG.CONIA.IDX.LEVEL,2021-08-19,1959.28985
EG.CONIA.IDX.LEVEL,2021-08-22,1960.65494
EG.CONIA.IDX.LEVEL,2021-08-23,1961.10767
EG.CONIA.IDX.LEVEL,2021-08-24,1961.55982
EG.CONIA.IDX.LEVEL,2021-08-25,1962.10783
EG.CONIA.IDX.LEVEL,2021-08-26,1962.63215
EG.CONIA.IDX.LEVEL,2021-08-29,1964.18968
EG.CONIA.IDX.LEVEL,2021-08-30,1964.68499
EG.CONIA.IDX.LEVEL,2021-08-31,1965.17653
EG.CONIA.IDX.LEVEL,2021-09-01,1965.66138
EG.CONIA.IDX.LEVEL,2021-09-02,1966.13752
EG.CONIA.IDX.LEVEL,2021-09-05,1967.528
EG.CONIA.IDX.LEVEL,2021-09-06,1967.98374
EG.CONIA.IDX.LEVEL,2021-09-07,1968.43747
EG.CONIA.IDX.LEVEL,2021-09-08,1968.97208
EG.CONIA.IDX.LEVEL,2021-09-09,1969.51182
EG.CONIA.IDX.LEVEL,2021-09-12,1971.13192
EG.CONIA.IDX.LEVEL,2021-09-13,1971.68078
EG.CONIA.IDX.LEVEL,2021-09-14,1972.22973
EG.CONIA.IDX.LEVEL,2021-09-15,1972.76833
EG.CONIA.IDX.LEVEL,2021-09-16,1973.29408
EG.CONIA.IDX.LEVEL,2021-09-19,1974.83841
EG.CONIA.IDX.LEVEL,2021-09-20,1975.3023
EG.CONIA.IDX.LEVEL,2021-09-21,1975.76236
EG.CONIA.IDX.LEVEL,2021-09-22,1976.29786
EG.CONIA.IDX.LEVEL,2021-09-23,1976.82302
EG.CONIA.IDX.LEVEL,2021-09-26,1978.36704
EG.CONIA.IDX.LEVEL,2021-09-27,1978.8648
EG.CONIA.IDX.LEVEL,2021-09-28,1979.36593
EG.CONIA.IDX.LEVEL,2021-09-29,1979.84729
EG.CONIA.IDX.LEVEL,2021-09-30,1980.31892
EG.CONIA.IDX.LEVEL,2021-10-03,1981.70617
EG.CONIA.IDX.LEVEL,2021-10-04,1982.16456
EG.CONIA.IDX.LEVEL,2021-10-05,1982.62194
EG.CONIA.IDX.LEVEL,2021-10-06,1983.14783
EG.CONIA.IDX.LEVEL,2021-10-10,1985.3136
EG.CONIA.IDX.LEVEL,2021-10-11,1985.85765
EG.CONIA.IDX.LEVEL,2021-10-12,1986.39824
EG.CONIA.IDX.LEVEL,2021-10-13,1986.91449
EG.CONIA.IDX.LEVEL,2021-10-14,1987.41236
EG.CONIA.IDX.LEVEL,2021-10-17,1988.81175
EG.CONIA.IDX.LEVEL,2021-10-18,1989.27106
EG.CONIA.IDX.LEVEL,2021-10-19,1989.72977
EG.CONIA.IDX.LEVEL,2021-10-20,1990.28067
EG.CONIA.IDX.LEVEL,2021-10-24,1992.45934
EG.CONIA.IDX.LEVEL,2021-10-25,1992.97438
EG.CONIA.IDX.LEVEL,2021-10-26,1993.50283
EG.CONIA.IDX.LEVEL,2021-10-27,1994.01596
EG.CONIA.IDX.LEVEL,2021-10-28,1994.49021
EG.CONIA.IDX.LEVEL,2021-10-31,1995.87103
EG.CONIA.IDX.LEVEL,2021-11-01,1996.33119
EG.CONIA.IDX.LEVEL,2021-11-02,1996.79271
EG.CONIA.IDX.LEVEL,2021-11-03,1997.30861
EG.CONIA.IDX.LEVEL,2021-11-04,1997.84376
EG.CONIA.IDX.LEVEL,2021-11-07,1999.44675
EG.CONIA.IDX.LEVEL,2021-11-08,1999.9844
EG.CONIA.IDX.LEVEL,2021-11-09,2000.50689
EG.CONIA.IDX.LEVEL,2021-11-10,2001.00348
EG.CONIA.IDX.LEVEL,2021-11-11,2001.4835
EG.CONIA.IDX.LEVEL,2021-11-14,2002.89891
EG.CONIA.IDX.LEVEL,2021-11-15,2003.36231
EG.CONIA.IDX.LEVEL,2021-11-16,2003.82495
EG.CONIA.IDX.LEVEL,2021-11-17,2004.35132
EG.CONIA.IDX.LEVEL,2021-11-18,2004.89253
EG.CONIA.IDX.LEVEL,2021-11-21,2006.53657
EG.CONIA.IDX.LEVEL,2021-11-22,2007.08047
EG.CONIA.IDX.LEVEL,2021-11-23,2007.61262
EG.CONIA.IDX.LEVEL,2021-11-24,2008.11753
EG.CONIA.IDX.LEVEL,2021-11-25,2008.60452
EG.CONIA.IDX.LEVEL,2021-11-28,2010.041
EG.CONIA.IDX.LEVEL,2021-11-29,2010.506
EG.CONIA.IDX.LEVEL,2021-11-30,2010.97095
EG.CONIA.IDX.LEVEL,2021-12-01,2011.51309
EG.CONIA.IDX.LEVEL,2021-12-02,2012.06333
EG.CONIA.IDX.LEVEL,2021-12-05,2013.71273
EG.CONIA.IDX.LEVEL,2021-12-06,2014.24583
EG.CONIA.IDX.LEVEL,2021-12-07,2014.75248
EG.CONIA.IDX.LEVEL,2021-12-08,2015.23609
EG.CONIA.IDX.LEVEL,2021-12-09,2015.70816
EG.CONIA.IDX.LEVEL,2021-12-12,2017.11246
EG.CONIA.IDX.LEVEL,2021-12-13,2017.57752
EG.CONIA.IDX.LEVEL,2021-12-14,2018.04268
EG.CONIA.IDX.LEVEL,2021-12-15,2018.57245
EG.CONIA.IDX.LEVEL,2021-12-16,2019.09497
EG.CONIA.IDX.LEVEL,2021-12-19,2020.59493
EG.CONIA.IDX.LEVEL,2021-12-20,2021.08153
EG.CONIA.IDX.LEVEL,2021-12-21,2021.56414
EG.CONIA.IDX.LEVEL,2021-12-22,2022.0419
EG.CONIA.IDX.LEVEL,2021-12-23,2022.51535
EG.CONIA.IDX.LEVEL,2021-12-26,2023.92263
EG.CONIA.IDX.LEVEL,2021-12-27,2024.39
EG.CONIA.IDX.LEVEL,2021-12-28,2024.85707
EG.CONIA.IDX.LEVEL,2021-12-29,2025.39673
EG.CONIA.IDX.LEVEL,2021-12-30,2025.95984
EG.CONIA.IDX.LEVEL,2022-01-02,2027.66686
EG.CONIA.IDX.LEVEL,2022-01-03,2028.20953
EG.CONIA.IDX.LEVEL,2022-01-04,2028.75395
EG.CONIA.IDX.LEVEL,2022-01-05,2029.29646
EG.CONIA.IDX.LEVEL,2022-01-09,2031.45933
EG.CONIA.IDX.LEVEL,2022-01-10,2031.92993
EG.CONIA.IDX.LEVEL,2022-01-11,2032.3984
EG.CONIA.IDX.LEVEL,2022-01-12,2032.94461
EG.CONIA.IDX.LEVEL,2022-01-13,2033.49162
EG.CONIA.IDX.LEVEL,2022-01-16,2035.1604
EG.CONIA.IDX.LEVEL,2022-01-17,2035.71344
EG.CONIA.IDX.LEVEL,2022-01-18,2036.26769
EG.CONIA.IDX.LEVEL,2022-01-19,2036.82596
EG.CONIA.IDX.LEVEL,2022-01-20,2037.38813
EG.CONIA.IDX.LEVEL,2022-01-23,2039.0547
EG.CONIA.IDX.LEVEL,2022-01-24,2039.55403
EG.CONIA.IDX.LEVEL,2022-01-25,2040.03127
EG.CONIA.IDX.LEVEL,2022-01-26,2040.58897
EG.CONIA.IDX.LEVEL,2022-01-30,2042.84553
EG.CONIA.IDX.LEVEL,2022-01-31,2043.4113
EG.CONIA.IDX.LEVEL,2022-02-01,2043.97846
EG.CONIA.IDX.LEVEL,2022-02-02,2044.54188
EG.CONIA.IDX.LEVEL,2022-02-03,2045.10975
EG.CONIA.IDX.LEVEL,2022-02-06,2046.81221
EG.CONIA.IDX.LEVEL,2022-02-07,2047.32535
EG.CONIA.IDX.LEVEL,2022-02-08,2047.81048
EG.CONIA.IDX.LEVEL,2022-02-09,2048.37549
EG.CONIA.IDX.LEVEL,2022-02-10,2048.94596
EG.CONIA.IDX.LEVEL,2022-02-13,2050.64552
EG.CONIA.IDX.LEVEL,2022-02-14,2051.20256
EG.CONIA.IDX.LEVEL,2022-02-15,2051.75931
EG.CONIA.IDX.LEVEL,2022-02-16,2052.30953
EG.CONIA.IDX.LEVEL,2022-02-17,2052.84684
EG.CONIA.IDX.LEVEL,2022-02-20,2054.32291
EG.CONIA.IDX.LEVEL,2022-02-21,2054.79655
EG.CONIA.IDX.LEVEL,2022-02-22,2055.26951
EG.CONIA.IDX.LEVEL,2022-02-23,2055.82798
EG.CONIA.IDX.LEVEL,2022-02-24,2056.38667
EG.CONIA.IDX.LEVEL,2022-02-27,2058.06119
EG.CONIA.IDX.LEVEL,2022-02-28,2058.61332
EG.CONIA.IDX.LEVEL,2022-03-01,2059.16385
EG.CONIA.IDX.LEVEL,2022-03-02,2059.72329
EG.CONIA.IDX.LEVEL,2022-03-03,2060.24341
EG.CONIA.IDX.LEVEL,2022-03-06,2061.70561
EG.CONIA.IDX.LEVEL,2022-03-07,2062.18528
EG.CONIA.IDX.LEVEL,2022-03-08,2062.66083
EG.CONIA.IDX.LEVEL,2022-03-09,2063.22253
EG.CONIA.IDX.LEVEL,2022-03-10,2063.77341
EG.CONIA.IDX.LEVEL,2022-03-13,2065.38673
EG.CONIA.IDX.LEVEL,2022-03-14,2065.91161
EG.CONIA.IDX.LEVEL,2022-03-15,2066.4311
EG.CONIA.IDX.LEVEL,2022-03-16,2066.93457
EG.CONIA.IDX.LEVEL,2022-03-17,2067.42255
EG.CONIA.IDX.LEVEL,2022-03-20,2068.85844
EG.CONIA.IDX.LEVEL,2022-03-21,2069.33543
EG.CONIA.IDX.LEVEL,2022-03-22,2069.87731
EG.CONIA.IDX.LEVEL,2022-03-23,2070.50468
EG.CONIA.IDX.LEVEL,2022-03-24,2071.07577
EG.CONIA.IDX.LEVEL,2022-03-27,2072.78741
EG.CONIA.IDX.LEVEL,2022-03-28,2073.3609
EG.CONIA.IDX.LEVEL,2022-03-29,2073.93825
EG.CONIA.IDX.LEVEL,2022-03-30,2074.51679
EG.CONIA.IDX.LEVEL,2022-03-31,2075.0711
EG.CONIA.IDX.LEVEL,2022-04-03,2076.70202
EG.CONIA.IDX.LEVEL,2022-04-04,2077.2393
EG.CONIA.IDX.LEVEL,2022-04-05,2077.77615
EG.CONIA.IDX.LEVEL,2022-04-06,2078.34466
EG.CONIA.IDX.LEVEL,2022-04-07,2078.91274
EG.CONIA.IDX.LEVEL,2022-04-10,2080.61008
EG.CONIA.IDX.LEVEL,2022-04-11,2081.17513
EG.CONIA.IDX.LEVEL,2022-04-12,2081.73907
EG.CONIA.IDX.LEVEL,2022-04-13,2082.29814
EG.CONIA.IDX.LEVEL,2022-04-14,2082.85129
EG.CONIA.IDX.LEVEL,2022-04-17,2084.49196
EG.CONIA.IDX.LEVEL,2022-04-18,2085.034
EG.CONIA.IDX.LEVEL,2022-04-19,2085.57351
EG.CONIA.IDX.LEVEL,2022-04-20,2086.15526
EG.CONIA.IDX.LEVEL,2022-04-21,2086.72833
EG.CONIA.IDX.LEVEL,2022-04-26,2089.60146
EG.CONIA.IDX.LEVEL,2022-04-27,2090.16974
EG.CONIA.IDX.LEVEL,2022-04-28,2090.72432
EG.CONIA.IDX.LEVEL,2022-05-08,2096.25151
EG.CONIA.IDX.LEVEL,2022-05-09,2096.83198
EG.CONIA.IDX.LEVEL,2022-05-10,2097.41222
EG.CONIA.IDX.LEVEL,2022-05-11,2097.99088
EG.CONIA.IDX.LEVEL,2022-05-12,2098.56313
EG.CONIA.IDX.LEVEL,2022-05-15,2100.25682
EG.CONIA.IDX.LEVEL,2022-05-16,2100.80899
EG.CONIA.IDX.LEVEL,2022-05-17,2101.35255
EG.CONIA.IDX.LEVEL,2022-05-18,2101.93377
EG.CONIA.IDX.LEVEL,2022-05-19,2102.51897
EG.CONIA.IDX.LEVEL,2022-05-22,2104.25638
EG.CONIA.IDX.LEVEL,2022-05-23,2104.95389
EG.CONIA.IDX.LEVEL,2022-05-24,2105.65216
EG.CONIA.IDX.LEVEL,2022-05-25,2106.34104
EG.CONIA.IDX.LEVEL,2022-05-26,2107.01191
EG.CONIA.IDX.LEVEL,2022-05-29,2109.00265
EG.CONIA.IDX.LEVEL,2022-05-30,2109.66464
EG.CONIA.IDX.LEVEL,2022-05-31,2110.32684
EG.CONIA.IDX.LEVEL,2022-06-01,2111.0182
EG.CONIA.IDX.LEVEL,2022-06-02,2111.70045
EG.CONIA.IDX.LEVEL,2022-06-05,2113.73693
EG.CONIA.IDX.LEVEL,2022-06-06,2114.41153
EG.CONIA.IDX.LEVEL,2022-06-07,2115.08819
EG.CONIA.IDX.LEVEL,2022-06-08,2115.75993
EG.CONIA.IDX.LEVEL,2022-06-09,2116.42923
EG.CONIA.IDX.LEVEL,2022-06-12,2118.43594
EG.CONIA.IDX.LEVEL,2022-06-13,2119.10287
EG.CONIA.IDX.LEVEL,2022-06-14,2119.76803
EG.CONIA.IDX.LEVEL,2022-06-15,2120.46018
EG.CONIA.IDX.LEVEL,2022-06-16,2121.15604
EG.CONIA.IDX.LEVEL,2022-06-19,2123.24993
EG.CONIA.IDX.LEVEL,2022-06-20,2123.94433
EG.CONIA.IDX.LEVEL,2022-06-21,2124.64002
EG.CONIA.IDX.LEVEL,2022-06-22,2125.33637
EG.CONIA.IDX.LEVEL,2022-06-23,2126.01993
EG.CONIA.IDX.LEVEL,2022-06-26,2128.02885
EG.CONIA.IDX.LEVEL,2022-06-27,2128.69704
EG.CONIA.IDX.LEVEL,2022-06-28,2129.36521
EG.CONIA.IDX.LEVEL,2022-06-29,2130.05689
EG.CONIA.IDX.LEVEL,2022-07-03,2132.81308
EG.CONIA.IDX.LEVEL,2022-07-04,2133.49275
EG.CONIA.IDX.LEVEL,2022-07-05,2134.17228
EG.CONIA.IDX.LEVEL,2022-07-06,2134.84824
EG.CONIA.IDX.LEVEL,2022-07-07,2135.52435
EG.CONIA.IDX.LEVEL,2022-07-17,2142.27566
EG.CONIA.IDX.LEVEL,2022-07-18,2142.97613
EG.CONIA.IDX.LEVEL,2022-07-19,2143.6771
EG.CONIA.IDX.LEVEL,2022-07-20,2144.37719
EG.CONIA.IDX.LEVEL,2022-07-21,2145.06938
EG.CONIA.IDX.LEVEL,2022-07-24,2147.0985
EG.CONIA.IDX.LEVEL,2022-07-25,2147.77245
EG.CONIA.IDX.LEVEL,2022-07-26,2148.44661
EG.CONIA.IDX.LEVEL,2022-07-27,2149.14562
EG.CONIA.IDX.LEVEL,2022-07-28,2149.84055
EG.CONIA.IDX.LEVEL,2022-07-31,2151.91865
EG.CONIA.IDX.LEVEL,2022-08-01,2152.60906
EG.CONIA.IDX.LEVEL,2022-08-02,2153.29572
EG.CONIA.IDX.LEVEL,2022-08-03,2153.97834
EG.CONIA.IDX.LEVEL,2022-08-04,2154.65647
EG.CONIA.IDX.LEVEL,2022-08-07,2156.68557
EG.CONIA.IDX.LEVEL,2022-08-08,2157.36253
EG.CONIA.IDX.LEVEL,2022-08-09,2158.0397
EG.CONIA.IDX.LEVEL,2022-08-10,2158.73298
EG.CONIA.IDX.LEVEL,2022-08-11,2159.42144
EG.CONIA.IDX.LEVEL,2022-08-14,2161.46535
EG.CONIA.IDX.LEVEL,2022-08-15,2162.14546
EG.CONIA.IDX.LEVEL,2022-08-16,2162.82413
EG.CONIA.IDX.LEVEL,2022-08-17,2163.50302
EG.CONIA.IDX.LEVEL,2022-08-18,2164.18339
EG.CONIA.IDX.LEVEL,2022-08-21,2166.22133
EG.CONIA.IDX.LEVEL,2022-08-22,2166.90128
EG.CONIA.IDX.LEVEL,2022-08-23,2167.58145
EG.CONIA.IDX.LEVEL,2022-08-24,2168.27648
EG.CONIA.IDX.LEVEL,2022-08-25,2168.96426
EG.CONIA.IDX.LEVEL,2022-08-28,2171.01617
EG.CONIA.IDX.LEVEL,2022-08-29,2171.6985
EG.CONIA.IDX.LEVEL,2022-08-30,2172.38173
EG.CONIA.IDX.LEVEL,2022-08-31,2173.06597
EG.CONIA.IDX.LEVEL,2022-09-01,2173.74777
EG.CONIA.IDX.LEVEL,2022-09-04,2175.79807
EG.CONIA.IDX.LEVEL,2022-09-05,2176.48103
EG.CONIA.IDX.LEVEL,2022-09-06,2177.16417
EG.CONIA.IDX.LEVEL,2022-09-07,2177.85153
EG.CONIA.IDX.LEVEL,2022-09-08,2178.53673
EG.CONIA.IDX.LEVEL,2022-09-11,2180.58917
EG.CONIA.IDX.LEVEL,2022-09-12,2181.27364
EG.CONIA.IDX.LEVEL,2022-09-13,2181.95862
EG.CONIA.IDX.LEVEL,2022-09-14,2182.64438
EG.CONIA.IDX.LEVEL,2022-09-15,2183.32949
EG.CONIA.IDX.LEVEL,2022-09-18,2185.38546
EG.CONIA.IDX.LEVEL,2022-09-19,2186.07113
EG.CONIA.IDX.LEVEL,2022-09-20,2186.75696
EG.CONIA.IDX.LEVEL,2022-09-21,2187.45015
EG.CONIA.IDX.LEVEL,2022-09-22,2188.14081
EG.CONIA.IDX.LEVEL,2022-09-25,2190.21347
EG.CONIA.IDX.LEVEL,2022-09-26,2190.902
EG.CONIA.IDX.LEVEL,2022-09-27,2191.59384
EG.CONIA.IDX.LEVEL,2022-09-28,2192.28153
EG.CONIA.IDX.LEVEL,2022-09-29,2192.96932
EG.CONIA.IDX.LEVEL,2022-10-02,2195.02982
EG.CONIA.IDX.LEVEL,2022-10-03,2195.71591
EG.CONIA.IDX.LEVEL,2022-10-04,2196.40302
EG.CONIA.IDX.LEVEL,2022-10-05,2197.09911
EG.CONIA.IDX.LEVEL,2022-10-09,2199.88756
EG.CONIA.IDX.LEVEL,2022-10-10,2200.58535
EG.CONIA.IDX.LEVEL,2022-10-11,2201.28264
EG.CONIA.IDX.LEVEL,2022-10-12,2201.97787
EG.CONIA.IDX.LEVEL,2022-10-13,2202.66892
EG.CONIA.IDX.LEVEL,2022-10-16,2204.7429
EG.CONIA.IDX.LEVEL,2022-10-17,2205.43451
EG.CONIA.IDX.LEVEL,2022-10-18,2206.12624
EG.CONIA.IDX.LEVEL,2022-10-19,2206.82577
EG.CONIA.IDX.LEVEL,2022-10-20,2207.52256
EG.CONIA.IDX.LEVEL,2022-10-23,2209.61625
EG.CONIA.IDX.LEVEL,2022-10-24,2210.31169
EG.CONIA.IDX.LEVEL,2022-10-25,2211.00831
EG.CONIA.IDX.LEVEL,2022-10-26,2211.71727
EG.CONIA.IDX.LEVEL,2022-10-27,2212.4305
EG.CONIA.IDX.LEVEL,2022-10-30,2214.96505
EG.CONIA.IDX.LEVEL,2022-10-31,2215.80319
EG.CONIA.IDX.LEVEL,2022-11-01,2216.62636
EG.CONIA.IDX.LEVEL,2022-11-02,2217.45804
EG.CONIA.IDX.LEVEL,2022-11-03,2218.29022
EG.CONIA.IDX.LEVEL,2022-11-06,2220.77769
EG.CONIA.IDX.LEVEL,2022-11-07,2221.60521
EG.CONIA.IDX.LEVEL,2022-11-08,2222.4349
EG.CONIA.IDX.LEVEL,2022-11-09,2223.2668
EG.CONIA.IDX.LEVEL,2022-11-10,2224.09926
EG.CONIA.IDX.LEVEL,2022-11-13,2226.59501
EG.CONIA.IDX.LEVEL,2022-11-14,2227.41951
EG.CONIA.IDX.LEVEL,2022-11-15,2228.24242
EG.CONIA.IDX.LEVEL,2022-11-16,2229.07712
EG.CONIA.IDX.LEVEL,2022-11-17,2229.9127
EG.CONIA.IDX.LEVEL,2022-11-20,2232.41307
EG.CONIA.IDX.LEVEL,2022-11-21,2233.24552
EG.CONIA.IDX.LEVEL,2022-11-22,2234.07844
EG.CONIA.IDX.LEVEL,2022-11-23,2234.90713
EG.CONIA.IDX.LEVEL,2022-11-24,2235.73583
EG.CONIA.IDX.LEVEL,2022-11-27,2238.217
EG.CONIA.IDX.LEVEL,2022-11-28,2239.04534
EG.CONIA.IDX.LEVEL,2022-11-29,2239.87254
EG.CONIA.IDX.LEVEL,2022-11-30,2240.7145
EG.CONIA.IDX.LEVEL,2022-12-01,2241.55004
EG.CONIA.IDX.LEVEL,2022-12-04,2244.04907
EG.CONIA.IDX.LEVEL,2022-12-05,2244.88217
EG.CONIA.IDX.LEVEL,2022-12-06,2245.71581
EG.CONIA.IDX.LEVEL,2022-12-07,2246.54775
EG.CONIA.IDX.LEVEL,2022-12-08,2247.37978
EG.CONIA.IDX.LEVEL,2022-12-11,2249.87062
EG.CONIA.IDX.LEVEL,2022-12-12,2250.70182
EG.CONIA.IDX.LEVEL,2022-12-13,2251.53311
EG.CONIA.IDX.LEVEL,2022-12-14,2252.3757
EG.CONIA.IDX.LEVEL,2022-12-15,2253.21774
EG.CONIA.IDX.LEVEL,2022-12-18,2255.73319
EG.CONIA.IDX.LEVEL,2022-12-19,2256.56819
EG.CONIA.IDX.LEVEL,2022-12-20,2257.4028
EG.CONIA.IDX.LEVEL,2022-12-21,2258.23609
EG.CONIA.IDX.LEVEL,2022-12-22,2259.06927
EG.CONIA.IDX.LEVEL,2022-12-25,2261.56986
EG.CONIA.IDX.LEVEL,2022-12-26,2262.59157
EG.CONIA.IDX.LEVEL,2022-12-27,2263.61427
EG.CONIA.IDX.LEVEL,2022-12-28,2264.64033
EG.CONIA.IDX.LEVEL,2022-12-29,2265.66939
EG.CONIA.IDX.LEVEL,2023-01-02,2269.77923
EG.CONIA.IDX.LEVEL,2023-01-03,2270.81757
EG.CONIA.IDX.LEVEL,2023-01-04,2271.84611
EG.CONIA.IDX.LEVEL,2023-01-05,2272.87718
EG.CONIA.IDX.LEVEL,2023-01-09,2276.99016
EG.CONIA.IDX.LEVEL,2023-01-10,2278.0205
EG.CONIA.IDX.LEVEL,2023-01-11,2279.05509
EG.CONIA.IDX.LEVEL,2023-01-12,2280.08996
EG.CONIA.IDX.LEVEL,2023-01-15,2283.19836
EG.CONIA.IDX.LEVEL,2023-01-16,2284.23431
EG.CONIA.IDX.LEVEL,2023-01-17,2285.2736
EG.CONIA.IDX.LEVEL,2023-01-18,2286.32169
EG.CONIA.IDX.LEVEL,2023-01-19,2287.37101
EG.CONIA.IDX.LEVEL,2023-01-22,2290.51703
EG.CONIA.IDX.LEVEL,2023-01-23,2291.55606
EG.CONIA.IDX.LEVEL,2023-01-24,2292.59362
EG.CONIA.IDX.LEVEL,2023-01-25,2293.64951
EG.CONIA.IDX.LEVEL,2023-01-29,2297.89462
EG.CONIA.IDX.LEVEL,2023-01-30,2298.96073
EG.CONIA.IDX.LEVEL,2023-01-31,2300.02737
EG.CONIA.IDX.LEVEL,2023-02-01,2301.09878
EG.CONIA.IDX.LEVEL,2023-02-02,2302.16618
EG.CONIA.IDX.LEVEL,2023-02-05,2305.36331
EG.CONIA.IDX.LEVEL,2023-02-06,2306.41133
EG.CONIA.IDX.LEVEL,2023-02-07,2307.4554
EG.CONIA.IDX.LEVEL,2023-02-08,2308.51747
EG.CONIA.IDX.LEVEL,2023-02-09,2309.58174
EG.CONIA.IDX.LEVEL,2023-02-12,2312.76737
EG.CONIA.IDX.LEVEL,2023-02-13,2313.82994
EG.CONIA.IDX.LEVEL,2023-02-14,2314.89184
EG.CONIA.IDX.LEVEL,2023-02-15,2315.94663
EG.CONIA.IDX.LEVEL,2023-02-16,2317.00372
EG.CONIA.IDX.LEVEL,2023-02-19,2320.16425
EG.CONIA.IDX.LEVEL,2023-02-20,2321.21477
EG.CONIA.IDX.LEVEL,2023-02-21,2322.26576
EG.CONIA.IDX.LEVEL,2023-02-22,2323.33059
EG.CONIA.IDX.LEVEL,2023-02-23,2324.39093
EG.CONIA.IDX.LEVEL,2023-02-26,2327.56861
EG.CONIA.IDX.LEVEL,2023-02-27,2328.62927
EG.CONIA.IDX.LEVEL,2023-02-28,2329.6937
EG.CONIA.IDX.LEVEL,2023-03-01,2330.7566
EG.CONIA.IDX.LEVEL,2023-03-02,2331.81994
EG.CONIA.IDX.LEVEL,2023-03-05,2334.99939
EG.CONIA.IDX.LEVEL,2023-03-06,2336.05663
EG.CONIA.IDX.LEVEL,2023-03-07,2337.11354
EG.CONIA.IDX.LEVEL,2023-03-08,2338.18341
EG.CONIA.IDX.LEVEL,2023-03-09,2339.25405
EG.CONIA.IDX.LEVEL,2023-03-12,2342.46926
EG.CONIA.IDX.LEVEL,2023-03-13,2343.5409
EG.CONIA.IDX.LEVEL,2023-03-14,2344.61153
EG.CONIA.IDX.LEVEL,2023-03-15,2345.68147
EG.CONIA.IDX.LEVEL,2023-03-16,2346.7479
EG.CONIA.IDX.LEVEL,2023-03-19,2349.94141
EG.CONIA.IDX.LEVEL,2023-03-20,2351.00549
EG.CONIA.IDX.LEVEL,2023-03-21,2352.06968
EG.CONIA.IDX.LEVEL,2023-03-22,2353.14537
EG.CONIA.IDX.LEVEL,2023-03-23,2354.21579
EG.CONIA.IDX.LEVEL,2023-03-26,2357.42715
EG.CONIA.IDX.LEVEL,2023-03-27,2358.49836
EG.CONIA.IDX.LEVEL,2023-03-28,2359.57074
EG.CONIA.IDX.LEVEL,2023-03-29,2360.6435
EG.CONIA.IDX.LEVEL,2023-03-30,2361.71411
EG.CONIA.IDX.LEVEL,2023-04-02,2364.93251
EG.CONIA.IDX.LEVEL,2023-04-03,2366.13182
EG.CONIA.IDX.LEVEL,2023-04-04,2367.33227
EG.CONIA.IDX.LEVEL,2023-04-05,2368.53687
EG.CONIA.IDX.LEVEL,2023-04-06,2369.7426
EG.CONIA.IDX.LEVEL,2023-04-09,2373.36111
EG.CONIA.IDX.LEVEL,2023-04-10,2374.56885
EG.CONIA.IDX.LEVEL,2023-04-11,2375.77798
EG.CONIA.IDX.LEVEL,2023-04-12,2376.98782
EG.CONIA.IDX.LEVEL,2023-04-13,2378.19526
EG.CONIA.IDX.LEVEL,2023-04-18,2384.2398
EG.CONIA.IDX.LEVEL,2023-04-19,2385.45508
EG.CONIA.IDX.LEVEL,2023-04-26,2393.96044
EG.CONIA.IDX.LEVEL,2023-04-27,2395.17867
EG.CONIA.IDX.LEVEL,2023-04-30,2398.83131
EG.CONIA.IDX.LEVEL,2023-05-01,2400.04975
EG.CONIA.IDX.LEVEL,2023-05-02,2401.26924
EG.CONIA.IDX.LEVEL,2023-05-03,2402.49249
EG.CONIA.IDX.LEVEL,2023-05-07,2407.39285
EG.CONIA.IDX.LEVEL,2023-05-08,2408.62079
EG.CONIA.IDX.LEVEL,2023-05-09,2409.85082
EG.CONIA.IDX.LEVEL,2023-05-10,2411.08418
EG.CONIA.IDX.LEVEL,2023-05-11,2412.31213
EG.CONIA.IDX.LEVEL,2023-05-14,2415.9909
EG.CONIA.IDX.LEVEL,2023-05-15,2417.21824
EG.CONIA.IDX.LEVEL,2023-05-16,2418.44627
EG.CONIA.IDX.LEVEL,2023-05-17,2419.68359
EG.CONIA.IDX.LEVEL,2023-05-18,2420.91978
EG.CONIA.IDX.LEVEL,2023-05-21,2424.62963
EG.CONIA.IDX.LEVEL,2023-05-22,2425.86644
EG.CONIA.IDX.LEVEL,2023-05-23,2427.10296
EG.CONIA.IDX.LEVEL,2023-05-24,2428.33747
EG.CONIA.IDX.LEVEL,2023-05-25,2429.57187
EG.CONIA.IDX.LEVEL,2023-05-28,2433.27697
EG.CONIA.IDX.LEVEL,2023-05-29,2434.51389
EG.CONIA.IDX.LEVEL,2023-05-30,2435.7514
EG.CONIA.IDX.LEVEL,2023-05-31,2436.99564
EG.CONIA.IDX.LEVEL,2023-06-01,2438.23959
EG.CONIA.IDX.LEVEL,2023-06-04,2441.96742
EG.CONIA.IDX.LEVEL,2023-06-05,2443.21155
EG.CONIA.IDX.LEVEL,2023-06-06,2444.45602
EG.CONIA.IDX.LEVEL,2023-06-07,2445.69972
EG.CONIA.IDX.LEVEL,2023-06-08,2446.9432
EG.CONIA.IDX.LEVEL,2023-06-11,2450.67479
EG.CONIA.IDX.LEVEL,2023-06-12,2451.92018
EG.CONIA.IDX.LEVEL,2023-06-13,2453.16615
EG.CONIA.IDX.LEVEL,2023-06-14,2454.42005
EG.CONIA.IDX.LEVEL,2023-06-15,2455.67313
EG.CONIA.IDX.LEVEL,2023-06-18,2459.42811
EG.CONIA.IDX.LEVEL,2023-06-19,2460.68074
EG.CONIA.IDX.LEVEL,2023-06-20,2461.93377
EG.CONIA.IDX.LEVEL,2023-06-21,2463.18748
EG.CONIA.IDX.LEVEL,2023-06-22,2464.44062
EG.CONIA.IDX.LEVEL,2023-06-25,2468.19891
EG.CONIA.IDX.LEVEL,2023-06-26,2469.45358
EG.CONIA.IDX.LEVEL,2023-07-04,2479.49761
EG.CONIA.IDX.LEVEL,2023-07-05,2480.76509
EG.CONIA.IDX.LEVEL,2023-07-06,2482.03119
EG.CONIA.IDX.LEVEL,2023-07-09,2485.81855
EG.CONIA.IDX.LEVEL,2023-07-10,2487.08217
EG.CONIA.IDX.LEVEL,2023-07-11,2488.34644
EG.CONIA.IDX.LEVEL,2023-07-12,2489.61767
EG.CONIA.IDX.LEVEL,2023-07-13,2490.8885
EG.CONIA.IDX.LEVEL,2023-07-16,2494.70725
EG.CONIA.IDX.LEVEL,2023-07-17,2495.97902
EG.CONIA.IDX.LEVEL,2023-07-18,2497.25248
EG.CONIA.IDX.LEVEL,2023-07-19,2498.52728
EG.CONIA.IDX.LEVEL,2023-07-24,2504.9083
EG.CONIA.IDX.LEVEL,2023-07-25,2506.18162
EG.CONIA.IDX.LEVEL,2023-07-26,2507.46581
EG.CONIA.IDX.LEVEL,2023-07-27,2508.74864
EG.CONIA.IDX.LEVEL,2023-07-30,2512.59309
EG.CONIA.IDX.LEVEL,2023-07-31,2513.87444
EG.CONIA.IDX.LEVEL,2023-08-01,2515.15469
EG.CONIA.IDX.LEVEL,2023-08-02,2516.44022
EG.CONIA.IDX.LEVEL,2023-08-03,2517.72078
EG.CONIA.IDX.LEVEL,2023-08-06,2521.5603
EG.CONIA.IDX.LEVEL,2023-08-07,2522.9115
EG.CONIA.IDX.LEVEL,2023-08-08,2524.26406
EG.CONIA.IDX.LEVEL,2023-08-09,2525.62437
EG.CONIA.IDX.LEVEL,2023-08-10,2526.98365
EG.CONIA.IDX.LEVEL,2023-08-13,2531.05841
EG.CONIA.IDX.LEVEL,2023-08-14,2532.41834
EG.CONIA.IDX.LEVEL,2023-08-15,2533.77807
EG.CONIA.IDX.LEVEL,2023-08-16,2535.13816
EG.CONIA.IDX.LEVEL,2023-08-17,2536.49792
EG.CONIA.IDX.LEVEL,2023-08-20,2540.5776
EG.CONIA.IDX.LEVEL,2023-08-21,2541.93963
EG.CONIA.IDX.LEVEL,2023-08-22,2543.30179
EG.CONIA.IDX.LEVEL,2023-08-23,2544.6732
EG.CONIA.IDX.LEVEL,2023-08-24,2546.04319
EG.CONIA.IDX.LEVEL,2023-08-27,2550.1538
EG.CONIA.IDX.LEVEL,2023-08-28,2551.52408
EG.CONIA.IDX.LEVEL,2023-08-29,2552.89526
EG.CONIA.IDX.LEVEL,2023-08-30,2554.27792
EG.CONIA.IDX.LEVEL,2023-08-31,2555.66464
EG.CONIA.IDX.LEVEL,2023-09-03,2559.79444
EG.CONIA.IDX.LEVEL,2023-09-04,2561.16677
EG.CONIA.IDX.LEVEL,2023-09-05,2562.53981
EG.CONIA.IDX.LEVEL,2023-09-06,2563.91991
EG.CONIA.IDX.LEVEL,2023-09-07,2565.29831
EG.CONIA.IDX.LEVEL,2023-09-10,2569.4357
EG.CONIA.IDX.LEVEL,2023-09-11,2570.81769
EG.CONIA.IDX.LEVEL,2023-09-12,2572.19919
EG.CONIA.IDX.LEVEL,2023-09-13,2573.57953
EG.CONIA.IDX.LEVEL,2023-09-14,2574.95929
EG.CONIA.IDX.LEVEL,2023-09-17,2579.10068
EG.CONIA.IDX.LEVEL,2023-09-18,2580.48337
EG.CONIA.IDX.LEVEL,2023-09-19,2581.86679
EG.CONIA.IDX.LEVEL,2023-09-20,2583.26707
EG.CONIA.IDX.LEVEL,2023-09-21,2584.67004
EG.CONIA.IDX.LEVEL,2023-09-24,2588.88403
EG.CONIA.IDX.LEVEL,2023-09-25,2590.27894
EG.CONIA.IDX.LEVEL,2023-09-26,2591.6734
EG.CONIA.IDX.LEVEL,2023-09-27,2593.07007
EG.CONIA.IDX.LEVEL,2023-10-01,2598.66227
EG.CONIA.IDX.LEVEL,2023-10-02,2600.06121
EG.CONIA.IDX.LEVEL,2023-10-03,2601.45476
EG.CONIA.IDX.LEVEL,2023-10-04,2602.86142
EG.CONIA.IDX.LEVEL,2023-10-08,2608.49787
EG.CONIA.IDX.LEVEL,2023-10-09,2609.90232
EG.CONIA.IDX.LEVEL,2023-10-10,2611.30495
EG.CONIA.IDX.LEVEL,2023-10-11,2612.71127
EG.CONIA.IDX.LEVEL,2023-10-12,2614.11764
EG.CONIA.IDX.LEVEL,2023-10-15,2618.32761
EG.CONIA.IDX.LEVEL,2023-10-16,2619.73123
EG.CONIA.IDX.LEVEL,2023-10-17,2621.13538
EG.CONIA.IDX.LEVEL,2023-10-18,2622.54725
EG.CONIA.IDX.LEVEL,2023-10-19,2623.96067
EG.CONIA.IDX.LEVEL,2023-10-22,2628.19636
EG.CONIA.IDX.LEVEL,2023-10-23,2629.61094
EG.CONIA.IDX.LEVEL,2023-10-24,2631.02559
EG.CONIA.IDX.LEVEL,2023-10-25,2632.44374
EG.CONIA.IDX.LEVEL,2023-10-26,2633.86218
EG.CONIA.IDX.LEVEL,2023-10-29,2638.10303
EG.CONIA.IDX.LEVEL,2023-10-30,2639.51743
EG.CONIA.IDX.LEVEL,2023-10-31,2640.93251
EG.CONIA.IDX.LEVEL,2023-11-01,2642.36132
EG.CONIA.IDX.LEVEL,2023-11-02,2643.79054
EG.CONIA.IDX.LEVEL,2023-11-05,2648.06952
EG.CONIA.IDX.LEVEL,2023-11-06,2649.49959
EG.CONIA.IDX.LEVEL,2023-11-07,2650.93025
EG.CONIA.IDX.LEVEL,2023-11-08,2652.36088
EG.CONIA.IDX.LEVEL,2023-11-09,2653.78862
EG.CONIA.IDX.LEVEL,2023-11-12,2658.05784
EG.CONIA.IDX.LEVEL,2023-11-13,2659.48285
EG.CONIA.IDX.LEVEL,2023-11-14,2660.90863
EG.CONIA.IDX.LEVEL,2023-11-15,2662.34664
EG.CONIA.IDX.LEVEL,2023-11-16,2663.78377
EG.CONIA.IDX.LEVEL,2023-11-19,2668.09525
EG.CONIA.IDX.LEVEL,2023-11-20,2669.53412
EG.CONIA.IDX.LEVEL,2023-11-21,2670.9732
EG.CONIA.IDX.LEVEL,2023-11-22,2672.41868
EG.CONIA.IDX.LEVEL,2023-11-23,2673.86404
EG.CONIA.IDX.LEVEL,2023-11-26,2678.17918
EG.CONIA.IDX.LEVEL,2023-11-27,2679.61498
EG.CONIA.IDX.LEVEL,2023-11-28,2681.05155
EG.CONIA.IDX.LEVEL,2023-11-29,2682.50469
EG.CONIA.IDX.LEVEL,2023-11-30,2683.94787
EG.CONIA.IDX.LEVEL,2023-12-03,2688.27798
EG.CONIA.IDX.LEVEL,2023-12-04,2689.72253
EG.CONIA.IDX.LEVEL,2023-12-05,2691.1685
EG.CONIA.IDX.LEVEL,2023-12-06,2692.61405
EG.CONIA.IDX.LEVEL,2023-12-07,2694.05759
EG.CONIA.IDX.LEVEL,2023-12-10,2698.39054
EG.CONIA.IDX.LEVEL,2023-12-11,2699.83717
EG.CONIA.IDX.LEVEL,2023-12-12,2703.20094
EG.CONIA.IDX.LEVEL,2023-12-13,2704.65349
EG.CONIA.IDX.LEVEL,2023-12-14,2706.10393
EG.CONIA.IDX.LEVEL,2023-12-17,2710.45515
EG.CONIA.IDX.LEVEL,2023-12-18,2711.90753
EG.CONIA.IDX.LEVEL,2023-12-19,2713.36037
EG.CONIA.IDX.LEVEL,2023-12-20,2714.81386
EG.CONIA.IDX.LEVEL,2023-12-21,2716.26802
EG.CONIA.IDX.LEVEL,2023-12-24,2720.6339
EG.CONIA.IDX.LEVEL,2023-12-25,2722.09025
EG.CONIA.IDX.LEVEL,2023-12-26,2723.54843
EG.CONIA.IDX.LEVEL,2023-12-27,2725.01274
EG.CONIA.IDX.LEVEL,2023-12-28,2726.47741
EG.CONIA.IDX.LEVEL,2023-12-31,2730.87002
EG.CONIA.IDX.LEVEL,2024-01-02,2733.80429
EG.CONIA.IDX.LEVEL,2024-01-03,2735.27212
EG.CONIA.IDX.LEVEL,2024-01-04,2736.74085
EG.CONIA.IDX.LEVEL,2024-01-08,2742.61278
EG.CONIA.IDX.LEVEL,2024-01-09,2744.08312
EG.CONIA.IDX.LEVEL,2024-01-10,2745.55759
EG.CONIA.IDX.LEVEL,2024-01-11,2747.03415
EG.CONIA.IDX.LEVEL,2024-01-14,2751.45772
EG.CONIA.IDX.LEVEL,2024-01-15,2752.93281
EG.CONIA.IDX.LEVEL,2024-01-16,2754.40971
EG.CONIA.IDX.LEVEL,2024-01-17,2755.88638
EG.CONIA.IDX.LEVEL,2024-01-18,2757.36384
EG.CONIA.IDX.LEVEL,2024-01-21,2761.7986
EG.CONIA.IDX.LEVEL,2024-01-22,2763.27754
EG.CONIA.IDX.LEVEL,2024-01-23,2764.75832
EG.CONIA.IDX.LEVEL,2024-01-24,2766.24457
EG.CONIA.IDX.LEVEL,2024-01-28,2772.18618
EG.CONIA.IDX.LEVEL,2024-01-29,2773.67303
EG.CONIA.IDX.LEVEL,2024-01-30,2775.16003
EG.CONIA.IDX.LEVEL,2024-01-31,2776.64851
EG.CONIA.IDX.LEVEL,2024-02-01,2778.13686
EG.CONIA.IDX.LEVEL,2024-02-04,2782.60089
EG.CONIA.IDX.LEVEL,2024-02-05,2784.24446
EG.CONIA.IDX.LEVEL,2024-02-06,2785.88842
EG.CONIA.IDX.LEVEL,2024-02-07,2787.5352
EG.CONIA.IDX.LEVEL,2024-02-08,2789.18262
EG.CONIA.IDX.LEVEL,2024-02-11,2794.12773
EG.CONIA.IDX.LEVEL,2024-02-12,2795.77861
EG.CONIA.IDX.LEVEL,2024-02-13,2797.43058
EG.CONIA.IDX.LEVEL,2024-02-14,2799.08502
EG.CONIA.IDX.LEVEL,2024-02-15,2800.73939
EG.CONIA.IDX.LEVEL,2024-02-18,2805.70189
EG.CONIA.IDX.LEVEL,2024-02-19,2807.35822
EG.CONIA.IDX.LEVEL,2024-02-20,2809.01582
EG.CONIA.IDX.LEVEL,2024-02-21,2810.67782
EG.CONIA.IDX.LEVEL,2024-02-22,2812.34081
EG.CONIA.IDX.LEVEL,2024-02-25,2817.33044
EG.CONIA.IDX.LEVEL,2024-02-26,2818.99648
EG.CONIA.IDX.LEVEL,2024-02-27,2820.66237
EG.CONIA.IDX.LEVEL,2024-02-28,2822.33053
EG.CONIA.IDX.LEVEL,2024-02-29,2823.99955
EG.CONIA.IDX.LEVEL,2024-03-03,2829.00783
EG.CONIA.IDX.LEVEL,2024-03-04,2830.67963
EG.CONIA.IDX.LEVEL,2024-03-05,2832.35384
EG.CONIA.IDX.LEVEL,2024-03-06,2834.06357
EG.CONIA.IDX.LEVEL,2024-03-07,2836.2308
EG.CONIA.IDX.LEVEL,2024-03-10,2842.78092
EG.CONIA.IDX.LEVEL,2024-03-11,2844.96699
EG.CONIA.IDX.LEVEL,2024-03-12,2847.1515
EG.CONIA.IDX.LEVEL,2024-03-13,2849.33451
EG.CONIA.IDX.LEVEL,2024-03-14,2851.50553
EG.CONIA.IDX.LEVEL,2024-03-17,2858.01181
EG.CONIA.IDX.LEVEL,2024-03-18,2860.17765
EG.CONIA.IDX.LEVEL,2024-03-19,2862.34454
EG.CONIA.IDX.LEVEL,2024-03-20,2864.52318
EG.CONIA.IDX.LEVEL,2024-03-21,2866.69812
EG.CONIA.IDX.LEVEL,2024-03-24,2873.22101
EG.CONIA.IDX.LEVEL,2024-03-25,2875.40154
EG.CONIA.IDX.LEVEL,2024-03-26,2877.58218
EG.CONIA.IDX.LEVEL,2024-03-27,2879.76573
EG.CONIA.IDX.LEVEL,2024-03-28,2881.95
EG.CONIA.IDX.LEVEL,2024-03-31,2888.50474
EG.CONIA.IDX.LEVEL,2024-04-01,2890.69493
EG.CONIA.IDX.LEVEL,2024-04-02,2892.88653
EG.CONIA.IDX.LEVEL,2024-04-03,2895.07978
EG.CONIA.IDX.LEVEL,2024-04-04,2897.27617
EG.CONIA.IDX.LEVEL,2024-04-07,2903.86692
EG.CONIA.IDX.LEVEL,2024-04-08,2906.06827
EG.CONIA.IDX.LEVEL,2024-04-15,2921.4978
EG.CONIA.IDX.LEVEL,2024-04-16,2923.71205
EG.CONIA.IDX.LEVEL,2024-04-17,2925.9279
EG.CONIA.IDX.LEVEL,2024-04-18,2928.14514
EG.CONIA.IDX.LEVEL,2024-04-21,2934.8033
EG.CONIA.IDX.LEVEL,2024-04-22,2937.02497
EG.CONIA.IDX.LEVEL,2024-04-23,2939.24828
EG.CONIA.IDX.LEVEL,2024-04-24,2941.47439
EG.CONIA.IDX.LEVEL,2024-04-28,2950.38158
EG.CONIA.IDX.LEVEL,2024-04-29,2952.61538
EG.CONIA.IDX.LEVEL,2024-04-30,2954.85088
EG.CONIA.IDX.LEVEL,2024-05-01,2957.09402
EG.CONIA.IDX.LEVEL,2024-05-02,2959.33628
EG.CONIA.IDX.LEVEL,2024-05-07,2970.59075
EG.CONIA.IDX.LEVEL,2024-05-08,2972.8454
EG.CONIA.IDX.LEVEL,2024-05-09,2975.099
EG.CONIA.IDX.LEVEL,2024-05-12,2981.85967
EG.CONIA.IDX.LEVEL,2024-05-13,2984.11923
EG.CONIA.IDX.LEVEL,2024-05-14,2986.3785
EG.CONIA.IDX.LEVEL,2024-05-15,2988.64365
EG.CONIA.IDX.LEVEL,2024-05-16,2990.91455
EG.CONIA.IDX.LEVEL,2024-05-19,2997.74355
EG.CONIA.IDX.LEVEL,2024-05-20,3000.02437
EG.CONIA.IDX.LEVEL,2024-05-21,3002.30471
EG.CONIA.IDX.LEVEL,2024-05-22,3004.58259
EG.CONIA.IDX.LEVEL,2024-05-23,3006.85716
EG.CONIA.IDX.LEVEL,2024-05-26,3013.69002
EG.CONIA.IDX.LEVEL,2024-05-27,3015.97122
EG.CONIA.IDX.LEVEL,2024-05-28,3018.25414
EG.CONIA.IDX.LEVEL,2024-05-29,3020.54173
EG.CONIA.IDX.LEVEL,2024-05-30,3022.83991
EG.CONIA.IDX.LEVEL,2024-06-02,3029.74665
EG.CONIA.IDX.LEVEL,2024-06-03,3032.04979
EG.CONIA.IDX.LEVEL,2024-06-04,3034.35528
EG.CONIA.IDX.LEVEL,2024-06-05,3036.65473
EG.CONIA.IDX.LEVEL,2024-06-06,3038.9557
EG.CONIA.IDX.LEVEL,2024-06-09,3045.86155
EG.CONIA.IDX.LEVEL,2024-06-10,3048.16799
EG.CONIA.IDX.LEVEL,2024-06-11,3050.47566
EG.CONIA.IDX.LEVEL,2024-06-12,3052.78759
EG.CONIA.IDX.LEVEL,2024-06-13,3055.10124
EG.CONIA.IDX.LEVEL,2024-06-23,3078.24182
EG.CONIA.IDX.LEVEL,2024-06-24,3080.57247
EG.CONIA.IDX.LEVEL,2024-06-25,3082.90457
EG.CONIA.IDX.LEVEL,2024-06-26,3085.24733
EG.CONIA.IDX.LEVEL,2024-06-27,3087.58894
EG.CONIA.IDX.LEVEL,2024-07-01,3096.98326
EG.CONIA.IDX.LEVEL,2024-07-02,3099.3294
EG.CONIA.IDX.LEVEL,2024-07-03,3101.67778
EG.CONIA.IDX.LEVEL,2024-07-04,3104.02843
EG.CONIA.IDX.LEVEL,2024-07-07,3111.08637
EG.CONIA.IDX.LEVEL,2024-07-08,3113.44451
EG.CONIA.IDX.LEVEL,2024-07-09,3115.80205
EG.CONIA.IDX.LEVEL,2024-07-10,3118.16218
EG.CONIA.IDX.LEVEL,2024-07-14,3127.6149
EG.CONIA.IDX.LEVEL,2024-07-15,3129.98459
EG.CONIA.IDX.LEVEL,2024-07-16,3132.35647
EG.CONIA.IDX.LEVEL,2024-07-17,3134.72982
EG.CONIA.IDX.LEVEL,2024-07-18,3137.10487
EG.CONIA.IDX.LEVEL,2024-07-21,3144.2324
EG.CONIA.IDX.LEVEL,2024-07-22,3146.61576
EG.CONIA.IDX.LEVEL,2024-07-23,3148.99918
EG.CONIA.IDX.LEVEL,2024-07-24,3151.38511
EG.CONIA.IDX.LEVEL,2024-07-28,3160.93422
EG.CONIA.IDX.LEVEL,2024-07-29,3163.32901
EG.CONIA.IDX.LEVEL,2024-07-30,3165.72506
EG.CONIA.IDX.LEVEL,2024-07-31,3168.12325
EG.CONIA.IDX.LEVEL,2024-08-01,3170.52279
EG.CONIA.IDX.LEVEL,2024-08-04,3177.72678
EG.CONIA.IDX.LEVEL,2024-08-05,3180.13243
EG.CONIA.IDX.LEVEL,2024-08-06,3182.54062
EG.CONIA.IDX.LEVEL,2024-08-07,3184.95345
EG.CONIA.IDX.LEVEL,2024-08-08,3187.37087
EG.CONIA.IDX.LEVEL,2024-08-11,3194.6356
EG.CONIA.IDX.LEVEL,2024-08-12,3197.06183
EG.CONIA.IDX.LEVEL,2024-08-13,3199.48911
EG.CONIA.IDX.LEVEL,2024-08-14,3201.91728
EG.CONIA.IDX.LEVEL,2024-08-15,3204.34477
EG.CONIA.IDX.LEVEL,2024-08-18,3211.63433
EG.CONIA.IDX.LEVEL,2024-08-19,3214.06791
EG.CONIA.IDX.LEVEL,2024-08-20,3216.50235
EG.CONIA.IDX.LEVEL,2024-08-21,3218.94026
EG.CONIA.IDX.LEVEL,2024-08-22,3221.38142
EG.CONIA.IDX.LEVEL,2024-08-25,3228.70982
EG.CONIA.IDX.LEVEL,2024-08-26,3231.15745
EG.CONIA.IDX.LEVEL,2024-08-27,3233.60777
EG.CONIA.IDX.LEVEL,2024-08-28,3236.06318
EG.CONIA.IDX.LEVEL,2024-08-29,3238.51773
EG.CONIA.IDX.LEVEL,2024-09-01,3245.88701
EG.CONIA.IDX.LEVEL,2024-09-02,3248.34833
EG.CONIA.IDX.LEVEL,2024-09-03,3250.80941
EG.CONIA.IDX.LEVEL,2024-09-04,3253.2817
EG.CONIA.IDX.LEVEL,2024-09-05,3255.75548
EG.CONIA.IDX.LEVEL,2024-09-08,3263.17817
EG.CONIA.IDX.LEVEL,2024-09-09,3265.65395
EG.CONIA.IDX.LEVEL,2024-09-10,3268.13331
EG.CONIA.IDX.LEVEL,2024-09-11,3270.61669
EG.CONIA.IDX.LEVEL,2024-09-12,3273.09703
EG.CONIA.IDX.LEVEL,2024-09-16,3283.02324
EG.CONIA.IDX.LEVEL,2024-09-17,3285.51163
EG.CONIA.IDX.LEVEL,2024-09-18,3288.00698
EG.CONIA.IDX.LEVEL,2024-09-19,3290.5073
EG.CONIA.IDX.LEVEL,2024-09-22,3298.00929
EG.CONIA.IDX.LEVEL,2024-09-23,3300.51427
EG.CONIA.IDX.LEVEL,2024-09-24,3303.01904
EG.CONIA.IDX.LEVEL,2024-09-25,3305.53061
EG.CONIA.IDX.LEVEL,2024-09-26,3308.04225
EG.CONIA.IDX.LEVEL,2024-09-29,3315.57022
EG.CONIA.IDX.LEVEL,2024-09-30,3318.08394
EG.CONIA.IDX.LEVEL,2024-10-01,3320.599
EG.CONIA.IDX.LEVEL,2024-10-02,3323.12956
EG.CONIA.IDX.LEVEL,2024-10-03,3325.67069
EG.CONIA.IDX.LEVEL,2024-10-07,3335.82262
EG.CONIA.IDX.LEVEL,2024-10-08,3338.36658
EG.CONIA.IDX.LEVEL,2024-10-09,3340.90725
EG.CONIA.IDX.LEVEL,2024-10-10,3343.44333
EG.CONIA.IDX.LEVEL,2024-10-13,3351.04935
EG.CONIA.IDX.LEVEL,2024-10-14,3353.59017
EG.CONIA.IDX.LEVEL,2024-10-15,3356.13226
EG.CONIA.IDX.LEVEL,2024-10-16,3358.68973
EG.CONIA.IDX.LEVEL,2024-10-17,3361.25525
EG.CONIA.IDX.LEVEL,2024-10-20,3368.95839
EG.CONIA.IDX.LEVEL,2024-10-21,3371.52699
EG.CONIA.IDX.LEVEL,2024-10-22,3374.10319
EG.CONIA.IDX.LEVEL,2024-10-23,3376.67805
EG.CONIA.IDX.LEVEL,2024-10-24,3379.25068
EG.CONIA.IDX.LEVEL,2024-10-27,3386.95977
EG.CONIA.IDX.LEVEL,2024-10-28,3389.52887
EG.CONIA.IDX.LEVEL,2024-10-29,3392.09927
EG.CONIA.IDX.LEVEL,2024-10-30,3394.70292
EG.CONIA.IDX.LEVEL,2024-10-31,3397.30125
EG.CONIA.IDX.LEVEL,2024-11-03,3405.10864
EG.CONIA.IDX.LEVEL,2024-11-04,3407.7119
EG.CONIA.IDX.LEVEL,2024-11-05,3410.31886
EG.CONIA.IDX.LEVEL,2024-11-06,3412.92181
EG.CONIA.IDX.LEVEL,2024-11-07,3415.52367
EG.CONIA.IDX.LEVEL,2024-11-10,3423.33189
EG.CONIA.IDX.LEVEL,2024-11-11,3425.93077
EG.CONIA.IDX.LEVEL,2024-11-12,3428.52877
EG.CONIA.IDX.LEVEL,2024-11-13,3431.15213
EG.CONIA.IDX.LEVEL,2024-11-14,3433.78104
EG.CONIA.IDX.LEVEL,2024-11-17,3441.66443
EG.CONIA.IDX.LEVEL,2024-11-18,3444.29792
EG.CONIA.IDX.LEVEL,2024-11-19,3446.93322
EG.CONIA.IDX.LEVEL,2024-11-20,3449.56546
EG.CONIA.IDX.LEVEL,2024-11-21,3452.19326
EG.CONIA.IDX.LEVEL,2024-11-24,3460.07341
EG.CONIA.IDX.LEVEL,2024-11-25,3462.69832
EG.CONIA.IDX.LEVEL,2024-11-26,3465.3242
EG.CONIA.IDX.LEVEL,2024-11-27,3467.96941
EG.CONIA.IDX.LEVEL,2024-11-28,3470.61679
EG.CONIA.IDX.LEVEL,2024-12-01,3478.5967
EG.CONIA.IDX.LEVEL,2024-12-02,3481.25944
EG.CONIA.IDX.LEVEL,2024-12-03,3483.92438
EG.CONIA.IDX.LEVEL,2024-12-04,3486.58423
EG.CONIA.IDX.LEVEL,2024-12-05,3489.24193
EG.CONIA.IDX.LEVEL,2024-12-08,3497.20797
EG.CONIA.IDX.LEVEL,2024-12-09,3499.86038
EG.CONIA.IDX.LEVEL,2024-12-10,3502.51371
EG.CONIA.IDX.LEVEL,2024-12-11,3505.18646
EG.CONIA.IDX.LEVEL,2024-12-12,3507.86177
EG.CONIA.IDX.LEVEL,2024-12-15,3515.91053
EG.CONIA.IDX.LEVEL,2024-12-16,3518.59041
EG.CONIA.IDX.LEVEL,2024-12-17,3521.2771
EG.CONIA.IDX.LEVEL,2024-12-18,3523.95914
EG.CONIA.IDX.LEVEL,2024-12-19,3526.63879
EG.CONIA.IDX.LEVEL,2024-12-22,3534.67176
EG.CONIA.IDX.LEVEL,2024-12-23,3537.35302
EG.CONIA.IDX.LEVEL,2024-12-24,3540.03551
EG.CONIA.IDX.LEVEL,2024-12-25,3542.73387
EG.CONIA.IDX.LEVEL,2024-12-26,3545.43748
EG.CONIA.IDX.LEVEL,2024-12-29,3553.54058
EG.CONIA.IDX.LEVEL,2024-12-30,3556.24361
EG.CONIA.IDX.LEVEL,2024-12-31,3558.95442
EG.CONIA.IDX.LEVEL,2025-01-02,3564.35735
EG.CONIA.IDX.LEVEL,2025-01-05,3572.45943
EG.CONIA.IDX.LEVEL,2025-01-06,3575.16848
EG.CONIA.IDX.LEVEL,2025-01-08,3580.59031
EG.CONIA.IDX.LEVEL,2025-01-09,3583.32343
EG.CONIA.IDX.LEVEL,2025-01-12,3591.54745
EG.CONIA.IDX.LEVEL,2025-01-13,3594.2937
EG.CONIA.IDX.LEVEL,2025-01-14,3597.0439
EG.CONIA.IDX.LEVEL,2025-01-15,3599.79613
EG.CONIA.IDX.LEVEL,2025-01-16,3602.54897
EG.CONIA.IDX.LEVEL,2025-01-19,3610.81285
EG.CONIA.IDX.LEVEL,2025-01-20,3613.57603
EG.CONIA.IDX.LEVEL,2025-01-21,3616.33709
EG.CONIA.IDX.LEVEL,2025-01-22,3619.11506
EG.CONIA.IDX.LEVEL,2025-01-23,3621.8903
EG.CONIA.IDX.LEVEL,2025-01-26,3630.22998
EG.CONIA.IDX.LEVEL,2025-01-27,3633.0165
EG.CONIA.IDX.LEVEL,2025-01-28,3635.81169
EG.CONIA.IDX.LEVEL,2025-01-29,3638.60318
EG.CONIA.IDX.LEVEL,2025-01-30,3641.39317
EG.CONIA.IDX.LEVEL,2025-02-02,3649.76502
EG.CONIA.IDX.LEVEL,2025-02-03,3652.53735
EG.CONIA.IDX.LEVEL,2025-02-04,3655.30719
EG.CONIA.IDX.LEVEL,2025-02-05,3658.11467
EG.CONIA.IDX.LEVEL,2025-02-06,3660.92929
EG.CONIA.IDX.LEVEL,2025-02-09,3669.39304
EG.CONIA.IDX.LEVEL,2025-02-10,3672.22153
EG.CONIA.IDX.LEVEL,2025-02-11,3675.05144
EG.CONIA.IDX.LEVEL,2025-02-12,3677.87408
EG.CONIA.IDX.LEVEL,2025-02-13,3680.69231
EG.CONIA.IDX.LEVEL,2025-02-16,3689.10632
EG.CONIA.IDX.LEVEL,2025-02-17,3691.90565
EG.CONIA.IDX.LEVEL,2025-02-18,3694.7053
EG.CONIA.IDX.LEVEL,2025-02-19,3697.54366
EG.CONIA.IDX.LEVEL,2025-02-20,3700.37545
EG.CONIA.IDX.LEVEL,2025-02-23,3708.85371
EG.CONIA.IDX.LEVEL,2025-02-24,3711.69802
EG.CONIA.IDX.LEVEL,2025-02-25,3714.54354
EG.CONIA.IDX.LEVEL,2025-02-26,3717.38831
EG.CONIA.IDX.LEVEL,2025-02-27,3720.22236
EG.CONIA.IDX.LEVEL,2025-03-02,3728.71363
EG.CONIA.IDX.LEVEL,2025-03-03,3731.54124
EG.CONIA.IDX.LEVEL,2025-03-04,3734.37099
EG.CONIA.IDX.LEVEL,2025-03-05,3737.24228
EG.CONIA.IDX.LEVEL,2025-03-06,3740.11066
EG.CONIA.IDX.LEVEL,2025-03-09,3748.72649
EG.CONIA.IDX.LEVEL,2025-03-10,3751.60273
EG.CONIA.IDX.LEVEL,2025-03-11,3754.48209
EG.CONIA.IDX.LEVEL,2025-03-12,3757.35203
EG.CONIA.IDX.LEVEL,2025-03-13,3760.21129
EG.CONIA.IDX.LEVEL,2025-03-16,3768.77709
EG.CONIA.IDX.LEVEL,2025-03-17,3771.63508
EG.CONIA.IDX.LEVEL,2025-03-18,3774.49524
EG.CONIA.IDX.LEVEL,2025-03-19,3777.37312
EG.CONIA.IDX.LEVEL,2025-03-20,3780.26315
EG.CONIA.IDX.LEVEL,2025-03-23,3788.90479
EG.CONIA.IDX.LEVEL,2025-03-24,3791.78732
EG.CONIA.IDX.LEVEL,2025-03-25,3794.67971
EG.CONIA.IDX.LEVEL,2025-03-26,3797.57124
EG.CONIA.IDX.LEVEL,2025-03-27,3800.4617
EG.CONIA.IDX.LEVEL,2025-04-03,3820.72038
EG.CONIA.IDX.LEVEL,2025-04-06,3829.51348
EG.CONIA.IDX.LEVEL,2025-04-07,3832.44459
EG.CONIA.IDX.LEVEL,2025-04-08,3835.37321
EG.CONIA.IDX.LEVEL,2025-04-09,3838.30108
EG.CONIA.IDX.LEVEL,2025-04-10,3841.22956
EG.CONIA.IDX.LEVEL,2025-04-13,3850.00089
EG.CONIA.IDX.LEVEL,2025-04-14,3852.92268
EG.CONIA.IDX.LEVEL,2025-04-15,3855.84448
EG.CONIA.IDX.LEVEL,2025-04-16,3858.77858
EG.CONIA.IDX.LEVEL,2025-04-17,3861.73653
EG.CONIA.IDX.LEVEL,2025-04-22,3876.56816
EG.CONIA.IDX.LEVEL,2025-04-23,3879.30286
EG.CONIA.IDX.LEVEL,2025-04-27,3890.22843
EG.CONIA.IDX.LEVEL,2025-04-28,3892.94248
EG.CONIA.IDX.LEVEL,2025-04-29,3895.65315
EG.CONIA.IDX.LEVEL,2025-04-30,3898.39742
EG.CONIA.IDX.LEVEL,2025-05-04,3909.42541
EG.CONIA.IDX.LEVEL,2025-05-05,3912.18895
EG.CONIA.IDX.LEVEL,2025-05-06,3914.95873
EG.CONIA.IDX.LEVEL,2025-05-07,3917.71758
EG.CONIA.IDX.LEVEL,2025-05-08,3920.48111
EG.CONIA.IDX.LEVEL,2025-05-11,3928.76471
EG.CONIA.IDX.LEVEL,2025-05-12,3931.50808
EG.CONIA.IDX.LEVEL,2025-05-13,3934.24408
EG.CONIA.IDX.LEVEL,2025-05-14,3937.02015
EG.CONIA.IDX.LEVEL,2025-05-15,3939.79683
EG.CONIA.IDX.LEVEL,2025-05-18,3948.14646
EG.CONIA.IDX.LEVEL,2025-05-19,3950.93319
EG.CONIA.IDX.LEVEL,2025-05-20,3953.71736
EG.CONIA.IDX.LEVEL,2025-05-21,3956.50248
EG.CONIA.IDX.LEVEL,2025-05-22,3959.28815
EG.CONIA.IDX.LEVEL,2025-05-25,3967.64701
EG.CONIA.IDX.LEVEL,2025-05-26,3970.30826
EG.CONIA.IDX.LEVEL,2025-05-27,3972.96253
EG.CONIA.IDX.LEVEL,2025-05-28,3975.66227
EG.CONIA.IDX.LEVEL,2025-05-29,3978.36145
EG.CONIA.IDX.LEVEL,2025-06-01,3986.46134
EG.CONIA.IDX.LEVEL,2025-06-02,3989.16825
EG.CONIA.IDX.LEVEL,2025-06-03,3991.87658
EG.CONIA.IDX.LEVEL,2025-06-04,3994.58456
EG.CONIA.IDX.LEVEL,2025-06-10,4010.77
EG.CONIA.IDX.LEVEL,2025-06-11,4013.49141
EG.CONIA.IDX.LEVEL,2025-06-12,4016.212
EG.CONIA.IDX.LEVEL,2025-06-15,4024.38769
EG.CONIA.IDX.LEVEL,2025-06-16,4027.11533
EG.CONIA.IDX.LEVEL,2025-06-17,4029.83952
EG.CONIA.IDX.LEVEL,2025-06-18,4032.56507
EG.CONIA.IDX.LEVEL,2025-06-19,4035.28765
EG.CONIA.IDX.LEVEL,2025-06-22,4043.41441
EG.CONIA.IDX.LEVEL,2025-06-23,4046.11563
EG.CONIA.IDX.LEVEL,2025-06-24,4048.81866
EG.CONIA.IDX.LEVEL,2025-06-25,4051.56612
EG.CONIA.IDX.LEVEL,2025-06-29,4062.56089
EG.CONIA.IDX.LEVEL,2025-06-30,4065.31015
EG.CONIA.IDX.LEVEL,2025-07-01,4068.0692
EG.CONIA.IDX.LEVEL,2025-07-02,4070.82554
EG.CONIA.IDX.LEVEL,2025-07-06,4081.87362
EG.CONIA.IDX.LEVEL,2025-07-07,4084.63468
EG.CONIA.IDX.LEVEL,2025-07-08,4087.36711
EG.CONIA.IDX.LEVEL,2025-07-09,4090.13054
EG.CONIA.IDX.LEVEL,2025-07-10,4092.8895
EG.CONIA.IDX.LEVEL,2025-07-13,4101.18521
EG.CONIA.IDX.LEVEL,2025-07-14,4103.96133
EG.CONIA.IDX.LEVEL,2025-07-15,4106.74104
EG.CONIA.IDX.LEVEL,2025-07-16,4109.52399
EG.CONIA.IDX.LEVEL,2025-07-17,4112.30306
EG.CONIA.IDX.LEVEL,2025-07-20,4120.64787
EG.CONIA.IDX.LEVEL,2025-07-21,4123.43317
EG.CONIA.IDX.LEVEL,2025-07-22,4126.21222
EG.CONIA.IDX.LEVEL,2025-07-23,4129.01023
EG.CONIA.IDX.LEVEL,2025-07-27,4140.23146
EG.CONIA.IDX.LEVEL,2025-07-28,4143.04028
EG.CONIA.IDX.LEVEL,2025-07-29,4145.84817
EG.CONIA.IDX.LEVEL,2025-07-30,4148.65917
EG.CONIA.IDX.LEVEL,2025-07-31,4151.47182
EG.CONIA.IDX.LEVEL,2025-08-03,4159.93162
EG.CONIA.IDX.LEVEL,2025-08-04,4162.72566
EG.CONIA.IDX.LEVEL,2025-08-05,4165.5077
EG.CONIA.IDX.LEVEL,2025-08-06,4168.33511
EG.CONIA.IDX.LEVEL,2025-08-07,4171.16678
EG.CONIA.IDX.LEVEL,2025-08-10,4179.6585
EG.CONIA.IDX.LEVEL,2025-08-11,4182.49635
EG.CONIA.IDX.LEVEL,2025-08-12,4185.33536
EG.CONIA.IDX.LEVEL,2025-08-13,4188.17209
EG.CONIA.IDX.LEVEL,2025-08-14,4191.00024
EG.CONIA.IDX.LEVEL,2025-08-17,4199.50278
EG.CONIA.IDX.LEVEL,2025-08-18,4202.33426
EG.CONIA.IDX.LEVEL,2025-08-19,4205.14559
EG.CONIA.IDX.LEVEL,2025-08-20,4207.99812
EG.CONIA.IDX.LEVEL,2025-08-21,4210.85253
EG.CONIA.IDX.LEVEL,2025-08-24,4219.42711
EG.CONIA.IDX.LEVEL,2025-08-25,4222.28954
EG.CONIA.IDX.LEVEL,2025-08-26,4225.15574
EG.CONIA.IDX.LEVEL,2025-08-27,4228.02492
EG.CONIA.IDX.LEVEL,2025-08-28,4230.89086
EG.CONIA.IDX.LEVEL,2025-08-31,4239.45432
EG.CONIA.IDX.LEVEL,2025-09-01,4242.07108
EG.CONIA.IDX.LEVEL,2025-09-02,4244.67935
EG.CONIA.IDX.LEVEL,2025-09-03,4247.32638
EG.CONIA.IDX.LEVEL,2025-09-07,4257.9447
EG.CONIA.IDX.LEVEL,2025-09-08,4260.60579
EG.CONIA.IDX.LEVEL,2025-09-09,4263.26859
EG.CONIA.IDX.LEVEL,2025-09-10,4265.93242
EG.CONIA.IDX.LEVEL,2025-09-11,4268.59779
EG.CONIA.IDX.LEVEL,2025-09-14,4276.58902
EG.CONIA.IDX.LEVEL,2025-09-15,4279.22758
EG.CONIA.IDX.LEVEL,2025-09-16,4281.85266
EG.CONIA.IDX.LEVEL,2025-09-17,4284.52882
EG.CONIA.IDX.LEVEL,2025-09-18,4287.20652
EG.CONIA.IDX.LEVEL,2025-09-21,4295.23952
EG.CONIA.IDX.LEVEL,2025-09-22,4297.92248
EG.CONIA.IDX.LEVEL,2025-09-23,4300.60665
EG.CONIA.IDX.LEVEL,2025-09-24,4303.28068
EG.CONIA.IDX.LEVEL,2025-09-25,4305.95324
EG.CONIA.IDX.LEVEL,2025-09-28,4313.93104
EG.CONIA.IDX.LEVEL,2025-09-29,4316.57633
EG.CONIA.IDX.LEVEL,2025-09-30,4319.22071
EG.CONIA.IDX.LEVEL,2025-10-01,4321.91927
EG.CONIA.IDX.LEVEL,2025-10-02,4324.62047
EG.CONIA.IDX.LEVEL,2025-10-05,4332.72913
EG.CONIA.IDX.LEVEL,2025-10-06,4335.31278
EG.CONIA.IDX.LEVEL,2025-10-07,4337.89831
EG.CONIA.IDX.LEVEL,2025-10-08,4340.47655
EG.CONIA.IDX.LEVEL,2025-10-12,4350.77644
EG.CONIA.IDX.LEVEL,2025-10-13,4353.32967
EG.CONIA.IDX.LEVEL,2025-10-14,4355.88065
EG.CONIA.IDX.LEVEL,2025-10-15,4358.48106
EG.CONIA.IDX.LEVEL,2025-10-16,4361.08368
EG.CONIA.IDX.LEVEL,2025-10-19,4368.89303
EG.CONIA.IDX.LEVEL,2025-10-20,4371.50223
EG.CONIA.IDX.LEVEL,2025-10-21,4374.11299
EG.CONIA.IDX.LEVEL,2025-10-22,4376.72362
EG.CONIA.IDX.LEVEL,2025-10-23,4379.32667
EG.CONIA.IDX.LEVEL,2025-10-26,4387.11969
EG.CONIA.IDX.LEVEL,2025-10-27,4389.69353
EG.CONIA.IDX.LEVEL,2025-10-28,4392.26053
EG.CONIA.IDX.LEVEL,2025-10-29,4394.88547
EG.CONIA.IDX.LEVEL,2025-10-30,4397.50995
EG.CONIA.IDX.LEVEL,2025-11-02,4405.39725
EG.CONIA.IDX.LEVEL,2025-11-03,4408.02784
EG.CONIA.IDX.LEVEL,2025-11-04,4410.6603
EG.CONIA.IDX.LEVEL,2025-11-05,4413.28882
EG.CONIA.IDX.LEVEL,2025-11-06,4415.9119
EG.CONIA.IDX.LEVEL,2025-11-09,4423.76223
EG.CONIA.IDX.LEVEL,2025-11-10,4426.35396
EG.CONIA.IDX.LEVEL,2025-11-11,4428.94341
EG.CONIA.IDX.LEVEL,2025-11-12,4431.58802
EG.CONIA.IDX.LEVEL,2025-11-13,4434.23391
EG.CONIA.IDX.LEVEL,2025-11-16,4442.1756
EG.CONIA.IDX.LEVEL,2025-11-17,4444.82819
EG.CONIA.IDX.LEVEL,2025-11-18,4447.48071
EG.CONIA.IDX.LEVEL,2025-11-19,4450.13625
EG.CONIA.IDX.LEVEL,2025-11-20,4452.79238
EG.CONIA.IDX.LEVEL,2025-11-23,4460.73866
EG.CONIA.IDX.LEVEL,2025-11-24,4463.3755
EG.CONIA.IDX.LEVEL,2025-11-25,4465.98907
EG.CONIA.IDX.LEVEL,2025-11-26,4468.65489
EG.CONIA.IDX.LEVEL,2025-11-27,4471.32081
EG.CONIA.IDX.LEVEL,2025-11-30,4479.32099
EG.CONIA.IDX.LEVEL,2025-12-01,4481.99522
EG.CONIA.IDX.LEVEL,2025-12-02,4484.6704
EG.CONIA.IDX.LEVEL,2025-12-03,4487.34811
EG.CONIA.IDX.LEVEL,2025-12-04,4490.02773
EG.CONIA.IDX.LEVEL,2025-12-07,4498.06545
EG.CONIA.IDX.LEVEL,2025-12-08,4500.7463
EG.CONIA.IDX.LEVEL,2025-12-09,4503.41686
EG.CONIA.IDX.LEVEL,2025-12-10,4506.11062
EG.CONIA.IDX.LEVEL,2025-12-11,4508.80559
EG.CONIA.IDX.LEVEL,2025-12-14,4516.89171
EG.CONIA.IDX.LEVEL,2025-12-15,4519.59183
EG.CONIA.IDX.LEVEL,2025-12-16,4522.29652
EG.CONIA.IDX.LEVEL,2025-12-17,4524.99765
EG.CONIA.IDX.LEVEL,2025-12-18,4527.69883
EG.CONIA.IDX.LEVEL,2025-12-21,4535.81184
EG.CONIA.IDX.LEVEL,2025-12-22,4538.51914
EG.CONIA.IDX.LEVEL,2025-12-23,4541.22577
EG.CONIA.IDX.LEVEL,2025-12-24,4543.94886
EG.CONIA.IDX.LEVEL,2025-12-25,4546.67204
EG.CONIA.IDX.LEVEL,2025-12-28,4554.85143
EG.CONIA.IDX.LEVEL,2025-12-29,4557.45121
EG.CONIA.IDX.LEVEL,2025-12-30,4560.05491
EG.CONIA.IDX.LEVEL,2025-12-31,4562.66357
EG.CONIA.IDX.LEVEL,2026-01-04,4573.13012
EG.CONIA.IDX.LEVEL,2026-01-05,4575.74239
EG.CONIA.IDX.LEVEL,2026-01-06,4578.34205
EG.CONIA.IDX.LEVEL,2026-01-08,4583.58987
EG.CONIA.IDX.LEVEL,2026-01-11,4591.4721
EG.CONIA.IDX.LEVEL,2026-01-12,4594.09353
EG.CONIA.IDX.LEVEL,2026-01-13,4596.70751
EG.CONIA.IDX.LEVEL,2026-01-14,4599.33282
EG.CONIA.IDX.LEVEL,2026-01-15,4601.94312
EG.CONIA.IDX.LEVEL,2026-01-18,4609.75975
EG.CONIA.IDX.LEVEL,2026-01-19,4612.34393
EG.CONIA.IDX.LEVEL,2026-01-20,4614.92021
EG.CONIA.IDX.LEVEL,2026-01-21,4617.54238
EG.CONIA.IDX.LEVEL,2026-01-22,4620.17141
EG.CONIA.IDX.LEVEL,2026-01-25,4628.089
EG.CONIA.IDX.LEVEL,2026-01-26,4630.7324
EG.CONIA.IDX.LEVEL,2026-01-27,4633.38015
EG.CONIA.IDX.LEVEL,2026-01-28,4636.03277
EG.CONIA.IDX.LEVEL,2026-02-01,4646.5795
EG.CONIA.IDX.LEVEL,2026-02-02,4649.19108
EG.CONIA.IDX.LEVEL,2026-02-03,4651.78255
EG.CONIA.IDX.LEVEL,2026-02-04,4654.44037
EG.CONIA.IDX.LEVEL,2026-02-05,4657.10466
EG.CONIA.IDX.LEVEL,2026-02-08,4665.11657
EG.CONIA.IDX.LEVEL,2026-02-09,4667.79064
EG.CONIA.IDX.LEVEL,2026-02-10,4670.4697
EG.CONIA.IDX.LEVEL,2026-02-11,4673.14411
EG.CONIA.IDX.LEVEL,2026-02-12,4675.79051
EG.CONIA.IDX.LEVEL,2026-02-15,4683.67228
EG.CONIA.IDX.LEVEL,2026-02-16,4686.20173
EG.CONIA.IDX.LEVEL,2026-02-17,4688.75419
EG.CONIA.IDX.LEVEL,2026-02-18,4691.31809
EG.CONIA.IDX.LEVEL,2026-02-19,4693.86176
EG.CONIA.IDX.LEVEL,2026-02-22,4701.55259
EG.CONIA.IDX.LEVEL,2026-02-23,4704.12469
EG.CONIA.IDX.LEVEL,2026-02-24,4706.70077
EG.CONIA.IDX.LEVEL,2026-02-25,4709.25442
EG.CONIA.IDX.LEVEL,2026-02-26,4711.81188
EG.CONIA.IDX.LEVEL,2026-03-01,4719.44468
EG.CONIA.IDX.LEVEL,2026-03-02,4721.96885
EG.CONIA.IDX.LEVEL,2026-03-03,4724.47795
EG.CONIA.IDX.LEVEL,2026-03-04,4727.04903
EG.CONIA.IDX.LEVEL,2026-03-05,4729.62962
EG.CONIA.IDX.LEVEL,2026-03-08,4737.39729
EG.CONIA.IDX.LEVEL,2026-03-09,4739.98531
EG.CONIA.IDX.LEVEL,2026-03-10,4742.58151
EG.CONIA.IDX.LEVEL,2026-03-11,4745.16388
EG.CONIA.IDX.LEVEL,2026-03-12,4747.7488
EG.CONIA.IDX.LEVEL,2026-03-15,4755.47017
EG.CONIA.IDX.LEVEL,2026-03-16,4758.00838
EG.CONIA.IDX.LEVEL,2026-03-17,4760.53006
EG.CONIA.IDX.LEVEL,2026-03-18,4763.1402
EG.CONIA.IDX.LEVEL,2026-03-24,4778.77952
EG.CONIA.IDX.LEVEL,2026-03-25,4781.3791
EG.CONIA.IDX.LEVEL,2026-03-26,4783.97568
EG.CONIA.IDX.LEVEL,2026-03-29,4791.76344
EG.CONIA.IDX.LEVEL,2026-03-30,4794.34112
EG.CONIA.IDX.LEVEL,2026-03-31,4796.90114
EG.CONIA.IDX.LEVEL,2026-04-01,4799.53733
EG.CONIA.IDX.LEVEL,2026-04-02,4802.16986
EG.CONIA.IDX.LEVEL,2026-04-05,4810.08481
EG.CONIA.IDX.LEVEL,2026-04-06,4812.72096
EG.CONIA.IDX.LEVEL,2026-04-07,4815.36155
EG.CONIA.IDX.LEVEL,2026-04-08,4817.99339
EG.CONIA.IDX.LEVEL,2026-04-09,4820.58407
EG.CONIA.IDX.LEVEL,2026-04-14,4833.66548
EG.CONIA.IDX.LEVEL,2026-04-15,4836.29858
EG.CONIA.IDX.LEVEL,2026-04-16,4838.92408
EG.CONIA.IDX.LEVEL,2026-04-19,4846.84077
EG.CONIA.IDX.LEVEL,2026-04-20,4849.46494
EG.CONIA.IDX.LEVEL,2026-04-21,4852.07886
EG.CONIA.IDX.LEVEL,2026-04-22,4854.71763
EG.CONIA.IDX.LEVEL,2026-04-23,4857.34127
EG.CONIA.IDX.LEVEL,2026-04-26,4865.28733
EG.CONIA.IDX.LEVEL,2026-04-27,4867.87873
EG.CONIA.IDX.LEVEL,2026-04-28,4870.45982
EG.CONIA.IDX.LEVEL,2026-04-29,4873.11539
EG.CONIA.IDX.LEVEL,2026-04-30,4875.76658
EG.CONIA.IDX.LEVEL,2026-05-03,4883.73324
EG.CONIA.IDX.LEVEL,2026-05-04,4886.39678
EG.CONIA.IDX.LEVEL,2026-05-05,4889.07057
EG.CONIA.IDX.LEVEL,2026-05-06,4891.7447
EG.CONIA.IDX.LEVEL,2026-05-10,4902.51522
EG.CONIA.IDX.LEVEL,2026-05-11,4905.12953
EG.CONIA.IDX.LEVEL,2026-05-12,4907.73929
EG.CONIA.IDX.LEVEL,2026-05-13,4910.42372
EG.CONIA.IDX.LEVEL,2026-05-14,4913.10567
EG.CONIA.IDX.LEVEL,2026-05-17,4921.19676
EG.CONIA.IDX.LEVEL,2026-05-18,4923.90052
EG.CONIA.IDX.LEVEL,2026-05-19,4926.6029
EG.CONIA.IDX.LEVEL,2026-05-20,4929.31143
EG.CONIA.IDX.LEVEL,2026-05-21,4932.02147
EG.CONIA.IDX.LEVEL,2026-05-24,4940.14178
EG.CONIA.IDX.LEVEL,2026-05-25,4942.7908
EG.CONIA.IDX.LEVEL,2026-06-01,4961.86044
EG.CONIA.IDX.LEVEL,2026-06-02,4964.58469
EG.CONIA.IDX.LEVEL,2026-06-03,4967.3123
EG.CONIA.IDX.LEVEL,2026-06-04,4970.04437
EG.CONIA.IDX.LEVEL,2026-06-07,4978.23345
EG.CONIA.IDX.LEVEL,2026-06-08,4980.96443
EG.CONIA.IDX.LEVEL,2026-06-09,4983.68808
EG.CONIA.IDX.LEVEL,2026-06-10,4986.42765
EG.CONIA.IDX.LEVEL,2026-06-11,4989.17468
EG.CONIA.IDX.LEVEL,2026-06-14,4997.41615
EG.CONIA.IDX.LEVEL,2026-06-15,5000.1687
EG.CONIA.IDX.LEVEL,2026-06-16,5002.91789
EG.CONIA.IDX.LEVEL,2026-06-17,5005.6837
EG.CONIA.IDX.LEVEL,2026-06-21,5016.70563
EG.CONIA.IDX.LEVEL,2026-06-22,5019.46677
EG.CONIA.IDX.LEVEL,2026-06-23,5022.22317
EG.CONIA.IDX.LEVEL,2026-06-24,5024.99176
EG.CONIA.IDX.LEVEL,2026-06-25,5027.76172
EG.CONIA.IDX.LEVEL,2026-06-28,5036.07727
EG.CONIA.IDX.LEVEL,2026-06-29,5038.8541
EG.CONIA.IDX.LEVEL,2026-06-30,5041.62956
EG.CONIA.IDX.LEVEL,2026-07-01,5044.40673
EG.CONIA.IDX.LEVEL,2026-07-05,5055.52136
EG.CONIA.IDX.LEVEL,2026-07-06,5058.30739
EG.CONIA.IDX.LEVEL,2026-07-07,5061.09008
EG.CONIA.IDX.LEVEL,2026-07-08,5063.88071
EG.CONIA.IDX.LEVEL,2026-07-09,5066.67288
EG.CONIA.IDX.LEVEL,2026-07-12,5075.04342
EG.CONIA.IDX.LEVEL,2026-07-13,5077.84174
EG.CONIA.IDX.LEVEL,2026-07-14,5080.63964
EG.CONIA.IDX.LEVEL,2026-07-15,5083.43866
EG.CONIA.IDX.LEVEL,2026-07-16,5086.23954
EG.CONIA.IDX.LEVEL,2026-07-19,5094.64014
EG.CONIA.IDX.LEVEL,2026-07-20,5097.43064
EG.CONIA.IDX.LEVEL,2026-07-21,5100.2108
EG.CONIA.IDX.LEVEL,2026-07-22,5103.0197
EG.CONIA.IDX.LEVEL,2026-07-26,5114.30493
EG.CONIA.IDX.LEVEL,2026-07-27,5117.12357
EG.CONIA.IDX.LEVEL,2026-07-28,5119.94448
EG.CONIA.IDX.LEVEL,2026-07-29,5122.76545
EG.CONIA.IDX.LEVEL,2026-07-30,5125.58899
EG.CONIA.IDX.LEVEL,2026-08-02,5134.05755
EG.CONIA.IDX.LEVEL,2026-08-03,5136.86605
EG.CONIA.IDX.LEVEL,2026-08-04,5139.65181
EG.CONIA.IDX.LEVEL,2026-08-05,5142.46695
EG.CONIA.IDX.LEVEL,2026-08-06,5145.28198
EG.CONIA.IDX.LEVEL,2026-08-09,5153.74965
EG.CONIA.IDX.LEVEL,2026-08-10,5156.56552
EG.CONIA.IDX.LEVEL,2026-08-11,5159.37017
EG.CONIA.IDX.LEVEL,2026-08-12,5162.1913
EG.CONIA.IDX.LEVEL,2026-08-13,5164.96686
EG.CONIA.IDX.LEVEL,2026-08-16,5173.23937
EG.CONIA.IDX.LEVEL,2026-08-17,5175.98963
EG.CONIA.IDX.LEVEL,2026-08-18,5178.73149
EG.CONIA.IDX.LEVEL,2026-08-19,5181.54383
EG.CONIA.IDX.LEVEL,2026-08-20,5184.35719
