series_id,period,value
EG.CONIA.ON.RATE,2016-12-29,14.961
EG.CONIA.ON.RATE,2017-01-02,14.864
EG.CONIA.ON.RATE,2017-01-03,14.945
EG.CONIA.ON.RATE,2017-01-04,14.937
EG.CONIA.ON.RATE,2017-01-05,14.991
EG.CONIA.ON.RATE,2017-01-08,14.98
EG.CONIA.ON.RATE,2017-01-09,15.008
EG.CONIA.ON.RATE,2017-01-10,15.027
EG.CONIA.ON.RATE,2017-01-11,15.27
EG.CONIA.ON.RATE,2017-01-12,15.371
EG.CONIA.ON.RATE,2017-01-15,15.096
EG.CONIA.ON.RATE,2017-01-16,14.931
EG.CONIA.ON.RATE,2017-01-17,15.076
EG.CONIA.ON.RATE,2017-01-18,15.096
EG.CONIA.ON.RATE,2017-01-19,15.257
EG.CONIA.ON.RATE,2017-01-22,15.285
EG.CONIA.ON.RATE,2017-01-23,15.285
EG.CONIA.ON.RATE,2017-01-24,15.132
EG.CONIA.ON.RATE,2017-01-26,15.059
EG.CONIA.ON.RATE,2017-01-29,15.204
EG.CONIA.ON.RATE,2017-01-30,14.916
EG.CONIA.ON.RATE,2017-01-31,15.298
EG.CONIA.ON.RATE,2017-02-01,15.359
EG.CONIA.ON.RATE,2017-02-02,15.344
EG.CONIA.ON.RATE,2017-02-05,15.329
EG.CONIA.ON.RATE,2017-02-06,15.347
EG.CONIA.ON.RATE,2017-02-07,15.452
EG.CONIA.ON.RATE,2017-02-08,15.302
EG.CONIA.ON.RATE,2017-02-09,15.302
EG.CONIA.ON.RATE,2017-02-12,15.072
EG.CONIA.ON.RATE,2017-02-13,15.172
EG.CONIA.ON.RATE,2017-02-14,15.021
EG.CONIA.ON.RATE,2017-02-15,15.359
EG.CONIA.ON.RATE,2017-02-16,15.349
EG.CONIA.ON.RATE,2017-02-19,15.362
EG.CONIA.ON.RATE,2017-02-20,15.151
EG.CONIA.ON.RATE,2017-02-21,15.076
EG.CONIA.ON.RATE,2017-02-22,15.407
EG.CONIA.ON.RATE,2017-02-23,15.644
EG.CONIA.ON.RATE,2017-02-26,15.64
EG.CONIA.ON.RATE,2017-02-27,15.131
EG.CONIA.ON.RATE,2017-02-28,15.645
EG.CONIA.ON.RATE,2017-03-01,15.741
EG.CONIA.ON.RATE,2017-03-02,15.749
EG.CONIA.ON.RATE,2017-03-05,15.696
EG.CONIA.ON.RATE,2017-03-06,15.744
EG.CONIA.ON.RATE,2017-03-07,15.408
EG.CONIA.ON.RATE,2017-03-08,15.346
EG.CONIA.ON.RATE,2017-03-09,15.209
EG.CONIA.ON.RATE,2017-03-12,14.995
EG.CONIA.ON.RATE,2017-03-13,14.808
EG.CONIA.ON.RATE,2017-03-14,15.712
EG.CONIA.ON.RATE,2017-03-15,15.746
EG.CONIA.ON.RATE,2017-03-16,15.707
EG.CONIA.ON.RATE,2017-03-19,15.681
EG.CONIA.ON.RATE,2017-03-20,15.681
EG.CONIA.ON.RATE,2017-03-21,15.55
EG.CONIA.ON.RATE,2017-03-22,15.466
EG.CONIA.ON.RATE,2017-03-23,15.339
EG.CONIA.ON.RATE,2017-03-26,15.032
EG.CONIA.ON.RATE,2017-03-27,14.994
EG.CONIA.ON.RATE,2017-03-28,15.497
EG.CONIA.ON.RATE,2017-03-29,15.622
EG.CONIA.ON.RATE,2017-03-30,15.693
EG.CONIA.ON.RATE,2017-04-02,15.718
EG.CONIA.ON.RATE,2017-04-03,15.733
EG.CONIA.ON.RATE,2017-04-04,15.715
EG.CONIA.ON.RATE,2017-04-05,15.697
EG.CONIA.ON.RATE,2017-04-06,15.368
EG.CONIA.ON.RATE,2017-04-09,15.231
EG.CONIA.ON.RATE,2017-04-10,15.054
EG.CONIA.ON.RATE,2017-04-11,15.714
EG.CONIA.ON.RATE,2017-04-12,15.765
EG.CONIA.ON.RATE,2017-04-13,15.571
EG.CONIA.ON.RATE,2017-04-18,15.178
EG.CONIA.ON.RATE,2017-04-19,15.127
EG.CONIA.ON.RATE,2017-04-20,14.996
EG.CONIA.ON.RATE,2017-04-23,15.0
EG.CONIA.ON.RATE,2017-04-24,14.988
EG.CONIA.ON.RATE,2017-04-26,15.686
EG.CONIA.ON.RATE,2017-04-27,15.703
EG.CONIA.ON.RATE,2017-04-30,15.66
EG.CONIA.ON.RATE,2017-05-02,15.72
EG.CONIA.ON.RATE,2017-05-03,15.599
EG.CONIA.ON.RATE,2017-05-04,15.687
EG.CONIA.ON.RATE,2017-05-07,15.669
EG.CONIA.ON.RATE,2017-05-08,15.527
EG.CONIA.ON.RATE,2017-05-09,15.788
EG.CONIA.ON.RATE,2017-05-10,15.75
EG.CONIA.ON.RATE,2017-05-11,15.73
EG.CONIA.ON.RATE,2017-05-14,15.663
EG.CONIA.ON.RATE,2017-05-15,15.412
EG.CONIA.ON.RATE,2017-05-16,15.491
EG.CONIA.ON.RATE,2017-05-17,15.586
EG.CONIA.ON.RATE,2017-05-18,15.747
EG.CONIA.ON.RATE,2017-05-21,15.498
EG.CONIA.ON.RATE,2017-05-22,17.211
EG.CONIA.ON.RATE,2017-05-23,17.699
EG.CONIA.ON.RATE,2017-05-24,17.744
EG.CONIA.ON.RATE,2017-05-25,17.748
EG.CONIA.ON.RATE,2017-05-28,17.743
EG.CONIA.ON.RATE,2017-05-29,17.74
EG.CONIA.ON.RATE,2017-05-30,17.736
EG.CONIA.ON.RATE,2017-05-31,17.71
EG.CONIA.ON.RATE,2017-06-01,17.659
EG.CONIA.ON.RATE,2017-06-04,17.291
EG.CONIA.ON.RATE,2017-06-05,17.011
EG.CONIA.ON.RATE,2017-06-06,17.728
EG.CONIA.ON.RATE,2017-06-07,17.654
EG.CONIA.ON.RATE,2017-06-08,17.659
EG.CONIA.ON.RATE,2017-06-11,17.699
EG.CONIA.ON.RATE,2017-06-12,17.674
EG.CONIA.ON.RATE,2017-06-13,17.759
EG.CONIA.ON.RATE,2017-06-14,17.745
EG.CONIA.ON.RATE,2017-06-15,17.731
EG.CONIA.ON.RATE,2017-06-18,17.532
EG.CONIA.ON.RATE,2017-06-19,17.413
EG.CONIA.ON.RATE,2017-06-20,17.75
EG.CONIA.ON.RATE,2017-06-21,17.779
EG.CONIA.ON.RATE,2017-06-22,17.796
EG.CONIA.ON.RATE,2017-06-28,17.745
EG.CONIA.ON.RATE,2017-07-02,17.759
EG.CONIA.ON.RATE,2017-07-03,17.551
EG.CONIA.ON.RATE,2017-07-04,17.784
EG.CONIA.ON.RATE,2017-07-05,17.774
EG.CONIA.ON.RATE,2017-07-06,17.783
EG.CONIA.ON.RATE,2017-07-09,19.773
EG.CONIA.ON.RATE,2017-07-10,19.751
EG.CONIA.ON.RATE,2017-07-11,19.744
EG.CONIA.ON.RATE,2017-07-12,19.688
EG.CONIA.ON.RATE,2017-07-13,19.257
EG.CONIA.ON.RATE,2017-07-16,18.837
EG.CONIA.ON.RATE,2017-07-17,18.8
EG.CONIA.ON.RATE,2017-07-18,19.682
EG.CONIA.ON.RATE,2017-07-19,19.729
EG.CONIA.ON.RATE,2017-07-20,19.742
EG.CONIA.ON.RATE,2017-07-24,19.736
EG.CONIA.ON.RATE,2017-07-25,19.663
EG.CONIA.ON.RATE,2017-07-26,19.566
EG.CONIA.ON.RATE,2017-07-27,19.009
EG.CONIA.ON.RATE,2017-07-30,18.853
EG.CONIA.ON.RATE,2017-07-31,18.811
EG.CONIA.ON.RATE,2017-08-01,19.456
EG.CONIA.ON.RATE,2017-08-02,19.506
EG.CONIA.ON.RATE,2017-08-03,19.068
EG.CONIA.ON.RATE,2017-08-06,18.996
EG.CONIA.ON.RATE,2017-08-07,19.033
EG.CONIA.ON.RATE,2017-08-08,18.946
EG.CONIA.ON.RATE,2017-08-09,18.95
EG.CONIA.ON.RATE,2017-08-10,18.894
EG.CONIA.ON.RATE,2017-08-13,18.8
EG.CONIA.ON.RATE,2017-08-14,18.8
EG.CONIA.ON.RATE,2017-08-15,19.089
EG.CONIA.ON.RATE,2017-08-16,18.976
EG.CONIA.ON.RATE,2017-08-17,18.982
EG.CONIA.ON.RATE,2017-08-20,18.944
EG.CONIA.ON.RATE,2017-08-21,18.994
EG.CONIA.ON.RATE,2017-08-22,18.979
EG.CONIA.ON.RATE,2017-08-23,18.884
EG.CONIA.ON.RATE,2017-08-24,18.902
EG.CONIA.ON.RATE,2017-08-27,18.8
EG.CONIA.ON.RATE,2017-08-28,18.892
EG.CONIA.ON.RATE,2017-08-29,18.937
EG.CONIA.ON.RATE,2017-08-30,19.103
EG.CONIA.ON.RATE,2017-09-05,19.073
EG.CONIA.ON.RATE,2017-09-06,19.003
EG.CONIA.ON.RATE,2017-09-07,18.89
EG.CONIA.ON.RATE,2017-09-10,18.804
EG.CONIA.ON.RATE,2017-09-11,18.8
EG.CONIA.ON.RATE,2017-09-12,19.082
EG.CONIA.ON.RATE,2017-09-13,19.051
EG.CONIA.ON.RATE,2017-09-14,19.047
EG.CONIA.ON.RATE,2017-09-17,19.01
EG.CONIA.ON.RATE,2017-09-18,19.016
EG.CONIA.ON.RATE,2017-09-19,19.003
EG.CONIA.ON.RATE,2017-09-20,18.918
EG.CONIA.ON.RATE,2017-09-24,18.825
EG.CONIA.ON.RATE,2017-09-25,18.784
EG.CONIA.ON.RATE,2017-09-26,18.963
EG.CONIA.ON.RATE,2017-09-27,18.995
EG.CONIA.ON.RATE,2017-09-28,18.979
EG.CONIA.ON.RATE,2017-10-01,19.044
EG.CONIA.ON.RATE,2017-10-02,19.082
EG.CONIA.ON.RATE,2017-10-03,19.004
EG.CONIA.ON.RATE,2017-10-04,19.025
EG.CONIA.ON.RATE,2017-10-08,18.966
EG.CONIA.ON.RATE,2017-10-09,18.831
EG.CONIA.ON.RATE,2017-10-10,19.319
EG.CONIA.ON.RATE,2017-10-11,19.373
EG.CONIA.ON.RATE,2017-10-12,19.039
EG.CONIA.ON.RATE,2017-10-15,19.07
EG.CONIA.ON.RATE,2017-10-16,18.947
EG.CONIA.ON.RATE,2017-10-17,19.1
EG.CONIA.ON.RATE,2017-10-18,19.091
EG.CONIA.ON.RATE,2017-10-19,18.972
EG.CONIA.ON.RATE,2017-10-22,18.863
EG.CONIA.ON.RATE,2017-10-23,18.801
EG.CONIA.ON.RATE,2017-10-24,18.982
EG.CONIA.ON.RATE,2017-10-25,18.986
EG.CONIA.ON.RATE,2017-10-26,18.966
EG.CONIA.ON.RATE,2017-10-29,18.953
EG.CONIA.ON.RATE,2017-10-30,18.935
EG.CONIA.ON.RATE,2017-10-31,18.893
EG.CONIA.ON.RATE,2017-11-01,18.948
EG.CONIA.ON.RATE,2017-11-02,18.917
EG.CONIA.ON.RATE,2017-11-05,18.832
EG.CONIA.ON.RATE,2017-11-06,18.797
EG.CONIA.ON.RATE,2017-11-07,18.966
EG.CONIA.ON.RATE,2017-11-08,18.895
EG.CONIA.ON.RATE,2017-11-09,18.892
EG.CONIA.ON.RATE,2017-11-12,18.871
EG.CONIA.ON.RATE,2017-11-13,18.875
EG.CONIA.ON.RATE,2017-11-14,18.866
EG.CONIA.ON.RATE,2017-11-15,18.856
EG.CONIA.ON.RATE,2017-11-16,18.849
EG.CONIA.ON.RATE,2017-11-19,18.81
EG.CONIA.ON.RATE,2017-11-20,18.789
EG.CONIA.ON.RATE,2017-11-21,18.871
EG.CONIA.ON.RATE,2017-11-22,18.867
EG.CONIA.ON.RATE,2017-11-23,18.956
EG.CONIA.ON.RATE,2017-11-26,18.967
EG.CONIA.ON.RATE,2017-11-27,18.978
EG.CONIA.ON.RATE,2017-11-28,19.001
EG.CONIA.ON.RATE,2017-11-29,18.983
EG.CONIA.ON.RATE,2017-12-03,18.856
EG.CONIA.ON.RATE,2017-12-04,18.787
EG.CONIA.ON.RATE,2017-12-05,18.882
EG.CONIA.ON.RATE,2017-12-06,18.884
EG.CONIA.ON.RATE,2017-12-07,18.973
EG.CONIA.ON.RATE,2017-12-10,18.965
EG.CONIA.ON.RATE,2017-12-11,18.953
EG.CONIA.ON.RATE,2017-12-12,18.931
EG.CONIA.ON.RATE,2017-12-13,18.957
EG.CONIA.ON.RATE,2017-12-14,18.97
EG.CONIA.ON.RATE,2017-12-17,18.8
EG.CONIA.ON.RATE,2017-12-18,18.793
EG.CONIA.ON.RATE,2017-12-19,18.931
EG.CONIA.ON.RATE,2017-12-20,18.926
EG.CONIA.ON.RATE,2017-12-21,18.921
EG.CONIA.ON.RATE,2017-12-24,18.907
EG.CONIA.ON.RATE,2017-12-25,18.906
EG.CONIA.ON.RATE,2017-12-26,18.892
EG.CONIA.ON.RATE,2017-12-27,18.955
EG.CONIA.ON.RATE,2017-12-28,18.98
EG.CONIA.ON.RATE,2017-12-31,18.952
EG.CONIA.ON.RATE,2018-01-02,18.931
EG.CONIA.ON.RATE,2018-01-03,18.953
EG.CONIA.ON.RATE,2018-01-04,19.003
EG.CONIA.ON.RATE,2018-01-08,18.975
EG.CONIA.ON.RATE,2018-01-09,19.047
EG.CONIA.ON.RATE,2018-01-10,18.995
EG.CONIA.ON.RATE,2018-01-11,18.952
EG.CONIA.ON.RATE,2018-01-14,18.866
EG.CONIA.ON.RATE,2018-01-15,18.814
EG.CONIA.ON.RATE,2018-01-16,18.965
EG.CONIA.ON.RATE,2018-01-17,18.958
EG.CONIA.ON.RATE,2018-01-18,18.915
EG.CONIA.ON.RATE,2018-01-21,18.97
EG.CONIA.ON.RATE,2018-01-22,18.968
EG.CONIA.ON.RATE,2018-01-23,18.984
EG.CONIA.ON.RATE,2018-01-24,18.955
EG.CONIA.ON.RATE,2018-01-28,18.814
EG.CONIA.ON.RATE,2018-01-29,18.789
EG.CONIA.ON.RATE,2018-01-30,18.915
EG.CONIA.ON.RATE,2018-01-31,18.93
EG.CONIA.ON.RATE,2018-02-01,18.905
EG.CONIA.ON.RATE,2018-02-04,18.911
EG.CONIA.ON.RATE,2018-02-05,18.918
EG.CONIA.ON.RATE,2018-02-06,18.93
EG.CONIA.ON.RATE,2018-02-07,18.849
EG.CONIA.ON.RATE,2018-02-08,18.799
EG.CONIA.ON.RATE,2018-02-11,18.778
EG.CONIA.ON.RATE,2018-02-12,18.778
EG.CONIA.ON.RATE,2018-02-13,18.844
EG.CONIA.ON.RATE,2018-02-14,18.81
EG.CONIA.ON.RATE,2018-02-15,18.802
EG.CONIA.ON.RATE,2018-02-18,17.804
EG.CONIA.ON.RATE,2018-02-19,17.813
EG.CONIA.ON.RATE,2018-02-20,17.822
EG.CONIA.ON.RATE,2018-02-21,17.881
EG.CONIA.ON.RATE,2018-02-22,17.954
EG.CONIA.ON.RATE,2018-02-25,17.994
EG.CONIA.ON.RATE,2018-02-26,17.893
EG.CONIA.ON.RATE,2018-02-27,17.953
EG.CONIA.ON.RATE,2018-02-28,17.984
EG.CONIA.ON.RATE,2018-03-01,17.907
EG.CONIA.ON.RATE,2018-03-04,17.901
EG.CONIA.ON.RATE,2018-03-05,17.85
EG.CONIA.ON.RATE,2018-03-06,17.95
EG.CONIA.ON.RATE,2018-03-07,17.986
EG.CONIA.ON.RATE,2018-03-08,17.878
EG.CONIA.ON.RATE,2018-03-11,17.827
EG.CONIA.ON.RATE,2018-03-12,17.801
EG.CONIA.ON.RATE,2018-03-13,17.955
EG.CONIA.ON.RATE,2018-03-14,18.161
EG.CONIA.ON.RATE,2018-03-15,17.902
EG.CONIA.ON.RATE,2018-03-18,17.869
EG.CONIA.ON.RATE,2018-03-19,17.84
EG.CONIA.ON.RATE,2018-03-20,17.804
EG.CONIA.ON.RATE,2018-03-21,17.798
EG.CONIA.ON.RATE,2018-03-22,17.849
EG.CONIA.ON.RATE,2018-03-25,17.8
EG.CONIA.ON.RATE,2018-03-26,17.794
EG.CONIA.ON.RATE,2018-03-27,17.852
EG.CONIA.ON.RATE,2018-03-28,17.851
EG.CONIA.ON.RATE,2018-03-29,17.895
EG.CONIA.ON.RATE,2018-04-01,16.881
EG.CONIA.ON.RATE,2018-04-02,16.916
EG.CONIA.ON.RATE,2018-04-03,17.154
EG.CONIA.ON.RATE,2018-04-04,17.293
EG.CONIA.ON.RATE,2018-04-05,17.293
EG.CONIA.ON.RATE,2018-04-10,16.814
EG.CONIA.ON.RATE,2018-04-11,16.763
EG.CONIA.ON.RATE,2018-04-12,16.775
EG.CONIA.ON.RATE,2018-04-15,16.779
EG.CONIA.ON.RATE,2018-04-16,16.795
EG.CONIA.ON.RATE,2018-04-17,16.804
EG.CONIA.ON.RATE,2018-04-18,16.85
EG.CONIA.ON.RATE,2018-04-19,16.847
EG.CONIA.ON.RATE,2018-04-22,16.801
EG.CONIA.ON.RATE,2018-04-23,16.778
EG.CONIA.ON.RATE,2018-04-24,16.861
EG.CONIA.ON.RATE,2018-04-26,16.885
EG.CONIA.ON.RATE,2018-04-29,16.866
EG.CONIA.ON.RATE,2018-04-30,16.873
EG.CONIA.ON.RATE,2018-05-02,16.889
EG.CONIA.ON.RATE,2018-05-03,16.969
EG.CONIA.ON.RATE,2018-05-06,16.925
EG.CONIA.ON.RATE,2018-05-07,16.863
EG.CONIA.ON.RATE,2018-05-08,16.902
EG.CONIA.ON.RATE,2018-05-09,16.848
EG.CONIA.ON.RATE,2018-05-10,17.159
EG.CONIA.ON.RATE,2018-05-13,17.14
EG.CONIA.ON.RATE,2018-05-14,17.174
EG.CONIA.ON.RATE,2018-05-15,17.013
EG.CONIA.ON.RATE,2018-05-16,16.959
EG.CONIA.ON.RATE,2018-05-17,16.983
EG.CONIA.ON.RATE,2018-05-20,16.986
EG.CONIA.ON.RATE,2018-05-21,16.907
EG.CONIA.ON.RATE,2018-05-22,17.12
EG.CONIA.ON.RATE,2018-05-23,17.003
EG.CONIA.ON.RATE,2018-05-24,17.083
EG.CONIA.ON.RATE,2018-05-27,17.034
EG.CONIA.ON.RATE,2018-05-28,17.118
EG.CONIA.ON.RATE,2018-05-29,16.944
EG.CONIA.ON.RATE,2018-05-30,16.949
EG.CONIA.ON.RATE,2018-05-31,16.99
EG.CONIA.ON.RATE,2018-06-03,16.954
EG.CONIA.ON.RATE,2018-06-04,16.863
EG.CONIA.ON.RATE,2018-06-05,17.129
EG.CONIA.ON.RATE,2018-06-06,17.146
EG.CONIA.ON.RATE,2018-06-07,17.123
EG.CONIA.ON.RATE,2018-06-10,17.119
EG.CONIA.ON.RATE,2018-06-11,17.169
EG.CONIA.ON.RATE,2018-06-12,17.182
EG.CONIA.ON.RATE,2018-06-13,17.137
EG.CONIA.ON.RATE,2018-06-14,17.087
EG.CONIA.ON.RATE,2018-06-19,17.075
EG.CONIA.ON.RATE,2018-06-20,17.138
EG.CONIA.ON.RATE,2018-06-21,17.155
EG.CONIA.ON.RATE,2018-06-24,17.09
EG.CONIA.ON.RATE,2018-06-25,17.027
EG.CONIA.ON.RATE,2018-06-26,17.143
EG.CONIA.ON.RATE,2018-06-27,17.027
EG.CONIA.ON.RATE,2018-06-28,17.007
EG.CONIA.ON.RATE,2018-07-02,16.965
EG.CONIA.ON.RATE,2018-07-03,17.156
EG.CONIA.ON.RATE,2018-07-04,17.053
EG.CONIA.ON.RATE,2018-07-05,16.96
EG.CONIA.ON.RATE,2018-07-08,17.032
EG.CONIA.ON.RATE,2018-07-09,17.033
EG.CONIA.ON.RATE,2018-07-10,16.974
EG.CONIA.ON.RATE,2018-07-11,16.833
EG.CONIA.ON.RATE,2018-07-12,16.818
EG.CONIA.ON.RATE,2018-07-15,16.787
EG.CONIA.ON.RATE,2018-07-16,16.813
EG.CONIA.ON.RATE,2018-07-17,17.143
EG.CONIA.ON.RATE,2018-07-18,16.994
EG.CONIA.ON.RATE,2018-07-19,16.969
EG.CONIA.ON.RATE,2018-07-22,16.921
EG.CONIA.ON.RATE,2018-07-24,16.922
EG.CONIA.ON.RATE,2018-07-25,16.948
EG.CONIA.ON.RATE,2018-07-26,16.942
EG.CONIA.ON.RATE,2018-07-29,16.839
EG.CONIA.ON.RATE,2018-07-30,16.819
EG.CONIA.ON.RATE,2018-07-31,16.945
EG.CONIA.ON.RATE,2018-08-01,16.924
EG.CONIA.ON.RATE,2018-08-02,16.968
EG.CONIA.ON.RATE,2018-08-05,16.919
EG.CONIA.ON.RATE,2018-08-06,16.94
EG.CONIA.ON.RATE,2018-08-07,16.969
EG.CONIA.ON.RATE,2018-08-08,16.992
EG.CONIA.ON.RATE,2018-08-09,16.982
EG.CONIA.ON.RATE,2018-08-12,16.89
EG.CONIA.ON.RATE,2018-08-13,16.825
EG.CONIA.ON.RATE,2018-08-14,17.045
EG.CONIA.ON.RATE,2018-08-15,17.062
EG.CONIA.ON.RATE,2018-08-16,17.119
EG.CONIA.ON.RATE,2018-08-19,17.116
EG.CONIA.ON.RATE,2018-08-26,16.846
EG.CONIA.ON.RATE,2018-08-27,16.813
EG.CONIA.ON.RATE,2018-08-28,17.112
EG.CONIA.ON.RATE,2018-08-29,17.017
EG.CONIA.ON.RATE,2018-08-30,17.006
EG.CONIA.ON.RATE,2018-09-02,17.03
EG.CONIA.ON.RATE,2018-09-03,17.054
EG.CONIA.ON.RATE,2018-09-04,16.973
EG.CONIA.ON.RATE,2018-09-05,16.965
EG.CONIA.ON.RATE,2018-09-06,16.971
EG.CONIA.ON.RATE,2018-09-09,16.936
EG.CONIA.ON.RATE,2018-09-10,16.919
EG.CONIA.ON.RATE,2018-09-12,17.044
EG.CONIA.ON.RATE,2018-09-13,16.998
EG.CONIA.ON.RATE,2018-09-16,16.974
EG.CONIA.ON.RATE,2018-09-17,16.966
EG.CONIA.ON.RATE,2018-09-18,16.913
EG.CONIA.ON.RATE,2018-09-19,16.945
EG.CONIA.ON.RATE,2018-09-20,16.956
EG.CONIA.ON.RATE,2018-09-23,16.86
EG.CONIA.ON.RATE,2018-09-24,16.817
EG.CONIA.ON.RATE,2018-09-25,16.963
EG.CONIA.ON.RATE,2018-09-26,16.947
EG.CONIA.ON.RATE,2018-09-27,17.008
EG.CONIA.ON.RATE,2018-09-30,17.018
EG.CONIA.ON.RATE,2018-10-01,16.954
EG.CONIA.ON.RATE,2018-10-02,16.946
EG.CONIA.ON.RATE,2018-10-03,16.976
EG.CONIA.ON.RATE,2018-10-04,16.92
EG.CONIA.ON.RATE,2018-10-08,16.853
EG.CONIA.ON.RATE,2018-10-09,16.934
EG.CONIA.ON.RATE,2018-10-10,16.973
EG.CONIA.ON.RATE,2018-10-11,16.995
EG.CONIA.ON.RATE,2018-10-14,16.944
EG.CONIA.ON.RATE,2018-10-15,16.938
EG.CONIA.ON.RATE,2018-10-16,16.9
EG.CONIA.ON.RATE,2018-10-17,16.933
EG.CONIA.ON.RATE,2018-10-18,16.913
EG.CONIA.ON.RATE,2018-10-21,16.829
EG.CONIA.ON.RATE,2018-10-22,16.793
EG.CONIA.ON.RATE,2018-10-23,16.888
EG.CONIA.ON.RATE,2018-10-24,16.901
EG.CONIA.ON.RATE,2018-10-25,16.941
EG.CONIA.ON.RATE,2018-10-28,16.982
EG.CONIA.ON.RATE,2018-10-29,16.997
EG.CONIA.ON.RATE,2018-10-30,16.92
EG.CONIA.ON.RATE,2018-10-31,16.899
EG.CONIA.ON.RATE,2018-11-01,16.9
EG.CONIA.ON.RATE,2018-11-04,16.814
EG.CONIA.ON.RATE,2018-11-05,16.771
EG.CONIA.ON.RATE,2018-11-06,16.903
EG.CONIA.ON.RATE,2018-11-07,16.895
EG.CONIA.ON.RATE,2018-11-08,16.899
EG.CONIA.ON.RATE,2018-11-11,16.849
EG.CONIA.ON.RATE,2018-11-12,16.855
EG.CONIA.ON.RATE,2018-11-13,16.835
EG.CONIA.ON.RATE,2018-11-14,16.829
EG.CONIA.ON.RATE,2018-11-15,16.811
EG.CONIA.ON.RATE,2018-11-18,16.77
EG.CONIA.ON.RATE,2018-11-19,16.775
EG.CONIA.ON.RATE,2018-11-21,16.855
EG.CONIA.ON.RATE,2018-11-22,16.871
EG.CONIA.ON.RATE,2018-11-25,16.859
EG.CONIA.ON.RATE,2018-11-26,16.908
EG.CONIA.ON.RATE,2018-11-27,16.873
EG.CONIA.ON.RATE,2018-11-28,16.87
EG.CONIA.ON.RATE,2018-11-29,16.849
EG.CONIA.ON.RATE,2018-12-02,16.797
EG.CONIA.ON.RATE,2018-12-03,16.802
EG.CONIA.ON.RATE,2018-12-04,16.939
EG.CONIA.ON.RATE,2018-12-05,17.064
EG.CONIA.ON.RATE,2018-12-06,17.173
EG.CONIA.ON.RATE,2018-12-09,17.225
EG.CONIA.ON.RATE,2018-12-10,17.249
EG.CONIA.ON.RATE,2018-12-11,17.117
EG.CONIA.ON.RATE,2018-12-12,17.017
EG.CONIA.ON.RATE,2018-12-13,16.988
EG.CONIA.ON.RATE,2018-12-16,16.935
EG.CONIA.ON.RATE,2018-12-17,16.835
EG.CONIA.ON.RATE,2018-12-18,16.912
EG.CONIA.ON.RATE,2018-12-19,16.937
EG.CONIA.ON.RATE,2018-12-20,16.898
EG.CONIA.ON.RATE,2018-12-23,16.894
EG.CONIA.ON.RATE,2018-12-24,16.895
EG.CONIA.ON.RATE,2018-12-25,16.902
EG.CONIA.ON.RATE,2018-12-26,16.899
EG.CONIA.ON.RATE,2018-12-27,16.898
EG.CONIA.ON.RATE,2018-12-30,16.86
EG.CONIA.ON.RATE,2018-12-31,16.822
EG.CONIA.ON.RATE,2019-01-02,16.977
EG.CONIA.ON.RATE,2019-01-03,16.964
EG.CONIA.ON.RATE,2019-01-06,16.876
EG.CONIA.ON.RATE,2019-01-08,16.849
EG.CONIA.ON.RATE,2019-01-09,16.858
EG.CONIA.ON.RATE,2019-01-10,16.854
EG.CONIA.ON.RATE,2019-01-13,16.8
EG.CONIA.ON.RATE,2019-01-14,16.79
EG.CONIA.ON.RATE,2019-01-15,16.903
EG.CONIA.ON.RATE,2019-01-16,16.9
EG.CONIA.ON.RATE,2019-01-17,16.946
EG.CONIA.ON.RATE,2019-01-20,16.92
EG.CONIA.ON.RATE,2019-01-21,16.938
EG.CONIA.ON.RATE,2019-01-22,16.945
EG.CONIA.ON.RATE,2019-01-23,16.938
EG.CONIA.ON.RATE,2019-01-27,16.826
EG.CONIA.ON.RATE,2019-01-28,16.777
EG.CONIA.ON.RATE,2019-01-29,16.98
EG.CONIA.ON.RATE,2019-01-30,16.946
EG.CONIA.ON.RATE,2019-01-31,16.943
EG.CONIA.ON.RATE,2019-02-03,16.948
EG.CONIA.ON.RATE,2019-02-04,16.966
EG.CONIA.ON.RATE,2019-02-05,16.981
EG.CONIA.ON.RATE,2019-02-06,16.97
EG.CONIA.ON.RATE,2019-02-07,17.03
EG.CONIA.ON.RATE,2019-02-10,16.972
EG.CONIA.ON.RATE,2019-02-11,16.861
EG.CONIA.ON.RATE,2019-02-12,17.015
EG.CONIA.ON.RATE,2019-02-13,17.008
EG.CONIA.ON.RATE,2019-02-14,16.994
EG.CONIA.ON.RATE,2019-02-17,15.939
EG.CONIA.ON.RATE,2019-02-18,15.92
EG.CONIA.ON.RATE,2019-02-19,15.929
EG.CONIA.ON.RATE,2019-02-20,15.915
EG.CONIA.ON.RATE,2019-02-21,15.872
EG.CONIA.ON.RATE,2019-02-24,15.82
EG.CONIA.ON.RATE,2019-02-25,15.803
EG.CONIA.ON.RATE,2019-02-26,15.964
EG.CONIA.ON.RATE,2019-02-27,15.918
EG.CONIA.ON.RATE,2019-02-28,15.921
EG.CONIA.ON.RATE,2019-03-03,15.917
EG.CONIA.ON.RATE,2019-03-04,15.944
EG.CONIA.ON.RATE,2019-03-05,15.945
EG.CONIA.ON.RATE,2019-03-06,15.961
EG.CONIA.ON.RATE,2019-03-07,16.056
EG.CONIA.ON.RATE,2019-03-10,16.097
EG.CONIA.ON.RATE,2019-03-11,16.033
EG.CONIA.ON.RATE,2019-03-12,15.997
EG.CONIA.ON.RATE,2019-03-13,15.968
EG.CONIA.ON.RATE,2019-03-14,16.05
EG.CONIA.ON.RATE,2019-03-17,16.001
EG.CONIA.ON.RATE,2019-03-18,15.971
EG.CONIA.ON.RATE,2019-03-19,16.032
EG.CONIA.ON.RATE,2019-03-20,16.005
EG.CONIA.ON.RATE,2019-03-21,16.035
EG.CONIA.ON.RATE,2019-03-24,15.93
EG.CONIA.ON.RATE,2019-03-25,15.845
EG.CONIA.ON.RATE,2019-03-26,15.963
EG.CONIA.ON.RATE,2019-03-27,15.884
EG.CONIA.ON.RATE,2019-03-28,15.875
EG.CONIA.ON.RATE,2019-03-31,15.85
EG.CONIA.ON.RATE,2019-04-01,15.915
EG.CONIA.ON.RATE,2019-04-02,15.937
EG.CONIA.ON.RATE,2019-04-03,15.956
EG.CONIA.ON.RATE,2019-04-04,16.064
EG.CONIA.ON.RATE,2019-04-07,15.987
EG.CONIA.ON.RATE,2019-04-08,15.913
EG.CONIA.ON.RATE,2019-04-09,15.979
EG.CONIA.ON.RATE,2019-04-10,15.945
EG.CONIA.ON.RATE,2019-04-11,15.966
EG.CONIA.ON.RATE,2019-04-14,15.923
EG.CONIA.ON.RATE,2019-04-15,15.928
EG.CONIA.ON.RATE,2019-04-16,15.933
EG.CONIA.ON.RATE,2019-04-17,15.932
EG.CONIA.ON.RATE,2019-04-18,15.875
EG.CONIA.ON.RATE,2019-04-21,15.842
EG.CONIA.ON.RATE,2019-04-22,15.771
EG.CONIA.ON.RATE,2019-04-23,15.83
EG.CONIA.ON.RATE,2019-04-24,15.96
EG.CONIA.ON.RATE,2019-04-30,15.985
EG.CONIA.ON.RATE,2019-05-02,15.991
EG.CONIA.ON.RATE,2019-05-05,16.021
EG.CONIA.ON.RATE,2019-05-06,16.192
EG.CONIA.ON.RATE,2019-05-07,15.902
EG.CONIA.ON.RATE,2019-05-08,15.915
EG.CONIA.ON.RATE,2019-05-09,15.929
EG.CONIA.ON.RATE,2019-05-12,15.888
EG.CONIA.ON.RATE,2019-05-13,15.897
EG.CONIA.ON.RATE,2019-05-14,15.917
EG.CONIA.ON.RATE,2019-05-15,15.893
EG.CONIA.ON.RATE,2019-05-16,15.882
EG.CONIA.ON.RATE,2019-05-19,15.873
EG.CONIA.ON.RATE,2019-05-20,15.794
EG.CONIA.ON.RATE,2019-05-21,15.911
EG.CONIA.ON.RATE,2019-05-22,15.871
EG.CONIA.ON.RATE,2019-05-23,15.869
EG.CONIA.ON.RATE,2019-05-26,15.886
EG.CONIA.ON.RATE,2019-05-27,15.898
EG.CONIA.ON.RATE,2019-05-28,15.887
EG.CONIA.ON.RATE,2019-05-29,15.916
EG.CONIA.ON.RATE,2019-05-30,15.964
EG.CONIA.ON.RATE,2019-06-02,15.878
EG.CONIA.ON.RATE,2019-06-03,16.094
EG.CONIA.ON.RATE,2019-06-09,15.909
EG.CONIA.ON.RATE,2019-06-10,15.936
EG.CONIA.ON.RATE,2019-06-11,15.929
EG.CONIA.ON.RATE,2019-06-12,15.882
EG.CONIA.ON.RATE,2019-06-13,15.857
EG.CONIA.ON.RATE,2019-06-16,15.841
EG.CONIA.ON.RATE,2019-06-17,15.776
EG.CONIA.ON.RATE,2019-06-18,15.867
EG.CONIA.ON.RATE,2019-06-19,15.854
EG.CONIA.ON.RATE,2019-06-20,15.87
EG.CONIA.ON.RATE,2019-06-23,15.871
EG.CONIA.ON.RATE,2019-06-24,15.873
EG.CONIA.ON.RATE,2019-06-25,15.876
EG.CONIA.ON.RATE,2019-06-26,15.815
EG.CONIA.ON.RATE,2019-06-27,15.803
EG.CONIA.ON.RATE,2019-07-02,15.832
EG.CONIA.ON.RATE,2019-07-03,15.837
EG.CONIA.ON.RATE,2019-07-04,15.839
EG.CONIA.ON.RATE,2019-07-07,15.818
EG.CONIA.ON.RATE,2019-07-08,15.829
EG.CONIA.ON.RATE,2019-07-09,15.778
EG.CONIA.ON.RATE,2019-07-10,15.794
EG.CONIA.ON.RATE,2019-07-11,15.77
EG.CONIA.ON.RATE,2019-07-14,15.764
EG.CONIA.ON.RATE,2019-07-15,15.756
EG.CONIA.ON.RATE,2019-07-16,15.849
EG.CONIA.ON.RATE,2019-07-17,15.828
EG.CONIA.ON.RATE,2019-07-18,15.834
EG.CONIA.ON.RATE,2019-07-21,15.826
EG.CONIA.ON.RATE,2019-07-22,15.829
EG.CONIA.ON.RATE,2019-07-24,15.846
EG.CONIA.ON.RATE,2019-07-25,15.821
EG.CONIA.ON.RATE,2019-07-28,15.81
EG.CONIA.ON.RATE,2019-07-29,15.783
EG.CONIA.ON.RATE,2019-07-30,15.836
EG.CONIA.ON.RATE,2019-07-31,15.827
EG.CONIA.ON.RATE,2019-08-01,15.825
EG.CONIA.ON.RATE,2019-08-04,15.833
EG.CONIA.ON.RATE,2019-08-05,15.852
EG.CONIA.ON.RATE,2019-08-06,15.83
EG.CONIA.ON.RATE,2019-08-07,15.856
EG.CONIA.ON.RATE,2019-08-08,15.858
EG.CONIA.ON.RATE,2019-08-14,15.82
EG.CONIA.ON.RATE,2019-08-15,15.806
EG.CONIA.ON.RATE,2019-08-18,15.788
EG.CONIA.ON.RATE,2019-08-19,15.785
EG.CONIA.ON.RATE,2019-08-20,15.786
EG.CONIA.ON.RATE,2019-08-21,15.789
EG.CONIA.ON.RATE,2019-08-22,15.78
EG.CONIA.ON.RATE,2019-08-25,14.327
EG.CONIA.ON.RATE,2019-08-26,14.31
EG.CONIA.ON.RATE,2019-08-27,14.379
EG.CONIA.ON.RATE,2019-08-28,14.365
EG.CONIA.ON.RATE,2019-08-29,14.359
EG.CONIA.ON.RATE,2019-09-01,14.362
EG.CONIA.ON.RATE,2019-09-02,14.365
EG.CONIA.ON.RATE,2019-09-03,14.366
EG.CONIA.ON.RATE,2019-09-04,14.408
EG.CONIA.ON.RATE,2019-09-05,14.464
EG.CONIA.ON.RATE,2019-09-08,14.406
EG.CONIA.ON.RATE,2019-09-09,14.329
EG.CONIA.ON.RATE,2019-09-10,14.398
EG.CONIA.ON.RATE,2019-09-11,14.368
EG.CONIA.ON.RATE,2019-09-12,14.378
EG.CONIA.ON.RATE,2019-09-15,14.387
EG.CONIA.ON.RATE,2019-09-16,14.409
EG.CONIA.ON.RATE,2019-09-17,14.395
EG.CONIA.ON.RATE,2019-09-18,14.388
EG.CONIA.ON.RATE,2019-09-19,14.364
EG.CONIA.ON.RATE,2019-09-22,14.323
EG.CONIA.ON.RATE,2019-09-23,14.282
EG.CONIA.ON.RATE,2019-09-24,14.326
EG.CONIA.ON.RATE,2019-09-25,14.318
EG.CONIA.ON.RATE,2019-09-26,14.275
EG.CONIA.ON.RATE,2019-09-29,13.297
EG.CONIA.ON.RATE,2019-09-30,13.336
EG.CONIA.ON.RATE,2019-10-01,13.306
EG.CONIA.ON.RATE,2019-10-02,13.324
EG.CONIA.ON.RATE,2019-10-03,13.336
EG.CONIA.ON.RATE,2019-10-07,13.3
EG.CONIA.ON.RATE,2019-10-08,13.369
EG.CONIA.ON.RATE,2019-10-09,13.363
EG.CONIA.ON.RATE,2019-10-10,13.365
EG.CONIA.ON.RATE,2019-10-13,13.351
EG.CONIA.ON.RATE,2019-10-14,13.354
EG.CONIA.ON.RATE,2019-10-15,13.35
EG.CONIA.ON.RATE,2019-10-16,13.359
EG.CONIA.ON.RATE,2019-10-17,13.304
EG.CONIA.ON.RATE,2019-10-20,13.312
EG.CONIA.ON.RATE,2019-10-21,13.273
EG.CONIA.ON.RATE,2019-10-22,13.341
EG.CONIA.ON.RATE,2019-10-23,13.346
EG.CONIA.ON.RATE,2019-10-24,13.35
EG.CONIA.ON.RATE,2019-10-27,13.349
EG.CONIA.ON.RATE,2019-10-28,13.38
EG.CONIA.ON.RATE,2019-10-29,13.386
EG.CONIA.ON.RATE,2019-10-30,13.42
EG.CONIA.ON.RATE,2019-10-31,13.426
EG.CONIA.ON.RATE,2019-11-03,13.366
EG.CONIA.ON.RATE,2019-11-04,13.346
EG.CONIA.ON.RATE,2019-11-05,13.429
EG.CONIA.ON.RATE,2019-11-06,13.442
EG.CONIA.ON.RATE,2019-11-07,13.483
EG.CONIA.ON.RATE,2019-11-11,13.46
EG.CONIA.ON.RATE,2019-11-12,13.543
EG.CONIA.ON.RATE,2019-11-13,13.646
EG.CONIA.ON.RATE,2019-11-14,13.698
EG.CONIA.ON.RATE,2019-11-17,12.714
EG.CONIA.ON.RATE,2019-11-18,12.677
EG.CONIA.ON.RATE,2019-11-19,12.464
EG.CONIA.ON.RATE,2019-11-20,12.497
EG.CONIA.ON.RATE,2019-11-21,12.5
EG.CONIA.ON.RATE,2019-11-24,12.48
EG.CONIA.ON.RATE,2019-11-25,12.478
EG.CONIA.ON.RATE,2019-11-26,12.493
EG.CONIA.ON.RATE,2019-11-27,12.458
EG.CONIA.ON.RATE,2019-11-28,12.455
EG.CONIA.ON.RATE,2019-12-01,12.44
EG.CONIA.ON.RATE,2019-12-02,12.379
EG.CONIA.ON.RATE,2019-12-03,12.459
EG.CONIA.ON.RATE,2019-12-04,12.46
EG.CONIA.ON.RATE,2019-12-05,12.468
EG.CONIA.ON.RATE,2019-12-08,12.468
EG.CONIA.ON.RATE,2019-12-09,12.481
EG.CONIA.ON.RATE,2019-12-10,12.474
EG.CONIA.ON.RATE,2019-12-11,12.5
EG.CONIA.ON.RATE,2019-12-12,12.518
EG.CONIA.ON.RATE,2019-12-15,12.479
EG.CONIA.ON.RATE,2019-12-16,12.38
EG.CONIA.ON.RATE,2019-12-17,12.51
EG.CONIA.ON.RATE,2019-12-18,12.479
EG.CONIA.ON.RATE,2019-12-19,12.485
EG.CONIA.ON.RATE,2019-12-22,12.49
EG.CONIA.ON.RATE,2019-12-23,12.495
EG.CONIA.ON.RATE,2019-12-24,12.512
EG.CONIA.ON.RATE,2019-12-25,12.461
EG.CONIA.ON.RATE,2019-12-26,12.368
EG.CONIA.ON.RATE,2019-12-29,12.334
EG.CONIA.ON.RATE,2019-12-30,12.337
EG.CONIA.ON.RATE,2019-12-31,12.496
EG.CONIA.ON.RATE,2020-01-02,12.525
EG.CONIA.ON.RATE,2020-01-05,12.512
EG.CONIA.ON.RATE,2020-01-06,12.483
EG.CONIA.ON.RATE,2020-01-08,12.489
EG.CONIA.ON.RATE,2020-01-09,12.48
EG.CONIA.ON.RATE,2020-01-12,12.397
EG.CONIA.ON.RATE,2020-01-13,12.339
EG.CONIA.ON.RATE,2020-01-14,12.598
EG.CONIA.ON.RATE,2020-01-15,12.554
EG.CONIA.ON.RATE,2020-01-16,12.477
EG.CONIA.ON.RATE,2020-01-19,12.478
EG.CONIA.ON.RATE,2020-01-20,12.536
EG.CONIA.ON.RATE,2020-01-21,12.506
EG.CONIA.ON.RATE,2020-01-22,12.462
EG.CONIA.ON.RATE,2020-01-23,12.36
EG.CONIA.ON.RATE,2020-01-26,12.292
EG.CONIA.ON.RATE,2020-01-27,12.284
EG.CONIA.ON.RATE,2020-01-28,12.482
EG.CONIA.ON.RATE,2020-01-29,12.496
EG.CONIA.ON.RATE,2020-01-30,12.516
EG.CONIA.ON.RATE,2020-02-02,12.499
EG.CONIA.ON.RATE,2020-02-03,12.471
EG.CONIA.ON.RATE,2020-02-04,12.511
EG.CONIA.ON.RATE,2020-02-05,12.524
EG.CONIA.ON.RATE,2020-02-06,12.58
EG.CONIA.ON.RATE,2020-02-09,12.531
EG.CONIA.ON.RATE,2020-02-10,12.419
EG.CONIA.ON.RATE,2020-02-11,12.501
EG.CONIA.ON.RATE,2020-02-12,12.47
EG.CONIA.ON.RATE,2020-02-13,12.476
EG.CONIA.ON.RATE,2020-02-16,12.444
EG.CONIA.ON.RATE,2020-02-17,12.473
EG.CONIA.ON.RATE,2020-02-18,12.464
EG.CONIA.ON.RATE,2020-02-19,12.394
EG.CONIA.ON.RATE,2020-02-20,12.401
EG.CONIA.ON.RATE,2020-02-23,12.408
EG.CONIA.ON.RATE,2020-02-24,12.354
EG.CONIA.ON.RATE,2020-02-25,12.464
EG.CONIA.ON.RATE,2020-02-26,12.424
EG.CONIA.ON.RATE,2020-02-27,12.435
EG.CONIA.ON.RATE,2020-03-01,12.43
EG.CONIA.ON.RATE,2020-03-02,12.426
EG.CONIA.ON.RATE,2020-03-03,12.452
EG.CONIA.ON.RATE,2020-03-04,12.462
EG.CONIA.ON.RATE,2020-03-05,12.454
EG.CONIA.ON.RATE,2020-03-08,12.446
EG.CONIA.ON.RATE,2020-03-09,12.384
EG.CONIA.ON.RATE,2020-03-10,12.495
EG.CONIA.ON.RATE,2020-03-11,12.555
EG.CONIA.ON.RATE,2020-03-15,12.579
EG.CONIA.ON.RATE,2020-03-16,12.648
EG.CONIA.ON.RATE,2020-03-17,9.721
EG.CONIA.ON.RATE,2020-03-18,9.8
EG.CONIA.ON.RATE,2020-03-19,9.89
EG.CONIA.ON.RATE,2020-03-22,9.785
EG.CONIA.ON.RATE,2020-03-23,9.459
EG.CONIA.ON.RATE,2020-03-24,9.684
EG.CONIA.ON.RATE,2020-03-25,9.697
EG.CONIA.ON.RATE,2020-03-26,9.718
EG.CONIA.ON.RATE,2020-03-29,9.721
EG.CONIA.ON.RATE,2020-03-30,9.79
EG.CONIA.ON.RATE,2020-03-31,9.908
EG.CONIA.ON.RATE,2020-04-01,9.614
EG.CONIA.ON.RATE,2020-04-02,9.614
EG.CONIA.ON.RATE,2020-04-05,9.407
EG.CONIA.ON.RATE,2020-04-06,9.329
EG.CONIA.ON.RATE,2020-04-07,9.744
EG.CONIA.ON.RATE,2020-04-08,9.686
EG.CONIA.ON.RATE,2020-04-09,9.649
EG.CONIA.ON.RATE,2020-04-12,9.663
EG.CONIA.ON.RATE,2020-04-13,9.64
EG.CONIA.ON.RATE,2020-04-14,9.729
EG.CONIA.ON.RATE,2020-04-15,9.719
EG.CONIA.ON.RATE,2020-04-16,9.777
EG.CONIA.ON.RATE,2020-04-21,9.723
EG.CONIA.ON.RATE,2020-04-22,9.626
EG.CONIA.ON.RATE,2020-04-23,9.513
EG.CONIA.ON.RATE,2020-04-26,9.52
EG.CONIA.ON.RATE,2020-04-27,9.509
EG.CONIA.ON.RATE,2020-04-28,9.503
EG.CONIA.ON.RATE,2020-04-29,9.46
EG.CONIA.ON.RATE,2020-04-30,9.458
EG.CONIA.ON.RATE,2020-05-03,9.418
EG.CONIA.ON.RATE,2020-05-04,9.372
EG.CONIA.ON.RATE,2020-05-05,9.662
EG.CONIA.ON.RATE,2020-05-06,9.752
EG.CONIA.ON.RATE,2020-05-07,9.833
EG.CONIA.ON.RATE,2020-05-10,9.86
EG.CONIA.ON.RATE,2020-05-11,9.832
EG.CONIA.ON.RATE,2020-05-12,9.862
EG.CONIA.ON.RATE,2020-05-13,9.858
EG.CONIA.ON.RATE,2020-05-14,9.847
EG.CONIA.ON.RATE,2020-05-17,9.593
EG.CONIA.ON.RATE,2020-05-18,9.436
EG.CONIA.ON.RATE,2020-05-19,9.891
EG.CONIA.ON.RATE,2020-05-20,9.889
EG.CONIA.ON.RATE,2020-05-21,9.871
EG.CONIA.ON.RATE,2020-05-31,9.654
EG.CONIA.ON.RATE,2020-06-01,9.491
EG.CONIA.ON.RATE,2020-06-02,9.886
EG.CONIA.ON.RATE,2020-06-03,9.867
EG.CONIA.ON.RATE,2020-06-04,9.816
EG.CONIA.ON.RATE,2020-06-07,9.778
EG.CONIA.ON.RATE,2020-06-08,9.729
EG.CONIA.ON.RATE,2020-06-09,9.801
EG.CONIA.ON.RATE,2020-06-10,9.732
EG.CONIA.ON.RATE,2020-06-11,9.744
EG.CONIA.ON.RATE,2020-06-14,9.458
EG.CONIA.ON.RATE,2020-06-15,9.378
EG.CONIA.ON.RATE,2020-06-16,9.781
EG.CONIA.ON.RATE,2020-06-17,9.82
EG.CONIA.ON.RATE,2020-06-18,9.905
EG.CONIA.ON.RATE,2020-06-21,9.748
EG.CONIA.ON.RATE,2020-06-22,9.755
EG.CONIA.ON.RATE,2020-06-23,9.829
EG.CONIA.ON.RATE,2020-06-24,9.808
EG.CONIA.ON.RATE,2020-06-25,9.708
EG.CONIA.ON.RATE,2020-06-28,9.612
EG.CONIA.ON.RATE,2020-06-29,9.597
EG.CONIA.ON.RATE,2020-06-30,10.192
EG.CONIA.ON.RATE,2020-07-05,10.111
EG.CONIA.ON.RATE,2020-07-06,10.166
EG.CONIA.ON.RATE,2020-07-07,10.246
EG.CONIA.ON.RATE,2020-07-08,10.028
EG.CONIA.ON.RATE,2020-07-09,9.641
EG.CONIA.ON.RATE,2020-07-12,9.716
EG.CONIA.ON.RATE,2020-07-13,9.661
EG.CONIA.ON.RATE,2020-07-14,10.16
EG.CONIA.ON.RATE,2020-07-15,10.154
EG.CONIA.ON.RATE,2020-07-16,10.181
EG.CONIA.ON.RATE,2020-07-19,10.159
EG.CONIA.ON.RATE,2020-07-20,10.209
EG.CONIA.ON.RATE,2020-07-21,10.092
EG.CONIA.ON.RATE,2020-07-22,10.21
EG.CONIA.ON.RATE,2020-07-26,9.98
EG.CONIA.ON.RATE,2020-07-27,9.697
EG.CONIA.ON.RATE,2020-07-28,10.104
EG.CONIA.ON.RATE,2020-07-29,10.265
EG.CONIA.ON.RATE,2020-08-04,10.083
EG.CONIA.ON.RATE,2020-08-05,10.15
EG.CONIA.ON.RATE,2020-08-06,9.875
EG.CONIA.ON.RATE,2020-08-09,9.684
EG.CONIA.ON.RATE,2020-08-10,9.466
EG.CONIA.ON.RATE,2020-08-11,10.295
EG.CONIA.ON.RATE,2020-08-12,10.124
EG.CONIA.ON.RATE,2020-08-13,10.259
EG.CONIA.ON.RATE,2020-08-16,10.278
EG.CONIA.ON.RATE,2020-08-17,10.205
EG.CONIA.ON.RATE,2020-08-18,10.33
EG.CONIA.ON.RATE,2020-08-19,10.281
EG.CONIA.ON.RATE,2020-08-23,9.673
EG.CONIA.ON.RATE,2020-08-24,9.409
EG.CONIA.ON.RATE,2020-08-25,10.232
EG.CONIA.ON.RATE,2020-08-26,10.241
EG.CONIA.ON.RATE,2020-08-27,10.278
EG.CONIA.ON.RATE,2020-08-30,10.249
EG.CONIA.ON.RATE,2020-08-31,10.217
EG.CONIA.ON.RATE,2020-09-01,10.216
EG.CONIA.ON.RATE,2020-09-02,10.168
EG.CONIA.ON.RATE,2020-09-03,10.041
EG.CONIA.ON.RATE,2020-09-06,9.741
EG.CONIA.ON.RATE,2020-09-07,9.54
EG.CONIA.ON.RATE,2020-09-08,10.255
EG.CONIA.ON.RATE,2020-09-09,10.237
EG.CONIA.ON.RATE,2020-09-10,10.321
EG.CONIA.ON.RATE,2020-09-13,10.341
EG.CONIA.ON.RATE,2020-09-14,10.299
EG.CONIA.ON.RATE,2020-09-15,10.354
EG.CONIA.ON.RATE,2020-09-16,10.417
EG.CONIA.ON.RATE,2020-09-17,10.32
EG.CONIA.ON.RATE,2020-09-20,9.673
EG.CONIA.ON.RATE,2020-09-21,9.353
EG.CONIA.ON.RATE,2020-09-22,10.459
EG.CONIA.ON.RATE,2020-09-23,10.486
EG.CONIA.ON.RATE,2020-09-24,10.498
EG.CONIA.ON.RATE,2020-09-27,10.011
EG.CONIA.ON.RATE,2020-09-28,10.08
EG.CONIA.ON.RATE,2020-09-29,10.1
EG.CONIA.ON.RATE,2020-09-30,10.071
EG.CONIA.ON.RATE,2020-10-01,10.194
EG.CONIA.ON.RATE,2020-10-04,10.07
EG.CONIA.ON.RATE,2020-10-05,9.415
EG.CONIA.ON.RATE,2020-10-06,10.234
EG.CONIA.ON.RATE,2020-10-07,10.224
EG.CONIA.ON.RATE,2020-10-11,10.238
EG.CONIA.ON.RATE,2020-10-12,10.182
EG.CONIA.ON.RATE,2020-10-13,10.186
EG.CONIA.ON.RATE,2020-10-14,10.264
EG.CONIA.ON.RATE,2020-10-15,10.281
EG.CONIA.ON.RATE,2020-10-18,9.656
EG.CONIA.ON.RATE,2020-10-19,8.997
EG.CONIA.ON.RATE,2020-10-20,10.377
EG.CONIA.ON.RATE,2020-10-21,10.467
EG.CONIA.ON.RATE,2020-10-22,10.457
EG.CONIA.ON.RATE,2020-10-25,10.45
EG.CONIA.ON.RATE,2020-10-26,10.432
EG.CONIA.ON.RATE,2020-10-27,10.308
EG.CONIA.ON.RATE,2020-10-28,10.193
EG.CONIA.ON.RATE,2020-11-01,9.402
EG.CONIA.ON.RATE,2020-11-02,8.935
EG.CONIA.ON.RATE,2020-11-03,10.548
EG.CONIA.ON.RATE,2020-11-04,10.46
EG.CONIA.ON.RATE,2020-11-05,10.424
EG.CONIA.ON.RATE,2020-11-08,10.393
EG.CONIA.ON.RATE,2020-11-09,10.373
EG.CONIA.ON.RATE,2020-11-10,10.296
EG.CONIA.ON.RATE,2020-11-11,10.318
EG.CONIA.ON.RATE,2020-11-12,10.152
EG.CONIA.ON.RATE,2020-11-15,8.587
EG.CONIA.ON.RATE,2020-11-16,8.378
EG.CONIA.ON.RATE,2020-11-17,10.183
EG.CONIA.ON.RATE,2020-11-18,10.195
EG.CONIA.ON.RATE,2020-11-19,10.185
EG.CONIA.ON.RATE,2020-11-22,10.077
EG.CONIA.ON.RATE,2020-11-23,9.968
EG.CONIA.ON.RATE,2020-11-24,9.96
EG.CONIA.ON.RATE,2020-11-25,9.892
EG.CONIA.ON.RATE,2020-11-26,8.786
EG.CONIA.ON.RATE,2020-11-29,8.389
EG.CONIA.ON.RATE,2020-11-30,8.323
EG.CONIA.ON.RATE,2020-12-01,10.312
EG.CONIA.ON.RATE,2020-12-02,10.418
EG.CONIA.ON.RATE,2020-12-03,10.48
EG.CONIA.ON.RATE,2020-12-06,10.348
EG.CONIA.ON.RATE,2020-12-07,10.33
EG.CONIA.ON.RATE,2020-12-08,10.224
EG.CONIA.ON.RATE,2020-12-09,10.11
EG.CONIA.ON.RATE,2020-12-10,9.358
EG.CONIA.ON.RATE,2020-12-13,9.018
EG.CONIA.ON.RATE,2020-12-14,8.574
EG.CONIA.ON.RATE,2020-12-15,10.309
EG.CONIA.ON.RATE,2020-12-16,10.431
EG.CONIA.ON.RATE,2020-12-17,10.46
EG.CONIA.ON.RATE,2020-12-20,10.416
EG.CONIA.ON.RATE,2020-12-21,10.562
EG.CONIA.ON.RATE,2020-12-22,10.469
EG.CONIA.ON.RATE,2020-12-23,10.309
EG.CONIA.ON.RATE,2020-12-24,8.754
EG.CONIA.ON.RATE,2020-12-27,8.446
EG.CONIA.ON.RATE,2020-12-28,8.33
EG.CONIA.ON.RATE,2020-12-29,10.493
EG.CONIA.ON.RATE,2020-12-30,10.511
EG.CONIA.ON.RATE,2020-12-31,10.354
EG.CONIA.ON.RATE,2021-01-03,10.424
EG.CONIA.ON.RATE,2021-01-04,10.02
EG.CONIA.ON.RATE,2021-01-05,9.951
EG.CONIA.ON.RATE,2021-01-06,8.493
EG.CONIA.ON.RATE,2021-01-10,8.297
EG.CONIA.ON.RATE,2021-01-11,8.294
EG.CONIA.ON.RATE,2021-01-12,10.286
EG.CONIA.ON.RATE,2021-01-13,10.349
EG.CONIA.ON.RATE,2021-01-14,10.127
EG.CONIA.ON.RATE,2021-01-17,10.032
EG.CONIA.ON.RATE,2021-01-18,9.684
EG.CONIA.ON.RATE,2021-01-19,9.24
EG.CONIA.ON.RATE,2021-01-20,8.9
EG.CONIA.ON.RATE,2021-01-21,8.66
EG.CONIA.ON.RATE,2021-01-24,8.419
EG.CONIA.ON.RATE,2021-01-25,8.329
EG.CONIA.ON.RATE,2021-01-26,10.349
EG.CONIA.ON.RATE,2021-01-27,10.587
EG.CONIA.ON.RATE,2021-01-31,10.673
EG.CONIA.ON.RATE,2021-02-01,10.63
EG.CONIA.ON.RATE,2021-02-02,10.489
EG.CONIA.ON.RATE,2021-02-03,9.62
EG.CONIA.ON.RATE,2021-02-04,8.752
EG.CONIA.ON.RATE,2021-02-07,8.498
EG.CONIA.ON.RATE,2021-02-08,8.353
EG.CONIA.ON.RATE,2021-02-09,10.543
EG.CONIA.ON.RATE,2021-02-10,10.611
EG.CONIA.ON.RATE,2021-02-11,10.567
EG.CONIA.ON.RATE,2021-02-14,10.518
EG.CONIA.ON.RATE,2021-02-15,10.49
EG.CONIA.ON.RATE,2021-02-16,10.204
EG.CONIA.ON.RATE,2021-02-17,9.563
EG.CONIA.ON.RATE,2021-02-18,8.667
EG.CONIA.ON.RATE,2021-02-21,8.397
EG.CONIA.ON.RATE,2021-02-22,8.345
EG.CONIA.ON.RATE,2021-02-23,10.397
EG.CONIA.ON.RATE,2021-02-24,10.533
EG.CONIA.ON.RATE,2021-02-25,10.651
EG.CONIA.ON.RATE,2021-02-28,10.611
EG.CONIA.ON.RATE,2021-03-01,10.578
EG.CONIA.ON.RATE,2021-03-02,10.436
EG.CONIA.ON.RATE,2021-03-03,9.965
EG.CONIA.ON.RATE,2021-03-04,8.758
EG.CONIA.ON.RATE,2021-03-07,8.471
EG.CONIA.ON.RATE,2021-03-08,8.626
EG.CONIA.ON.RATE,2021-03-09,10.565
EG.CONIA.ON.RATE,2021-03-10,10.5
EG.CONIA.ON.RATE,2021-03-11,10.476
EG.CONIA.ON.RATE,2021-03-14,10.428
EG.CONIA.ON.RATE,2021-03-15,10.456
EG.CONIA.ON.RATE,2021-03-16,10.303
EG.CONIA.ON.RATE,2021-03-17,9.834
EG.CONIA.ON.RATE,2021-03-18,8.772
EG.CONIA.ON.RATE,2021-03-21,8.362
EG.CONIA.ON.RATE,2021-03-22,8.356
EG.CONIA.ON.RATE,2021-03-23,10.534
EG.CONIA.ON.RATE,2021-03-24,10.475
EG.CONIA.ON.RATE,2021-03-25,10.497
EG.CONIA.ON.RATE,2021-03-28,10.599
EG.CONIA.ON.RATE,2021-03-29,10.654
EG.CONIA.ON.RATE,2021-03-30,10.624
EG.CONIA.ON.RATE,2021-03-31,10.462
EG.CONIA.ON.RATE,2021-04-01,9.821
EG.CONIA.ON.RATE,2021-04-04,8.474
EG.CONIA.ON.RATE,2021-04-05,8.352
EG.CONIA.ON.RATE,2021-04-06,10.28
EG.CONIA.ON.RATE,2021-04-07,10.218
EG.CONIA.ON.RATE,2021-04-08,10.126
EG.CONIA.ON.RATE,2021-04-11,9.816
EG.CONIA.ON.RATE,2021-04-12,9.515
EG.CONIA.ON.RATE,2021-04-13,8.959
EG.CONIA.ON.RATE,2021-04-14,8.776
EG.CONIA.ON.RATE,2021-04-15,8.491
EG.CONIA.ON.RATE,2021-04-18,8.351
EG.CONIA.ON.RATE,2021-04-19,8.314
EG.CONIA.ON.RATE,2021-04-20,10.388
EG.CONIA.ON.RATE,2021-04-21,10.575
EG.CONIA.ON.RATE,2021-04-22,10.59
EG.CONIA.ON.RATE,2021-04-25,10.59
EG.CONIA.ON.RATE,2021-04-26,10.545
EG.CONIA.ON.RATE,2021-04-27,10.556
EG.CONIA.ON.RATE,2021-04-28,10.129
EG.CONIA.ON.RATE,2021-05-04,10.558
EG.CONIA.ON.RATE,2021-05-05,10.629
EG.CONIA.ON.RATE,2021-05-06,10.621
EG.CONIA.ON.RATE,2021-05-09,10.618
EG.CONIA.ON.RATE,2021-05-10,10.607
EG.CONIA.ON.RATE,2021-05-11,10.186
EG.CONIA.ON.RATE,2021-05-17,8.442
EG.CONIA.ON.RATE,2021-05-18,10.563
EG.CONIA.ON.RATE,2021-05-19,10.474
EG.CONIA.ON.RATE,2021-05-20,10.515
EG.CONIA.ON.RATE,2021-05-23,10.557
EG.CONIA.ON.RATE,2021-05-24,10.543
EG.CONIA.ON.RATE,2021-05-25,10.438
EG.CONIA.ON.RATE,2021-05-26,10.043
EG.CONIA.ON.RATE,2021-05-27,8.628
EG.CONIA.ON.RATE,2021-05-30,8.394
EG.CONIA.ON.RATE,2021-05-31,8.31
EG.CONIA.ON.RATE,2021-06-01,10.482
EG.CONIA.ON.RATE,2021-06-02,10.3
EG.CONIA.ON.RATE,2021-06-03,9.84
EG.CONIA.ON.RATE,2021-06-06,9.606
EG.CONIA.ON.RATE,2021-06-07,9.357
EG.CONIA.ON.RATE,2021-06-08,9.068
EG.CONIA.ON.RATE,2021-06-09,8.623
EG.CONIA.ON.RATE,2021-06-10,8.406
EG.CONIA.ON.RATE,2021-06-13,8.404
EG.CONIA.ON.RATE,2021-06-14,8.3
EG.CONIA.ON.RATE,2021-06-15,9.893
EG.CONIA.ON.RATE,2021-06-16,9.799
EG.CONIA.ON.RATE,2021-06-17,9.739
EG.CONIA.ON.RATE,2021-06-20,9.246
EG.CONIA.ON.RATE,2021-06-21,8.979
EG.CONIA.ON.RATE,2021-06-22,8.793
EG.CONIA.ON.RATE,2021-06-23,8.692
EG.CONIA.ON.RATE,2021-06-24,8.343
EG.CONIA.ON.RATE,2021-06-27,8.321
EG.CONIA.ON.RATE,2021-06-28,8.3
EG.CONIA.ON.RATE,2021-06-29,10.414
EG.CONIA.ON.RATE,2021-06-30,10.486
EG.CONIA.ON.RATE,2021-07-04,10.355
EG.CONIA.ON.RATE,2021-07-05,10.264
EG.CONIA.ON.RATE,2021-07-06,9.763
EG.CONIA.ON.RATE,2021-07-07,8.797
EG.CONIA.ON.RATE,2021-07-08,8.362
EG.CONIA.ON.RATE,2021-07-11,8.308
EG.CONIA.ON.RATE,2021-07-12,8.303
EG.CONIA.ON.RATE,2021-07-13,10.06
EG.CONIA.ON.RATE,2021-07-14,9.652
EG.CONIA.ON.RATE,2021-07-15,9.536
EG.CONIA.ON.RATE,2021-07-18,8.741
EG.CONIA.ON.RATE,2021-07-25,8.339
EG.CONIA.ON.RATE,2021-07-26,8.301
EG.CONIA.ON.RATE,2021-07-27,9.721
EG.CONIA.ON.RATE,2021-07-28,9.349
EG.CONIA.ON.RATE,2021-07-29,8.689
EG.CONIA.ON.RATE,2021-08-01,8.574
EG.CONIA.ON.RATE,2021-08-02,8.412
EG.CONIA.ON.RATE,2021-08-03,8.369
EG.CONIA.ON.RATE,2021-08-04,8.403
EG.CONIA.ON.RATE,2021-08-05,8.415
EG.CONIA.ON.RATE,2021-08-08,8.333
EG.CONIA.ON.RATE,2021-08-09,8.302
EG.CONIA.ON.RATE,2021-08-10,9.524
EG.CONIA.ON.RATE,2021-08-11,10.017
EG.CONIA.ON.RATE,2021-08-15,9.942
EG.CONIA.ON.RATE,2021-08-16,9.694
EG.CONIA.ON.RATE,2021-08-17,9.265
EG.CONIA.ON.RATE,2021-08-18,8.778
EG.CONIA.ON.RATE,2021-08-19,8.361
EG.CONIA.ON.RATE,2021-08-22,8.313
EG.CONIA.ON.RATE,2021-08-23,8.3
EG.CONIA.ON.RATE,2021-08-24,10.058
EG.CONIA.ON.RATE,2021-08-25,9.62
EG.CONIA.ON.RATE,2021-08-26,9.523
EG.CONIA.ON.RATE,2021-08-29,9.078
EG.CONIA.ON.RATE,2021-08-30,9.007
EG.CONIA.ON.RATE,2021-08-31,8.882
EG.CONIA.ON.RATE,2021-09-01,8.72
EG.CONIA.ON.RATE,2021-09-02,8.487
EG.CONIA.ON.RATE,2021-09-05,8.339
EG.CONIA.ON.RATE,2021-09-06,8.3
EG.CONIA.ON.RATE,2021-09-07,9.777
EG.CONIA.ON.RATE,2021-09-08,9.868
EG.CONIA.ON.RATE,2021-09-09,9.871
EG.CONIA.ON.RATE,2021-09-12,10.024
EG.CONIA.ON.RATE,2021-09-13,10.023
EG.CONIA.ON.RATE,2021-09-14,9.831
EG.CONIA.ON.RATE,2021-09-15,9.594
EG.CONIA.ON.RATE,2021-09-16,9.391
EG.CONIA.ON.RATE,2021-09-19,8.456
EG.CONIA.ON.RATE,2021-09-20,8.385
EG.CONIA.ON.RATE,2021-09-21,9.757
EG.CONIA.ON.RATE,2021-09-22,9.566
EG.CONIA.ON.RATE,2021-09-23,9.373
EG.CONIA.ON.RATE,2021-09-26,9.058
EG.CONIA.ON.RATE,2021-09-27,9.117
EG.CONIA.ON.RATE,2021-09-28,8.755
EG.CONIA.ON.RATE,2021-09-29,8.576
EG.CONIA.ON.RATE,2021-09-30,8.406
EG.CONIA.ON.RATE,2021-10-03,8.327
EG.CONIA.ON.RATE,2021-10-04,8.307
EG.CONIA.ON.RATE,2021-10-05,9.549
EG.CONIA.ON.RATE,2021-10-06,9.829
EG.CONIA.ON.RATE,2021-10-10,9.865
EG.CONIA.ON.RATE,2021-10-11,9.8
EG.CONIA.ON.RATE,2021-10-12,9.356
EG.CONIA.ON.RATE,2021-10-13,9.021
EG.CONIA.ON.RATE,2021-10-14,8.45
EG.CONIA.ON.RATE,2021-10-17,8.314
EG.CONIA.ON.RATE,2021-10-18,8.301
EG.CONIA.ON.RATE,2021-10-19,9.967
EG.CONIA.ON.RATE,2021-10-20,9.852
EG.CONIA.ON.RATE,2021-10-24,9.306
EG.CONIA.ON.RATE,2021-10-25,9.546
EG.CONIA.ON.RATE,2021-10-26,9.266
EG.CONIA.ON.RATE,2021-10-27,8.562
EG.CONIA.ON.RATE,2021-10-28,8.308
EG.CONIA.ON.RATE,2021-10-31,8.3
EG.CONIA.ON.RATE,2021-11-01,8.323
EG.CONIA.ON.RATE,2021-11-02,9.301
EG.CONIA.ON.RATE,2021-11-03,9.646
EG.CONIA.ON.RATE,2021-11-04,9.628
EG.CONIA.ON.RATE,2021-11-07,9.68
EG.CONIA.ON.RATE,2021-11-08,9.405
EG.CONIA.ON.RATE,2021-11-09,8.936
EG.CONIA.ON.RATE,2021-11-10,8.636
EG.CONIA.ON.RATE,2021-11-11,8.486
EG.CONIA.ON.RATE,2021-11-14,8.329
EG.CONIA.ON.RATE,2021-11-15,8.314
EG.CONIA.ON.RATE,2021-11-16,9.457
EG.CONIA.ON.RATE,2021-11-17,9.721
EG.CONIA.ON.RATE,2021-11-18,9.84
EG.CONIA.ON.RATE,2021-11-21,9.758
EG.CONIA.ON.RATE,2021-11-22,9.545
EG.CONIA.ON.RATE,2021-11-23,9.054
EG.CONIA.ON.RATE,2021-11-24,8.73
EG.CONIA.ON.RATE,2021-11-25,8.582
EG.CONIA.ON.RATE,2021-11-28,8.328
EG.CONIA.ON.RATE,2021-11-29,8.325
EG.CONIA.ON.RATE,2021-11-30,9.705
EG.CONIA.ON.RATE,2021-12-01,9.848
EG.CONIA.ON.RATE,2021-12-02,9.837
EG.CONIA.ON.RATE,2021-12-05,9.53
EG.CONIA.ON.RATE,2021-12-06,9.055
EG.CONIA.ON.RATE,2021-12-07,8.641
EG.CONIA.ON.RATE,2021-12-08,8.433
EG.CONIA.ON.RATE,2021-12-09,8.36
EG.CONIA.ON.RATE,2021-12-12,8.3
EG.CONIA.ON.RATE,2021-12-13,8.3
EG.CONIA.ON.RATE,2021-12-14,9.451
EG.CONIA.ON.RATE,2021-12-15,9.319
EG.CONIA.ON.RATE,2021-12-16,8.915
EG.CONIA.ON.RATE,2021-12-19,8.669
EG.CONIA.ON.RATE,2021-12-20,8.596
EG.CONIA.ON.RATE,2021-12-21,8.508
EG.CONIA.ON.RATE,2021-12-22,8.429
EG.CONIA.ON.RATE,2021-12-23,8.35
EG.CONIA.ON.RATE,2021-12-26,8.313
EG.CONIA.ON.RATE,2021-12-27,8.306
EG.CONIA.ON.RATE,2021-12-28,9.595
EG.CONIA.ON.RATE,2021-12-29,10.009
EG.CONIA.ON.RATE,2021-12-30,10.111
EG.CONIA.ON.RATE,2022-01-02,9.635
EG.CONIA.ON.RATE,2022-01-03,9.663
EG.CONIA.ON.RATE,2022-01-04,9.627
EG.CONIA.ON.RATE,2022-01-05,9.592
EG.CONIA.ON.RATE,2022-01-09,8.34
EG.CONIA.ON.RATE,2022-01-10,8.3
EG.CONIA.ON.RATE,2022-01-11,9.675
EG.CONIA.ON.RATE,2022-01-12,9.687
EG.CONIA.ON.RATE,2022-01-13,9.848
EG.CONIA.ON.RATE,2022-01-16,9.783
EG.CONIA.ON.RATE,2022-01-17,9.802
EG.CONIA.ON.RATE,2022-01-18,9.87
EG.CONIA.ON.RATE,2022-01-19,9.936
EG.CONIA.ON.RATE,2022-01-20,9.816
EG.CONIA.ON.RATE,2022-01-23,8.816
EG.CONIA.ON.RATE,2022-01-24,8.424
EG.CONIA.ON.RATE,2022-01-25,9.842
EG.CONIA.ON.RATE,2022-01-26,9.953
EG.CONIA.ON.RATE,2022-01-30,9.97
EG.CONIA.ON.RATE,2022-01-31,9.992
EG.CONIA.ON.RATE,2022-02-01,9.923
EG.CONIA.ON.RATE,2022-02-02,9.999
EG.CONIA.ON.RATE,2022-02-03,9.989
EG.CONIA.ON.RATE,2022-02-06,9.025
EG.CONIA.ON.RATE,2022-02-07,8.53
EG.CONIA.ON.RATE,2022-02-08,9.933
EG.CONIA.ON.RATE,2022-02-09,10.026
EG.CONIA.ON.RATE,2022-02-10,9.954
EG.CONIA.ON.RATE,2022-02-13,9.779
EG.CONIA.ON.RATE,2022-02-14,9.771
EG.CONIA.ON.RATE,2022-02-15,9.654
EG.CONIA.ON.RATE,2022-02-16,9.425
EG.CONIA.ON.RATE,2022-02-17,8.628
EG.CONIA.ON.RATE,2022-02-20,8.3
EG.CONIA.ON.RATE,2022-02-21,8.286
EG.CONIA.ON.RATE,2022-02-22,9.782
EG.CONIA.ON.RATE,2022-02-23,9.783
EG.CONIA.ON.RATE,2022-02-24,9.772
EG.CONIA.ON.RATE,2022-02-27,9.658
EG.CONIA.ON.RATE,2022-02-28,9.627
EG.CONIA.ON.RATE,2022-03-01,9.781
EG.CONIA.ON.RATE,2022-03-02,9.091
EG.CONIA.ON.RATE,2022-03-03,8.517
EG.CONIA.ON.RATE,2022-03-06,8.376
EG.CONIA.ON.RATE,2022-03-07,8.302
EG.CONIA.ON.RATE,2022-03-08,9.803
EG.CONIA.ON.RATE,2022-03-09,9.612
EG.CONIA.ON.RATE,2022-03-10,9.381
EG.CONIA.ON.RATE,2022-03-13,9.149
EG.CONIA.ON.RATE,2022-03-14,9.052
EG.CONIA.ON.RATE,2022-03-15,8.771
EG.CONIA.ON.RATE,2022-03-16,8.499
EG.CONIA.ON.RATE,2022-03-17,8.334
EG.CONIA.ON.RATE,2022-03-20,8.3
EG.CONIA.ON.RATE,2022-03-21,9.427
EG.CONIA.ON.RATE,2022-03-22,10.911
EG.CONIA.ON.RATE,2022-03-23,9.93
EG.CONIA.ON.RATE,2022-03-24,9.917
EG.CONIA.ON.RATE,2022-03-27,9.96
EG.CONIA.ON.RATE,2022-03-28,10.025
EG.CONIA.ON.RATE,2022-03-29,10.042
EG.CONIA.ON.RATE,2022-03-30,9.619
EG.CONIA.ON.RATE,2022-03-31,9.431
EG.CONIA.ON.RATE,2022-04-03,9.314
EG.CONIA.ON.RATE,2022-04-04,9.304
EG.CONIA.ON.RATE,2022-04-05,9.85
EG.CONIA.ON.RATE,2022-04-06,9.84
EG.CONIA.ON.RATE,2022-04-07,9.797
EG.CONIA.ON.RATE,2022-04-10,9.777
EG.CONIA.ON.RATE,2022-04-11,9.755
EG.CONIA.ON.RATE,2022-04-12,9.668
EG.CONIA.ON.RATE,2022-04-13,9.563
EG.CONIA.ON.RATE,2022-04-14,9.452
EG.CONIA.ON.RATE,2022-04-17,9.361
EG.CONIA.ON.RATE,2022-04-18,9.315
EG.CONIA.ON.RATE,2022-04-19,10.042
EG.CONIA.ON.RATE,2022-04-20,9.889
EG.CONIA.ON.RATE,2022-04-21,9.913
EG.CONIA.ON.RATE,2022-04-26,9.79
EG.CONIA.ON.RATE,2022-04-27,9.552
EG.CONIA.ON.RATE,2022-04-28,9.517
EG.CONIA.ON.RATE,2022-05-08,9.969
EG.CONIA.ON.RATE,2022-05-09,9.962
EG.CONIA.ON.RATE,2022-05-10,9.932
EG.CONIA.ON.RATE,2022-05-11,9.819
EG.CONIA.ON.RATE,2022-05-12,9.685
EG.CONIA.ON.RATE,2022-05-15,9.465
EG.CONIA.ON.RATE,2022-05-16,9.314
EG.CONIA.ON.RATE,2022-05-17,9.957
EG.CONIA.ON.RATE,2022-05-18,10.023
EG.CONIA.ON.RATE,2022-05-19,9.916
EG.CONIA.ON.RATE,2022-05-22,11.933
EG.CONIA.ON.RATE,2022-05-23,11.942
EG.CONIA.ON.RATE,2022-05-24,11.778
EG.CONIA.ON.RATE,2022-05-25,11.466
EG.CONIA.ON.RATE,2022-05-26,11.338
EG.CONIA.ON.RATE,2022-05-29,11.3
EG.CONIA.ON.RATE,2022-05-30,11.3
EG.CONIA.ON.RATE,2022-05-31,11.794
EG.CONIA.ON.RATE,2022-06-01,11.635
EG.CONIA.ON.RATE,2022-06-02,11.573
EG.CONIA.ON.RATE,2022-06-05,11.489
EG.CONIA.ON.RATE,2022-06-06,11.521
EG.CONIA.ON.RATE,2022-06-07,11.433
EG.CONIA.ON.RATE,2022-06-08,11.388
EG.CONIA.ON.RATE,2022-06-09,11.378
EG.CONIA.ON.RATE,2022-06-12,11.334
EG.CONIA.ON.RATE,2022-06-13,11.3
EG.CONIA.ON.RATE,2022-06-14,11.755
EG.CONIA.ON.RATE,2022-06-15,11.814
EG.CONIA.ON.RATE,2022-06-16,11.846
EG.CONIA.ON.RATE,2022-06-19,11.774
EG.CONIA.ON.RATE,2022-06-20,11.792
EG.CONIA.ON.RATE,2022-06-21,11.799
EG.CONIA.ON.RATE,2022-06-22,11.579
EG.CONIA.ON.RATE,2022-06-23,11.339
EG.CONIA.ON.RATE,2022-06-26,11.304
EG.CONIA.ON.RATE,2022-06-27,11.3
EG.CONIA.ON.RATE,2022-06-28,11.694
EG.CONIA.ON.RATE,2022-06-29,11.646
EG.CONIA.ON.RATE,2022-07-03,11.472
EG.CONIA.ON.RATE,2022-07-04,11.466
EG.CONIA.ON.RATE,2022-07-05,11.402
EG.CONIA.ON.RATE,2022-07-06,11.401
EG.CONIA.ON.RATE,2022-07-07,11.381
EG.CONIA.ON.RATE,2022-07-17,11.771
EG.CONIA.ON.RATE,2022-07-18,11.776
EG.CONIA.ON.RATE,2022-07-19,11.757
EG.CONIA.ON.RATE,2022-07-20,11.621
EG.CONIA.ON.RATE,2022-07-21,11.351
EG.CONIA.ON.RATE,2022-07-24,11.3
EG.CONIA.ON.RATE,2022-07-25,11.3
EG.CONIA.ON.RATE,2022-07-26,11.713
EG.CONIA.ON.RATE,2022-07-27,11.641
EG.CONIA.ON.RATE,2022-07-28,11.6
EG.CONIA.ON.RATE,2022-07-31,11.55
EG.CONIA.ON.RATE,2022-08-01,11.484
EG.CONIA.ON.RATE,2022-08-02,11.412
EG.CONIA.ON.RATE,2022-08-03,11.334
EG.CONIA.ON.RATE,2022-08-04,11.301
EG.CONIA.ON.RATE,2022-08-07,11.3
EG.CONIA.ON.RATE,2022-08-08,11.3
EG.CONIA.ON.RATE,2022-08-09,11.565
EG.CONIA.ON.RATE,2022-08-10,11.481
EG.CONIA.ON.RATE,2022-08-11,11.358
EG.CONIA.ON.RATE,2022-08-14,11.327
EG.CONIA.ON.RATE,2022-08-15,11.3
EG.CONIA.ON.RATE,2022-08-16,11.3
EG.CONIA.ON.RATE,2022-08-17,11.321
EG.CONIA.ON.RATE,2022-08-18,11.3
EG.CONIA.ON.RATE,2022-08-21,11.3
EG.CONIA.ON.RATE,2022-08-22,11.3
EG.CONIA.ON.RATE,2022-08-23,11.543
EG.CONIA.ON.RATE,2022-08-24,11.419
EG.CONIA.ON.RATE,2022-08-25,11.352
EG.CONIA.ON.RATE,2022-08-28,11.314
EG.CONIA.ON.RATE,2022-08-29,11.326
EG.CONIA.ON.RATE,2022-08-30,11.339
EG.CONIA.ON.RATE,2022-08-31,11.295
EG.CONIA.ON.RATE,2022-09-01,11.319
EG.CONIA.ON.RATE,2022-09-04,11.3
EG.CONIA.ON.RATE,2022-09-05,11.299
EG.CONIA.ON.RATE,2022-09-06,11.366
EG.CONIA.ON.RATE,2022-09-07,11.326
EG.CONIA.ON.RATE,2022-09-08,11.305
EG.CONIA.ON.RATE,2022-09-11,11.3
EG.CONIA.ON.RATE,2022-09-12,11.305
EG.CONIA.ON.RATE,2022-09-13,11.314
EG.CONIA.ON.RATE,2022-09-14,11.3
EG.CONIA.ON.RATE,2022-09-15,11.3
EG.CONIA.ON.RATE,2022-09-18,11.295
EG.CONIA.ON.RATE,2022-09-19,11.294
EG.CONIA.ON.RATE,2022-09-20,11.412
EG.CONIA.ON.RATE,2022-09-21,11.367
EG.CONIA.ON.RATE,2022-09-22,11.367
EG.CONIA.ON.RATE,2022-09-25,11.317
EG.CONIA.ON.RATE,2022-09-26,11.368
EG.CONIA.ON.RATE,2022-09-27,11.296
EG.CONIA.ON.RATE,2022-09-28,11.294
EG.CONIA.ON.RATE,2022-09-29,11.275
EG.CONIA.ON.RATE,2022-10-02,11.252
EG.CONIA.ON.RATE,2022-10-03,11.266
EG.CONIA.ON.RATE,2022-10-04,11.409
EG.CONIA.ON.RATE,2022-10-05,11.422
EG.CONIA.ON.RATE,2022-10-09,11.419
EG.CONIA.ON.RATE,2022-10-10,11.407
EG.CONIA.ON.RATE,2022-10-11,11.37
EG.CONIA.ON.RATE,2022-10-12,11.298
EG.CONIA.ON.RATE,2022-10-13,11.299
EG.CONIA.ON.RATE,2022-10-16,11.293
EG.CONIA.ON.RATE,2022-10-17,11.291
EG.CONIA.ON.RATE,2022-10-18,11.415
EG.CONIA.ON.RATE,2022-10-19,11.367
EG.CONIA.ON.RATE,2022-10-20,11.381
EG.CONIA.ON.RATE,2022-10-23,11.33
EG.CONIA.ON.RATE,2022-10-24,11.346
EG.CONIA.ON.RATE,2022-10-25,11.543
EG.CONIA.ON.RATE,2022-10-26,11.609
EG.CONIA.ON.RATE,2022-10-27,13.747
EG.CONIA.ON.RATE,2022-10-30,13.622
EG.CONIA.ON.RATE,2022-10-31,13.374
EG.CONIA.ON.RATE,2022-11-01,13.507
EG.CONIA.ON.RATE,2022-11-02,13.51
EG.CONIA.ON.RATE,2022-11-03,13.456
EG.CONIA.ON.RATE,2022-11-06,13.415
EG.CONIA.ON.RATE,2022-11-07,13.445
EG.CONIA.ON.RATE,2022-11-08,13.475
EG.CONIA.ON.RATE,2022-11-09,13.479
EG.CONIA.ON.RATE,2022-11-10,13.466
EG.CONIA.ON.RATE,2022-11-13,13.331
EG.CONIA.ON.RATE,2022-11-14,13.3
EG.CONIA.ON.RATE,2022-11-15,13.486
EG.CONIA.ON.RATE,2022-11-16,13.495
EG.CONIA.ON.RATE,2022-11-17,13.455
EG.CONIA.ON.RATE,2022-11-20,13.424
EG.CONIA.ON.RATE,2022-11-21,13.427
EG.CONIA.ON.RATE,2022-11-22,13.354
EG.CONIA.ON.RATE,2022-11-23,13.349
EG.CONIA.ON.RATE,2022-11-24,13.317
EG.CONIA.ON.RATE,2022-11-27,13.323
EG.CONIA.ON.RATE,2022-11-28,13.3
EG.CONIA.ON.RATE,2022-11-29,13.532
EG.CONIA.ON.RATE,2022-11-30,13.424
EG.CONIA.ON.RATE,2022-12-01,13.378
EG.CONIA.ON.RATE,2022-12-04,13.365
EG.CONIA.ON.RATE,2022-12-05,13.369
EG.CONIA.ON.RATE,2022-12-06,13.336
EG.CONIA.ON.RATE,2022-12-07,13.333
EG.CONIA.ON.RATE,2022-12-08,13.3
EG.CONIA.ON.RATE,2022-12-11,13.3
EG.CONIA.ON.RATE,2022-12-12,13.296
EG.CONIA.ON.RATE,2022-12-13,13.472
EG.CONIA.ON.RATE,2022-12-14,13.458
EG.CONIA.ON.RATE,2022-12-15,13.397
EG.CONIA.ON.RATE,2022-12-18,13.326
EG.CONIA.ON.RATE,2022-12-19,13.315
EG.CONIA.ON.RATE,2022-12-20,13.289
EG.CONIA.ON.RATE,2022-12-21,13.282
EG.CONIA.ON.RATE,2022-12-22,13.283
EG.CONIA.ON.RATE,2022-12-25,16.264
EG.CONIA.ON.RATE,2022-12-26,16.272
EG.CONIA.ON.RATE,2022-12-27,16.318
EG.CONIA.ON.RATE,2022-12-28,16.358
EG.CONIA.ON.RATE,2022-12-29,16.326
EG.CONIA.ON.RATE,2023-01-02,16.469
EG.CONIA.ON.RATE,2023-01-03,16.306
EG.CONIA.ON.RATE,2023-01-04,16.338
EG.CONIA.ON.RATE,2023-01-05,16.286
EG.CONIA.ON.RATE,2023-01-09,16.29
EG.CONIA.ON.RATE,2023-01-10,16.35
EG.CONIA.ON.RATE,2023-01-11,16.347
EG.CONIA.ON.RATE,2023-01-12,16.359
EG.CONIA.ON.RATE,2023-01-15,16.334
EG.CONIA.ON.RATE,2023-01-16,16.38
EG.CONIA.ON.RATE,2023-01-17,16.511
EG.CONIA.ON.RATE,2023-01-18,16.522
EG.CONIA.ON.RATE,2023-01-19,16.505
EG.CONIA.ON.RATE,2023-01-22,16.33
EG.CONIA.ON.RATE,2023-01-23,16.3
EG.CONIA.ON.RATE,2023-01-24,16.58
EG.CONIA.ON.RATE,2023-01-25,16.657
EG.CONIA.ON.RATE,2023-01-29,16.702
EG.CONIA.ON.RATE,2023-01-30,16.703
EG.CONIA.ON.RATE,2023-01-31,16.77
EG.CONIA.ON.RATE,2023-02-01,16.699
EG.CONIA.ON.RATE,2023-02-02,16.665
EG.CONIA.ON.RATE,2023-02-05,16.366
EG.CONIA.ON.RATE,2023-02-06,16.297
EG.CONIA.ON.RATE,2023-02-07,16.57
EG.CONIA.ON.RATE,2023-02-08,16.597
EG.CONIA.ON.RATE,2023-02-09,16.552
EG.CONIA.ON.RATE,2023-02-12,16.54
EG.CONIA.ON.RATE,2023-02-13,16.522
EG.CONIA.ON.RATE,2023-02-14,16.404
EG.CONIA.ON.RATE,2023-02-15,16.432
EG.CONIA.ON.RATE,2023-02-16,16.369
EG.CONIA.ON.RATE,2023-02-19,16.3
EG.CONIA.ON.RATE,2023-02-20,16.3
EG.CONIA.ON.RATE,2023-02-21,16.507
EG.CONIA.ON.RATE,2023-02-22,16.43
EG.CONIA.ON.RATE,2023-02-23,16.405
EG.CONIA.ON.RATE,2023-02-26,16.405
EG.CONIA.ON.RATE,2023-02-27,16.456
EG.CONIA.ON.RATE,2023-02-28,16.425
EG.CONIA.ON.RATE,2023-03-01,16.424
EG.CONIA.ON.RATE,2023-03-02,16.362
EG.CONIA.ON.RATE,2023-03-05,16.3
EG.CONIA.ON.RATE,2023-03-06,16.288
EG.CONIA.ON.RATE,2023-03-07,16.48
EG.CONIA.ON.RATE,2023-03-08,16.484
EG.CONIA.ON.RATE,2023-03-09,16.493
EG.CONIA.ON.RATE,2023-03-12,16.469
EG.CONIA.ON.RATE,2023-03-13,16.446
EG.CONIA.ON.RATE,2023-03-14,16.428
EG.CONIA.ON.RATE,2023-03-15,16.367
EG.CONIA.ON.RATE,2023-03-16,16.33
EG.CONIA.ON.RATE,2023-03-19,16.301
EG.CONIA.ON.RATE,2023-03-20,16.295
EG.CONIA.ON.RATE,2023-03-21,16.464
EG.CONIA.ON.RATE,2023-03-22,16.376
EG.CONIA.ON.RATE,2023-03-23,16.369
EG.CONIA.ON.RATE,2023-03-26,16.358
EG.CONIA.ON.RATE,2023-03-27,16.369
EG.CONIA.ON.RATE,2023-03-28,16.367
EG.CONIA.ON.RATE,2023-03-29,16.327
EG.CONIA.ON.RATE,2023-03-30,16.353
EG.CONIA.ON.RATE,2023-04-02,18.256
EG.CONIA.ON.RATE,2023-04-03,18.265
EG.CONIA.ON.RATE,2023-04-04,18.318
EG.CONIA.ON.RATE,2023-04-05,18.326
EG.CONIA.ON.RATE,2023-04-06,18.324
EG.CONIA.ON.RATE,2023-04-09,18.319
EG.CONIA.ON.RATE,2023-04-10,18.331
EG.CONIA.ON.RATE,2023-04-11,18.333
EG.CONIA.ON.RATE,2023-04-12,18.287
EG.CONIA.ON.RATE,2023-04-13,18.3
EG.CONIA.ON.RATE,2023-04-18,18.35
EG.CONIA.ON.RATE,2023-04-19,18.337
EG.CONIA.ON.RATE,2023-04-26,18.319
EG.CONIA.ON.RATE,2023-04-27,18.3
EG.CONIA.ON.RATE,2023-04-30,18.285
EG.CONIA.ON.RATE,2023-05-01,18.292
EG.CONIA.ON.RATE,2023-05-02,18.339
EG.CONIA.ON.RATE,2023-05-03,18.357
EG.CONIA.ON.RATE,2023-05-07,18.362
EG.CONIA.ON.RATE,2023-05-08,18.384
EG.CONIA.ON.RATE,2023-05-09,18.425
EG.CONIA.ON.RATE,2023-05-10,18.335
EG.CONIA.ON.RATE,2023-05-11,18.3
EG.CONIA.ON.RATE,2023-05-14,18.288
EG.CONIA.ON.RATE,2023-05-15,18.289
EG.CONIA.ON.RATE,2023-05-16,18.418
EG.CONIA.ON.RATE,2023-05-17,18.392
EG.CONIA.ON.RATE,2023-05-18,18.389
EG.CONIA.ON.RATE,2023-05-21,18.364
EG.CONIA.ON.RATE,2023-05-22,18.35
EG.CONIA.ON.RATE,2023-05-23,18.311
EG.CONIA.ON.RATE,2023-05-24,18.3
EG.CONIA.ON.RATE,2023-05-25,18.3
EG.CONIA.ON.RATE,2023-05-28,18.3
EG.CONIA.ON.RATE,2023-05-29,18.3
EG.CONIA.ON.RATE,2023-05-30,18.39
EG.CONIA.ON.RATE,2023-05-31,18.376
EG.CONIA.ON.RATE,2023-06-01,18.347
EG.CONIA.ON.RATE,2023-06-04,18.341
EG.CONIA.ON.RATE,2023-06-05,18.337
EG.CONIA.ON.RATE,2023-06-06,18.316
EG.CONIA.ON.RATE,2023-06-07,18.304
EG.CONIA.ON.RATE,2023-06-08,18.3
EG.CONIA.ON.RATE,2023-06-11,18.295
EG.CONIA.ON.RATE,2023-06-12,18.294
EG.CONIA.ON.RATE,2023-06-13,18.401
EG.CONIA.ON.RATE,2023-06-14,18.38
EG.CONIA.ON.RATE,2023-06-15,18.349
EG.CONIA.ON.RATE,2023-06-18,18.335
EG.CONIA.ON.RATE,2023-06-19,18.332
EG.CONIA.ON.RATE,2023-06-20,18.333
EG.CONIA.ON.RATE,2023-06-21,18.315
EG.CONIA.ON.RATE,2023-06-22,18.3
EG.CONIA.ON.RATE,2023-06-25,18.3
EG.CONIA.ON.RATE,2023-06-26,18.303
EG.CONIA.ON.RATE,2023-07-04,18.403
EG.CONIA.ON.RATE,2023-07-05,18.373
EG.CONIA.ON.RATE,2023-07-06,18.311
EG.CONIA.ON.RATE,2023-07-09,18.3
EG.CONIA.ON.RATE,2023-07-10,18.3
EG.CONIA.ON.RATE,2023-07-11,18.391
EG.CONIA.ON.RATE,2023-07-12,18.376
EG.CONIA.ON.RATE,2023-07-13,18.397
EG.CONIA.ON.RATE,2023-07-16,18.352
EG.CONIA.ON.RATE,2023-07-17,18.367
EG.CONIA.ON.RATE,2023-07-18,18.377
EG.CONIA.ON.RATE,2023-07-19,18.388
EG.CONIA.ON.RATE,2023-07-24,18.3
EG.CONIA.ON.RATE,2023-07-25,18.447
EG.CONIA.ON.RATE,2023-07-26,18.418
EG.CONIA.ON.RATE,2023-07-27,18.389
EG.CONIA.ON.RATE,2023-07-30,18.359
EG.CONIA.ON.RATE,2023-07-31,18.334
EG.CONIA.ON.RATE,2023-08-01,18.4
EG.CONIA.ON.RATE,2023-08-02,18.32
EG.CONIA.ON.RATE,2023-08-03,18.3
EG.CONIA.ON.RATE,2023-08-06,19.291
EG.CONIA.ON.RATE,2023-08-07,19.3
EG.CONIA.ON.RATE,2023-08-08,19.4
EG.CONIA.ON.RATE,2023-08-09,19.375
EG.CONIA.ON.RATE,2023-08-10,19.35
EG.CONIA.ON.RATE,2023-08-13,19.343
EG.CONIA.ON.RATE,2023-08-14,19.329
EG.CONIA.ON.RATE,2023-08-15,19.324
EG.CONIA.ON.RATE,2023-08-16,19.309
EG.CONIA.ON.RATE,2023-08-17,19.301
EG.CONIA.ON.RATE,2023-08-20,19.3
EG.CONIA.ON.RATE,2023-08-21,19.291
EG.CONIA.ON.RATE,2023-08-22,19.412
EG.CONIA.ON.RATE,2023-08-23,19.381
EG.CONIA.ON.RATE,2023-08-24,19.374
EG.CONIA.ON.RATE,2023-08-27,19.344
EG.CONIA.ON.RATE,2023-08-28,19.346
EG.CONIA.ON.RATE,2023-08-29,19.498
EG.CONIA.ON.RATE,2023-08-30,19.544
EG.CONIA.ON.RATE,2023-08-31,19.391
EG.CONIA.ON.RATE,2023-09-03,19.3
EG.CONIA.ON.RATE,2023-09-04,19.3
EG.CONIA.ON.RATE,2023-09-05,19.388
EG.CONIA.ON.RATE,2023-09-06,19.354
EG.CONIA.ON.RATE,2023-09-07,19.354
EG.CONIA.ON.RATE,2023-09-10,19.363
EG.CONIA.ON.RATE,2023-09-11,19.346
EG.CONIA.ON.RATE,2023-09-12,19.319
EG.CONIA.ON.RATE,2023-09-13,19.3
EG.CONIA.ON.RATE,2023-09-14,19.3
EG.CONIA.ON.RATE,2023-09-17,19.3
EG.CONIA.ON.RATE,2023-09-18,19.3
EG.CONIA.ON.RATE,2023-09-19,19.525
EG.CONIA.ON.RATE,2023-09-20,19.552
EG.CONIA.ON.RATE,2023-09-21,19.565
EG.CONIA.ON.RATE,2023-09-24,19.397
EG.CONIA.ON.RATE,2023-09-25,19.38
EG.CONIA.ON.RATE,2023-09-26,19.401
EG.CONIA.ON.RATE,2023-09-27,19.409
EG.CONIA.ON.RATE,2023-10-01,19.38
EG.CONIA.ON.RATE,2023-10-02,19.295
EG.CONIA.ON.RATE,2023-10-03,19.466
EG.CONIA.ON.RATE,2023-10-04,19.489
EG.CONIA.ON.RATE,2023-10-08,19.383
EG.CONIA.ON.RATE,2023-10-09,19.347
EG.CONIA.ON.RATE,2023-10-10,19.388
EG.CONIA.ON.RATE,2023-10-11,19.378
EG.CONIA.ON.RATE,2023-10-12,19.326
EG.CONIA.ON.RATE,2023-10-15,19.299
EG.CONIA.ON.RATE,2023-10-16,19.296
EG.CONIA.ON.RATE,2023-10-17,19.391
EG.CONIA.ON.RATE,2023-10-18,19.402
EG.CONIA.ON.RATE,2023-10-19,19.371
EG.CONIA.ON.RATE,2023-10-22,19.376
EG.CONIA.ON.RATE,2023-10-23,19.367
EG.CONIA.ON.RATE,2023-10-24,19.404
EG.CONIA.ON.RATE,2023-10-25,19.398
EG.CONIA.ON.RATE,2023-10-26,19.322
EG.CONIA.ON.RATE,2023-10-29,19.301
EG.CONIA.ON.RATE,2023-10-30,19.3
EG.CONIA.ON.RATE,2023-10-31,19.477
EG.CONIA.ON.RATE,2023-11-01,19.472
EG.CONIA.ON.RATE,2023-11-02,19.422
EG.CONIA.ON.RATE,2023-11-05,19.442
EG.CONIA.ON.RATE,2023-11-06,19.439
EG.CONIA.ON.RATE,2023-11-07,19.428
EG.CONIA.ON.RATE,2023-11-08,19.378
EG.CONIA.ON.RATE,2023-11-09,19.305
EG.CONIA.ON.RATE,2023-11-12,19.3
EG.CONIA.ON.RATE,2023-11-13,19.3
EG.CONIA.ON.RATE,2023-11-14,19.455
EG.CONIA.ON.RATE,2023-11-15,19.433
EG.CONIA.ON.RATE,2023-11-16,19.423
EG.CONIA.ON.RATE,2023-11-19,19.414
EG.CONIA.ON.RATE,2023-11-20,19.407
EG.CONIA.ON.RATE,2023-11-21,19.482
EG.CONIA.ON.RATE,2023-11-22,19.47
EG.CONIA.ON.RATE,2023-11-23,19.366
EG.CONIA.ON.RATE,2023-11-26,19.3
EG.CONIA.ON.RATE,2023-11-27,19.3
EG.CONIA.ON.RATE,2023-11-28,19.512
EG.CONIA.ON.RATE,2023-11-29,19.368
EG.CONIA.ON.RATE,2023-11-30,19.36
EG.CONIA.ON.RATE,2023-12-03,19.345
EG.CONIA.ON.RATE,2023-12-04,19.353
EG.CONIA.ON.RATE,2023-12-05,19.337
EG.CONIA.ON.RATE,2023-12-06,19.3
EG.CONIA.ON.RATE,2023-12-07,19.3
EG.CONIA.ON.RATE,2023-12-10,19.3
EG.CONIA.ON.RATE,2023-12-11,19.3
EG.CONIA.ON.RATE,2023-12-12,19.344
EG.CONIA.ON.RATE,2023-12-13,19.306
EG.CONIA.ON.RATE,2023-12-14,19.295
EG.CONIA.ON.RATE,2023-12-17,19.29
EG.CONIA.ON.RATE,2023-12-18,19.286
EG.CONIA.ON.RATE,2023-12-19,19.284
EG.CONIA.ON.RATE,2023-12-20,19.283
EG.CONIA.ON.RATE,2023-12-21,19.288
EG.CONIA.ON.RATE,2023-12-24,19.271
EG.CONIA.ON.RATE,2023-12-25,19.285
EG.CONIA.ON.RATE,2023-12-26,19.355
EG.CONIA.ON.RATE,2023-12-27,19.35
EG.CONIA.ON.RATE,2023-12-28,19.333
EG.CONIA.ON.RATE,2023-12-31,19.341
EG.CONIA.ON.RATE,2024-01-02,19.329
EG.CONIA.ON.RATE,2024-01-03,19.33
EG.CONIA.ON.RATE,2024-01-04,19.31
EG.CONIA.ON.RATE,2024-01-08,19.3
EG.CONIA.ON.RATE,2024-01-09,19.344
EG.CONIA.ON.RATE,2024-01-10,19.361
EG.CONIA.ON.RATE,2024-01-11,19.324
EG.CONIA.ON.RATE,2024-01-14,19.3
EG.CONIA.ON.RATE,2024-01-15,19.313
EG.CONIA.ON.RATE,2024-01-16,19.3
EG.CONIA.ON.RATE,2024-01-17,19.3
EG.CONIA.ON.RATE,2024-01-18,19.3
EG.CONIA.ON.RATE,2024-01-21,19.278
EG.CONIA.ON.RATE,2024-01-22,19.292
EG.CONIA.ON.RATE,2024-01-23,19.352
EG.CONIA.ON.RATE,2024-01-24,19.331
EG.CONIA.ON.RATE,2024-01-28,19.308
EG.CONIA.ON.RATE,2024-01-29,19.3
EG.CONIA.ON.RATE,2024-01-30,19.309
EG.CONIA.ON.RATE,2024-01-31,19.297
EG.CONIA.ON.RATE,2024-02-01,19.282
EG.CONIA.ON.RATE,2024-02-04,21.264
EG.CONIA.ON.RATE,2024-02-05,21.256
EG.CONIA.ON.RATE,2024-02-06,21.28
EG.CONIA.ON.RATE,2024-02-07,21.276
EG.CONIA.ON.RATE,2024-02-08,21.276
EG.CONIA.ON.RATE,2024-02-11,21.27
EG.CONIA.ON.RATE,2024-02-12,21.272
EG.CONIA.ON.RATE,2024-02-13,21.291
EG.CONIA.ON.RATE,2024-02-14,21.277
EG.CONIA.ON.RATE,2024-02-15,21.262
EG.CONIA.ON.RATE,2024-02-18,21.252
EG.CONIA.ON.RATE,2024-02-19,21.256
EG.CONIA.ON.RATE,2024-02-20,21.3
EG.CONIA.ON.RATE,2024-02-21,21.3
EG.CONIA.ON.RATE,2024-02-22,21.29
EG.CONIA.ON.RATE,2024-02-25,21.289
EG.CONIA.ON.RATE,2024-02-26,21.274
EG.CONIA.ON.RATE,2024-02-27,21.291
EG.CONIA.ON.RATE,2024-02-28,21.289
EG.CONIA.ON.RATE,2024-02-29,21.282
EG.CONIA.ON.RATE,2024-03-03,21.274
EG.CONIA.ON.RATE,2024-03-04,21.292
EG.CONIA.ON.RATE,2024-03-05,21.731
EG.CONIA.ON.RATE,2024-03-06,27.529
EG.CONIA.ON.RATE,2024-03-07,27.713
EG.CONIA.ON.RATE,2024-03-10,27.684
EG.CONIA.ON.RATE,2024-03-11,27.643
EG.CONIA.ON.RATE,2024-03-12,27.603
EG.CONIA.ON.RATE,2024-03-13,27.43
EG.CONIA.ON.RATE,2024-03-14,27.38
EG.CONIA.ON.RATE,2024-03-17,27.281
EG.CONIA.ON.RATE,2024-03-18,27.274
EG.CONIA.ON.RATE,2024-03-19,27.401
EG.CONIA.ON.RATE,2024-03-20,27.334
EG.CONIA.ON.RATE,2024-03-21,27.305
EG.CONIA.ON.RATE,2024-03-24,27.321
EG.CONIA.ON.RATE,2024-03-25,27.302
EG.CONIA.ON.RATE,2024-03-26,27.317
EG.CONIA.ON.RATE,2024-03-27,27.306
EG.CONIA.ON.RATE,2024-03-28,27.293
EG.CONIA.ON.RATE,2024-03-31,27.297
EG.CONIA.ON.RATE,2024-04-01,27.294
EG.CONIA.ON.RATE,2024-04-02,27.294
EG.CONIA.ON.RATE,2024-04-03,27.312
EG.CONIA.ON.RATE,2024-04-04,27.298
EG.CONIA.ON.RATE,2024-04-07,27.291
EG.CONIA.ON.RATE,2024-04-08,27.306
EG.CONIA.ON.RATE,2024-04-15,27.285
EG.CONIA.ON.RATE,2024-04-16,27.284
EG.CONIA.ON.RATE,2024-04-17,27.281
EG.CONIA.ON.RATE,2024-04-18,27.286
EG.CONIA.ON.RATE,2024-04-21,27.252
EG.CONIA.ON.RATE,2024-04-22,27.252
EG.CONIA.ON.RATE,2024-04-23,27.265
EG.CONIA.ON.RATE,2024-04-24,27.253
EG.CONIA.ON.RATE,2024-04-28,27.256
EG.CONIA.ON.RATE,2024-04-29,27.256
EG.CONIA.ON.RATE,2024-04-30,27.329
EG.CONIA.ON.RATE,2024-05-01,27.298
EG.CONIA.ON.RATE,2024-05-02,27.382
EG.CONIA.ON.RATE,2024-05-07,27.324
EG.CONIA.ON.RATE,2024-05-08,27.29
EG.CONIA.ON.RATE,2024-05-09,27.269
EG.CONIA.ON.RATE,2024-05-12,27.28
EG.CONIA.ON.RATE,2024-05-13,27.256
EG.CONIA.ON.RATE,2024-05-14,27.306
EG.CONIA.ON.RATE,2024-05-15,27.354
EG.CONIA.ON.RATE,2024-05-16,27.399
EG.CONIA.ON.RATE,2024-05-19,27.39
EG.CONIA.ON.RATE,2024-05-20,27.364
EG.CONIA.ON.RATE,2024-05-21,27.314
EG.CONIA.ON.RATE,2024-05-22,27.253
EG.CONIA.ON.RATE,2024-05-23,27.269
EG.CONIA.ON.RATE,2024-05-26,27.25
EG.CONIA.ON.RATE,2024-05-27,27.25
EG.CONIA.ON.RATE,2024-05-28,27.285
EG.CONIA.ON.RATE,2024-05-29,27.391
EG.CONIA.ON.RATE,2024-05-30,27.418
EG.CONIA.ON.RATE,2024-06-02,27.366
EG.CONIA.ON.RATE,2024-06-03,27.373
EG.CONIA.ON.RATE,2024-06-04,27.281
EG.CONIA.ON.RATE,2024-06-05,27.278
EG.CONIA.ON.RATE,2024-06-06,27.269
EG.CONIA.ON.RATE,2024-06-09,27.261
EG.CONIA.ON.RATE,2024-06-10,27.254
EG.CONIA.ON.RATE,2024-06-11,27.284
EG.CONIA.ON.RATE,2024-06-12,27.284
EG.CONIA.ON.RATE,2024-06-13,27.268
EG.CONIA.ON.RATE,2024-06-23,27.257
EG.CONIA.ON.RATE,2024-06-24,27.253
EG.CONIA.ON.RATE,2024-06-25,27.357
EG.CONIA.ON.RATE,2024-06-26,27.323
EG.CONIA.ON.RATE,2024-06-27,27.383
EG.CONIA.ON.RATE,2024-07-01,27.272
EG.CONIA.ON.RATE,2024-07-02,27.277
EG.CONIA.ON.RATE,2024-07-03,27.283
EG.CONIA.ON.RATE,2024-07-04,27.286
EG.CONIA.ON.RATE,2024-07-07,27.287
EG.CONIA.ON.RATE,2024-07-08,27.26
EG.CONIA.ON.RATE,2024-07-09,27.269
EG.CONIA.ON.RATE,2024-07-10,27.284
EG.CONIA.ON.RATE,2024-07-14,27.276
EG.CONIA.ON.RATE,2024-07-15,27.281
EG.CONIA.ON.RATE,2024-07-16,27.277
EG.CONIA.ON.RATE,2024-07-17,27.276
EG.CONIA.ON.RATE,2024-07-18,27.264
EG.CONIA.ON.RATE,2024-07-21,27.288
EG.CONIA.ON.RATE,2024-07-22,27.268
EG.CONIA.ON.RATE,2024-07-23,27.276
EG.CONIA.ON.RATE,2024-07-24,27.271
EG.CONIA.ON.RATE,2024-07-28,27.274
EG.CONIA.ON.RATE,2024-07-29,27.268
EG.CONIA.ON.RATE,2024-07-30,27.272
EG.CONIA.ON.RATE,2024-07-31,27.266
EG.CONIA.ON.RATE,2024-08-01,27.266
EG.CONIA.ON.RATE,2024-08-04,27.253
EG.CONIA.ON.RATE,2024-08-05,27.261
EG.CONIA.ON.RATE,2024-08-06,27.293
EG.CONIA.ON.RATE,2024-08-07,27.325
EG.CONIA.ON.RATE,2024-08-08,27.351
EG.CONIA.ON.RATE,2024-08-11,27.341
EG.CONIA.ON.RATE,2024-08-12,27.332
EG.CONIA.ON.RATE,2024-08-13,27.321
EG.CONIA.ON.RATE,2024-08-14,27.293
EG.CONIA.ON.RATE,2024-08-15,27.299
EG.CONIA.ON.RATE,2024-08-18,27.279
EG.CONIA.ON.RATE,2024-08-19,27.267
EG.CONIA.ON.RATE,2024-08-20,27.286
EG.CONIA.ON.RATE,2024-08-21,27.302
EG.CONIA.ON.RATE,2024-08-22,27.299
EG.CONIA.ON.RATE,2024-08-25,27.291
EG.CONIA.ON.RATE,2024-08-26,27.3
EG.CONIA.ON.RATE,2024-08-27,27.336
EG.CONIA.ON.RATE,2024-08-28,27.306
EG.CONIA.ON.RATE,2024-08-29,27.306
EG.CONIA.ON.RATE,2024-09-01,27.298
EG.CONIA.ON.RATE,2024-09-02,27.275
EG.CONIA.ON.RATE,2024-09-03,27.379
EG.CONIA.ON.RATE,2024-09-04,27.374
EG.CONIA.ON.RATE,2024-09-05,27.358
EG.CONIA.ON.RATE,2024-09-08,27.313
EG.CONIA.ON.RATE,2024-09-09,27.332
EG.CONIA.ON.RATE,2024-09-10,27.356
EG.CONIA.ON.RATE,2024-09-11,27.301
EG.CONIA.ON.RATE,2024-09-12,27.294
EG.CONIA.ON.RATE,2024-09-16,27.286
EG.CONIA.ON.RATE,2024-09-17,27.342
EG.CONIA.ON.RATE,2024-09-18,27.376
EG.CONIA.ON.RATE,2024-09-19,27.359
EG.CONIA.ON.RATE,2024-09-22,27.344
EG.CONIA.ON.RATE,2024-09-23,27.321
EG.CONIA.ON.RATE,2024-09-24,27.374
EG.CONIA.ON.RATE,2024-09-25,27.354
EG.CONIA.ON.RATE,2024-09-26,27.308
EG.CONIA.ON.RATE,2024-09-29,27.294
EG.CONIA.ON.RATE,2024-09-30,27.287
EG.CONIA.ON.RATE,2024-10-01,27.435
EG.CONIA.ON.RATE,2024-10-02,27.528
EG.CONIA.ON.RATE,2024-10-03,27.473
EG.CONIA.ON.RATE,2024-10-07,27.454
EG.CONIA.ON.RATE,2024-10-08,27.398
EG.CONIA.ON.RATE,2024-10-09,27.328
EG.CONIA.ON.RATE,2024-10-10,27.299
EG.CONIA.ON.RATE,2024-10-13,27.296
EG.CONIA.ON.RATE,2024-10-14,27.289
EG.CONIA.ON.RATE,2024-10-15,27.433
EG.CONIA.ON.RATE,2024-10-16,27.498
EG.CONIA.ON.RATE,2024-10-17,27.501
EG.CONIA.ON.RATE,2024-10-20,27.448
EG.CONIA.ON.RATE,2024-10-21,27.508
EG.CONIA.ON.RATE,2024-10-22,27.473
EG.CONIA.ON.RATE,2024-10-23,27.428
EG.CONIA.ON.RATE,2024-10-24,27.376
EG.CONIA.ON.RATE,2024-10-27,27.307
EG.CONIA.ON.RATE,2024-10-28,27.3
EG.CONIA.ON.RATE,2024-10-29,27.632
EG.CONIA.ON.RATE,2024-10-30,27.555
EG.CONIA.ON.RATE,2024-10-31,27.577
EG.CONIA.ON.RATE,2024-11-03,27.523
EG.CONIA.ON.RATE,2024-11-04,27.541
EG.CONIA.ON.RATE,2024-11-05,27.477
EG.CONIA.ON.RATE,2024-11-06,27.445
EG.CONIA.ON.RATE,2024-11-07,27.433
EG.CONIA.ON.RATE,2024-11-10,27.33
EG.CONIA.ON.RATE,2024-11-11,27.3
EG.CONIA.ON.RATE,2024-11-12,27.546
EG.CONIA.ON.RATE,2024-11-13,27.583
EG.CONIA.ON.RATE,2024-11-14,27.55
EG.CONIA.ON.RATE,2024-11-17,27.546
EG.CONIA.ON.RATE,2024-11-18,27.544
EG.CONIA.ON.RATE,2024-11-19,27.491
EG.CONIA.ON.RATE,2024-11-20,27.424
EG.CONIA.ON.RATE,2024-11-21,27.392
EG.CONIA.ON.RATE,2024-11-24,27.311
EG.CONIA.ON.RATE,2024-11-25,27.3
EG.CONIA.ON.RATE,2024-11-26,27.48
EG.CONIA.ON.RATE,2024-11-27,27.482
EG.CONIA.ON.RATE,2024-11-28,27.591
EG.CONIA.ON.RATE,2024-12-01,27.557
EG.CONIA.ON.RATE,2024-12-02,27.558
EG.CONIA.ON.RATE,2024-12-03,27.485
EG.CONIA.ON.RATE,2024-12-04,27.442
EG.CONIA.ON.RATE,2024-12-05,27.396
EG.CONIA.ON.RATE,2024-12-08,27.304
EG.CONIA.ON.RATE,2024-12-09,27.293
EG.CONIA.ON.RATE,2024-12-10,27.471
EG.CONIA.ON.RATE,2024-12-11,27.477
EG.CONIA.ON.RATE,2024-12-12,27.534
EG.CONIA.ON.RATE,2024-12-15,27.44
EG.CONIA.ON.RATE,2024-12-16,27.488
EG.CONIA.ON.RATE,2024-12-17,27.42
EG.CONIA.ON.RATE,2024-12-18,27.375
EG.CONIA.ON.RATE,2024-12-19,27.334
EG.CONIA.ON.RATE,2024-12-22,27.308
EG.CONIA.ON.RATE,2024-12-23,27.3
EG.CONIA.ON.RATE,2024-12-24,27.441
EG.CONIA.ON.RATE,2024-12-25,27.473
EG.CONIA.ON.RATE,2024-12-26,27.426
EG.CONIA.ON.RATE,2024-12-29,27.384
EG.CONIA.ON.RATE,2024-12-30,27.442
EG.CONIA.ON.RATE,2024-12-31,27.326
EG.CONIA.ON.RATE,2025-01-02,27.277
EG.CONIA.ON.RATE,2025-01-05,27.299
EG.CONIA.ON.RATE,2025-01-06,27.297
EG.CONIA.ON.RATE,2025-01-08,27.479
EG.CONIA.ON.RATE,2025-01-09,27.541
EG.CONIA.ON.RATE,2025-01-12,27.527
EG.CONIA.ON.RATE,2025-01-13,27.546
EG.CONIA.ON.RATE,2025-01-14,27.545
EG.CONIA.ON.RATE,2025-01-15,27.53
EG.CONIA.ON.RATE,2025-01-16,27.527
EG.CONIA.ON.RATE,2025-01-19,27.549
EG.CONIA.ON.RATE,2025-01-20,27.507
EG.CONIA.ON.RATE,2025-01-21,27.654
EG.CONIA.ON.RATE,2025-01-22,27.606
EG.CONIA.ON.RATE,2025-01-23,27.631
EG.CONIA.ON.RATE,2025-01-26,27.633
EG.CONIA.ON.RATE,2025-01-27,27.698
EG.CONIA.ON.RATE,2025-01-28,27.64
EG.CONIA.ON.RATE,2025-01-29,27.604
EG.CONIA.ON.RATE,2025-01-30,27.589
EG.CONIA.ON.RATE,2025-02-02,27.345
EG.CONIA.ON.RATE,2025-02-03,27.3
EG.CONIA.ON.RATE,2025-02-04,27.65
EG.CONIA.ON.RATE,2025-02-05,27.699
EG.CONIA.ON.RATE,2025-02-06,27.743
EG.CONIA.ON.RATE,2025-02-09,27.75
EG.CONIA.ON.RATE,2025-02-10,27.743
EG.CONIA.ON.RATE,2025-02-11,27.65
EG.CONIA.ON.RATE,2025-02-12,27.586
EG.CONIA.ON.RATE,2025-02-13,27.432
EG.CONIA.ON.RATE,2025-02-16,27.317
EG.CONIA.ON.RATE,2025-02-17,27.3
EG.CONIA.ON.RATE,2025-02-18,27.656
EG.CONIA.ON.RATE,2025-02-19,27.571
EG.CONIA.ON.RATE,2025-02-20,27.494
EG.CONIA.ON.RATE,2025-02-23,27.608
EG.CONIA.ON.RATE,2025-02-24,27.599
EG.CONIA.ON.RATE,2025-02-25,27.57
EG.CONIA.ON.RATE,2025-02-26,27.446
EG.CONIA.ON.RATE,2025-02-27,27.39
EG.CONIA.ON.RATE,2025-03-02,27.3
EG.CONIA.ON.RATE,2025-03-03,27.3
EG.CONIA.ON.RATE,2025-03-04,27.68
EG.CONIA.ON.RATE,2025-03-05,27.63
EG.CONIA.ON.RATE,2025-03-06,27.644
EG.CONIA.ON.RATE,2025-03-09,27.621
EG.CONIA.ON.RATE,2025-03-10,27.63
EG.CONIA.ON.RATE,2025-03-11,27.519
EG.CONIA.ON.RATE,2025-03-12,27.395
EG.CONIA.ON.RATE,2025-03-13,27.336
EG.CONIA.ON.RATE,2025-03-16,27.3
EG.CONIA.ON.RATE,2025-03-17,27.3
EG.CONIA.ON.RATE,2025-03-18,27.448
EG.CONIA.ON.RATE,2025-03-19,27.543
EG.CONIA.ON.RATE,2025-03-20,27.432
EG.CONIA.ON.RATE,2025-03-23,27.388
EG.CONIA.ON.RATE,2025-03-24,27.461
EG.CONIA.ON.RATE,2025-03-25,27.432
EG.CONIA.ON.RATE,2025-03-26,27.401
EG.CONIA.ON.RATE,2025-03-27,27.414
EG.CONIA.ON.RATE,2025-04-03,27.617
EG.CONIA.ON.RATE,2025-04-06,27.554
EG.CONIA.ON.RATE,2025-04-07,27.51
EG.CONIA.ON.RATE,2025-04-08,27.482
EG.CONIA.ON.RATE,2025-04-09,27.467
EG.CONIA.ON.RATE,2025-04-10,27.402
EG.CONIA.ON.RATE,2025-04-13,27.321
EG.CONIA.ON.RATE,2025-04-14,27.3
EG.CONIA.ON.RATE,2025-04-15,27.394
EG.CONIA.ON.RATE,2025-04-16,27.596
EG.CONIA.ON.RATE,2025-04-17,27.653
EG.CONIA.ON.RATE,2025-04-22,25.396
EG.CONIA.ON.RATE,2025-04-23,25.347
EG.CONIA.ON.RATE,2025-04-27,25.116
EG.CONIA.ON.RATE,2025-04-28,25.067
EG.CONIA.ON.RATE,2025-04-29,25.36
EG.CONIA.ON.RATE,2025-04-30,25.46
EG.CONIA.ON.RATE,2025-05-04,25.448
EG.CONIA.ON.RATE,2025-05-05,25.488
EG.CONIA.ON.RATE,2025-05-06,25.369
EG.CONIA.ON.RATE,2025-05-07,25.394
EG.CONIA.ON.RATE,2025-05-08,25.355
EG.CONIA.ON.RATE,2025-05-11,25.138
EG.CONIA.ON.RATE,2025-05-12,25.053
EG.CONIA.ON.RATE,2025-05-13,25.402
EG.CONIA.ON.RATE,2025-05-14,25.39
EG.CONIA.ON.RATE,2025-05-15,25.432
EG.CONIA.ON.RATE,2025-05-18,25.41
EG.CONIA.ON.RATE,2025-05-19,25.369
EG.CONIA.ON.RATE,2025-05-20,25.359
EG.CONIA.ON.RATE,2025-05-21,25.347
EG.CONIA.ON.RATE,2025-05-22,25.334
EG.CONIA.ON.RATE,2025-05-25,24.146
EG.CONIA.ON.RATE,2025-05-26,24.067
EG.CONIA.ON.RATE,2025-05-27,24.463
EG.CONIA.ON.RATE,2025-05-28,24.441
EG.CONIA.ON.RATE,2025-05-29,24.432
EG.CONIA.ON.RATE,2025-06-01,24.445
EG.CONIA.ON.RATE,2025-06-02,24.441
EG.CONIA.ON.RATE,2025-06-03,24.421
EG.CONIA.ON.RATE,2025-06-04,24.311
EG.CONIA.ON.RATE,2025-06-10,24.427
EG.CONIA.ON.RATE,2025-06-11,24.403
EG.CONIA.ON.RATE,2025-06-12,24.428
EG.CONIA.ON.RATE,2025-06-15,24.4
EG.CONIA.ON.RATE,2025-06-16,24.353
EG.CONIA.ON.RATE,2025-06-17,24.348
EG.CONIA.ON.RATE,2025-06-18,24.305
EG.CONIA.ON.RATE,2025-06-19,24.167
EG.CONIA.ON.RATE,2025-06-22,24.05
EG.CONIA.ON.RATE,2025-06-23,24.05
EG.CONIA.ON.RATE,2025-06-24,24.429
EG.CONIA.ON.RATE,2025-06-25,24.423
EG.CONIA.ON.RATE,2025-06-29,24.362
EG.CONIA.ON.RATE,2025-06-30,24.433
EG.CONIA.ON.RATE,2025-07-01,24.392
EG.CONIA.ON.RATE,2025-07-02,24.426
EG.CONIA.ON.RATE,2025-07-06,24.351
EG.CONIA.ON.RATE,2025-07-07,24.082
EG.CONIA.ON.RATE,2025-07-08,24.339
EG.CONIA.ON.RATE,2025-07-09,24.283
EG.CONIA.ON.RATE,2025-07-10,24.322
EG.CONIA.ON.RATE,2025-07-13,24.369
EG.CONIA.ON.RATE,2025-07-14,24.384
EG.CONIA.ON.RATE,2025-07-15,24.396
EG.CONIA.ON.RATE,2025-07-16,24.345
EG.CONIA.ON.RATE,2025-07-17,24.351
EG.CONIA.ON.RATE,2025-07-20,24.334
EG.CONIA.ON.RATE,2025-07-21,24.263
EG.CONIA.ON.RATE,2025-07-22,24.412
EG.CONIA.ON.RATE,2025-07-23,24.459
EG.CONIA.ON.RATE,2025-07-27,24.423
EG.CONIA.ON.RATE,2025-07-28,24.399
EG.CONIA.ON.RATE,2025-07-29,24.409
EG.CONIA.ON.RATE,2025-07-30,24.407
EG.CONIA.ON.RATE,2025-07-31,24.453
EG.CONIA.ON.RATE,2025-08-03,24.18
EG.CONIA.ON.RATE,2025-08-04,24.06
EG.CONIA.ON.RATE,2025-08-05,24.436
EG.CONIA.ON.RATE,2025-08-06,24.456
EG.CONIA.ON.RATE,2025-08-07,24.43
EG.CONIA.ON.RATE,2025-08-10,24.443
EG.CONIA.ON.RATE,2025-08-11,24.436
EG.CONIA.ON.RATE,2025-08-12,24.4
EG.CONIA.ON.RATE,2025-08-13,24.31
EG.CONIA.ON.RATE,2025-08-14,24.345
EG.CONIA.ON.RATE,2025-08-17,24.273
EG.CONIA.ON.RATE,2025-08-18,24.084
EG.CONIA.ON.RATE,2025-08-19,24.42
EG.CONIA.ON.RATE,2025-08-20,24.42
EG.CONIA.ON.RATE,2025-08-21,24.436
EG.CONIA.ON.RATE,2025-08-24,24.422
EG.CONIA.ON.RATE,2025-08-25,24.438
EG.CONIA.ON.RATE,2025-08-26,24.447
EG.CONIA.ON.RATE,2025-08-27,24.402
EG.CONIA.ON.RATE,2025-08-28,24.288
EG.CONIA.ON.RATE,2025-08-31,22.221
EG.CONIA.ON.RATE,2025-09-01,22.135
EG.CONIA.ON.RATE,2025-09-02,22.45
EG.CONIA.ON.RATE,2025-09-03,22.5
EG.CONIA.ON.RATE,2025-09-07,22.499
EG.CONIA.ON.RATE,2025-09-08,22.499
EG.CONIA.ON.RATE,2025-09-09,22.494
EG.CONIA.ON.RATE,2025-09-10,22.493
EG.CONIA.ON.RATE,2025-09-11,22.465
EG.CONIA.ON.RATE,2025-09-14,22.211
EG.CONIA.ON.RATE,2025-09-15,22.084
EG.CONIA.ON.RATE,2025-09-16,22.5
EG.CONIA.ON.RATE,2025-09-17,22.499
EG.CONIA.ON.RATE,2025-09-18,22.485
EG.CONIA.ON.RATE,2025-09-21,22.487
EG.CONIA.ON.RATE,2025-09-22,22.483
EG.CONIA.ON.RATE,2025-09-23,22.384
EG.CONIA.ON.RATE,2025-09-24,22.358
EG.CONIA.ON.RATE,2025-09-25,22.233
EG.CONIA.ON.RATE,2025-09-28,22.075
EG.CONIA.ON.RATE,2025-09-29,22.054
EG.CONIA.ON.RATE,2025-09-30,22.492
EG.CONIA.ON.RATE,2025-10-01,22.5
EG.CONIA.ON.RATE,2025-10-02,22.5
EG.CONIA.ON.RATE,2025-10-05,21.467
EG.CONIA.ON.RATE,2025-10-06,21.47
EG.CONIA.ON.RATE,2025-10-07,21.397
EG.CONIA.ON.RATE,2025-10-08,21.357
EG.CONIA.ON.RATE,2025-10-12,21.126
EG.CONIA.ON.RATE,2025-10-13,21.095
EG.CONIA.ON.RATE,2025-10-14,21.492
EG.CONIA.ON.RATE,2025-10-15,21.497
EG.CONIA.ON.RATE,2025-10-16,21.488
EG.CONIA.ON.RATE,2025-10-19,21.5
EG.CONIA.ON.RATE,2025-10-20,21.5
EG.CONIA.ON.RATE,2025-10-21,21.486
EG.CONIA.ON.RATE,2025-10-22,21.411
EG.CONIA.ON.RATE,2025-10-23,21.354
EG.CONIA.ON.RATE,2025-10-26,21.12
EG.CONIA.ON.RATE,2025-10-27,21.052
EG.CONIA.ON.RATE,2025-10-28,21.515
EG.CONIA.ON.RATE,2025-10-29,21.498
EG.CONIA.ON.RATE,2025-10-30,21.523
EG.CONIA.ON.RATE,2025-11-02,21.497
EG.CONIA.ON.RATE,2025-11-03,21.499
EG.CONIA.ON.RATE,2025-11-04,21.454
EG.CONIA.ON.RATE,2025-11-05,21.397
EG.CONIA.ON.RATE,2025-11-06,21.333
EG.CONIA.ON.RATE,2025-11-09,21.091
EG.CONIA.ON.RATE,2025-11-10,21.06
EG.CONIA.ON.RATE,2025-11-11,21.496
EG.CONIA.ON.RATE,2025-11-12,21.494
EG.CONIA.ON.RATE,2025-11-13,21.492
EG.CONIA.ON.RATE,2025-11-16,21.497
EG.CONIA.ON.RATE,2025-11-17,21.484
EG.CONIA.ON.RATE,2025-11-18,21.495
EG.CONIA.ON.RATE,2025-11-19,21.487
EG.CONIA.ON.RATE,2025-11-20,21.415
EG.CONIA.ON.RATE,2025-11-23,21.28
EG.CONIA.ON.RATE,2025-11-24,21.08
EG.CONIA.ON.RATE,2025-11-25,21.489
EG.CONIA.ON.RATE,2025-11-26,21.477
EG.CONIA.ON.RATE,2025-11-27,21.471
EG.CONIA.ON.RATE,2025-11-30,21.493
EG.CONIA.ON.RATE,2025-12-01,21.487
EG.CONIA.ON.RATE,2025-12-02,21.495
EG.CONIA.ON.RATE,2025-12-03,21.497
EG.CONIA.ON.RATE,2025-12-04,21.482
EG.CONIA.ON.RATE,2025-12-07,21.456
EG.CONIA.ON.RATE,2025-12-08,21.361
EG.CONIA.ON.RATE,2025-12-09,21.534
EG.CONIA.ON.RATE,2025-12-10,21.531
EG.CONIA.ON.RATE,2025-12-11,21.521
EG.CONIA.ON.RATE,2025-12-14,21.52
EG.CONIA.ON.RATE,2025-12-15,21.544
EG.CONIA.ON.RATE,2025-12-16,21.503
EG.CONIA.ON.RATE,2025-12-17,21.49
EG.CONIA.ON.RATE,2025-12-18,21.502
EG.CONIA.ON.RATE,2025-12-21,21.487
EG.CONIA.ON.RATE,2025-12-22,21.469
EG.CONIA.ON.RATE,2025-12-23,21.587
EG.CONIA.ON.RATE,2025-12-24,21.575
EG.CONIA.ON.RATE,2025-12-25,21.588
EG.CONIA.ON.RATE,2025-12-28,20.548
EG.CONIA.ON.RATE,2025-12-29,20.567
EG.CONIA.ON.RATE,2025-12-30,20.595
EG.CONIA.ON.RATE,2025-12-31,20.646
EG.CONIA.ON.RATE,2026-01-04,20.564
EG.CONIA.ON.RATE,2026-01-05,20.453
EG.CONIA.ON.RATE,2026-01-06,20.632
EG.CONIA.ON.RATE,2026-01-08,20.636
EG.CONIA.ON.RATE,2026-01-11,20.554
EG.CONIA.ON.RATE,2026-01-12,20.484
EG.CONIA.ON.RATE,2026-01-13,20.561
EG.CONIA.ON.RATE,2026-01-14,20.431
EG.CONIA.ON.RATE,2026-01-15,20.383
EG.CONIA.ON.RATE,2026-01-18,20.181
EG.CONIA.ON.RATE,2026-01-19,20.108
EG.CONIA.ON.RATE,2026-01-20,20.455
EG.CONIA.ON.RATE,2026-01-21,20.497
EG.CONIA.ON.RATE,2026-01-22,20.564
EG.CONIA.ON.RATE,2026-01-25,20.562
EG.CONIA.ON.RATE,2026-01-26,20.584
EG.CONIA.ON.RATE,2026-01-27,20.61
EG.CONIA.ON.RATE,2026-01-28,20.475
EG.CONIA.ON.RATE,2026-02-01,20.234
EG.CONIA.ON.RATE,2026-02-02,20.067
EG.CONIA.ON.RATE,2026-02-03,20.569
EG.CONIA.ON.RATE,2026-02-04,20.607
EG.CONIA.ON.RATE,2026-02-05,20.644
EG.CONIA.ON.RATE,2026-02-08,20.635
EG.CONIA.ON.RATE,2026-02-09,20.662
EG.CONIA.ON.RATE,2026-02-10,20.614
EG.CONIA.ON.RATE,2026-02-11,20.387
EG.CONIA.ON.RATE,2026-02-12,20.228
EG.CONIA.ON.RATE,2026-02-15,19.442
EG.CONIA.ON.RATE,2026-02-16,19.608
EG.CONIA.ON.RATE,2026-02-17,19.685
EG.CONIA.ON.RATE,2026-02-18,19.52
EG.CONIA.ON.RATE,2026-02-19,19.662
EG.CONIA.ON.RATE,2026-02-22,19.695
EG.CONIA.ON.RATE,2026-02-23,19.714
EG.CONIA.ON.RATE,2026-02-24,19.532
EG.CONIA.ON.RATE,2026-02-25,19.551
EG.CONIA.ON.RATE,2026-02-26,19.439
EG.CONIA.ON.RATE,2026-03-01,19.254
EG.CONIA.ON.RATE,2026-03-02,19.129
EG.CONIA.ON.RATE,2026-03-03,19.591
EG.CONIA.ON.RATE,2026-03-04,19.653
EG.CONIA.ON.RATE,2026-03-05,19.708
EG.CONIA.ON.RATE,2026-03-08,19.667
EG.CONIA.ON.RATE,2026-03-09,19.718
EG.CONIA.ON.RATE,2026-03-10,19.602
EG.CONIA.ON.RATE,2026-03-11,19.611
EG.CONIA.ON.RATE,2026-03-12,19.516
EG.CONIA.ON.RATE,2026-03-15,19.215
EG.CONIA.ON.RATE,2026-03-16,19.079
EG.CONIA.ON.RATE,2026-03-17,19.738
EG.CONIA.ON.RATE,2026-03-18,19.7
EG.CONIA.ON.RATE,2026-03-24,19.583
EG.CONIA.ON.RATE,2026-03-25,19.55
EG.CONIA.ON.RATE,2026-03-26,19.535
EG.CONIA.ON.RATE,2026-03-29,19.366
EG.CONIA.ON.RATE,2026-03-30,19.223
EG.CONIA.ON.RATE,2026-03-31,19.784
EG.CONIA.ON.RATE,2026-04-01,19.746
EG.CONIA.ON.RATE,2026-04-02,19.778
EG.CONIA.ON.RATE,2026-04-05,19.73
EG.CONIA.ON.RATE,2026-04-06,19.752
EG.CONIA.ON.RATE,2026-04-07,19.676
EG.CONIA.ON.RATE,2026-04-08,19.358
EG.CONIA.ON.RATE,2026-04-09,19.538
EG.CONIA.ON.RATE,2026-04-14,19.611
EG.CONIA.ON.RATE,2026-04-15,19.543
EG.CONIA.ON.RATE,2026-04-16,19.633
EG.CONIA.ON.RATE,2026-04-19,19.491
EG.CONIA.ON.RATE,2026-04-20,19.404
EG.CONIA.ON.RATE,2026-04-21,19.578
EG.CONIA.ON.RATE,2026-04-22,19.456
EG.CONIA.ON.RATE,2026-04-23,19.631
EG.CONIA.ON.RATE,2026-04-26,19.175
EG.CONIA.ON.RATE,2026-04-27,19.088
EG.CONIA.ON.RATE,2026-04-28,19.629
EG.CONIA.ON.RATE,2026-04-29,19.586
EG.CONIA.ON.RATE,2026-04-30,19.607
EG.CONIA.ON.RATE,2026-05-03,19.634
EG.CONIA.ON.RATE,2026-05-04,19.699
EG.CONIA.ON.RATE,2026-05-05,19.691
EG.CONIA.ON.RATE,2026-05-06,19.816
EG.CONIA.ON.RATE,2026-05-10,19.197
EG.CONIA.ON.RATE,2026-05-11,19.154
EG.CONIA.ON.RATE,2026-05-12,19.691
EG.CONIA.ON.RATE,2026-05-13,19.662
EG.CONIA.ON.RATE,2026-05-14,19.762
EG.CONIA.ON.RATE,2026-05-17,19.779
EG.CONIA.ON.RATE,2026-05-18,19.758
EG.CONIA.ON.RATE,2026-05-19,19.792
EG.CONIA.ON.RATE,2026-05-20,19.792
EG.CONIA.ON.RATE,2026-05-21,19.757
EG.CONIA.ON.RATE,2026-05-24,19.304
EG.CONIA.ON.RATE,2026-05-25,19.842
EG.CONIA.ON.RATE,2026-06-01,19.765
EG.CONIA.ON.RATE,2026-06-02,19.779
EG.CONIA.ON.RATE,2026-06-03,19.8
EG.CONIA.ON.RATE,2026-06-04,19.772
EG.CONIA.ON.RATE,2026-06-07,19.749
EG.CONIA.ON.RATE,2026-06-08,19.685
EG.CONIA.ON.RATE,2026-06-09,19.789
EG.CONIA.ON.RATE,2026-06-10,19.832
EG.CONIA.ON.RATE,2026-06-11,19.822
EG.CONIA.ON.RATE,2026-06-14,19.829
EG.CONIA.ON.RATE,2026-06-15,19.794
EG.CONIA.ON.RATE,2026-06-16,19.902
EG.CONIA.ON.RATE,2026-06-17,19.817
EG.CONIA.ON.RATE,2026-06-21,19.814
EG.CONIA.ON.RATE,2026-06-22,19.769
EG.CONIA.ON.RATE,2026-06-23,19.846
EG.CONIA.ON.RATE,2026-06-24,19.845
EG.CONIA.ON.RATE,2026-06-25,19.847
EG.CONIA.ON.RATE,2026-06-28,19.85
EG.CONIA.ON.RATE,2026-06-29,19.829
EG.CONIA.ON.RATE,2026-06-30,19.831
EG.CONIA.ON.RATE,2026-07-01,19.83
EG.CONIA.ON.RATE,2026-07-05,19.839
EG.CONIA.ON.RATE,2026-07-06,19.804
EG.CONIA.ON.RATE,2026-07-07,19.85
EG.CONIA.ON.RATE,2026-07-08,19.85
EG.CONIA.ON.RATE,2026-07-09,19.825
EG.CONIA.ON.RATE,2026-07-12,19.85
EG.CONIA.ON.RATE,2026-07-13,19.836
EG.CONIA.ON.RATE,2026-07-14,19.833
EG.CONIA.ON.RATE,2026-07-15,19.835
EG.CONIA.ON.RATE,2026-07-16,19.82
EG.CONIA.ON.RATE,2026-07-19,19.718
EG.CONIA.ON.RATE,2026-07-20,19.635
EG.CONIA.ON.RATE,2026-07-21,19.827
EG.CONIA.ON.RATE,2026-07-22,19.903
EG.CONIA.ON.RATE,2026-07-26,19.841
EG.CONIA.ON.RATE,2026-07-27,19.846
EG.CONIA.ON.RATE,2026-07-28,19.835
EG.CONIA.ON.RATE,2026-07-29,19.842
EG.CONIA.ON.RATE,2026-07-30,19.827
EG.CONIA.ON.RATE,2026-08-02,19.693
EG.CONIA.ON.RATE,2026-08-03,19.523
EG.CONIA.ON.RATE,2026-08-04,19.718
EG.CONIA.ON.RATE,2026-08-05,19.707
EG.CONIA.ON.RATE,2026-08-06,19.749
EG.CONIA.ON.RATE,2026-08-09,19.669
EG.CONIA.ON.RATE,2026-08-10,19.58
EG.CONIA.ON.RATE,2026-08-11,19.685
EG.CONIA.ON.RATE,2026-08-12,19.356
EG.CONIA.ON.RATE,2026-08-13,19.22
EG.CONIA.ON.RATE,2026-08-16,19.139
EG.CONIA.ON.RATE,2026-08-17,19.07
EG.CONIA.ON.RATE,2026-08-18,19.55
EG.CONIA.ON.RATE,2026-08-19,19.546
EG.CONIA.ON.VOL,2016-12-29,2933.7
EG.CONIA.ON.VOL,2017-01-02,2201.5
EG.CONIA.ON.VOL,2017-01-03,1001.0
EG.CONIA.ON.VOL,2017-01-04,858.9
EG.CONIA.ON.VOL,2017-01-05,2892.4
EG.CONIA.ON.VOL,2017-01-08,2141.3
EG.CONIA.ON.VOL,2017-01-09,1822.8
EG.CONIA.ON.VOL,2017-01-10,3506.3
EG.CONIA.ON.VOL,2017-01-11,2199.4
EG.CONIA.ON.VOL,2017-01-12,3437.7
EG.CONIA.ON.VOL,2017-01-15,2947.7
EG.CONIA.ON.VOL,2017-01-16,3502.1
EG.CONIA.ON.VOL,2017-01-17,2196.6
EG.CONIA.ON.VOL,2017-01-18,1103.9
EG.CONIA.ON.VOL,2017-01-19,2931.6
EG.CONIA.ON.VOL,2017-01-22,1764.7
EG.CONIA.ON.VOL,2017-01-23,2951.2
EG.CONIA.ON.VOL,2017-01-24,2024.4
EG.CONIA.ON.VOL,2017-01-26,612.5
EG.CONIA.ON.VOL,2017-01-29,371.7
EG.CONIA.ON.VOL,2017-01-30,1099.0
EG.CONIA.ON.VOL,2017-01-31,1922.9
EG.CONIA.ON.VOL,2017-02-01,1834.7
EG.CONIA.ON.VOL,2017-02-02,3801.0
EG.CONIA.ON.VOL,2017-02-05,2037.0
EG.CONIA.ON.VOL,2017-02-06,2292.5
EG.CONIA.ON.VOL,2017-02-07,2184.0
EG.CONIA.ON.VOL,2017-02-08,2642.5
EG.CONIA.ON.VOL,2017-02-09,3216.5
EG.CONIA.ON.VOL,2017-02-12,1029.0
EG.CONIA.ON.VOL,2017-02-13,1057.0
EG.CONIA.ON.VOL,2017-02-14,645.4
EG.CONIA.ON.VOL,2017-02-15,1282.4
EG.CONIA.ON.VOL,2017-02-16,2874.9
EG.CONIA.ON.VOL,2017-02-19,1982.4
EG.CONIA.ON.VOL,2017-02-20,2468.9
EG.CONIA.ON.VOL,2017-02-21,1493.1
EG.CONIA.ON.VOL,2017-02-22,4988.9
EG.CONIA.ON.VOL,2017-02-23,6283.2
EG.CONIA.ON.VOL,2017-02-26,4387.6
EG.CONIA.ON.VOL,2017-02-27,5003.6
EG.CONIA.ON.VOL,2017-02-28,2109.1
EG.CONIA.ON.VOL,2017-03-01,2192.4
EG.CONIA.ON.VOL,2017-03-02,3585.4
EG.CONIA.ON.VOL,2017-03-05,3021.9
EG.CONIA.ON.VOL,2017-03-06,3651.9
EG.CONIA.ON.VOL,2017-03-07,889.7
EG.CONIA.ON.VOL,2017-03-08,2364.6
EG.CONIA.ON.VOL,2017-03-09,1334.9
EG.CONIA.ON.VOL,2017-03-12,2022.3
EG.CONIA.ON.VOL,2017-03-13,2422.0
EG.CONIA.ON.VOL,2017-03-14,3365.6
EG.CONIA.ON.VOL,2017-03-15,3238.2
EG.CONIA.ON.VOL,2017-03-16,2850.4
EG.CONIA.ON.VOL,2017-03-19,3147.9
EG.CONIA.ON.VOL,2017-03-20,1431.5
EG.CONIA.ON.VOL,2017-03-21,3850.0
EG.CONIA.ON.VOL,2017-03-22,3493.0
EG.CONIA.ON.VOL,2017-03-23,3720.5
EG.CONIA.ON.VOL,2017-03-26,3328.5
EG.CONIA.ON.VOL,2017-03-27,4441.5
EG.CONIA.ON.VOL,2017-03-28,1043.0
EG.CONIA.ON.VOL,2017-03-29,2660.0
EG.CONIA.ON.VOL,2017-03-30,3094.0
EG.CONIA.ON.VOL,2017-04-02,3920.0
EG.CONIA.ON.VOL,2017-04-03,3699.5
EG.CONIA.ON.VOL,2017-04-04,2817.5
EG.CONIA.ON.VOL,2017-04-05,1977.5
EG.CONIA.ON.VOL,2017-04-06,4305.0
EG.CONIA.ON.VOL,2017-04-09,3920.0
EG.CONIA.ON.VOL,2017-04-10,4193.0
EG.CONIA.ON.VOL,2017-04-11,1858.5
EG.CONIA.ON.VOL,2017-04-12,948.5
EG.CONIA.ON.VOL,2017-04-13,3175.9
EG.CONIA.ON.VOL,2017-04-18,2801.4
EG.CONIA.ON.VOL,2017-04-19,2223.9
EG.CONIA.ON.VOL,2017-04-20,2810.5
EG.CONIA.ON.VOL,2017-04-23,2765.0
EG.CONIA.ON.VOL,2017-04-24,4313.4
EG.CONIA.ON.VOL,2017-04-26,2650.9
EG.CONIA.ON.VOL,2017-04-27,3083.5
EG.CONIA.ON.VOL,2017-04-30,3689.0
EG.CONIA.ON.VOL,2017-05-02,3152.66
EG.CONIA.ON.VOL,2017-05-03,3013.5
EG.CONIA.ON.VOL,2017-05-04,5489.4
EG.CONIA.ON.VOL,2017-05-07,5792.5
EG.CONIA.ON.VOL,2017-05-08,5152.0
EG.CONIA.ON.VOL,2017-05-09,991.2
EG.CONIA.ON.VOL,2017-05-10,2884.0
EG.CONIA.ON.VOL,2017-05-11,3759.0
EG.CONIA.ON.VOL,2017-05-14,1932.0
EG.CONIA.ON.VOL,2017-05-15,1463.0
EG.CONIA.ON.VOL,2017-05-16,1550.5
EG.CONIA.ON.VOL,2017-05-17,2068.5
EG.CONIA.ON.VOL,2017-05-18,6468.0
EG.CONIA.ON.VOL,2017-05-21,4112.5
EG.CONIA.ON.VOL,2017-05-22,4641.0
EG.CONIA.ON.VOL,2017-05-23,5061.0
EG.CONIA.ON.VOL,2017-05-24,5524.4
EG.CONIA.ON.VOL,2017-05-25,7941.5
EG.CONIA.ON.VOL,2017-05-28,4340.0
EG.CONIA.ON.VOL,2017-05-29,4228.0
EG.CONIA.ON.VOL,2017-05-30,3910.9
EG.CONIA.ON.VOL,2017-05-31,4819.5
EG.CONIA.ON.VOL,2017-06-01,3454.5
EG.CONIA.ON.VOL,2017-06-04,1841.0
EG.CONIA.ON.VOL,2017-06-05,2327.5
EG.CONIA.ON.VOL,2017-06-06,2107.0
EG.CONIA.ON.VOL,2017-06-07,1446.2
EG.CONIA.ON.VOL,2017-06-08,2933.0
EG.CONIA.ON.VOL,2017-06-11,4176.2
EG.CONIA.ON.VOL,2017-06-12,3283.7
EG.CONIA.ON.VOL,2017-06-13,3493.0
EG.CONIA.ON.VOL,2017-06-14,2012.5
EG.CONIA.ON.VOL,2017-06-15,3818.5
EG.CONIA.ON.VOL,2017-06-18,3768.1
EG.CONIA.ON.VOL,2017-06-19,6833.4
EG.CONIA.ON.VOL,2017-06-20,5035.1
EG.CONIA.ON.VOL,2017-06-21,5402.6
EG.CONIA.ON.VOL,2017-06-22,10308.9
EG.CONIA.ON.VOL,2017-06-28,8313.9
EG.CONIA.ON.VOL,2017-07-02,5548.9
EG.CONIA.ON.VOL,2017-07-03,5845.0
EG.CONIA.ON.VOL,2017-07-04,9982.7
EG.CONIA.ON.VOL,2017-07-05,8967.7
EG.CONIA.ON.VOL,2017-07-06,6003.9
EG.CONIA.ON.VOL,2017-07-09,5841.5
EG.CONIA.ON.VOL,2017-07-10,6391.0
EG.CONIA.ON.VOL,2017-07-11,3773.7
EG.CONIA.ON.VOL,2017-07-12,2220.4
EG.CONIA.ON.VOL,2017-07-13,2324.0
EG.CONIA.ON.VOL,2017-07-16,1351.0
EG.CONIA.ON.VOL,2017-07-17,1074.5
EG.CONIA.ON.VOL,2017-07-18,3920.0
EG.CONIA.ON.VOL,2017-07-19,4683.7
EG.CONIA.ON.VOL,2017-07-20,7054.6
EG.CONIA.ON.VOL,2017-07-24,4025.0
EG.CONIA.ON.VOL,2017-07-25,1381.1
EG.CONIA.ON.VOL,2017-07-26,1447.6
EG.CONIA.ON.VOL,2017-07-27,2170.0
EG.CONIA.ON.VOL,2017-07-30,2374.4
EG.CONIA.ON.VOL,2017-07-31,3060.4
EG.CONIA.ON.VOL,2017-08-01,3073.0
EG.CONIA.ON.VOL,2017-08-02,1885.1
EG.CONIA.ON.VOL,2017-08-03,2584.4
EG.CONIA.ON.VOL,2017-08-06,4620.7
EG.CONIA.ON.VOL,2017-08-07,5841.5
EG.CONIA.ON.VOL,2017-08-08,2208.5
EG.CONIA.ON.VOL,2017-08-09,4176.2
EG.CONIA.ON.VOL,2017-08-10,2377.9
EG.CONIA.ON.VOL,2017-08-13,1236.9
EG.CONIA.ON.VOL,2017-08-14,1176.0
EG.CONIA.ON.VOL,2017-08-15,2219.0
EG.CONIA.ON.VOL,2017-08-16,3305.4
EG.CONIA.ON.VOL,2017-08-17,4722.9
EG.CONIA.ON.VOL,2017-08-20,3200.4
EG.CONIA.ON.VOL,2017-08-21,1834.0
EG.CONIA.ON.VOL,2017-08-22,1016.4
EG.CONIA.ON.VOL,2017-08-23,1279.6
EG.CONIA.ON.VOL,2017-08-24,6496.0
EG.CONIA.ON.VOL,2017-08-27,717.5
EG.CONIA.ON.VOL,2017-08-28,1690.5
EG.CONIA.ON.VOL,2017-08-29,2355.5
EG.CONIA.ON.VOL,2017-08-30,4793.6
EG.CONIA.ON.VOL,2017-09-05,3174.5
EG.CONIA.ON.VOL,2017-09-06,3038.7
EG.CONIA.ON.VOL,2017-09-07,4047.4
EG.CONIA.ON.VOL,2017-09-10,2721.6
EG.CONIA.ON.VOL,2017-09-11,3207.4
EG.CONIA.ON.VOL,2017-09-12,4230.1
EG.CONIA.ON.VOL,2017-09-13,4973.5
EG.CONIA.ON.VOL,2017-09-14,4353.3
EG.CONIA.ON.VOL,2017-09-17,4673.9
EG.CONIA.ON.VOL,2017-09-18,4137.0
EG.CONIA.ON.VOL,2017-09-19,4442.9
EG.CONIA.ON.VOL,2017-09-20,3740.8
EG.CONIA.ON.VOL,2017-09-24,1441.3
EG.CONIA.ON.VOL,2017-09-25,735.0
EG.CONIA.ON.VOL,2017-09-26,897.4
EG.CONIA.ON.VOL,2017-09-27,2690.1
EG.CONIA.ON.VOL,2017-09-28,3810.8
EG.CONIA.ON.VOL,2017-10-01,3450.3
EG.CONIA.ON.VOL,2017-10-02,3730.3
EG.CONIA.ON.VOL,2017-10-03,1729.0
EG.CONIA.ON.VOL,2017-10-04,4566.8
EG.CONIA.ON.VOL,2017-10-08,2159.5
EG.CONIA.ON.VOL,2017-10-09,2116.1
EG.CONIA.ON.VOL,2017-10-10,1885.8
EG.CONIA.ON.VOL,2017-10-11,1987.3
EG.CONIA.ON.VOL,2017-10-12,2337.3
EG.CONIA.ON.VOL,2017-10-15,1361.5
EG.CONIA.ON.VOL,2017-10-16,510.3
EG.CONIA.ON.VOL,2017-10-17,1206.8
EG.CONIA.ON.VOL,2017-10-18,1923.6
EG.CONIA.ON.VOL,2017-10-19,2753.1
EG.CONIA.ON.VOL,2017-10-22,1658.3
EG.CONIA.ON.VOL,2017-10-23,1647.8
EG.CONIA.ON.VOL,2017-10-24,1290.8
EG.CONIA.ON.VOL,2017-10-25,913.5
EG.CONIA.ON.VOL,2017-10-26,2355.5
EG.CONIA.ON.VOL,2017-10-29,1943.9
EG.CONIA.ON.VOL,2017-10-30,1549.8
EG.CONIA.ON.VOL,2017-10-31,843.5
EG.CONIA.ON.VOL,2017-11-01,2649.5
EG.CONIA.ON.VOL,2017-11-02,3124.1
EG.CONIA.ON.VOL,2017-11-05,1459.5
EG.CONIA.ON.VOL,2017-11-06,2131.5
EG.CONIA.ON.VOL,2017-11-07,2003.4
EG.CONIA.ON.VOL,2017-11-08,1761.9
EG.CONIA.ON.VOL,2017-11-09,2868.6
EG.CONIA.ON.VOL,2017-11-12,1681.4
EG.CONIA.ON.VOL,2017-11-13,2837.1
EG.CONIA.ON.VOL,2017-11-14,3263.4
EG.CONIA.ON.VOL,2017-11-15,3588.9
EG.CONIA.ON.VOL,2017-11-16,3084.9
EG.CONIA.ON.VOL,2017-11-19,2391.2
EG.CONIA.ON.VOL,2017-11-20,2032.8
EG.CONIA.ON.VOL,2017-11-21,1633.8
EG.CONIA.ON.VOL,2017-11-22,2419.2
EG.CONIA.ON.VOL,2017-11-23,4527.6
EG.CONIA.ON.VOL,2017-11-26,3824.1
EG.CONIA.ON.VOL,2017-11-27,3764.6
EG.CONIA.ON.VOL,2017-11-28,4398.1
EG.CONIA.ON.VOL,2017-11-29,6116.6
EG.CONIA.ON.VOL,2017-12-03,1232.7
EG.CONIA.ON.VOL,2017-12-04,1347.5
EG.CONIA.ON.VOL,2017-12-05,2153.2
EG.CONIA.ON.VOL,2017-12-06,2359.0
EG.CONIA.ON.VOL,2017-12-07,3796.8
EG.CONIA.ON.VOL,2017-12-10,4654.3
EG.CONIA.ON.VOL,2017-12-11,5641.3
EG.CONIA.ON.VOL,2017-12-12,4433.8
EG.CONIA.ON.VOL,2017-12-13,4842.6
EG.CONIA.ON.VOL,2017-12-14,3272.5
EG.CONIA.ON.VOL,2017-12-17,1522.5
EG.CONIA.ON.VOL,2017-12-18,1882.3
EG.CONIA.ON.VOL,2017-12-19,2029.3
EG.CONIA.ON.VOL,2017-12-20,2011.1
EG.CONIA.ON.VOL,2017-12-21,2445.1
EG.CONIA.ON.VOL,2017-12-24,3547.6
EG.CONIA.ON.VOL,2017-12-25,4247.6
EG.CONIA.ON.VOL,2017-12-26,3016.3
EG.CONIA.ON.VOL,2017-12-27,4748.8
EG.CONIA.ON.VOL,2017-12-28,6771.1
EG.CONIA.ON.VOL,2017-12-31,4774.0
EG.CONIA.ON.VOL,2018-01-02,3357.9
EG.CONIA.ON.VOL,2018-01-03,2324.7
EG.CONIA.ON.VOL,2018-01-04,4231.5
EG.CONIA.ON.VOL,2018-01-08,3533.6
EG.CONIA.ON.VOL,2018-01-09,2899.4
EG.CONIA.ON.VOL,2018-01-10,3239.6
EG.CONIA.ON.VOL,2018-01-11,5646.9
EG.CONIA.ON.VOL,2018-01-14,3806.6
EG.CONIA.ON.VOL,2018-01-15,3624.6
EG.CONIA.ON.VOL,2018-01-16,2891.0
EG.CONIA.ON.VOL,2018-01-17,2210.6
EG.CONIA.ON.VOL,2018-01-18,4790.8
EG.CONIA.ON.VOL,2018-01-21,3719.8
EG.CONIA.ON.VOL,2018-01-22,5539.8
EG.CONIA.ON.VOL,2018-01-23,4325.3
EG.CONIA.ON.VOL,2018-01-24,5493.6
EG.CONIA.ON.VOL,2018-01-28,2519.3
EG.CONIA.ON.VOL,2018-01-29,3106.6
EG.CONIA.ON.VOL,2018-01-30,864.5
EG.CONIA.ON.VOL,2018-01-31,2347.1
EG.CONIA.ON.VOL,2018-02-01,4412.1
EG.CONIA.ON.VOL,2018-02-04,1734.6
EG.CONIA.ON.VOL,2018-02-05,4314.1
EG.CONIA.ON.VOL,2018-02-06,5162.5
EG.CONIA.ON.VOL,2018-02-07,4831.4
EG.CONIA.ON.VOL,2018-02-08,3987.9
EG.CONIA.ON.VOL,2018-02-11,2151.8
EG.CONIA.ON.VOL,2018-02-12,3262.0
EG.CONIA.ON.VOL,2018-02-13,1601.6
EG.CONIA.ON.VOL,2018-02-14,310.8
EG.CONIA.ON.VOL,2018-02-15,700.0
EG.CONIA.ON.VOL,2018-02-18,700.0
EG.CONIA.ON.VOL,2018-02-19,2356.9
EG.CONIA.ON.VOL,2018-02-20,3346.7
EG.CONIA.ON.VOL,2018-02-21,5118.4
EG.CONIA.ON.VOL,2018-02-22,9468.9
EG.CONIA.ON.VOL,2018-02-25,10097.5
EG.CONIA.ON.VOL,2018-02-26,8284.5
EG.CONIA.ON.VOL,2018-02-27,2163.7
EG.CONIA.ON.VOL,2018-02-28,2713.2
EG.CONIA.ON.VOL,2018-03-01,4659.2
EG.CONIA.ON.VOL,2018-03-04,2695.0
EG.CONIA.ON.VOL,2018-03-05,1931.3
EG.CONIA.ON.VOL,2018-03-06,5016.2
EG.CONIA.ON.VOL,2018-03-07,3861.2
EG.CONIA.ON.VOL,2018-03-08,4340.7
EG.CONIA.ON.VOL,2018-03-11,3327.1
EG.CONIA.ON.VOL,2018-03-12,5877.2
EG.CONIA.ON.VOL,2018-03-13,2961.0
EG.CONIA.ON.VOL,2018-03-14,2072.0
EG.CONIA.ON.VOL,2018-03-15,7713.3
EG.CONIA.ON.VOL,2018-03-18,1893.5
EG.CONIA.ON.VOL,2018-03-19,2261.0
EG.CONIA.ON.VOL,2018-03-20,2507.4
EG.CONIA.ON.VOL,2018-03-21,1722.7
EG.CONIA.ON.VOL,2018-03-22,3952.2
EG.CONIA.ON.VOL,2018-03-25,1971.2
EG.CONIA.ON.VOL,2018-03-26,3749.2
EG.CONIA.ON.VOL,2018-03-27,4308.5
EG.CONIA.ON.VOL,2018-03-28,4568.2
EG.CONIA.ON.VOL,2018-03-29,8693.3
EG.CONIA.ON.VOL,2018-04-01,3811.5
EG.CONIA.ON.VOL,2018-04-02,4524.8
EG.CONIA.ON.VOL,2018-04-03,6666.8
EG.CONIA.ON.VOL,2018-04-04,12649.7
EG.CONIA.ON.VOL,2018-04-05,12302.5
EG.CONIA.ON.VOL,2018-04-10,5092.5
EG.CONIA.ON.VOL,2018-04-11,6027.7
EG.CONIA.ON.VOL,2018-04-12,7836.5
EG.CONIA.ON.VOL,2018-04-15,7172.2
EG.CONIA.ON.VOL,2018-04-16,6496.0
EG.CONIA.ON.VOL,2018-04-17,6181.7
EG.CONIA.ON.VOL,2018-04-18,5681.2
EG.CONIA.ON.VOL,2018-04-19,5243.0
EG.CONIA.ON.VOL,2018-04-22,2292.5
EG.CONIA.ON.VOL,2018-04-23,5565.0
EG.CONIA.ON.VOL,2018-04-24,7280.0
EG.CONIA.ON.VOL,2018-04-26,8421.0
EG.CONIA.ON.VOL,2018-04-29,7693.0
EG.CONIA.ON.VOL,2018-04-30,9355.5
EG.CONIA.ON.VOL,2018-05-02,6842.5
EG.CONIA.ON.VOL,2018-05-03,11876.2
EG.CONIA.ON.VOL,2018-05-06,8144.5
EG.CONIA.ON.VOL,2018-05-07,9047.5
EG.CONIA.ON.VOL,2018-05-08,4305.0
EG.CONIA.ON.VOL,2018-05-09,5056.8
EG.CONIA.ON.VOL,2018-05-10,5948.6
EG.CONIA.ON.VOL,2018-05-13,5729.5
EG.CONIA.ON.VOL,2018-05-14,5190.5
EG.CONIA.ON.VOL,2018-05-15,10504.2
EG.CONIA.ON.VOL,2018-05-16,8453.2
EG.CONIA.ON.VOL,2018-05-17,6650.7
EG.CONIA.ON.VOL,2018-05-20,11151.7
EG.CONIA.ON.VOL,2018-05-21,7623.7
EG.CONIA.ON.VOL,2018-05-22,5404.0
EG.CONIA.ON.VOL,2018-05-23,4018.0
EG.CONIA.ON.VOL,2018-05-24,4690.0
EG.CONIA.ON.VOL,2018-05-27,5659.5
EG.CONIA.ON.VOL,2018-05-28,4189.5
EG.CONIA.ON.VOL,2018-05-29,6895.0
EG.CONIA.ON.VOL,2018-05-30,4436.6
EG.CONIA.ON.VOL,2018-05-31,7395.5
EG.CONIA.ON.VOL,2018-06-03,7473.2
EG.CONIA.ON.VOL,2018-06-04,6906.2
EG.CONIA.ON.VOL,2018-06-05,4366.6
EG.CONIA.ON.VOL,2018-06-06,5866.7
EG.CONIA.ON.VOL,2018-06-07,6465.2
EG.CONIA.ON.VOL,2018-06-10,5646.2
EG.CONIA.ON.VOL,2018-06-11,5134.5
EG.CONIA.ON.VOL,2018-06-12,5376.0
EG.CONIA.ON.VOL,2018-06-13,5691.0
EG.CONIA.ON.VOL,2018-06-14,5169.5
EG.CONIA.ON.VOL,2018-06-19,3255.0
EG.CONIA.ON.VOL,2018-06-20,2740.5
EG.CONIA.ON.VOL,2018-06-21,3731.0
EG.CONIA.ON.VOL,2018-06-24,4259.5
EG.CONIA.ON.VOL,2018-06-25,4875.5
EG.CONIA.ON.VOL,2018-06-26,5369.0
EG.CONIA.ON.VOL,2018-06-27,5257.0
EG.CONIA.ON.VOL,2018-06-28,7864.5
EG.CONIA.ON.VOL,2018-07-02,4795.0
EG.CONIA.ON.VOL,2018-07-03,3234.0
EG.CONIA.ON.VOL,2018-07-04,1760.5
EG.CONIA.ON.VOL,2018-07-05,3279.5
EG.CONIA.ON.VOL,2018-07-08,4382.0
EG.CONIA.ON.VOL,2018-07-09,3678.5
EG.CONIA.ON.VOL,2018-07-10,5425.0
EG.CONIA.ON.VOL,2018-07-11,4392.5
EG.CONIA.ON.VOL,2018-07-12,6163.5
EG.CONIA.ON.VOL,2018-07-15,3759.0
EG.CONIA.ON.VOL,2018-07-16,6086.5
EG.CONIA.ON.VOL,2018-07-17,2572.5
EG.CONIA.ON.VOL,2018-07-18,4501.0
EG.CONIA.ON.VOL,2018-07-19,3664.5
EG.CONIA.ON.VOL,2018-07-22,4196.5
EG.CONIA.ON.VOL,2018-07-24,6156.5
EG.CONIA.ON.VOL,2018-07-25,5967.5
EG.CONIA.ON.VOL,2018-07-26,7672.0
EG.CONIA.ON.VOL,2018-07-29,8249.5
EG.CONIA.ON.VOL,2018-07-30,4165.0
EG.CONIA.ON.VOL,2018-07-31,7056.0
EG.CONIA.ON.VOL,2018-08-01,4140.5
EG.CONIA.ON.VOL,2018-08-02,5208.0
EG.CONIA.ON.VOL,2018-08-05,4557.0
EG.CONIA.ON.VOL,2018-08-06,4235.0
EG.CONIA.ON.VOL,2018-08-07,6534.5
EG.CONIA.ON.VOL,2018-08-08,6566.0
EG.CONIA.ON.VOL,2018-08-09,8424.5
EG.CONIA.ON.VOL,2018-08-12,7017.5
EG.CONIA.ON.VOL,2018-08-13,6258.0
EG.CONIA.ON.VOL,2018-08-14,5379.5
EG.CONIA.ON.VOL,2018-08-15,4525.5
EG.CONIA.ON.VOL,2018-08-16,5782.0
EG.CONIA.ON.VOL,2018-08-19,5498.5
EG.CONIA.ON.VOL,2018-08-26,5372.5
EG.CONIA.ON.VOL,2018-08-27,6923.0
EG.CONIA.ON.VOL,2018-08-28,2583.0
EG.CONIA.ON.VOL,2018-08-29,3622.5
EG.CONIA.ON.VOL,2018-08-30,4438.0
EG.CONIA.ON.VOL,2018-09-02,5012.0
EG.CONIA.ON.VOL,2018-09-03,3479.0
EG.CONIA.ON.VOL,2018-09-04,6930.0
EG.CONIA.ON.VOL,2018-09-05,8295.0
EG.CONIA.ON.VOL,2018-09-06,6111.0
EG.CONIA.ON.VOL,2018-09-09,8624.0
EG.CONIA.ON.VOL,2018-09-10,6954.5
EG.CONIA.ON.VOL,2018-09-12,3825.5
EG.CONIA.ON.VOL,2018-09-13,4277.0
EG.CONIA.ON.VOL,2018-09-16,4875.5
EG.CONIA.ON.VOL,2018-09-17,5509.0
EG.CONIA.ON.VOL,2018-09-18,8253.0
EG.CONIA.ON.VOL,2018-09-19,7871.5
EG.CONIA.ON.VOL,2018-09-20,7700.0
EG.CONIA.ON.VOL,2018-09-23,4630.5
EG.CONIA.ON.VOL,2018-09-24,3657.5
EG.CONIA.ON.VOL,2018-09-25,4508.0
EG.CONIA.ON.VOL,2018-09-26,6132.0
EG.CONIA.ON.VOL,2018-09-27,7003.5
EG.CONIA.ON.VOL,2018-09-30,6625.5
EG.CONIA.ON.VOL,2018-10-01,4924.5
EG.CONIA.ON.VOL,2018-10-02,9590.0
EG.CONIA.ON.VOL,2018-10-03,9348.5
EG.CONIA.ON.VOL,2018-10-04,9009.0
EG.CONIA.ON.VOL,2018-10-08,7308.0
EG.CONIA.ON.VOL,2018-10-09,8333.5
EG.CONIA.ON.VOL,2018-10-10,6804.0
EG.CONIA.ON.VOL,2018-10-11,7126.0
EG.CONIA.ON.VOL,2018-10-14,4270.0
EG.CONIA.ON.VOL,2018-10-15,3913.0
EG.CONIA.ON.VOL,2018-10-16,9614.5
EG.CONIA.ON.VOL,2018-10-17,9516.5
EG.CONIA.ON.VOL,2018-10-18,12463.5
EG.CONIA.ON.VOL,2018-10-21,9149.0
EG.CONIA.ON.VOL,2018-10-22,8956.5
EG.CONIA.ON.VOL,2018-10-23,10591.0
EG.CONIA.ON.VOL,2018-10-24,10017.0
EG.CONIA.ON.VOL,2018-10-25,8554.0
EG.CONIA.ON.VOL,2018-10-28,6779.5
EG.CONIA.ON.VOL,2018-10-29,8389.5
EG.CONIA.ON.VOL,2018-10-30,13181.0
EG.CONIA.ON.VOL,2018-10-31,13895.0
EG.CONIA.ON.VOL,2018-11-01,11875.5
EG.CONIA.ON.VOL,2018-11-04,10733.1
EG.CONIA.ON.VOL,2018-11-05,10115.0
EG.CONIA.ON.VOL,2018-11-06,11557.0
EG.CONIA.ON.VOL,2018-11-07,12089.0
EG.CONIA.ON.VOL,2018-11-08,11497.5
EG.CONIA.ON.VOL,2018-11-11,10269.0
EG.CONIA.ON.VOL,2018-11-12,10965.5
EG.CONIA.ON.VOL,2018-11-13,9005.5
EG.CONIA.ON.VOL,2018-11-14,10202.5
EG.CONIA.ON.VOL,2018-11-15,10787.0
EG.CONIA.ON.VOL,2018-11-18,8193.5
EG.CONIA.ON.VOL,2018-11-19,7595.0
EG.CONIA.ON.VOL,2018-11-21,11333.0
EG.CONIA.ON.VOL,2018-11-22,11147.5
EG.CONIA.ON.VOL,2018-11-25,11364.5
EG.CONIA.ON.VOL,2018-11-26,9030.0
EG.CONIA.ON.VOL,2018-11-27,12526.5
EG.CONIA.ON.VOL,2018-11-28,11826.5
EG.CONIA.ON.VOL,2018-11-29,13156.5
EG.CONIA.ON.VOL,2018-12-02,11305.0
EG.CONIA.ON.VOL,2018-12-03,9492.0
EG.CONIA.ON.VOL,2018-12-04,12383.0
EG.CONIA.ON.VOL,2018-12-05,8410.5
EG.CONIA.ON.VOL,2018-12-06,7581.0
EG.CONIA.ON.VOL,2018-12-09,9422.0
EG.CONIA.ON.VOL,2018-12-10,8123.5
EG.CONIA.ON.VOL,2018-12-11,9828.0
EG.CONIA.ON.VOL,2018-12-12,8008.0
EG.CONIA.ON.VOL,2018-12-13,9033.5
EG.CONIA.ON.VOL,2018-12-16,8204.0
EG.CONIA.ON.VOL,2018-12-17,9401.0
EG.CONIA.ON.VOL,2018-12-18,5092.5
EG.CONIA.ON.VOL,2018-12-19,4984.0
EG.CONIA.ON.VOL,2018-12-20,8851.5
EG.CONIA.ON.VOL,2018-12-23,10118.5
EG.CONIA.ON.VOL,2018-12-24,9436.0
EG.CONIA.ON.VOL,2018-12-25,7528.5
EG.CONIA.ON.VOL,2018-12-26,7889.0
EG.CONIA.ON.VOL,2018-12-27,8347.5
EG.CONIA.ON.VOL,2018-12-30,6373.5
EG.CONIA.ON.VOL,2018-12-31,8421.0
EG.CONIA.ON.VOL,2019-01-02,4760.0
EG.CONIA.ON.VOL,2019-01-03,7546.0
EG.CONIA.ON.VOL,2019-01-06,6534.5
EG.CONIA.ON.VOL,2019-01-08,6167.0
EG.CONIA.ON.VOL,2019-01-09,4886.0
EG.CONIA.ON.VOL,2019-01-10,6524.0
EG.CONIA.ON.VOL,2019-01-13,2544.5
EG.CONIA.ON.VOL,2019-01-14,3839.5
EG.CONIA.ON.VOL,2019-01-15,5099.5
EG.CONIA.ON.VOL,2019-01-16,5390.0
EG.CONIA.ON.VOL,2019-01-17,7336.0
EG.CONIA.ON.VOL,2019-01-20,6706.0
EG.CONIA.ON.VOL,2019-01-21,6076.0
EG.CONIA.ON.VOL,2019-01-22,9744.0
EG.CONIA.ON.VOL,2019-01-23,7899.5
EG.CONIA.ON.VOL,2019-01-27,1522.5
EG.CONIA.ON.VOL,2019-01-28,3920.0
EG.CONIA.ON.VOL,2019-01-29,7189.0
EG.CONIA.ON.VOL,2019-01-30,6174.0
EG.CONIA.ON.VOL,2019-01-31,5463.5
EG.CONIA.ON.VOL,2019-02-03,6517.0
EG.CONIA.ON.VOL,2019-02-04,7234.5
EG.CONIA.ON.VOL,2019-02-05,6982.5
EG.CONIA.ON.VOL,2019-02-06,8949.5
EG.CONIA.ON.VOL,2019-02-07,13097.0
EG.CONIA.ON.VOL,2019-02-10,11623.5
EG.CONIA.ON.VOL,2019-02-11,8389.5
EG.CONIA.ON.VOL,2019-02-12,5365.5
EG.CONIA.ON.VOL,2019-02-13,7487.9
EG.CONIA.ON.VOL,2019-02-14,6506.5
EG.CONIA.ON.VOL,2019-02-17,6492.5
EG.CONIA.ON.VOL,2019-02-18,7084.0
EG.CONIA.ON.VOL,2019-02-19,6489.0
EG.CONIA.ON.VOL,2019-02-20,6160.0
EG.CONIA.ON.VOL,2019-02-21,8099.0
EG.CONIA.ON.VOL,2019-02-24,4658.5
EG.CONIA.ON.VOL,2019-02-25,6223.0
EG.CONIA.ON.VOL,2019-02-26,6065.5
EG.CONIA.ON.VOL,2019-02-27,7227.5
EG.CONIA.ON.VOL,2019-02-28,6573.7
EG.CONIA.ON.VOL,2019-03-03,7850.5
EG.CONIA.ON.VOL,2019-03-04,9635.5
EG.CONIA.ON.VOL,2019-03-05,9324.0
EG.CONIA.ON.VOL,2019-03-06,11266.5
EG.CONIA.ON.VOL,2019-03-07,14332.5
EG.CONIA.ON.VOL,2019-03-10,15477.0
EG.CONIA.ON.VOL,2019-03-11,13555.5
EG.CONIA.ON.VOL,2019-03-12,6167.0
EG.CONIA.ON.VOL,2019-03-13,6282.5
EG.CONIA.ON.VOL,2019-03-14,6751.5
EG.CONIA.ON.VOL,2019-03-17,7108.5
EG.CONIA.ON.VOL,2019-03-18,5806.5
EG.CONIA.ON.VOL,2019-03-19,9663.5
EG.CONIA.ON.VOL,2019-03-20,11651.5
EG.CONIA.ON.VOL,2019-03-21,12929.0
EG.CONIA.ON.VOL,2019-03-24,10069.5
EG.CONIA.ON.VOL,2019-03-25,7763.0
EG.CONIA.ON.VOL,2019-03-26,8914.5
EG.CONIA.ON.VOL,2019-03-27,6517.0
EG.CONIA.ON.VOL,2019-03-28,7108.5
EG.CONIA.ON.VOL,2019-03-31,7521.5
EG.CONIA.ON.VOL,2019-04-01,10685.5
EG.CONIA.ON.VOL,2019-04-02,6587.0
EG.CONIA.ON.VOL,2019-04-03,6863.5
EG.CONIA.ON.VOL,2019-04-04,12110.0
EG.CONIA.ON.VOL,2019-04-07,9352.0
EG.CONIA.ON.VOL,2019-04-08,6835.5
EG.CONIA.ON.VOL,2019-04-09,6996.5
EG.CONIA.ON.VOL,2019-04-10,6226.5
EG.CONIA.ON.VOL,2019-04-11,8641.5
EG.CONIA.ON.VOL,2019-04-14,7133.0
EG.CONIA.ON.VOL,2019-04-15,5796.0
EG.CONIA.ON.VOL,2019-04-16,5176.5
EG.CONIA.ON.VOL,2019-04-17,5075.0
EG.CONIA.ON.VOL,2019-04-18,5821.9
EG.CONIA.ON.VOL,2019-04-21,3048.5
EG.CONIA.ON.VOL,2019-04-22,4889.5
EG.CONIA.ON.VOL,2019-04-23,6317.5
EG.CONIA.ON.VOL,2019-04-24,3384.5
EG.CONIA.ON.VOL,2019-04-30,10110.8
EG.CONIA.ON.VOL,2019-05-02,8928.5
EG.CONIA.ON.VOL,2019-05-05,10034.5
EG.CONIA.ON.VOL,2019-05-06,14952.0
EG.CONIA.ON.VOL,2019-05-07,4574.5
EG.CONIA.ON.VOL,2019-05-08,5005.0
EG.CONIA.ON.VOL,2019-05-09,6429.5
EG.CONIA.ON.VOL,2019-05-12,4791.5
EG.CONIA.ON.VOL,2019-05-13,4879.0
EG.CONIA.ON.VOL,2019-05-14,3612.0
EG.CONIA.ON.VOL,2019-05-15,5939.5
EG.CONIA.ON.VOL,2019-05-16,9135.0
EG.CONIA.ON.VOL,2019-05-19,2376.5
EG.CONIA.ON.VOL,2019-05-20,1323.0
EG.CONIA.ON.VOL,2019-05-21,5943.0
EG.CONIA.ON.VOL,2019-05-22,5502.0
EG.CONIA.ON.VOL,2019-05-23,9023.0
EG.CONIA.ON.VOL,2019-05-26,9628.5
EG.CONIA.ON.VOL,2019-05-27,8535.8
EG.CONIA.ON.VOL,2019-05-28,6020.0
EG.CONIA.ON.VOL,2019-05-29,8533.0
EG.CONIA.ON.VOL,2019-05-30,13650.0
EG.CONIA.ON.VOL,2019-06-02,9982.0
EG.CONIA.ON.VOL,2019-06-03,11182.5
EG.CONIA.ON.VOL,2019-06-09,6002.5
EG.CONIA.ON.VOL,2019-06-10,6800.5
EG.CONIA.ON.VOL,2019-06-11,10416.0
EG.CONIA.ON.VOL,2019-06-12,9618.0
EG.CONIA.ON.VOL,2019-06-13,7707.0
EG.CONIA.ON.VOL,2019-06-16,3493.0
EG.CONIA.ON.VOL,2019-06-17,3311.0
EG.CONIA.ON.VOL,2019-06-18,4154.5
EG.CONIA.ON.VOL,2019-06-19,5565.0
EG.CONIA.ON.VOL,2019-06-20,5596.5
EG.CONIA.ON.VOL,2019-06-23,5292.0
EG.CONIA.ON.VOL,2019-06-24,6083.0
EG.CONIA.ON.VOL,2019-06-25,3024.0
EG.CONIA.ON.VOL,2019-06-26,4021.5
EG.CONIA.ON.VOL,2019-06-27,5750.5
EG.CONIA.ON.VOL,2019-07-02,12127.5
EG.CONIA.ON.VOL,2019-07-03,11056.5
EG.CONIA.ON.VOL,2019-07-04,12652.5
EG.CONIA.ON.VOL,2019-07-07,7871.5
EG.CONIA.ON.VOL,2019-07-08,6156.5
EG.CONIA.ON.VOL,2019-07-09,9443.0
EG.CONIA.ON.VOL,2019-07-10,11161.5
EG.CONIA.ON.VOL,2019-07-11,7070.0
EG.CONIA.ON.VOL,2019-07-14,7773.5
EG.CONIA.ON.VOL,2019-07-15,5806.5
EG.CONIA.ON.VOL,2019-07-16,7962.5
EG.CONIA.ON.VOL,2019-07-17,10335.5
EG.CONIA.ON.VOL,2019-07-18,7850.5
EG.CONIA.ON.VOL,2019-07-21,7171.5
EG.CONIA.ON.VOL,2019-07-22,8855.0
EG.CONIA.ON.VOL,2019-07-24,5978.0
EG.CONIA.ON.VOL,2019-07-25,4207.0
EG.CONIA.ON.VOL,2019-07-28,3195.5
EG.CONIA.ON.VOL,2019-07-29,6510.0
EG.CONIA.ON.VOL,2019-07-30,5257.0
EG.CONIA.ON.VOL,2019-07-31,5985.0
EG.CONIA.ON.VOL,2019-08-01,6982.5
EG.CONIA.ON.VOL,2019-08-04,8396.5
EG.CONIA.ON.VOL,2019-08-05,11095.0
EG.CONIA.ON.VOL,2019-08-06,15050.0
EG.CONIA.ON.VOL,2019-08-07,11063.5
EG.CONIA.ON.VOL,2019-08-08,5376.0
EG.CONIA.ON.VOL,2019-08-14,7710.5
EG.CONIA.ON.VOL,2019-08-15,13485.5
EG.CONIA.ON.VOL,2019-08-18,11917.5
EG.CONIA.ON.VOL,2019-08-19,12082.0
EG.CONIA.ON.VOL,2019-08-20,11984.0
EG.CONIA.ON.VOL,2019-08-21,9229.5
EG.CONIA.ON.VOL,2019-08-22,8750.0
EG.CONIA.ON.VOL,2019-08-25,12435.5
EG.CONIA.ON.VOL,2019-08-26,10346.0
EG.CONIA.ON.VOL,2019-08-27,5754.0
EG.CONIA.ON.VOL,2019-08-28,8116.5
EG.CONIA.ON.VOL,2019-08-29,7476.0
EG.CONIA.ON.VOL,2019-09-01,7686.0
EG.CONIA.ON.VOL,2019-09-02,10853.5
EG.CONIA.ON.VOL,2019-09-03,10391.5
EG.CONIA.ON.VOL,2019-09-04,13748.0
EG.CONIA.ON.VOL,2019-09-05,16177.0
EG.CONIA.ON.VOL,2019-09-08,15232.0
EG.CONIA.ON.VOL,2019-09-09,15050.0
EG.CONIA.ON.VOL,2019-09-10,5141.5
EG.CONIA.ON.VOL,2019-09-11,7570.5
EG.CONIA.ON.VOL,2019-09-12,11777.5
EG.CONIA.ON.VOL,2019-09-15,10356.5
EG.CONIA.ON.VOL,2019-09-16,11319.0
EG.CONIA.ON.VOL,2019-09-17,8176.0
EG.CONIA.ON.VOL,2019-09-18,8659.0
EG.CONIA.ON.VOL,2019-09-19,12043.5
EG.CONIA.ON.VOL,2019-09-22,4459.0
EG.CONIA.ON.VOL,2019-09-23,6695.5
EG.CONIA.ON.VOL,2019-09-24,5267.5
EG.CONIA.ON.VOL,2019-09-25,8886.5
EG.CONIA.ON.VOL,2019-09-26,5866.0
EG.CONIA.ON.VOL,2019-09-29,9997.4
EG.CONIA.ON.VOL,2019-09-30,7434.0
EG.CONIA.ON.VOL,2019-10-01,8473.5
EG.CONIA.ON.VOL,2019-10-02,10269.0
EG.CONIA.ON.VOL,2019-10-03,10311.0
EG.CONIA.ON.VOL,2019-10-07,5211.5
EG.CONIA.ON.VOL,2019-10-08,6398.0
EG.CONIA.ON.VOL,2019-10-09,10283.0
EG.CONIA.ON.VOL,2019-10-10,11028.5
EG.CONIA.ON.VOL,2019-10-13,8060.5
EG.CONIA.ON.VOL,2019-10-14,9761.5
EG.CONIA.ON.VOL,2019-10-15,10878.0
EG.CONIA.ON.VOL,2019-10-16,7973.0
EG.CONIA.ON.VOL,2019-10-17,6709.5
EG.CONIA.ON.VOL,2019-10-20,6191.5
EG.CONIA.ON.VOL,2019-10-21,6657.0
EG.CONIA.ON.VOL,2019-10-22,7136.5
EG.CONIA.ON.VOL,2019-10-23,6881.0
EG.CONIA.ON.VOL,2019-10-24,4221.0
EG.CONIA.ON.VOL,2019-10-27,5771.5
EG.CONIA.ON.VOL,2019-10-28,8954.4
EG.CONIA.ON.VOL,2019-10-29,8690.5
EG.CONIA.ON.VOL,2019-10-30,9313.5
EG.CONIA.ON.VOL,2019-10-31,13685.0
EG.CONIA.ON.VOL,2019-11-03,11018.0
EG.CONIA.ON.VOL,2019-11-04,8119.3
EG.CONIA.ON.VOL,2019-11-05,7672.0
EG.CONIA.ON.VOL,2019-11-06,6055.0
EG.CONIA.ON.VOL,2019-11-07,14325.5
EG.CONIA.ON.VOL,2019-11-11,9677.5
EG.CONIA.ON.VOL,2019-11-12,7903.0
EG.CONIA.ON.VOL,2019-11-13,9509.5
EG.CONIA.ON.VOL,2019-11-14,13104.0
EG.CONIA.ON.VOL,2019-11-17,15736.0
EG.CONIA.ON.VOL,2019-11-18,10171.0
EG.CONIA.ON.VOL,2019-11-19,4991.0
EG.CONIA.ON.VOL,2019-11-20,6804.0
EG.CONIA.ON.VOL,2019-11-21,7693.0
EG.CONIA.ON.VOL,2019-11-24,6905.5
EG.CONIA.ON.VOL,2019-11-25,7486.5
EG.CONIA.ON.VOL,2019-11-26,8683.5
EG.CONIA.ON.VOL,2019-11-27,6181.0
EG.CONIA.ON.VOL,2019-11-28,9723.0
EG.CONIA.ON.VOL,2019-12-01,11788.0
EG.CONIA.ON.VOL,2019-12-02,8729.0
EG.CONIA.ON.VOL,2019-12-03,5530.0
EG.CONIA.ON.VOL,2019-12-04,6818.0
EG.CONIA.ON.VOL,2019-12-05,11301.5
EG.CONIA.ON.VOL,2019-12-08,7501.2
EG.CONIA.ON.VOL,2019-12-09,9572.5
EG.CONIA.ON.VOL,2019-12-10,8907.5
EG.CONIA.ON.VOL,2019-12-11,9915.5
EG.CONIA.ON.VOL,2019-12-12,10521.0
EG.CONIA.ON.VOL,2019-12-15,10195.5
EG.CONIA.ON.VOL,2019-12-16,7206.5
EG.CONIA.ON.VOL,2019-12-17,8872.5
EG.CONIA.ON.VOL,2019-12-18,7628.6
EG.CONIA.ON.VOL,2019-12-19,8043.0
EG.CONIA.ON.VOL,2019-12-22,8435.0
EG.CONIA.ON.VOL,2019-12-23,8228.5
EG.CONIA.ON.VOL,2019-12-24,6864.9
EG.CONIA.ON.VOL,2019-12-25,5509.0
EG.CONIA.ON.VOL,2019-12-26,7346.5
EG.CONIA.ON.VOL,2019-12-29,10174.5
EG.CONIA.ON.VOL,2019-12-30,10745.0
EG.CONIA.ON.VOL,2019-12-31,11434.5
EG.CONIA.ON.VOL,2020-01-02,9961.0
EG.CONIA.ON.VOL,2020-01-05,10790.5
EG.CONIA.ON.VOL,2020-01-06,10601.5
EG.CONIA.ON.VOL,2020-01-08,11788.0
EG.CONIA.ON.VOL,2020-01-09,13489.0
EG.CONIA.ON.VOL,2020-01-12,10033.8
EG.CONIA.ON.VOL,2020-01-13,10034.5
EG.CONIA.ON.VOL,2020-01-14,9306.5
EG.CONIA.ON.VOL,2020-01-15,7028.0
EG.CONIA.ON.VOL,2020-01-16,11029.2
EG.CONIA.ON.VOL,2020-01-19,8347.5
EG.CONIA.ON.VOL,2020-01-20,10542.0
EG.CONIA.ON.VOL,2020-01-21,9198.0
EG.CONIA.ON.VOL,2020-01-22,11116.0
EG.CONIA.ON.VOL,2020-01-23,7766.5
EG.CONIA.ON.VOL,2020-01-26,6545.0
EG.CONIA.ON.VOL,2020-01-27,7000.0
EG.CONIA.ON.VOL,2020-01-28,6216.0
EG.CONIA.ON.VOL,2020-01-29,9012.5
EG.CONIA.ON.VOL,2020-01-30,8697.5
EG.CONIA.ON.VOL,2020-02-02,9936.5
EG.CONIA.ON.VOL,2020-02-03,8764.0
EG.CONIA.ON.VOL,2020-02-04,9614.5
EG.CONIA.ON.VOL,2020-02-05,10027.5
EG.CONIA.ON.VOL,2020-02-06,12267.5
EG.CONIA.ON.VOL,2020-02-09,12246.5
EG.CONIA.ON.VOL,2020-02-10,10761.1
EG.CONIA.ON.VOL,2020-02-11,5932.5
EG.CONIA.ON.VOL,2020-02-12,9949.8
EG.CONIA.ON.VOL,2020-02-13,8031.8
EG.CONIA.ON.VOL,2020-02-16,7496.3
EG.CONIA.ON.VOL,2020-02-17,7275.8
EG.CONIA.ON.VOL,2020-02-18,6321.7
EG.CONIA.ON.VOL,2020-02-19,10761.8
EG.CONIA.ON.VOL,2020-02-20,7825.3
EG.CONIA.ON.VOL,2020-02-23,13354.6
EG.CONIA.ON.VOL,2020-02-24,12321.4
EG.CONIA.ON.VOL,2020-02-25,8857.8
EG.CONIA.ON.VOL,2020-02-26,8020.6
EG.CONIA.ON.VOL,2020-02-27,8108.1
EG.CONIA.ON.VOL,2020-03-01,6072.5
EG.CONIA.ON.VOL,2020-03-02,9912.0
EG.CONIA.ON.VOL,2020-03-03,13139.0
EG.CONIA.ON.VOL,2020-03-04,12176.5
EG.CONIA.ON.VOL,2020-03-05,16194.5
EG.CONIA.ON.VOL,2020-03-08,15550.5
EG.CONIA.ON.VOL,2020-03-09,9383.5
EG.CONIA.ON.VOL,2020-03-10,9390.5
EG.CONIA.ON.VOL,2020-03-11,11133.5
EG.CONIA.ON.VOL,2020-03-15,7871.5
EG.CONIA.ON.VOL,2020-03-16,9446.5
EG.CONIA.ON.VOL,2020-03-17,9999.5
EG.CONIA.ON.VOL,2020-03-18,15669.5
EG.CONIA.ON.VOL,2020-03-19,13363.0
EG.CONIA.ON.VOL,2020-03-22,13279.0
EG.CONIA.ON.VOL,2020-03-23,8631.0
EG.CONIA.ON.VOL,2020-03-24,3713.5
EG.CONIA.ON.VOL,2020-03-25,9982.0
EG.CONIA.ON.VOL,2020-03-26,8995.0
EG.CONIA.ON.VOL,2020-03-29,9859.5
EG.CONIA.ON.VOL,2020-03-30,7353.5
EG.CONIA.ON.VOL,2020-03-31,7038.5
EG.CONIA.ON.VOL,2020-04-01,8424.5
EG.CONIA.ON.VOL,2020-04-02,7826.7
EG.CONIA.ON.VOL,2020-04-05,7269.5
EG.CONIA.ON.VOL,2020-04-06,7230.3
EG.CONIA.ON.VOL,2020-04-07,5777.8
EG.CONIA.ON.VOL,2020-04-08,4807.6
EG.CONIA.ON.VOL,2020-04-09,6963.6
EG.CONIA.ON.VOL,2020-04-12,6862.1
EG.CONIA.ON.VOL,2020-04-13,6400.1
EG.CONIA.ON.VOL,2020-04-14,5311.6
EG.CONIA.ON.VOL,2020-04-15,8031.1
EG.CONIA.ON.VOL,2020-04-16,7807.1
EG.CONIA.ON.VOL,2020-04-21,6351.1
EG.CONIA.ON.VOL,2020-04-22,6470.1
EG.CONIA.ON.VOL,2020-04-23,11060.0
EG.CONIA.ON.VOL,2020-04-26,9233.0
EG.CONIA.ON.VOL,2020-04-27,11167.1
EG.CONIA.ON.VOL,2020-04-28,11594.1
EG.CONIA.ON.VOL,2020-04-29,5808.6
EG.CONIA.ON.VOL,2020-04-30,7287.0
EG.CONIA.ON.VOL,2020-05-03,5701.5
EG.CONIA.ON.VOL,2020-05-04,7663.6
EG.CONIA.ON.VOL,2020-05-05,6867.0
EG.CONIA.ON.VOL,2020-05-06,6583.5
EG.CONIA.ON.VOL,2020-05-07,9544.5
EG.CONIA.ON.VOL,2020-05-10,10199.0
EG.CONIA.ON.VOL,2020-05-11,8459.5
EG.CONIA.ON.VOL,2020-05-12,10315.2
EG.CONIA.ON.VOL,2020-05-13,8442.0
EG.CONIA.ON.VOL,2020-05-14,10832.5
EG.CONIA.ON.VOL,2020-05-17,7364.0
EG.CONIA.ON.VOL,2020-05-18,9516.5
EG.CONIA.ON.VOL,2020-05-19,5796.0
EG.CONIA.ON.VOL,2020-05-20,3129.0
EG.CONIA.ON.VOL,2020-05-21,6979.0
EG.CONIA.ON.VOL,2020-05-31,3587.5
EG.CONIA.ON.VOL,2020-06-01,7997.5
EG.CONIA.ON.VOL,2020-06-02,6667.5
EG.CONIA.ON.VOL,2020-06-03,5390.0
EG.CONIA.ON.VOL,2020-06-04,8827.0
EG.CONIA.ON.VOL,2020-06-07,4196.5
EG.CONIA.ON.VOL,2020-06-08,3059.0
EG.CONIA.ON.VOL,2020-06-09,4693.5
EG.CONIA.ON.VOL,2020-06-10,4084.5
EG.CONIA.ON.VOL,2020-06-11,7717.5
EG.CONIA.ON.VOL,2020-06-14,4728.5
EG.CONIA.ON.VOL,2020-06-15,7290.5
EG.CONIA.ON.VOL,2020-06-16,4508.0
EG.CONIA.ON.VOL,2020-06-17,4431.0
EG.CONIA.ON.VOL,2020-06-18,7752.5
EG.CONIA.ON.VOL,2020-06-21,6524.0
EG.CONIA.ON.VOL,2020-06-22,5362.0
EG.CONIA.ON.VOL,2020-06-23,6534.5
EG.CONIA.ON.VOL,2020-06-24,7308.0
EG.CONIA.ON.VOL,2020-06-25,9838.5
EG.CONIA.ON.VOL,2020-06-28,11903.5
EG.CONIA.ON.VOL,2020-06-29,12561.5
EG.CONIA.ON.VOL,2020-06-30,7742.0
EG.CONIA.ON.VOL,2020-07-05,7143.5
EG.CONIA.ON.VOL,2020-07-06,10104.5
EG.CONIA.ON.VOL,2020-07-07,12187.0
EG.CONIA.ON.VOL,2020-07-08,9527.0
EG.CONIA.ON.VOL,2020-07-09,7493.5
EG.CONIA.ON.VOL,2020-07-12,13450.5
EG.CONIA.ON.VOL,2020-07-13,13037.5
EG.CONIA.ON.VOL,2020-07-14,7707.0
EG.CONIA.ON.VOL,2020-07-15,8620.5
EG.CONIA.ON.VOL,2020-07-16,8505.0
EG.CONIA.ON.VOL,2020-07-19,7133.0
EG.CONIA.ON.VOL,2020-07-20,8382.5
EG.CONIA.ON.VOL,2020-07-21,7178.5
EG.CONIA.ON.VOL,2020-07-22,11557.0
EG.CONIA.ON.VOL,2020-07-26,6559.0
EG.CONIA.ON.VOL,2020-07-27,9033.5
EG.CONIA.ON.VOL,2020-07-28,4105.5
EG.CONIA.ON.VOL,2020-07-29,9887.5
EG.CONIA.ON.VOL,2020-08-04,7689.5
EG.CONIA.ON.VOL,2020-08-05,7315.0
EG.CONIA.ON.VOL,2020-08-06,11249.0
EG.CONIA.ON.VOL,2020-08-09,6076.0
EG.CONIA.ON.VOL,2020-08-10,10139.5
EG.CONIA.ON.VOL,2020-08-11,7581.0
EG.CONIA.ON.VOL,2020-08-12,4662.0
EG.CONIA.ON.VOL,2020-08-13,7255.5
EG.CONIA.ON.VOL,2020-08-16,6951.0
EG.CONIA.ON.VOL,2020-08-17,7623.0
EG.CONIA.ON.VOL,2020-08-18,8798.3
EG.CONIA.ON.VOL,2020-08-19,5673.5
EG.CONIA.ON.VOL,2020-08-23,5880.0
EG.CONIA.ON.VOL,2020-08-24,7353.5
EG.CONIA.ON.VOL,2020-08-25,5089.0
EG.CONIA.ON.VOL,2020-08-26,5925.5
EG.CONIA.ON.VOL,2020-08-27,8068.2
EG.CONIA.ON.VOL,2020-08-30,9009.0
EG.CONIA.ON.VOL,2020-08-31,13076.0
EG.CONIA.ON.VOL,2020-09-01,13177.5
EG.CONIA.ON.VOL,2020-09-02,15809.5
EG.CONIA.ON.VOL,2020-09-03,12558.0
EG.CONIA.ON.VOL,2020-09-06,14275.1
EG.CONIA.ON.VOL,2020-09-07,14140.0
EG.CONIA.ON.VOL,2020-09-08,8783.99
EG.CONIA.ON.VOL,2020-09-09,7485.1
EG.CONIA.ON.VOL,2020-09-10,11186.0
EG.CONIA.ON.VOL,2020-09-13,7700.0
EG.CONIA.ON.VOL,2020-09-14,9421.3
EG.CONIA.ON.VOL,2020-09-15,9890.3
EG.CONIA.ON.VOL,2020-09-16,17392.2
EG.CONIA.ON.VOL,2020-09-17,13537.3
EG.CONIA.ON.VOL,2020-09-20,10468.5
EG.CONIA.ON.VOL,2020-09-21,8673.0
EG.CONIA.ON.VOL,2020-09-22,10789.8
EG.CONIA.ON.VOL,2020-09-23,7251.3
EG.CONIA.ON.VOL,2020-09-24,10047.1
EG.CONIA.ON.VOL,2020-09-27,8456.0
EG.CONIA.ON.VOL,2020-09-28,10815.7
EG.CONIA.ON.VOL,2020-09-29,15388.8
EG.CONIA.ON.VOL,2020-09-30,10143.7
EG.CONIA.ON.VOL,2020-10-01,19652.5
EG.CONIA.ON.VOL,2020-10-04,14140.0
EG.CONIA.ON.VOL,2020-10-05,9851.8
EG.CONIA.ON.VOL,2020-10-06,14331.8
EG.CONIA.ON.VOL,2020-10-07,12677.0
EG.CONIA.ON.VOL,2020-10-11,13835.5
EG.CONIA.ON.VOL,2020-10-12,8630.3
EG.CONIA.ON.VOL,2020-10-13,8028.3
EG.CONIA.ON.VOL,2020-10-14,8566.6
EG.CONIA.ON.VOL,2020-10-15,11863.6
EG.CONIA.ON.VOL,2020-10-18,9603.3
EG.CONIA.ON.VOL,2020-10-19,8528.8
EG.CONIA.ON.VOL,2020-10-20,7658.7
EG.CONIA.ON.VOL,2020-10-21,8018.5
EG.CONIA.ON.VOL,2020-10-22,9054.5
EG.CONIA.ON.VOL,2020-10-25,9529.1
EG.CONIA.ON.VOL,2020-10-26,13079.5
EG.CONIA.ON.VOL,2020-10-27,8727.6
EG.CONIA.ON.VOL,2020-10-28,11868.5
EG.CONIA.ON.VOL,2020-11-01,9587.9
EG.CONIA.ON.VOL,2020-11-02,9452.8
EG.CONIA.ON.VOL,2020-11-03,7658.7
EG.CONIA.ON.VOL,2020-11-04,5393.5
EG.CONIA.ON.VOL,2020-11-05,6932.1
EG.CONIA.ON.VOL,2020-11-08,7331.1
EG.CONIA.ON.VOL,2020-11-09,10090.5
EG.CONIA.ON.VOL,2020-11-10,9545.9
EG.CONIA.ON.VOL,2020-11-11,10598.0
EG.CONIA.ON.VOL,2020-11-12,9123.8
EG.CONIA.ON.VOL,2020-11-15,4252.5
EG.CONIA.ON.VOL,2020-11-16,7177.8
EG.CONIA.ON.VOL,2020-11-17,10202.5
EG.CONIA.ON.VOL,2020-11-18,7698.6
EG.CONIA.ON.VOL,2020-11-19,9129.4
EG.CONIA.ON.VOL,2020-11-22,7336.7
EG.CONIA.ON.VOL,2020-11-23,12196.8
EG.CONIA.ON.VOL,2020-11-24,13170.5
EG.CONIA.ON.VOL,2020-11-25,12259.1
EG.CONIA.ON.VOL,2020-11-26,14070.0
EG.CONIA.ON.VOL,2020-11-29,7931.0
EG.CONIA.ON.VOL,2020-11-30,7658.0
EG.CONIA.ON.VOL,2020-12-01,11459.0
EG.CONIA.ON.VOL,2020-12-02,9591.4
EG.CONIA.ON.VOL,2020-12-03,15386.0
EG.CONIA.ON.VOL,2020-12-06,15316.7
EG.CONIA.ON.VOL,2020-12-07,14963.9
EG.CONIA.ON.VOL,2020-12-08,9712.5
EG.CONIA.ON.VOL,2020-12-09,7662.9
EG.CONIA.ON.VOL,2020-12-10,10019.1
EG.CONIA.ON.VOL,2020-12-13,16744.0
EG.CONIA.ON.VOL,2020-12-14,15384.6
EG.CONIA.ON.VOL,2020-12-15,6150.2
EG.CONIA.ON.VOL,2020-12-16,8265.6
EG.CONIA.ON.VOL,2020-12-17,11007.5
EG.CONIA.ON.VOL,2020-12-20,11243.4
EG.CONIA.ON.VOL,2020-12-21,22374.8
EG.CONIA.ON.VOL,2020-12-22,19026.7
EG.CONIA.ON.VOL,2020-12-23,7049.0
EG.CONIA.ON.VOL,2020-12-24,9299.5
EG.CONIA.ON.VOL,2020-12-27,7833.0
EG.CONIA.ON.VOL,2020-12-28,9558.5
EG.CONIA.ON.VOL,2020-12-29,7017.5
EG.CONIA.ON.VOL,2020-12-30,7530.6
EG.CONIA.ON.VOL,2020-12-31,8603.0
EG.CONIA.ON.VOL,2021-01-03,6160.0
EG.CONIA.ON.VOL,2021-01-04,5303.2
EG.CONIA.ON.VOL,2021-01-05,3675.0
EG.CONIA.ON.VOL,2021-01-06,1421.0
EG.CONIA.ON.VOL,2021-01-10,2674.0
EG.CONIA.ON.VOL,2021-01-11,3908.1
EG.CONIA.ON.VOL,2021-01-12,4833.5
EG.CONIA.ON.VOL,2021-01-13,5294.8
EG.CONIA.ON.VOL,2021-01-14,6742.4
EG.CONIA.ON.VOL,2021-01-17,8627.5
EG.CONIA.ON.VOL,2021-01-18,8442.0
EG.CONIA.ON.VOL,2021-01-19,9047.5
EG.CONIA.ON.VOL,2021-01-20,7349.3
EG.CONIA.ON.VOL,2021-01-21,8578.5
EG.CONIA.ON.VOL,2021-01-24,8242.5
EG.CONIA.ON.VOL,2021-01-25,7969.5
EG.CONIA.ON.VOL,2021-01-26,5754.0
EG.CONIA.ON.VOL,2021-01-27,4623.5
EG.CONIA.ON.VOL,2021-01-31,8557.5
EG.CONIA.ON.VOL,2021-02-01,7515.2
EG.CONIA.ON.VOL,2021-02-02,13377.0
EG.CONIA.ON.VOL,2021-02-03,16992.5
EG.CONIA.ON.VOL,2021-02-04,11700.5
EG.CONIA.ON.VOL,2021-02-07,17545.5
EG.CONIA.ON.VOL,2021-02-08,13716.5
EG.CONIA.ON.VOL,2021-02-09,4770.5
EG.CONIA.ON.VOL,2021-02-10,4684.4
EG.CONIA.ON.VOL,2021-02-11,7210.0
EG.CONIA.ON.VOL,2021-02-14,8001.7
EG.CONIA.ON.VOL,2021-02-15,8598.1
EG.CONIA.ON.VOL,2021-02-16,11195.8
EG.CONIA.ON.VOL,2021-02-17,12227.6
EG.CONIA.ON.VOL,2021-02-18,12145.0
EG.CONIA.ON.VOL,2021-02-21,10713.5
EG.CONIA.ON.VOL,2021-02-22,10700.2
EG.CONIA.ON.VOL,2021-02-23,5405.4
EG.CONIA.ON.VOL,2021-02-24,9441.6
EG.CONIA.ON.VOL,2021-02-25,13815.2
EG.CONIA.ON.VOL,2021-02-28,15708.0
EG.CONIA.ON.VOL,2021-03-01,13538.0
EG.CONIA.ON.VOL,2021-03-02,18868.5
EG.CONIA.ON.VOL,2021-03-03,13891.5
EG.CONIA.ON.VOL,2021-03-04,14200.9
EG.CONIA.ON.VOL,2021-03-07,13475.0
EG.CONIA.ON.VOL,2021-03-08,17711.4
EG.CONIA.ON.VOL,2021-03-09,6594.0
EG.CONIA.ON.VOL,2021-03-10,8333.5
EG.CONIA.ON.VOL,2021-03-11,14399.0
EG.CONIA.ON.VOL,2021-03-14,11480.0
EG.CONIA.ON.VOL,2021-03-15,18298.0
EG.CONIA.ON.VOL,2021-03-16,15942.5
EG.CONIA.ON.VOL,2021-03-17,19558.0
EG.CONIA.ON.VOL,2021-03-18,17836.0
EG.CONIA.ON.VOL,2021-03-21,12200.3
EG.CONIA.ON.VOL,2021-03-22,12970.3
EG.CONIA.ON.VOL,2021-03-23,11472.3
EG.CONIA.ON.VOL,2021-03-24,8988.0
EG.CONIA.ON.VOL,2021-03-25,13544.3
EG.CONIA.ON.VOL,2021-03-28,20516.3
EG.CONIA.ON.VOL,2021-03-29,32437.3
EG.CONIA.ON.VOL,2021-03-30,27849.5
EG.CONIA.ON.VOL,2021-03-31,17514.0
EG.CONIA.ON.VOL,2021-04-01,19488.0
EG.CONIA.ON.VOL,2021-04-04,8468.6
EG.CONIA.ON.VOL,2021-04-05,5622.4
EG.CONIA.ON.VOL,2021-04-06,7962.5
EG.CONIA.ON.VOL,2021-04-07,6930.0
EG.CONIA.ON.VOL,2021-04-08,9366.0
EG.CONIA.ON.VOL,2021-04-11,12365.5
EG.CONIA.ON.VOL,2021-04-12,11297.3
EG.CONIA.ON.VOL,2021-04-13,14828.8
EG.CONIA.ON.VOL,2021-04-14,15574.3
EG.CONIA.ON.VOL,2021-04-15,13585.6
EG.CONIA.ON.VOL,2021-04-18,15083.6
EG.CONIA.ON.VOL,2021-04-19,14278.6
EG.CONIA.ON.VOL,2021-04-20,10927.0
EG.CONIA.ON.VOL,2021-04-21,11966.5
EG.CONIA.ON.VOL,2021-04-22,17997.0
EG.CONIA.ON.VOL,2021-04-25,14203.0
EG.CONIA.ON.VOL,2021-04-26,14073.5
EG.CONIA.ON.VOL,2021-04-27,15160.6
EG.CONIA.ON.VOL,2021-04-28,20193.6
EG.CONIA.ON.VOL,2021-05-04,13699.0
EG.CONIA.ON.VOL,2021-05-05,10937.5
EG.CONIA.ON.VOL,2021-05-06,22001.0
EG.CONIA.ON.VOL,2021-05-09,18175.5
EG.CONIA.ON.VOL,2021-05-10,16488.5
EG.CONIA.ON.VOL,2021-05-11,12561.5
EG.CONIA.ON.VOL,2021-05-17,11823.0
EG.CONIA.ON.VOL,2021-05-18,19845.0
EG.CONIA.ON.VOL,2021-05-19,13219.5
EG.CONIA.ON.VOL,2021-05-20,15018.5
EG.CONIA.ON.VOL,2021-05-23,16090.2
EG.CONIA.ON.VOL,2021-05-24,16191.0
EG.CONIA.ON.VOL,2021-05-25,15311.1
EG.CONIA.ON.VOL,2021-05-26,15459.5
EG.CONIA.ON.VOL,2021-05-27,11144.0
EG.CONIA.ON.VOL,2021-05-30,9620.1
EG.CONIA.ON.VOL,2021-05-31,9895.2
EG.CONIA.ON.VOL,2021-06-01,8459.5
EG.CONIA.ON.VOL,2021-06-02,10332.0
EG.CONIA.ON.VOL,2021-06-03,9817.5
EG.CONIA.ON.VOL,2021-06-06,10390.1
EG.CONIA.ON.VOL,2021-06-07,10951.5
EG.CONIA.ON.VOL,2021-06-08,8918.0
EG.CONIA.ON.VOL,2021-06-09,13027.0
EG.CONIA.ON.VOL,2021-06-10,12204.5
EG.CONIA.ON.VOL,2021-06-13,6979.0
EG.CONIA.ON.VOL,2021-06-14,2159.5
EG.CONIA.ON.VOL,2021-06-15,7426.3
EG.CONIA.ON.VOL,2021-06-16,5320.0
EG.CONIA.ON.VOL,2021-06-17,11366.6
EG.CONIA.ON.VOL,2021-06-20,10626.0
EG.CONIA.ON.VOL,2021-06-21,7584.5
EG.CONIA.ON.VOL,2021-06-22,8137.5
EG.CONIA.ON.VOL,2021-06-23,7577.5
EG.CONIA.ON.VOL,2021-06-24,4501.0
EG.CONIA.ON.VOL,2021-06-27,6272.0
EG.CONIA.ON.VOL,2021-06-28,5851.3
EG.CONIA.ON.VOL,2021-06-29,7387.1
EG.CONIA.ON.VOL,2021-06-30,14038.5
EG.CONIA.ON.VOL,2021-07-04,10363.5
EG.CONIA.ON.VOL,2021-07-05,11329.5
EG.CONIA.ON.VOL,2021-07-06,7280.0
EG.CONIA.ON.VOL,2021-07-07,8960.0
EG.CONIA.ON.VOL,2021-07-08,7150.5
EG.CONIA.ON.VOL,2021-07-11,9004.8
EG.CONIA.ON.VOL,2021-07-12,10258.5
EG.CONIA.ON.VOL,2021-07-13,9605.4
EG.CONIA.ON.VOL,2021-07-14,3682.0
EG.CONIA.ON.VOL,2021-07-15,7756.0
EG.CONIA.ON.VOL,2021-07-18,9352.0
EG.CONIA.ON.VOL,2021-07-25,13191.5
EG.CONIA.ON.VOL,2021-07-26,9201.5
EG.CONIA.ON.VOL,2021-07-27,6090.0
EG.CONIA.ON.VOL,2021-07-28,10668.0
EG.CONIA.ON.VOL,2021-07-29,11644.5
EG.CONIA.ON.VOL,2021-08-01,11903.5
EG.CONIA.ON.VOL,2021-08-02,11140.5
EG.CONIA.ON.VOL,2021-08-03,13583.5
EG.CONIA.ON.VOL,2021-08-04,11574.5
EG.CONIA.ON.VOL,2021-08-05,11228.0
EG.CONIA.ON.VOL,2021-08-08,10115.0
EG.CONIA.ON.VOL,2021-08-09,9954.0
EG.CONIA.ON.VOL,2021-08-10,2688.0
EG.CONIA.ON.VOL,2021-08-11,8391.6
EG.CONIA.ON.VOL,2021-08-15,6227.9
EG.CONIA.ON.VOL,2021-08-16,8502.9
EG.CONIA.ON.VOL,2021-08-17,8057.0
EG.CONIA.ON.VOL,2021-08-18,7224.7
EG.CONIA.ON.VOL,2021-08-19,8603.0
EG.CONIA.ON.VOL,2021-08-22,10430.0
EG.CONIA.ON.VOL,2021-08-23,7021.0
EG.CONIA.ON.VOL,2021-08-24,9359.0
EG.CONIA.ON.VOL,2021-08-25,7811.3
EG.CONIA.ON.VOL,2021-08-26,8795.5
EG.CONIA.ON.VOL,2021-08-29,13188.7
EG.CONIA.ON.VOL,2021-08-30,11767.7
EG.CONIA.ON.VOL,2021-08-31,7259.7
EG.CONIA.ON.VOL,2021-09-01,8078.0
EG.CONIA.ON.VOL,2021-09-02,10018.4
EG.CONIA.ON.VOL,2021-09-05,9726.5
EG.CONIA.ON.VOL,2021-09-06,6909.0
EG.CONIA.ON.VOL,2021-09-07,6997.2
EG.CONIA.ON.VOL,2021-09-08,8622.6
EG.CONIA.ON.VOL,2021-09-09,9120.3
EG.CONIA.ON.VOL,2021-09-12,10889.9
EG.CONIA.ON.VOL,2021-09-13,12984.3
EG.CONIA.ON.VOL,2021-09-14,12568.5
EG.CONIA.ON.VOL,2021-09-15,13135.5
EG.CONIA.ON.VOL,2021-09-16,14423.5
EG.CONIA.ON.VOL,2021-09-19,12439.0
EG.CONIA.ON.VOL,2021-09-20,15336.3
EG.CONIA.ON.VOL,2021-09-21,4695.6
EG.CONIA.ON.VOL,2021-09-22,6436.5
EG.CONIA.ON.VOL,2021-09-23,5376.0
EG.CONIA.ON.VOL,2021-09-26,7514.5
EG.CONIA.ON.VOL,2021-09-27,15269.1
EG.CONIA.ON.VOL,2021-09-28,6727.0
EG.CONIA.ON.VOL,2021-09-29,10507.0
EG.CONIA.ON.VOL,2021-09-30,8372.0
EG.CONIA.ON.VOL,2021-10-03,6790.0
EG.CONIA.ON.VOL,2021-10-04,11396.7
EG.CONIA.ON.VOL,2021-10-05,8372.0
EG.CONIA.ON.VOL,2021-10-06,8589.0
EG.CONIA.ON.VOL,2021-10-10,10437.0
EG.CONIA.ON.VOL,2021-10-11,15785.0
EG.CONIA.ON.VOL,2021-10-12,13100.5
EG.CONIA.ON.VOL,2021-10-13,12745.6
EG.CONIA.ON.VOL,2021-10-14,14013.3
EG.CONIA.ON.VOL,2021-10-17,13377.0
EG.CONIA.ON.VOL,2021-10-18,13778.1
EG.CONIA.ON.VOL,2021-10-19,6006.0
EG.CONIA.ON.VOL,2021-10-20,13304.2
EG.CONIA.ON.VOL,2021-10-24,7943.6
EG.CONIA.ON.VOL,2021-10-25,16765.0
EG.CONIA.ON.VOL,2021-10-26,13974.8
EG.CONIA.ON.VOL,2021-10-27,11022.9
EG.CONIA.ON.VOL,2021-10-28,10182.2
EG.CONIA.ON.VOL,2021-10-31,12817.0
EG.CONIA.ON.VOL,2021-11-01,13402.9
EG.CONIA.ON.VOL,2021-11-02,7483.0
EG.CONIA.ON.VOL,2021-11-03,6555.5
EG.CONIA.ON.VOL,2021-11-04,10874.5
EG.CONIA.ON.VOL,2021-11-07,10815.0
EG.CONIA.ON.VOL,2021-11-08,8591.8
EG.CONIA.ON.VOL,2021-11-09,11119.5
EG.CONIA.ON.VOL,2021-11-10,9251.9
EG.CONIA.ON.VOL,2021-11-11,15816.5
EG.CONIA.ON.VOL,2021-11-14,12701.5
EG.CONIA.ON.VOL,2021-11-15,12159.0
EG.CONIA.ON.VOL,2021-11-16,9247.0
EG.CONIA.ON.VOL,2021-11-17,9474.5
EG.CONIA.ON.VOL,2021-11-18,12341.0
EG.CONIA.ON.VOL,2021-11-21,8655.5
EG.CONIA.ON.VOL,2021-11-22,12504.8
EG.CONIA.ON.VOL,2021-11-23,11879.7
EG.CONIA.ON.VOL,2021-11-24,9135.0
EG.CONIA.ON.VOL,2021-11-25,15830.5
EG.CONIA.ON.VOL,2021-11-28,11690.0
EG.CONIA.ON.VOL,2021-11-29,14545.3
EG.CONIA.ON.VOL,2021-11-30,8995.0
EG.CONIA.ON.VOL,2021-12-01,13038.2
EG.CONIA.ON.VOL,2021-12-02,12390.0
EG.CONIA.ON.VOL,2021-12-05,11508.0
EG.CONIA.ON.VOL,2021-12-06,10020.5
EG.CONIA.ON.VOL,2021-12-07,7045.5
EG.CONIA.ON.VOL,2021-12-08,8197.0
EG.CONIA.ON.VOL,2021-12-09,12211.5
EG.CONIA.ON.VOL,2021-12-12,10951.5
EG.CONIA.ON.VOL,2021-12-13,9212.7
EG.CONIA.ON.VOL,2021-12-14,4939.2
EG.CONIA.ON.VOL,2021-12-15,8924.3
EG.CONIA.ON.VOL,2021-12-16,10345.3
EG.CONIA.ON.VOL,2021-12-19,6628.3
EG.CONIA.ON.VOL,2021-12-20,8710.1
EG.CONIA.ON.VOL,2021-12-21,9769.9
EG.CONIA.ON.VOL,2021-12-22,11743.2
EG.CONIA.ON.VOL,2021-12-23,15582.0
EG.CONIA.ON.VOL,2021-12-26,12880.0
EG.CONIA.ON.VOL,2021-12-27,9909.9
EG.CONIA.ON.VOL,2021-12-28,6535.9
EG.CONIA.ON.VOL,2021-12-29,11007.5
EG.CONIA.ON.VOL,2021-12-30,18228.0
EG.CONIA.ON.VOL,2022-01-02,10000.2
EG.CONIA.ON.VOL,2022-01-03,11151.0
EG.CONIA.ON.VOL,2022-01-04,13204.1
EG.CONIA.ON.VOL,2022-01-05,15382.5
EG.CONIA.ON.VOL,2022-01-09,10808.0
EG.CONIA.ON.VOL,2022-01-10,6097.7
EG.CONIA.ON.VOL,2022-01-11,10650.5
EG.CONIA.ON.VOL,2022-01-12,8708.0
EG.CONIA.ON.VOL,2022-01-13,15620.5
EG.CONIA.ON.VOL,2022-01-16,8799.0
EG.CONIA.ON.VOL,2022-01-17,10591.0
EG.CONIA.ON.VOL,2022-01-18,12140.1
EG.CONIA.ON.VOL,2022-01-19,12389.3
EG.CONIA.ON.VOL,2022-01-20,17424.4
EG.CONIA.ON.VOL,2022-01-23,20623.4
EG.CONIA.ON.VOL,2022-01-24,21361.9
EG.CONIA.ON.VOL,2022-01-25,6429.5
EG.CONIA.ON.VOL,2022-01-26,9019.5
EG.CONIA.ON.VOL,2022-01-30,15214.5
EG.CONIA.ON.VOL,2022-01-31,13831.3
EG.CONIA.ON.VOL,2022-02-01,11665.5
EG.CONIA.ON.VOL,2022-02-02,12659.5
EG.CONIA.ON.VOL,2022-02-03,16835.0
EG.CONIA.ON.VOL,2022-02-06,13807.5
EG.CONIA.ON.VOL,2022-02-07,13150.9
EG.CONIA.ON.VOL,2022-02-08,8812.3
EG.CONIA.ON.VOL,2022-02-09,9380.7
EG.CONIA.ON.VOL,2022-02-10,13407.1
EG.CONIA.ON.VOL,2022-02-13,13648.6
EG.CONIA.ON.VOL,2022-02-14,15719.2
EG.CONIA.ON.VOL,2022-02-15,13367.2
EG.CONIA.ON.VOL,2022-02-16,10551.8
EG.CONIA.ON.VOL,2022-02-17,12197.5
EG.CONIA.ON.VOL,2022-02-20,9023.0
EG.CONIA.ON.VOL,2022-02-21,8062.6
EG.CONIA.ON.VOL,2022-02-22,9508.1
EG.CONIA.ON.VOL,2022-02-23,11158.0
EG.CONIA.ON.VOL,2022-02-24,12670.0
EG.CONIA.ON.VOL,2022-02-27,12359.2
EG.CONIA.ON.VOL,2022-02-28,13044.5
EG.CONIA.ON.VOL,2022-03-01,17115.0
EG.CONIA.ON.VOL,2022-03-02,16439.5
EG.CONIA.ON.VOL,2022-03-03,17712.8
EG.CONIA.ON.VOL,2022-03-06,19050.5
EG.CONIA.ON.VOL,2022-03-07,22897.0
EG.CONIA.ON.VOL,2022-03-08,16873.5
EG.CONIA.ON.VOL,2022-03-09,15788.5
EG.CONIA.ON.VOL,2022-03-10,20065.5
EG.CONIA.ON.VOL,2022-03-13,18686.5
EG.CONIA.ON.VOL,2022-03-14,19565.0
EG.CONIA.ON.VOL,2022-03-15,20370.0
EG.CONIA.ON.VOL,2022-03-16,12376.0
EG.CONIA.ON.VOL,2022-03-17,18301.5
EG.CONIA.ON.VOL,2022-03-20,11189.5
EG.CONIA.ON.VOL,2022-03-21,13177.5
EG.CONIA.ON.VOL,2022-03-22,29960.0
EG.CONIA.ON.VOL,2022-03-23,24493.0
EG.CONIA.ON.VOL,2022-03-24,30198.0
EG.CONIA.ON.VOL,2022-03-27,26499.9
EG.CONIA.ON.VOL,2022-03-28,23887.5
EG.CONIA.ON.VOL,2022-03-29,23793.0
EG.CONIA.ON.VOL,2022-03-30,25179.0
EG.CONIA.ON.VOL,2022-03-31,18277.7
EG.CONIA.ON.VOL,2022-04-03,16454.9
EG.CONIA.ON.VOL,2022-04-04,13646.5
EG.CONIA.ON.VOL,2022-04-05,20055.0
EG.CONIA.ON.VOL,2022-04-06,30149.0
EG.CONIA.ON.VOL,2022-04-07,32504.5
EG.CONIA.ON.VOL,2022-04-10,30289.0
EG.CONIA.ON.VOL,2022-04-11,28399.0
EG.CONIA.ON.VOL,2022-04-12,27261.5
EG.CONIA.ON.VOL,2022-04-13,14000.0
EG.CONIA.ON.VOL,2022-04-14,19635.0
EG.CONIA.ON.VOL,2022-04-17,15533.0
EG.CONIA.ON.VOL,2022-04-18,18231.5
EG.CONIA.ON.VOL,2022-04-19,9688.7
EG.CONIA.ON.VOL,2022-04-20,15421.7
EG.CONIA.ON.VOL,2022-04-21,17871.0
EG.CONIA.ON.VOL,2022-04-26,19467.0
EG.CONIA.ON.VOL,2022-04-27,17178.0
EG.CONIA.ON.VOL,2022-04-28,20128.5
EG.CONIA.ON.VOL,2022-05-08,18386.2
EG.CONIA.ON.VOL,2022-05-09,15172.5
EG.CONIA.ON.VOL,2022-05-10,15343.3
EG.CONIA.ON.VOL,2022-05-11,16180.5
EG.CONIA.ON.VOL,2022-05-12,14402.5
EG.CONIA.ON.VOL,2022-05-15,17230.5
EG.CONIA.ON.VOL,2022-05-16,11158.0
EG.CONIA.ON.VOL,2022-05-17,15407.0
EG.CONIA.ON.VOL,2022-05-18,12922.0
EG.CONIA.ON.VOL,2022-05-19,4713.1
EG.CONIA.ON.VOL,2022-05-22,14301.0
EG.CONIA.ON.VOL,2022-05-23,25375.0
EG.CONIA.ON.VOL,2022-05-24,14070.0
EG.CONIA.ON.VOL,2022-05-25,19740.0
EG.CONIA.ON.VOL,2022-05-26,14003.5
EG.CONIA.ON.VOL,2022-05-29,11201.4
EG.CONIA.ON.VOL,2022-05-30,7599.9
EG.CONIA.ON.VOL,2022-05-31,9723.0
EG.CONIA.ON.VOL,2022-06-01,16877.0
EG.CONIA.ON.VOL,2022-06-02,14049.0
EG.CONIA.ON.VOL,2022-06-05,10752.0
EG.CONIA.ON.VOL,2022-06-06,11686.5
EG.CONIA.ON.VOL,2022-06-07,11585.0
EG.CONIA.ON.VOL,2022-06-08,12075.0
EG.CONIA.ON.VOL,2022-06-09,20020.0
EG.CONIA.ON.VOL,2022-06-12,15424.5
EG.CONIA.ON.VOL,2022-06-13,11238.5
EG.CONIA.ON.VOL,2022-06-14,5628.0
EG.CONIA.ON.VOL,2022-06-15,12138.0
EG.CONIA.ON.VOL,2022-06-16,21436.8
EG.CONIA.ON.VOL,2022-06-19,17418.1
EG.CONIA.ON.VOL,2022-06-20,18422.6
EG.CONIA.ON.VOL,2022-06-21,16814.0
EG.CONIA.ON.VOL,2022-06-22,12418.0
EG.CONIA.ON.VOL,2022-06-23,15634.5
EG.CONIA.ON.VOL,2022-06-26,7920.5
EG.CONIA.ON.VOL,2022-06-27,4935.0
EG.CONIA.ON.VOL,2022-06-28,8466.5
EG.CONIA.ON.VOL,2022-06-29,8046.5
EG.CONIA.ON.VOL,2022-07-03,13188.0
EG.CONIA.ON.VOL,2022-07-04,11529.0
EG.CONIA.ON.VOL,2022-07-05,9184.0
EG.CONIA.ON.VOL,2022-07-06,11063.5
EG.CONIA.ON.VOL,2022-07-07,16023.0
EG.CONIA.ON.VOL,2022-07-17,11613.0
EG.CONIA.ON.VOL,2022-07-18,14402.5
EG.CONIA.ON.VOL,2022-07-19,15582.0
EG.CONIA.ON.VOL,2022-07-20,19540.5
EG.CONIA.ON.VOL,2022-07-21,15589.0
EG.CONIA.ON.VOL,2022-07-24,7679.0
EG.CONIA.ON.VOL,2022-07-25,9479.4
EG.CONIA.ON.VOL,2022-07-26,12803.0
EG.CONIA.ON.VOL,2022-07-27,11501.0
EG.CONIA.ON.VOL,2022-07-28,18298.0
EG.CONIA.ON.VOL,2022-07-31,7628.6
EG.CONIA.ON.VOL,2022-08-01,11620.0
EG.CONIA.ON.VOL,2022-08-02,10157.0
EG.CONIA.ON.VOL,2022-08-03,6146.0
EG.CONIA.ON.VOL,2022-08-04,11130.0
EG.CONIA.ON.VOL,2022-08-07,15400.0
EG.CONIA.ON.VOL,2022-08-08,10668.0
EG.CONIA.ON.VOL,2022-08-09,9562.0
EG.CONIA.ON.VOL,2022-08-10,10510.5
EG.CONIA.ON.VOL,2022-08-11,14308.0
EG.CONIA.ON.VOL,2022-08-14,12068.0
EG.CONIA.ON.VOL,2022-08-15,13027.0
EG.CONIA.ON.VOL,2022-08-16,12869.5
EG.CONIA.ON.VOL,2022-08-17,14938.0
EG.CONIA.ON.VOL,2022-08-18,10878.0
EG.CONIA.ON.VOL,2022-08-21,2775.5
EG.CONIA.ON.VOL,2022-08-22,3419.5
EG.CONIA.ON.VOL,2022-08-23,12785.5
EG.CONIA.ON.VOL,2022-08-24,16278.5
EG.CONIA.ON.VOL,2022-08-25,15274.0
EG.CONIA.ON.VOL,2022-08-28,5169.5
EG.CONIA.ON.VOL,2022-08-29,9754.5
EG.CONIA.ON.VOL,2022-08-30,12106.5
EG.CONIA.ON.VOL,2022-08-31,3654.0
EG.CONIA.ON.VOL,2022-09-01,6671.0
EG.CONIA.ON.VOL,2022-09-04,5733.0
EG.CONIA.ON.VOL,2022-09-05,5806.5
EG.CONIA.ON.VOL,2022-09-06,6874.0
EG.CONIA.ON.VOL,2022-09-07,7588.0
EG.CONIA.ON.VOL,2022-09-08,6916.0
EG.CONIA.ON.VOL,2022-09-11,9418.5
EG.CONIA.ON.VOL,2022-09-12,9173.5
EG.CONIA.ON.VOL,2022-09-13,10584.0
EG.CONIA.ON.VOL,2022-09-14,8519.0
EG.CONIA.ON.VOL,2022-09-15,7973.0
EG.CONIA.ON.VOL,2022-09-18,3647.0
EG.CONIA.ON.VOL,2022-09-19,6545.0
EG.CONIA.ON.VOL,2022-09-20,4025.0
EG.CONIA.ON.VOL,2022-09-21,6464.5
EG.CONIA.ON.VOL,2022-09-22,7843.5
EG.CONIA.ON.VOL,2022-09-25,2401.0
EG.CONIA.ON.VOL,2022-09-26,3073.0
EG.CONIA.ON.VOL,2022-09-27,5663.0
EG.CONIA.ON.VOL,2022-09-28,5957.0
EG.CONIA.ON.VOL,2022-09-29,5453.0
EG.CONIA.ON.VOL,2022-10-02,6428.8
EG.CONIA.ON.VOL,2022-10-03,8669.5
EG.CONIA.ON.VOL,2022-10-04,4644.5
EG.CONIA.ON.VOL,2022-10-05,15445.5
EG.CONIA.ON.VOL,2022-10-09,13926.5
EG.CONIA.ON.VOL,2022-10-10,20727.0
EG.CONIA.ON.VOL,2022-10-11,12799.5
EG.CONIA.ON.VOL,2022-10-12,5278.0
EG.CONIA.ON.VOL,2022-10-13,9037.0
EG.CONIA.ON.VOL,2022-10-16,9345.0
EG.CONIA.ON.VOL,2022-10-17,11956.0
EG.CONIA.ON.VOL,2022-10-18,6132.0
EG.CONIA.ON.VOL,2022-10-19,7007.0
EG.CONIA.ON.VOL,2022-10-20,8613.5
EG.CONIA.ON.VOL,2022-10-23,8396.5
EG.CONIA.ON.VOL,2022-10-24,9569.0
EG.CONIA.ON.VOL,2022-10-25,20861.4
EG.CONIA.ON.VOL,2022-10-26,22837.5
EG.CONIA.ON.VOL,2022-10-27,24739.4
EG.CONIA.ON.VOL,2022-10-30,23730.0
EG.CONIA.ON.VOL,2022-10-31,17479.0
EG.CONIA.ON.VOL,2022-11-01,5887.0
EG.CONIA.ON.VOL,2022-11-02,8753.5
EG.CONIA.ON.VOL,2022-11-03,11904.2
EG.CONIA.ON.VOL,2022-11-06,16492.0
EG.CONIA.ON.VOL,2022-11-07,18368.0
EG.CONIA.ON.VOL,2022-11-08,10801.0
EG.CONIA.ON.VOL,2022-11-09,13461.0
EG.CONIA.ON.VOL,2022-11-10,15575.0
EG.CONIA.ON.VOL,2022-11-13,5677.0
EG.CONIA.ON.VOL,2022-11-14,6431.6
EG.CONIA.ON.VOL,2022-11-15,10913.0
EG.CONIA.ON.VOL,2022-11-16,9142.0
EG.CONIA.ON.VOL,2022-11-17,9079.0
EG.CONIA.ON.VOL,2022-11-20,15106.0
EG.CONIA.ON.VOL,2022-11-21,12474.0
EG.CONIA.ON.VOL,2022-11-22,9128.0
EG.CONIA.ON.VOL,2022-11-23,7175.0
EG.CONIA.ON.VOL,2022-11-24,7584.5
EG.CONIA.ON.VOL,2022-11-27,1918.0
EG.CONIA.ON.VOL,2022-11-28,5362.0
EG.CONIA.ON.VOL,2022-11-29,8627.5
EG.CONIA.ON.VOL,2022-11-30,9023.0
EG.CONIA.ON.VOL,2022-12-01,10038.0
EG.CONIA.ON.VOL,2022-12-04,7133.0
EG.CONIA.ON.VOL,2022-12-05,10909.5
EG.CONIA.ON.VOL,2022-12-06,8215.2
EG.CONIA.ON.VOL,2022-12-07,9961.0
EG.CONIA.ON.VOL,2022-12-08,5810.0
EG.CONIA.ON.VOL,2022-12-11,3636.5
EG.CONIA.ON.VOL,2022-12-12,6454.0
EG.CONIA.ON.VOL,2022-12-13,12474.0
EG.CONIA.ON.VOL,2022-12-14,10889.2
EG.CONIA.ON.VOL,2022-12-15,19218.5
EG.CONIA.ON.VOL,2022-12-18,7679.7
EG.CONIA.ON.VOL,2022-12-19,7861.7
EG.CONIA.ON.VOL,2022-12-20,6195.0
EG.CONIA.ON.VOL,2022-12-21,8176.0
EG.CONIA.ON.VOL,2022-12-22,9642.5
EG.CONIA.ON.VOL,2022-12-25,3658.2
EG.CONIA.ON.VOL,2022-12-26,6657.0
EG.CONIA.ON.VOL,2022-12-27,4753.0
EG.CONIA.ON.VOL,2022-12-28,4907.0
EG.CONIA.ON.VOL,2022-12-29,9548.0
EG.CONIA.ON.VOL,2023-01-02,14126.0
EG.CONIA.ON.VOL,2023-01-03,8015.0
EG.CONIA.ON.VOL,2023-01-04,9961.0
EG.CONIA.ON.VOL,2023-01-05,8666.0
EG.CONIA.ON.VOL,2023-01-09,13986.0
EG.CONIA.ON.VOL,2023-01-10,7623.0
EG.CONIA.ON.VOL,2023-01-11,13538.0
EG.CONIA.ON.VOL,2023-01-12,19593.0
EG.CONIA.ON.VOL,2023-01-15,16828.0
EG.CONIA.ON.VOL,2023-01-16,20769.0
EG.CONIA.ON.VOL,2023-01-17,26841.5
EG.CONIA.ON.VOL,2023-01-18,15403.5
EG.CONIA.ON.VOL,2023-01-19,22669.5
EG.CONIA.ON.VOL,2023-01-22,21087.5
EG.CONIA.ON.VOL,2023-01-23,19810.0
EG.CONIA.ON.VOL,2023-01-24,9863.0
EG.CONIA.ON.VOL,2023-01-25,17353.0
EG.CONIA.ON.VOL,2023-01-29,16768.5
EG.CONIA.ON.VOL,2023-01-30,19565.0
EG.CONIA.ON.VOL,2023-01-31,13496.0
EG.CONIA.ON.VOL,2023-02-01,19348.0
EG.CONIA.ON.VOL,2023-02-02,16653.0
EG.CONIA.ON.VOL,2023-02-05,12558.0
EG.CONIA.ON.VOL,2023-02-06,7661.5
EG.CONIA.ON.VOL,2023-02-07,14518.0
EG.CONIA.ON.VOL,2023-02-08,13748.0
EG.CONIA.ON.VOL,2023-02-09,18193.0
EG.CONIA.ON.VOL,2023-02-12,16184.0
EG.CONIA.ON.VOL,2023-02-13,15351.0
EG.CONIA.ON.VOL,2023-02-14,20545.0
EG.CONIA.ON.VOL,2023-02-15,15456.0
EG.CONIA.ON.VOL,2023-02-16,14868.0
EG.CONIA.ON.VOL,2023-02-19,6895.0
EG.CONIA.ON.VOL,2023-02-20,10055.5
EG.CONIA.ON.VOL,2023-02-21,9611.0
EG.CONIA.ON.VOL,2023-02-22,11116.0
EG.CONIA.ON.VOL,2023-02-23,13643.0
EG.CONIA.ON.VOL,2023-02-26,17220.0
EG.CONIA.ON.VOL,2023-02-27,15610.0
EG.CONIA.ON.VOL,2023-02-28,18515.0
EG.CONIA.ON.VOL,2023-03-01,15680.0
EG.CONIA.ON.VOL,2023-03-02,18095.0
EG.CONIA.ON.VOL,2023-03-05,10080.0
EG.CONIA.ON.VOL,2023-03-06,11887.4
EG.CONIA.ON.VOL,2023-03-07,11515.0
EG.CONIA.ON.VOL,2023-03-08,14735.0
EG.CONIA.ON.VOL,2023-03-09,14798.0
EG.CONIA.ON.VOL,2023-03-12,13440.0
EG.CONIA.ON.VOL,2023-03-13,10213.0
EG.CONIA.ON.VOL,2023-03-14,13125.0
EG.CONIA.ON.VOL,2023-03-15,15470.0
EG.CONIA.ON.VOL,2023-03-16,16891.0
EG.CONIA.ON.VOL,2023-03-19,17024.0
EG.CONIA.ON.VOL,2023-03-20,20024.9
EG.CONIA.ON.VOL,2023-03-21,17500.0
EG.CONIA.ON.VOL,2023-03-22,12880.0
EG.CONIA.ON.VOL,2023-03-23,27790.0
EG.CONIA.ON.VOL,2023-03-26,22750.0
EG.CONIA.ON.VOL,2023-03-27,24430.0
EG.CONIA.ON.VOL,2023-03-28,19565.0
EG.CONIA.ON.VOL,2023-03-29,20230.0
EG.CONIA.ON.VOL,2023-03-30,11214.0
EG.CONIA.ON.VOL,2023-04-02,12397.0
EG.CONIA.ON.VOL,2023-04-03,13048.0
EG.CONIA.ON.VOL,2023-04-04,14420.0
EG.CONIA.ON.VOL,2023-04-05,13335.0
EG.CONIA.ON.VOL,2023-04-06,18298.0
EG.CONIA.ON.VOL,2023-04-09,14056.0
EG.CONIA.ON.VOL,2023-04-10,24045.0
EG.CONIA.ON.VOL,2023-04-11,18515.0
EG.CONIA.ON.VOL,2023-04-12,13335.0
EG.CONIA.ON.VOL,2023-04-13,15141.0
EG.CONIA.ON.VOL,2023-04-18,19488.0
EG.CONIA.ON.VOL,2023-04-19,11760.0
EG.CONIA.ON.VOL,2023-04-26,25340.0
EG.CONIA.ON.VOL,2023-04-27,15120.0
EG.CONIA.ON.VOL,2023-04-30,2170.0
EG.CONIA.ON.VOL,2023-05-01,5733.0
EG.CONIA.ON.VOL,2023-05-02,11004.0
EG.CONIA.ON.VOL,2023-05-03,14385.0
EG.CONIA.ON.VOL,2023-05-07,13825.0
EG.CONIA.ON.VOL,2023-05-08,9310.0
EG.CONIA.ON.VOL,2023-05-09,18655.0
EG.CONIA.ON.VOL,2023-05-10,10815.0
EG.CONIA.ON.VOL,2023-05-11,14210.7
EG.CONIA.ON.VOL,2023-05-14,9541.7
EG.CONIA.ON.VOL,2023-05-15,14374.5
EG.CONIA.ON.VOL,2023-05-16,15109.5
EG.CONIA.ON.VOL,2023-05-17,18398.8
EG.CONIA.ON.VOL,2023-05-18,18728.5
EG.CONIA.ON.VOL,2023-05-21,19659.5
EG.CONIA.ON.VOL,2023-05-22,19345.2
EG.CONIA.ON.VOL,2023-05-23,17245.9
EG.CONIA.ON.VOL,2023-05-24,9334.5
EG.CONIA.ON.VOL,2023-05-25,10384.5
EG.CONIA.ON.VOL,2023-05-28,18032.7
EG.CONIA.ON.VOL,2023-05-29,19899.6
EG.CONIA.ON.VOL,2023-05-30,15703.8
EG.CONIA.ON.VOL,2023-05-31,13953.8
EG.CONIA.ON.VOL,2023-06-01,16648.1
EG.CONIA.ON.VOL,2023-06-04,20008.1
EG.CONIA.ON.VOL,2023-06-05,23998.1
EG.CONIA.ON.VOL,2023-06-06,17523.1
EG.CONIA.ON.VOL,2023-06-07,11958.1
EG.CONIA.ON.VOL,2023-06-08,21548.1
EG.CONIA.ON.VOL,2023-06-11,6498.1
EG.CONIA.ON.VOL,2023-06-12,12552.4
EG.CONIA.ON.VOL,2023-06-13,20496.0
EG.CONIA.ON.VOL,2023-06-14,13603.1
EG.CONIA.ON.VOL,2023-06-15,15050.0
EG.CONIA.ON.VOL,2023-06-18,15533.0
EG.CONIA.ON.VOL,2023-06-19,14378.0
EG.CONIA.ON.VOL,2023-06-20,31458.0
EG.CONIA.ON.VOL,2023-06-21,27013.0
EG.CONIA.ON.VOL,2023-06-22,19348.0
EG.CONIA.ON.VOL,2023-06-25,14605.5
EG.CONIA.ON.VOL,2023-06-26,24248.7
EG.CONIA.ON.VOL,2023-07-04,18361.0
EG.CONIA.ON.VOL,2023-07-05,28735.0
EG.CONIA.ON.VOL,2023-07-06,23695.0
EG.CONIA.ON.VOL,2023-07-09,6573.0
EG.CONIA.ON.VOL,2023-07-10,7707.0
EG.CONIA.ON.VOL,2023-07-11,14308.0
EG.CONIA.ON.VOL,2023-07-12,15704.5
EG.CONIA.ON.VOL,2023-07-13,16054.5
EG.CONIA.ON.VOL,2023-07-16,12869.5
EG.CONIA.ON.VOL,2023-07-17,13814.5
EG.CONIA.ON.VOL,2023-07-18,19446.0
EG.CONIA.ON.VOL,2023-07-19,27432.3
EG.CONIA.ON.VOL,2023-07-24,11084.5
EG.CONIA.ON.VOL,2023-07-25,12862.5
EG.CONIA.ON.VOL,2023-07-26,12635.0
EG.CONIA.ON.VOL,2023-07-27,15641.5
EG.CONIA.ON.VOL,2023-07-30,14196.0
EG.CONIA.ON.VOL,2023-07-31,15078.0
EG.CONIA.ON.VOL,2023-08-01,23562.0
EG.CONIA.ON.VOL,2023-08-02,13625.5
EG.CONIA.ON.VOL,2023-08-03,13111.0
EG.CONIA.ON.VOL,2023-08-06,7077.0
EG.CONIA.ON.VOL,2023-08-07,7021.0
EG.CONIA.ON.VOL,2023-08-08,16625.0
EG.CONIA.ON.VOL,2023-08-09,14420.0
EG.CONIA.ON.VOL,2023-08-10,20240.5
EG.CONIA.ON.VOL,2023-08-13,17101.0
EG.CONIA.ON.VOL,2023-08-14,27275.5
EG.CONIA.ON.VOL,2023-08-15,18830.0
EG.CONIA.ON.VOL,2023-08-16,23835.0
EG.CONIA.ON.VOL,2023-08-17,16649.5
EG.CONIA.ON.VOL,2023-08-20,11697.0
EG.CONIA.ON.VOL,2023-08-21,10080.7
EG.CONIA.ON.VOL,2023-08-22,18515.0
EG.CONIA.ON.VOL,2023-08-23,22505.0
EG.CONIA.ON.VOL,2023-08-24,13944.0
EG.CONIA.ON.VOL,2023-08-27,20895.0
EG.CONIA.ON.VOL,2023-08-28,17570.0
EG.CONIA.ON.VOL,2023-08-29,31150.0
EG.CONIA.ON.VOL,2023-08-30,18060.0
EG.CONIA.ON.VOL,2023-08-31,22942.5
EG.CONIA.ON.VOL,2023-09-03,10500.0
EG.CONIA.ON.VOL,2023-09-04,14150.5
EG.CONIA.ON.VOL,2023-09-05,10815.0
EG.CONIA.ON.VOL,2023-09-06,8505.0
EG.CONIA.ON.VOL,2023-09-07,8225.0
EG.CONIA.ON.VOL,2023-09-10,9877.0
EG.CONIA.ON.VOL,2023-09-11,16380.0
EG.CONIA.ON.VOL,2023-09-12,12740.0
EG.CONIA.ON.VOL,2023-09-13,13405.0
EG.CONIA.ON.VOL,2023-09-14,16457.0
EG.CONIA.ON.VOL,2023-09-17,6615.0
EG.CONIA.ON.VOL,2023-09-18,12952.8
EG.CONIA.ON.VOL,2023-09-19,12250.0
EG.CONIA.ON.VOL,2023-09-20,12845.0
EG.CONIA.ON.VOL,2023-09-21,13755.0
EG.CONIA.ON.VOL,2023-09-24,11354.0
EG.CONIA.ON.VOL,2023-09-25,13650.0
EG.CONIA.ON.VOL,2023-09-26,23205.0
EG.CONIA.ON.VOL,2023-09-27,29263.5
EG.CONIA.ON.VOL,2023-10-01,18672.5
EG.CONIA.ON.VOL,2023-10-02,15225.0
EG.CONIA.ON.VOL,2023-10-03,33635.0
EG.CONIA.ON.VOL,2023-10-04,31150.0
EG.CONIA.ON.VOL,2023-10-08,16520.0
EG.CONIA.ON.VOL,2023-10-09,13615.0
EG.CONIA.ON.VOL,2023-10-10,12670.0
EG.CONIA.ON.VOL,2023-10-11,24185.0
EG.CONIA.ON.VOL,2023-10-12,14490.0
EG.CONIA.ON.VOL,2023-10-15,12586.0
EG.CONIA.ON.VOL,2023-10-16,13195.7
EG.CONIA.ON.VOL,2023-10-17,11025.0
EG.CONIA.ON.VOL,2023-10-18,9345.0
EG.CONIA.ON.VOL,2023-10-19,13965.0
EG.CONIA.ON.VOL,2023-10-22,11053.0
EG.CONIA.ON.VOL,2023-10-23,18543.0
EG.CONIA.ON.VOL,2023-10-24,13818.0
EG.CONIA.ON.VOL,2023-10-25,20888.0
EG.CONIA.ON.VOL,2023-10-26,20090.0
EG.CONIA.ON.VOL,2023-10-29,16156.0
EG.CONIA.ON.VOL,2023-10-30,15218.0
EG.CONIA.ON.VOL,2023-10-31,16478.0
EG.CONIA.ON.VOL,2023-11-01,12383.0
EG.CONIA.ON.VOL,2023-11-02,20475.0
EG.CONIA.ON.VOL,2023-11-05,17073.0
EG.CONIA.ON.VOL,2023-11-06,19390.0
EG.CONIA.ON.VOL,2023-11-07,17570.0
EG.CONIA.ON.VOL,2023-11-08,21938.0
EG.CONIA.ON.VOL,2023-11-09,13454.0
EG.CONIA.ON.VOL,2023-11-12,14119.0
EG.CONIA.ON.VOL,2023-11-13,14864.5
EG.CONIA.ON.VOL,2023-11-14,13160.0
EG.CONIA.ON.VOL,2023-11-15,12110.0
EG.CONIA.ON.VOL,2023-11-16,16835.0
EG.CONIA.ON.VOL,2023-11-19,13090.0
EG.CONIA.ON.VOL,2023-11-20,14105.0
EG.CONIA.ON.VOL,2023-11-21,17199.0
EG.CONIA.ON.VOL,2023-11-22,27580.0
EG.CONIA.ON.VOL,2023-11-23,17605.0
EG.CONIA.ON.VOL,2023-11-26,21686.0
EG.CONIA.ON.VOL,2023-11-27,16776.9
EG.CONIA.ON.VOL,2023-11-28,15470.0
EG.CONIA.ON.VOL,2023-11-29,18620.0
EG.CONIA.ON.VOL,2023-11-30,9730.0
EG.CONIA.ON.VOL,2023-12-03,17920.0
EG.CONIA.ON.VOL,2023-12-04,24745.0
EG.CONIA.ON.VOL,2023-12-05,14770.0
EG.CONIA.ON.VOL,2023-12-06,16023.0
EG.CONIA.ON.VOL,2023-12-07,12278.0
EG.CONIA.ON.VOL,2023-12-10,10570.0
EG.CONIA.ON.VOL,2023-12-11,14528.5
EG.CONIA.ON.VOL,2023-12-12,12932.5
EG.CONIA.ON.VOL,2023-12-13,12722.5
EG.CONIA.ON.VOL,2023-12-14,11263.0
EG.CONIA.ON.VOL,2023-12-17,13965.0
EG.CONIA.ON.VOL,2023-12-18,11837.0
EG.CONIA.ON.VOL,2023-12-19,17780.0
EG.CONIA.ON.VOL,2023-12-20,20510.0
EG.CONIA.ON.VOL,2023-12-21,19145.0
EG.CONIA.ON.VOL,2023-12-24,13405.0
EG.CONIA.ON.VOL,2023-12-25,14042.0
EG.CONIA.ON.VOL,2023-12-26,17675.0
EG.CONIA.ON.VOL,2023-12-27,15050.0
EG.CONIA.ON.VOL,2023-12-28,17535.0
EG.CONIA.ON.VOL,2023-12-31,10325.0
EG.CONIA.ON.VOL,2024-01-02,23555.0
EG.CONIA.ON.VOL,2024-01-03,26628.0
EG.CONIA.ON.VOL,2024-01-04,24255.0
EG.CONIA.ON.VOL,2024-01-08,18504.5
EG.CONIA.ON.VOL,2024-01-09,15540.0
EG.CONIA.ON.VOL,2024-01-10,14378.0
EG.CONIA.ON.VOL,2024-01-11,19523.0
EG.CONIA.ON.VOL,2024-01-14,11865.0
EG.CONIA.ON.VOL,2024-01-15,16800.0
EG.CONIA.ON.VOL,2024-01-16,24710.0
EG.CONIA.ON.VOL,2024-01-17,12425.0
EG.CONIA.ON.VOL,2024-01-18,8015.0
EG.CONIA.ON.VOL,2024-01-21,4200.0
EG.CONIA.ON.VOL,2024-01-22,14303.8
EG.CONIA.ON.VOL,2024-01-23,14525.0
EG.CONIA.ON.VOL,2024-01-24,12530.0
EG.CONIA.ON.VOL,2024-01-28,12971.0
EG.CONIA.ON.VOL,2024-01-29,21945.0
EG.CONIA.ON.VOL,2024-01-30,19775.0
EG.CONIA.ON.VOL,2024-01-31,20296.5
EG.CONIA.ON.VOL,2024-02-01,10220.0
EG.CONIA.ON.VOL,2024-02-04,7157.5
EG.CONIA.ON.VOL,2024-02-05,10563.0
EG.CONIA.ON.VOL,2024-02-06,4900.0
EG.CONIA.ON.VOL,2024-02-07,5250.0
EG.CONIA.ON.VOL,2024-02-08,7455.0
EG.CONIA.ON.VOL,2024-02-11,4130.0
EG.CONIA.ON.VOL,2024-02-12,875.0
EG.CONIA.ON.VOL,2024-02-13,16800.0
EG.CONIA.ON.VOL,2024-02-14,14700.0
EG.CONIA.ON.VOL,2024-02-15,9800.0
EG.CONIA.ON.VOL,2024-02-18,6860.0
EG.CONIA.ON.VOL,2024-02-19,24125.5
EG.CONIA.ON.VOL,2024-02-20,21462.0
EG.CONIA.ON.VOL,2024-02-21,17640.0
EG.CONIA.ON.VOL,2024-02-22,17570.0
EG.CONIA.ON.VOL,2024-02-25,15575.0
EG.CONIA.ON.VOL,2024-02-26,13440.0
EG.CONIA.ON.VOL,2024-02-27,16443.0
EG.CONIA.ON.VOL,2024-02-28,23905.0
EG.CONIA.ON.VOL,2024-02-29,11788.0
EG.CONIA.ON.VOL,2024-03-03,12768.0
EG.CONIA.ON.VOL,2024-03-04,15113.0
EG.CONIA.ON.VOL,2024-03-05,105031.5
EG.CONIA.ON.VOL,2024-03-06,26495.0
EG.CONIA.ON.VOL,2024-03-07,42931.7
EG.CONIA.ON.VOL,2024-03-10,33705.0
EG.CONIA.ON.VOL,2024-03-11,24115.0
EG.CONIA.ON.VOL,2024-03-12,23940.0
EG.CONIA.ON.VOL,2024-03-13,32620.0
EG.CONIA.ON.VOL,2024-03-14,28231.0
EG.CONIA.ON.VOL,2024-03-17,14420.0
EG.CONIA.ON.VOL,2024-03-18,26729.5
EG.CONIA.ON.VOL,2024-03-19,27405.0
EG.CONIA.ON.VOL,2024-03-20,23128.0
EG.CONIA.ON.VOL,2024-03-21,24808.0
EG.CONIA.ON.VOL,2024-03-24,18662.0
EG.CONIA.ON.VOL,2024-03-25,18165.0
EG.CONIA.ON.VOL,2024-03-26,22960.0
EG.CONIA.ON.VOL,2024-03-27,22085.0
EG.CONIA.ON.VOL,2024-03-28,30905.0
EG.CONIA.ON.VOL,2024-03-31,21070.0
EG.CONIA.ON.VOL,2024-04-01,27524.0
EG.CONIA.ON.VOL,2024-04-02,13860.0
EG.CONIA.ON.VOL,2024-04-03,20965.0
EG.CONIA.ON.VOL,2024-04-04,21455.0
EG.CONIA.ON.VOL,2024-04-07,12565.0
EG.CONIA.ON.VOL,2024-04-08,18865.0
EG.CONIA.ON.VOL,2024-04-15,24073.0
EG.CONIA.ON.VOL,2024-04-16,24080.0
EG.CONIA.ON.VOL,2024-04-17,20405.0
EG.CONIA.ON.VOL,2024-04-18,28560.0
EG.CONIA.ON.VOL,2024-04-21,23135.0
EG.CONIA.ON.VOL,2024-04-22,30485.0
EG.CONIA.ON.VOL,2024-04-23,13195.0
EG.CONIA.ON.VOL,2024-04-24,11004.0
EG.CONIA.ON.VOL,2024-04-28,14896.0
EG.CONIA.ON.VOL,2024-04-29,18347.0
EG.CONIA.ON.VOL,2024-04-30,12355.0
EG.CONIA.ON.VOL,2024-05-01,17867.5
EG.CONIA.ON.VOL,2024-05-02,33575.5
EG.CONIA.ON.VOL,2024-05-07,11399.5
EG.CONIA.ON.VOL,2024-05-08,8907.5
EG.CONIA.ON.VOL,2024-05-09,16047.5
EG.CONIA.ON.VOL,2024-05-12,9464.0
EG.CONIA.ON.VOL,2024-05-13,15018.5
EG.CONIA.ON.VOL,2024-05-14,23887.5
EG.CONIA.ON.VOL,2024-05-15,29008.0
EG.CONIA.ON.VOL,2024-05-16,22172.5
EG.CONIA.ON.VOL,2024-05-19,19442.5
EG.CONIA.ON.VOL,2024-05-20,16677.5
EG.CONIA.ON.VOL,2024-05-21,15592.5
EG.CONIA.ON.VOL,2024-05-22,20279.0
EG.CONIA.ON.VOL,2024-05-23,17934.0
EG.CONIA.ON.VOL,2024-05-26,16044.0
EG.CONIA.ON.VOL,2024-05-27,13821.5
EG.CONIA.ON.VOL,2024-05-28,23975.0
EG.CONIA.ON.VOL,2024-05-29,15627.5
EG.CONIA.ON.VOL,2024-05-30,12355.0
EG.CONIA.ON.VOL,2024-06-02,15890.0
EG.CONIA.ON.VOL,2024-06-03,13090.0
EG.CONIA.ON.VOL,2024-06-04,14455.0
EG.CONIA.ON.VOL,2024-06-05,14840.0
EG.CONIA.ON.VOL,2024-06-06,11165.0
EG.CONIA.ON.VOL,2024-06-09,10920.0
EG.CONIA.ON.VOL,2024-06-10,14182.0
EG.CONIA.ON.VOL,2024-06-11,12635.0
EG.CONIA.ON.VOL,2024-06-12,14420.0
EG.CONIA.ON.VOL,2024-06-13,15032.5
EG.CONIA.ON.VOL,2024-06-23,11025.0
EG.CONIA.ON.VOL,2024-06-24,9587.9
EG.CONIA.ON.VOL,2024-06-25,12040.0
EG.CONIA.ON.VOL,2024-06-26,6090.0
EG.CONIA.ON.VOL,2024-06-27,7245.0
EG.CONIA.ON.VOL,2024-07-01,10367.0
EG.CONIA.ON.VOL,2024-07-02,6107.5
EG.CONIA.ON.VOL,2024-07-03,11266.5
EG.CONIA.ON.VOL,2024-07-04,22172.5
EG.CONIA.ON.VOL,2024-07-07,10850.0
EG.CONIA.ON.VOL,2024-07-08,10122.0
EG.CONIA.ON.VOL,2024-07-09,10640.0
EG.CONIA.ON.VOL,2024-07-10,13121.5
EG.CONIA.ON.VOL,2024-07-14,12698.0
EG.CONIA.ON.VOL,2024-07-15,19040.0
EG.CONIA.ON.VOL,2024-07-16,16205.0
EG.CONIA.ON.VOL,2024-07-17,19950.0
EG.CONIA.ON.VOL,2024-07-18,15428.0
EG.CONIA.ON.VOL,2024-07-21,21280.0
EG.CONIA.ON.VOL,2024-07-22,10601.5
EG.CONIA.ON.VOL,2024-07-23,8995.0
EG.CONIA.ON.VOL,2024-07-24,8680.0
EG.CONIA.ON.VOL,2024-07-28,8925.0
EG.CONIA.ON.VOL,2024-07-29,8330.0
EG.CONIA.ON.VOL,2024-07-30,10884.3
EG.CONIA.ON.VOL,2024-07-31,5855.5
EG.CONIA.ON.VOL,2024-08-01,16940.0
EG.CONIA.ON.VOL,2024-08-04,12635.0
EG.CONIA.ON.VOL,2024-08-05,20587.0
EG.CONIA.ON.VOL,2024-08-06,9590.0
EG.CONIA.ON.VOL,2024-08-07,12775.0
EG.CONIA.ON.VOL,2024-08-08,8960.0
EG.CONIA.ON.VOL,2024-08-11,7840.0
EG.CONIA.ON.VOL,2024-08-12,10080.0
EG.CONIA.ON.VOL,2024-08-13,12040.0
EG.CONIA.ON.VOL,2024-08-14,15785.0
EG.CONIA.ON.VOL,2024-08-15,17780.0
EG.CONIA.ON.VOL,2024-08-18,20212.5
EG.CONIA.ON.VOL,2024-08-19,17898.3
EG.CONIA.ON.VOL,2024-08-20,8785.0
EG.CONIA.ON.VOL,2024-08-21,12810.0
EG.CONIA.ON.VOL,2024-08-22,10675.0
EG.CONIA.ON.VOL,2024-08-25,7840.0
EG.CONIA.ON.VOL,2024-08-26,11900.0
EG.CONIA.ON.VOL,2024-08-27,19985.0
EG.CONIA.ON.VOL,2024-08-28,15400.0
EG.CONIA.ON.VOL,2024-08-29,25389.0
EG.CONIA.ON.VOL,2024-09-01,15589.0
EG.CONIA.ON.VOL,2024-09-02,17871.0
EG.CONIA.ON.VOL,2024-09-03,6650.0
EG.CONIA.ON.VOL,2024-09-04,6559.0
EG.CONIA.ON.VOL,2024-09-05,10234.0
EG.CONIA.ON.VOL,2024-09-08,14630.0
EG.CONIA.ON.VOL,2024-09-09,19285.0
EG.CONIA.ON.VOL,2024-09-10,8155.0
EG.CONIA.ON.VOL,2024-09-11,15064.0
EG.CONIA.ON.VOL,2024-09-12,21175.0
EG.CONIA.ON.VOL,2024-09-16,23359.0
EG.CONIA.ON.VOL,2024-09-17,15015.0
EG.CONIA.ON.VOL,2024-09-18,18270.0
EG.CONIA.ON.VOL,2024-09-19,18760.0
EG.CONIA.ON.VOL,2024-09-22,19880.0
EG.CONIA.ON.VOL,2024-09-23,11585.0
EG.CONIA.ON.VOL,2024-09-24,14434.0
EG.CONIA.ON.VOL,2024-09-25,23618.0
EG.CONIA.ON.VOL,2024-09-26,24080.0
EG.CONIA.ON.VOL,2024-09-29,19985.0
EG.CONIA.ON.VOL,2024-09-30,21245.0
EG.CONIA.ON.VOL,2024-10-01,7350.0
EG.CONIA.ON.VOL,2024-10-02,9261.0
EG.CONIA.ON.VOL,2024-10-03,13321.0
EG.CONIA.ON.VOL,2024-10-07,12670.0
EG.CONIA.ON.VOL,2024-10-08,11536.0
EG.CONIA.ON.VOL,2024-10-09,11130.0
EG.CONIA.ON.VOL,2024-10-10,14469.0
EG.CONIA.ON.VOL,2024-10-13,13230.0
EG.CONIA.ON.VOL,2024-10-14,12778.5
EG.CONIA.ON.VOL,2024-10-15,9590.0
EG.CONIA.ON.VOL,2024-10-16,19950.0
EG.CONIA.ON.VOL,2024-10-17,17486.0
EG.CONIA.ON.VOL,2024-10-20,12915.0
EG.CONIA.ON.VOL,2024-10-21,14616.0
EG.CONIA.ON.VOL,2024-10-22,16100.0
EG.CONIA.ON.VOL,2024-10-23,18445.0
EG.CONIA.ON.VOL,2024-10-24,18935.0
EG.CONIA.ON.VOL,2024-10-27,25312.0
EG.CONIA.ON.VOL,2024-10-28,26918.5
EG.CONIA.ON.VOL,2024-10-29,11746.0
EG.CONIA.ON.VOL,2024-10-30,13090.0
EG.CONIA.ON.VOL,2024-10-31,20776.0
EG.CONIA.ON.VOL,2024-11-03,15036.0
EG.CONIA.ON.VOL,2024-11-04,15680.0
EG.CONIA.ON.VOL,2024-11-05,19845.0
EG.CONIA.ON.VOL,2024-11-06,27191.5
EG.CONIA.ON.VOL,2024-11-07,26673.5
EG.CONIA.ON.VOL,2024-11-10,27961.5
EG.CONIA.ON.VOL,2024-11-11,24230.5
EG.CONIA.ON.VOL,2024-11-12,8575.0
EG.CONIA.ON.VOL,2024-11-13,20510.0
EG.CONIA.ON.VOL,2024-11-14,15330.0
EG.CONIA.ON.VOL,2024-11-17,15911.0
EG.CONIA.ON.VOL,2024-11-18,20244.0
EG.CONIA.ON.VOL,2024-11-19,15666.0
EG.CONIA.ON.VOL,2024-11-20,14910.0
EG.CONIA.ON.VOL,2024-11-21,20146.0
EG.CONIA.ON.VOL,2024-11-24,26523.0
EG.CONIA.ON.VOL,2024-11-25,17986.5
EG.CONIA.ON.VOL,2024-11-26,7630.0
EG.CONIA.ON.VOL,2024-11-27,12145.0
EG.CONIA.ON.VOL,2024-11-28,11921.0
EG.CONIA.ON.VOL,2024-12-01,20650.0
EG.CONIA.ON.VOL,2024-12-02,17045.0
EG.CONIA.ON.VOL,2024-12-03,15421.0
EG.CONIA.ON.VOL,2024-12-04,21091.0
EG.CONIA.ON.VOL,2024-12-05,19670.0
EG.CONIA.ON.VOL,2024-12-08,25795.0
EG.CONIA.ON.VOL,2024-12-09,24934.0
EG.CONIA.ON.VOL,2024-12-10,6090.0
EG.CONIA.ON.VOL,2024-12-11,6545.0
EG.CONIA.ON.VOL,2024-12-12,5600.0
EG.CONIA.ON.VOL,2024-12-15,11998.0
EG.CONIA.ON.VOL,2024-12-16,10570.0
EG.CONIA.ON.VOL,2024-12-17,14084.0
EG.CONIA.ON.VOL,2024-12-18,18312.0
EG.CONIA.ON.VOL,2024-12-19,18522.0
EG.CONIA.ON.VOL,2024-12-22,9716.0
EG.CONIA.ON.VOL,2024-12-23,14800.1
EG.CONIA.ON.VOL,2024-12-24,8750.0
EG.CONIA.ON.VOL,2024-12-25,13627.6
EG.CONIA.ON.VOL,2024-12-26,9920.4
EG.CONIA.ON.VOL,2024-12-29,8557.5
EG.CONIA.ON.VOL,2024-12-30,13450.5
EG.CONIA.ON.VOL,2024-12-31,12180.0
EG.CONIA.ON.VOL,2025-01-02,16905.0
EG.CONIA.ON.VOL,2025-01-05,10132.5
EG.CONIA.ON.VOL,2025-01-06,22795.5
EG.CONIA.ON.VOL,2025-01-08,8330.0
EG.CONIA.ON.VOL,2025-01-09,15907.5
EG.CONIA.ON.VOL,2025-01-12,19705.0
EG.CONIA.ON.VOL,2025-01-13,21126.0
EG.CONIA.ON.VOL,2025-01-14,24937.5
EG.CONIA.ON.VOL,2025-01-15,29417.5
EG.CONIA.ON.VOL,2025-01-16,33330.5
EG.CONIA.ON.VOL,2025-01-19,39081.0
EG.CONIA.ON.VOL,2025-01-20,33243.0
EG.CONIA.ON.VOL,2025-01-21,18760.0
EG.CONIA.ON.VOL,2025-01-22,15750.0
EG.CONIA.ON.VOL,2025-01-23,7385.0
EG.CONIA.ON.VOL,2025-01-26,6545.0
EG.CONIA.ON.VOL,2025-01-27,13580.0
EG.CONIA.ON.VOL,2025-01-28,12733.0
EG.CONIA.ON.VOL,2025-01-29,31913.0
EG.CONIA.ON.VOL,2025-01-30,20667.5
EG.CONIA.ON.VOL,2025-02-02,9362.5
EG.CONIA.ON.VOL,2025-02-03,15743.0
EG.CONIA.ON.VOL,2025-02-04,14455.0
EG.CONIA.ON.VOL,2025-02-05,13125.0
EG.CONIA.ON.VOL,2025-02-06,22498.0
EG.CONIA.ON.VOL,2025-02-09,22260.0
EG.CONIA.ON.VOL,2025-02-10,16345.0
EG.CONIA.ON.VOL,2025-02-11,17850.0
EG.CONIA.ON.VOL,2025-02-12,21595.0
EG.CONIA.ON.VOL,2025-02-13,31465.0
EG.CONIA.ON.VOL,2025-02-16,25620.0
EG.CONIA.ON.VOL,2025-02-17,20846.0
EG.CONIA.ON.VOL,2025-02-18,9940.0
EG.CONIA.ON.VOL,2025-02-19,8400.0
EG.CONIA.ON.VOL,2025-02-20,8750.0
EG.CONIA.ON.VOL,2025-02-23,11480.0
EG.CONIA.ON.VOL,2025-02-24,14280.0
EG.CONIA.ON.VOL,2025-02-25,15575.0
EG.CONIA.ON.VOL,2025-02-26,13650.0
EG.CONIA.ON.VOL,2025-02-27,23625.0
EG.CONIA.ON.VOL,2025-03-02,34370.0
EG.CONIA.ON.VOL,2025-03-03,28588.0
EG.CONIA.ON.VOL,2025-03-04,10080.0
EG.CONIA.ON.VOL,2025-03-05,16590.0
EG.CONIA.ON.VOL,2025-03-06,19460.0
EG.CONIA.ON.VOL,2025-03-09,16730.0
EG.CONIA.ON.VOL,2025-03-10,19600.0
EG.CONIA.ON.VOL,2025-03-11,10780.0
EG.CONIA.ON.VOL,2025-03-12,16275.0
EG.CONIA.ON.VOL,2025-03-13,23065.0
EG.CONIA.ON.VOL,2025-03-16,31220.0
EG.CONIA.ON.VOL,2025-03-17,33197.5
EG.CONIA.ON.VOL,2025-03-18,10850.0
EG.CONIA.ON.VOL,2025-03-19,9275.0
EG.CONIA.ON.VOL,2025-03-20,28350.0
EG.CONIA.ON.VOL,2025-03-23,19390.0
EG.CONIA.ON.VOL,2025-03-24,12495.0
EG.CONIA.ON.VOL,2025-03-25,35735.0
EG.CONIA.ON.VOL,2025-03-26,55370.0
EG.CONIA.ON.VOL,2025-03-27,39711.0
EG.CONIA.ON.VOL,2025-04-03,25347.0
EG.CONIA.ON.VOL,2025-04-06,21287.0
EG.CONIA.ON.VOL,2025-04-07,23233.0
EG.CONIA.ON.VOL,2025-04-08,16219.0
EG.CONIA.ON.VOL,2025-04-09,25466.0
EG.CONIA.ON.VOL,2025-04-10,39907.0
EG.CONIA.ON.VOL,2025-04-13,47260.5
EG.CONIA.ON.VOL,2025-04-14,30174.9
EG.CONIA.ON.VOL,2025-04-15,3657.5
EG.CONIA.ON.VOL,2025-04-16,11718.0
EG.CONIA.ON.VOL,2025-04-17,24713.5
EG.CONIA.ON.VOL,2025-04-22,24706.5
EG.CONIA.ON.VOL,2025-04-23,38745.0
EG.CONIA.ON.VOL,2025-04-27,17395.0
EG.CONIA.ON.VOL,2025-04-28,27727.0
EG.CONIA.ON.VOL,2025-04-29,15960.0
EG.CONIA.ON.VOL,2025-04-30,16275.0
EG.CONIA.ON.VOL,2025-05-04,7175.0
EG.CONIA.ON.VOL,2025-05-05,22592.5
EG.CONIA.ON.VOL,2025-05-06,7469.0
EG.CONIA.ON.VOL,2025-05-07,11462.5
EG.CONIA.ON.VOL,2025-05-08,24342.5
EG.CONIA.ON.VOL,2025-05-11,20282.5
EG.CONIA.ON.VOL,2025-05-12,22148.0
EG.CONIA.ON.VOL,2025-05-13,23765.0
EG.CONIA.ON.VOL,2025-05-14,16310.0
EG.CONIA.ON.VOL,2025-05-15,27300.0
EG.CONIA.ON.VOL,2025-05-18,15365.0
EG.CONIA.ON.VOL,2025-05-19,16625.0
EG.CONIA.ON.VOL,2025-05-20,15561.0
EG.CONIA.ON.VOL,2025-05-21,18858.0
EG.CONIA.ON.VOL,2025-05-22,31297.0
EG.CONIA.ON.VOL,2025-05-25,28091.0
EG.CONIA.ON.VOL,2025-05-26,35836.5
EG.CONIA.ON.VOL,2025-05-27,9289.0
EG.CONIA.ON.VOL,2025-05-28,28140.0
EG.CONIA.ON.VOL,2025-05-29,36610.0
EG.CONIA.ON.VOL,2025-06-01,16870.0
EG.CONIA.ON.VOL,2025-06-02,21420.0
EG.CONIA.ON.VOL,2025-06-03,16394.0
EG.CONIA.ON.VOL,2025-06-04,25270.0
EG.CONIA.ON.VOL,2025-06-10,13440.0
EG.CONIA.ON.VOL,2025-06-11,16138.5
EG.CONIA.ON.VOL,2025-06-12,25679.5
EG.CONIA.ON.VOL,2025-06-15,10080.0
EG.CONIA.ON.VOL,2025-06-16,11270.0
EG.CONIA.ON.VOL,2025-06-17,11137.0
EG.CONIA.ON.VOL,2025-06-18,22204.0
EG.CONIA.ON.VOL,2025-06-19,29365.0
EG.CONIA.ON.VOL,2025-06-22,17080.0
EG.CONIA.ON.VOL,2025-06-23,16233.0
EG.CONIA.ON.VOL,2025-06-24,4480.0
EG.CONIA.ON.VOL,2025-06-25,15260.0
EG.CONIA.ON.VOL,2025-06-29,18854.5
EG.CONIA.ON.VOL,2025-06-30,33932.5
EG.CONIA.ON.VOL,2025-07-01,18987.5
EG.CONIA.ON.VOL,2025-07-02,36102.5
EG.CONIA.ON.VOL,2025-07-06,28980.0
EG.CONIA.ON.VOL,2025-07-07,24798.9
EG.CONIA.ON.VOL,2025-07-08,5180.0
EG.CONIA.ON.VOL,2025-07-09,2555.0
EG.CONIA.ON.VOL,2025-07-10,12453.0
EG.CONIA.ON.VOL,2025-07-13,11168.5
EG.CONIA.ON.VOL,2025-07-14,25781.0
EG.CONIA.ON.VOL,2025-07-15,18795.0
EG.CONIA.ON.VOL,2025-07-16,29190.0
EG.CONIA.ON.VOL,2025-07-17,34188.0
EG.CONIA.ON.VOL,2025-07-20,36386.0
EG.CONIA.ON.VOL,2025-07-21,28843.5
EG.CONIA.ON.VOL,2025-07-22,6125.0
EG.CONIA.ON.VOL,2025-07-23,6629.0
EG.CONIA.ON.VOL,2025-07-27,9170.0
EG.CONIA.ON.VOL,2025-07-28,15365.0
EG.CONIA.ON.VOL,2025-07-29,26845.0
EG.CONIA.ON.VOL,2025-07-30,27755.0
EG.CONIA.ON.VOL,2025-07-31,42889.0
EG.CONIA.ON.VOL,2025-08-03,19670.0
EG.CONIA.ON.VOL,2025-08-04,26291.3
EG.CONIA.ON.VOL,2025-08-05,11606.0
EG.CONIA.ON.VOL,2025-08-06,13895.0
EG.CONIA.ON.VOL,2025-08-07,12768.0
EG.CONIA.ON.VOL,2025-08-10,12390.0
EG.CONIA.ON.VOL,2025-08-11,15505.0
EG.CONIA.ON.VOL,2025-08-12,13930.0
EG.CONIA.ON.VOL,2025-08-13,24465.0
EG.CONIA.ON.VOL,2025-08-14,32102.0
EG.CONIA.ON.VOL,2025-08-17,42630.0
EG.CONIA.ON.VOL,2025-08-18,25489.1
EG.CONIA.ON.VOL,2025-08-19,12390.0
EG.CONIA.ON.VOL,2025-08-20,12110.0
EG.CONIA.ON.VOL,2025-08-21,14280.0
EG.CONIA.ON.VOL,2025-08-24,14910.0
EG.CONIA.ON.VOL,2025-08-25,19411.0
EG.CONIA.ON.VOL,2025-08-26,25060.0
EG.CONIA.ON.VOL,2025-08-27,26635.0
EG.CONIA.ON.VOL,2025-08-28,26705.0
EG.CONIA.ON.VOL,2025-08-31,37765.0
EG.CONIA.ON.VOL,2025-09-01,32924.5
EG.CONIA.ON.VOL,2025-09-02,19460.0
EG.CONIA.ON.VOL,2025-09-03,23905.0
EG.CONIA.ON.VOL,2025-09-07,22435.0
EG.CONIA.ON.VOL,2025-09-08,26425.0
EG.CONIA.ON.VOL,2025-09-09,24430.0
EG.CONIA.ON.VOL,2025-09-10,34650.0
EG.CONIA.ON.VOL,2025-09-11,36907.5
EG.CONIA.ON.VOL,2025-09-14,18812.5
EG.CONIA.ON.VOL,2025-09-15,23030.0
EG.CONIA.ON.VOL,2025-09-16,21336.0
EG.CONIA.ON.VOL,2025-09-17,18970.0
EG.CONIA.ON.VOL,2025-09-18,13008.8
EG.CONIA.ON.VOL,2025-09-21,26684.0
EG.CONIA.ON.VOL,2025-09-22,15049.3
EG.CONIA.ON.VOL,2025-09-23,8260.0
EG.CONIA.ON.VOL,2025-09-24,17762.5
EG.CONIA.ON.VOL,2025-09-25,16607.5
EG.CONIA.ON.VOL,2025-09-28,11287.5
EG.CONIA.ON.VOL,2025-09-29,22813.0
EG.CONIA.ON.VOL,2025-09-30,15841.0
EG.CONIA.ON.VOL,2025-10-01,18235.0
EG.CONIA.ON.VOL,2025-10-02,29197.0
EG.CONIA.ON.VOL,2025-10-05,29925.0
EG.CONIA.ON.VOL,2025-10-06,27643.0
EG.CONIA.ON.VOL,2025-10-07,9828.0
EG.CONIA.ON.VOL,2025-10-08,10892.0
EG.CONIA.ON.VOL,2025-10-12,24276.0
EG.CONIA.ON.VOL,2025-10-13,38230.5
EG.CONIA.ON.VOL,2025-10-14,22652.0
EG.CONIA.ON.VOL,2025-10-15,48451.2
EG.CONIA.ON.VOL,2025-10-16,20510.0
EG.CONIA.ON.VOL,2025-10-19,46305.0
EG.CONIA.ON.VOL,2025-10-20,53837.0
EG.CONIA.ON.VOL,2025-10-21,19547.5
EG.CONIA.ON.VOL,2025-10-22,18802.0
EG.CONIA.ON.VOL,2025-10-23,15232.0
EG.CONIA.ON.VOL,2025-10-26,26460.0
EG.CONIA.ON.VOL,2025-10-27,17255.0
EG.CONIA.ON.VOL,2025-10-28,41394.5
EG.CONIA.ON.VOL,2025-10-29,14941.5
EG.CONIA.ON.VOL,2025-10-30,21804.3
EG.CONIA.ON.VOL,2025-11-02,21087.5
EG.CONIA.ON.VOL,2025-11-03,17972.5
EG.CONIA.ON.VOL,2025-11-04,10325.0
EG.CONIA.ON.VOL,2025-11-05,11200.0
EG.CONIA.ON.VOL,2025-11-06,13797.0
EG.CONIA.ON.VOL,2025-11-09,14602.0
EG.CONIA.ON.VOL,2025-11-10,30030.7
EG.CONIA.ON.VOL,2025-11-11,14525.0
EG.CONIA.ON.VOL,2025-11-12,11613.0
EG.CONIA.ON.VOL,2025-11-13,15041.6
EG.CONIA.ON.VOL,2025-11-16,16537.5
EG.CONIA.ON.VOL,2025-11-17,16901.5
EG.CONIA.ON.VOL,2025-11-18,17395.0
EG.CONIA.ON.VOL,2025-11-19,25711.0
EG.CONIA.ON.VOL,2025-11-20,20650.0
EG.CONIA.ON.VOL,2025-11-23,16345.0
EG.CONIA.ON.VOL,2025-11-24,14582.4
EG.CONIA.ON.VOL,2025-11-25,11560.5
EG.CONIA.ON.VOL,2025-11-26,5773.6
EG.CONIA.ON.VOL,2025-11-27,12600.0
EG.CONIA.ON.VOL,2025-11-30,23765.0
EG.CONIA.ON.VOL,2025-12-01,14297.5
EG.CONIA.ON.VOL,2025-12-02,18305.0
EG.CONIA.ON.VOL,2025-12-03,28448.0
EG.CONIA.ON.VOL,2025-12-04,30418.5
EG.CONIA.ON.VOL,2025-12-07,36045.1
EG.CONIA.ON.VOL,2025-12-08,27286.0
EG.CONIA.ON.VOL,2025-12-09,32634.0
EG.CONIA.ON.VOL,2025-12-10,39376.4
EG.CONIA.ON.VOL,2025-12-11,19926.9
EG.CONIA.ON.VOL,2025-12-14,30625.0
EG.CONIA.ON.VOL,2025-12-15,19380.2
EG.CONIA.ON.VOL,2025-12-16,40742.8
EG.CONIA.ON.VOL,2025-12-17,18375.0
EG.CONIA.ON.VOL,2025-12-18,36278.2
EG.CONIA.ON.VOL,2025-12-21,46970.0
EG.CONIA.ON.VOL,2025-12-22,54194.0
EG.CONIA.ON.VOL,2025-12-23,9674.0
EG.CONIA.ON.VOL,2025-12-24,8365.7
EG.CONIA.ON.VOL,2025-12-25,17920.0
EG.CONIA.ON.VOL,2025-12-28,20222.3
EG.CONIA.ON.VOL,2025-12-29,19285.0
EG.CONIA.ON.VOL,2025-12-30,27755.0
EG.CONIA.ON.VOL,2025-12-31,43204.0
EG.CONIA.ON.VOL,2026-01-04,49772.1
EG.CONIA.ON.VOL,2026-01-05,41296.5
EG.CONIA.ON.VOL,2026-01-06,17745.0
EG.CONIA.ON.VOL,2026-01-08,16765.0
EG.CONIA.ON.VOL,2026-01-11,17920.0
EG.CONIA.ON.VOL,2026-01-12,16152.5
EG.CONIA.ON.VOL,2026-01-13,16726.5
EG.CONIA.ON.VOL,2026-01-14,9152.5
EG.CONIA.ON.VOL,2026-01-15,38272.5
EG.CONIA.ON.VOL,2026-01-18,17538.5
EG.CONIA.ON.VOL,2026-01-19,26166.0
EG.CONIA.ON.VOL,2026-01-20,3577.0
EG.CONIA.ON.VOL,2026-01-21,7387.8
EG.CONIA.ON.VOL,2026-01-22,22342.6
EG.CONIA.ON.VOL,2026-01-25,23572.5
EG.CONIA.ON.VOL,2026-01-26,23905.0
EG.CONIA.ON.VOL,2026-01-27,9856.0
EG.CONIA.ON.VOL,2026-01-28,33425.0
EG.CONIA.ON.VOL,2026-02-01,9205.0
EG.CONIA.ON.VOL,2026-02-02,16147.6
EG.CONIA.ON.VOL,2026-02-03,23035.6
EG.CONIA.ON.VOL,2026-02-04,12296.9
EG.CONIA.ON.VOL,2026-02-05,15465.8
EG.CONIA.ON.VOL,2026-02-08,26460.0
EG.CONIA.ON.VOL,2026-02-09,23513.0
EG.CONIA.ON.VOL,2026-02-10,27104.0
EG.CONIA.ON.VOL,2026-02-11,18326.0
EG.CONIA.ON.VOL,2026-02-12,28910.0
EG.CONIA.ON.VOL,2026-02-15,28133.0
EG.CONIA.ON.VOL,2026-02-16,39830.0
EG.CONIA.ON.VOL,2026-02-17,6860.0
EG.CONIA.ON.VOL,2026-02-18,4102.0
EG.CONIA.ON.VOL,2026-02-19,15366.4
EG.CONIA.ON.VOL,2026-02-22,15809.5
EG.CONIA.ON.VOL,2026-02-23,14504.0
EG.CONIA.ON.VOL,2026-02-24,8568.0
EG.CONIA.ON.VOL,2026-02-25,16835.0
EG.CONIA.ON.VOL,2026-02-26,10990.0
EG.CONIA.ON.VOL,2026-03-01,14406.0
EG.CONIA.ON.VOL,2026-03-02,24353.0
EG.CONIA.ON.VOL,2026-03-03,5670.0
EG.CONIA.ON.VOL,2026-03-04,17045.0
EG.CONIA.ON.VOL,2026-03-05,41720.0
EG.CONIA.ON.VOL,2026-03-08,18627.0
EG.CONIA.ON.VOL,2026-03-09,23275.0
EG.CONIA.ON.VOL,2026-03-10,15974.0
EG.CONIA.ON.VOL,2026-03-11,21504.0
EG.CONIA.ON.VOL,2026-03-12,43540.0
EG.CONIA.ON.VOL,2026-03-15,27510.0
EG.CONIA.ON.VOL,2026-03-16,30156.0
EG.CONIA.ON.VOL,2026-03-17,13195.0
EG.CONIA.ON.VOL,2026-03-18,36960.0
EG.CONIA.ON.VOL,2026-03-24,19600.0
EG.CONIA.ON.VOL,2026-03-25,13790.0
EG.CONIA.ON.VOL,2026-03-26,38661.0
EG.CONIA.ON.VOL,2026-03-29,38304.0
EG.CONIA.ON.VOL,2026-03-30,33859.0
EG.CONIA.ON.VOL,2026-03-31,61040.0
EG.CONIA.ON.VOL,2026-04-01,28493.5
EG.CONIA.ON.VOL,2026-04-02,24080.0
EG.CONIA.ON.VOL,2026-04-05,22438.5
EG.CONIA.ON.VOL,2026-04-06,28322.0
EG.CONIA.ON.VOL,2026-04-07,12404.0
EG.CONIA.ON.VOL,2026-04-08,11221.0
EG.CONIA.ON.VOL,2026-04-09,33257.0
EG.CONIA.ON.VOL,2026-04-14,4571.0
EG.CONIA.ON.VOL,2026-04-15,9555.0
EG.CONIA.ON.VOL,2026-04-16,16660.0
EG.CONIA.ON.VOL,2026-04-19,9765.0
EG.CONIA.ON.VOL,2026-04-20,11032.0
EG.CONIA.ON.VOL,2026-04-21,17437.0
EG.CONIA.ON.VOL,2026-04-22,16030.0
EG.CONIA.ON.VOL,2026-04-23,83160.0
EG.CONIA.ON.VOL,2026-04-26,17188.5
EG.CONIA.ON.VOL,2026-04-27,22008.0
EG.CONIA.ON.VOL,2026-04-28,17080.0
EG.CONIA.ON.VOL,2026-04-29,22326.5
EG.CONIA.ON.VOL,2026-04-30,12362.0
EG.CONIA.ON.VOL,2026-05-03,27482.0
EG.CONIA.ON.VOL,2026-05-04,18095.0
EG.CONIA.ON.VOL,2026-05-05,19775.0
EG.CONIA.ON.VOL,2026-05-06,52178.0
EG.CONIA.ON.VOL,2026-05-10,33075.0
EG.CONIA.ON.VOL,2026-05-11,55118.0
EG.CONIA.ON.VOL,2026-05-12,11935.0
EG.CONIA.ON.VOL,2026-05-13,7385.0
EG.CONIA.ON.VOL,2026-05-14,14910.0
EG.CONIA.ON.VOL,2026-05-17,13965.0
EG.CONIA.ON.VOL,2026-05-18,22680.0
EG.CONIA.ON.VOL,2026-05-19,36423.8
EG.CONIA.ON.VOL,2026-05-20,28595.0
EG.CONIA.ON.VOL,2026-05-21,27811.0
EG.CONIA.ON.VOL,2026-05-24,40285.0
EG.CONIA.ON.VOL,2026-05-25,95708.9
EG.CONIA.ON.VOL,2026-06-01,42105.0
EG.CONIA.ON.VOL,2026-06-02,28945.0
EG.CONIA.ON.VOL,2026-06-03,37317.0
EG.CONIA.ON.VOL,2026-06-04,37085.3
EG.CONIA.ON.VOL,2026-06-07,51216.9
EG.CONIA.ON.VOL,2026-06-08,46137.7
EG.CONIA.ON.VOL,2026-06-09,17115.0
EG.CONIA.ON.VOL,2026-06-10,18487.0
EG.CONIA.ON.VOL,2026-06-11,13552.0
EG.CONIA.ON.VOL,2026-06-14,11794.3
EG.CONIA.ON.VOL,2026-06-15,13965.0
EG.CONIA.ON.VOL,2026-06-16,46151.0
EG.CONIA.ON.VOL,2026-06-17,49506.1
EG.CONIA.ON.VOL,2026-06-21,32274.2
EG.CONIA.ON.VOL,2026-06-22,76786.5
EG.CONIA.ON.VOL,2026-06-23,25200.0
EG.CONIA.ON.VOL,2026-06-24,27023.5
EG.CONIA.ON.VOL,2026-06-25,30008.3
EG.CONIA.ON.VOL,2026-06-28,28955.5
EG.CONIA.ON.VOL,2026-06-29,25689.3
EG.CONIA.ON.VOL,2026-06-30,46270.0
EG.CONIA.ON.VOL,2026-07-01,40357.1
EG.CONIA.ON.VOL,2026-07-05,50660.4
EG.CONIA.ON.VOL,2026-07-06,57880.9
EG.CONIA.ON.VOL,2026-07-07,31115.0
EG.CONIA.ON.VOL,2026-07-08,26084.1
EG.CONIA.ON.VOL,2026-07-09,35298.2
EG.CONIA.ON.VOL,2026-07-12,23597.0
EG.CONIA.ON.VOL,2026-07-13,23863.0
EG.CONIA.ON.VOL,2026-07-14,32069.8
EG.CONIA.ON.VOL,2026-07-15,33084.8
EG.CONIA.ON.VOL,2026-07-16,38973.9
EG.CONIA.ON.VOL,2026-07-19,43629.6
EG.CONIA.ON.VOL,2026-07-20,42889.0
EG.CONIA.ON.VOL,2026-07-21,13701.1
EG.CONIA.ON.VOL,2026-07-22,53508.0
EG.CONIA.ON.VOL,2026-07-26,31658.2
EG.CONIA.ON.VOL,2026-07-27,40584.6
EG.CONIA.ON.VOL,2026-07-28,63544.6
EG.CONIA.ON.VOL,2026-07-29,42861.7
EG.CONIA.ON.VOL,2026-07-30,33600.0
EG.CONIA.ON.VOL,2026-08-02,62328.0
EG.CONIA.ON.VOL,2026-08-03,36820.0
EG.CONIA.ON.VOL,2026-08-04,7560.0
EG.CONIA.ON.VOL,2026-08-05,6759.2
EG.CONIA.ON.VOL,2026-08-06,16010.4
EG.CONIA.ON.VOL,2026-08-09,11340.0
EG.CONIA.ON.VOL,2026-08-10,6090.0
EG.CONIA.ON.VOL,2026-08-11,5950.0
EG.CONIA.ON.VOL,2026-08-12,28146.3
EG.CONIA.ON.VOL,2026-08-13,16940.0
EG.CONIA.ON.VOL,2026-08-16,15680.0
EG.CONIA.ON.VOL,2026-08-17,18819.5
EG.CONIA.ON.VOL,2026-08-18,26690.3
EG.CONIA.ON.VOL,2026-08-19,18226.6
