series_id,period,value
EG.FX.IBK.WAVG,2004-12-23,6.2137
EG.FX.IBK.WAVG,2004-12-26,6.1605
EG.FX.IBK.WAVG,2004-12-27,6.1866
EG.FX.IBK.WAVG,2004-12-28,6.1717
EG.FX.IBK.WAVG,2004-12-29,6.1393
EG.FX.IBK.WAVG,2004-12-30,6.1002
EG.FX.IBK.WAVG,2005-01-02,6.0642
EG.FX.IBK.WAVG,2005-01-03,6.0338
EG.FX.IBK.WAVG,2005-01-04,5.9907
EG.FX.IBK.WAVG,2005-01-05,5.975
EG.FX.IBK.WAVG,2005-01-06,5.9651
EG.FX.IBK.WAVG,2005-01-09,5.9493
EG.FX.IBK.WAVG,2005-01-10,5.9313
EG.FX.IBK.WAVG,2005-01-11,5.9215
EG.FX.IBK.WAVG,2005-01-12,5.913
EG.FX.IBK.WAVG,2005-01-13,5.8962
EG.FX.IBK.WAVG,2005-01-16,5.8854
EG.FX.IBK.WAVG,2005-01-17,5.879
EG.FX.IBK.WAVG,2005-01-18,5.8716
EG.FX.IBK.WAVG,2005-01-23,5.8632
EG.FX.IBK.WAVG,2005-01-24,5.8558
EG.FX.IBK.WAVG,2005-01-25,5.8498
EG.FX.IBK.WAVG,2005-01-26,5.844
EG.FX.IBK.WAVG,2005-01-27,5.8368
EG.FX.IBK.WAVG,2005-01-30,5.8312
EG.FX.IBK.WAVG,2005-01-31,5.8261
EG.FX.IBK.WAVG,2005-02-01,5.8233
EG.FX.IBK.WAVG,2005-02-02,5.8185
EG.FX.IBK.WAVG,2005-02-03,5.8155
EG.FX.IBK.WAVG,2005-02-06,5.8137
EG.FX.IBK.WAVG,2005-02-07,5.8136
EG.FX.IBK.WAVG,2005-02-08,5.8157
EG.FX.IBK.WAVG,2005-02-09,5.8138
EG.FX.IBK.WAVG,2005-02-13,5.8107
EG.FX.IBK.WAVG,2005-02-14,5.8087
EG.FX.IBK.WAVG,2005-02-15,5.8084
EG.FX.IBK.WAVG,2005-02-16,5.8081
EG.FX.IBK.WAVG,2005-02-17,5.8092
EG.FX.IBK.WAVG,2005-02-20,5.8065
EG.FX.IBK.WAVG,2005-02-21,5.8022
EG.FX.IBK.WAVG,2005-02-22,5.8013
EG.FX.IBK.WAVG,2005-02-23,5.8004
EG.FX.IBK.WAVG,2005-02-24,5.8003
EG.FX.IBK.WAVG,2005-02-27,5.799
EG.FX.IBK.WAVG,2005-02-28,5.7983
EG.FX.IBK.WAVG,2005-03-01,5.7995
EG.FX.IBK.WAVG,2005-03-02,5.8002
EG.FX.IBK.WAVG,2005-03-03,5.7998
EG.FX.IBK.WAVG,2005-03-06,5.7993
EG.FX.IBK.WAVG,2005-03-07,5.7983
EG.FX.IBK.WAVG,2005-03-08,5.798
EG.FX.IBK.WAVG,2005-03-09,5.7979
EG.FX.IBK.WAVG,2005-03-10,5.7978
EG.FX.IBK.WAVG,2005-03-13,5.7976
EG.FX.IBK.WAVG,2005-03-14,5.7973
EG.FX.IBK.WAVG,2005-03-15,5.7973
EG.FX.IBK.WAVG,2005-03-16,5.7962
EG.FX.IBK.WAVG,2005-03-17,5.7959
EG.FX.IBK.WAVG,2005-03-20,5.7959
EG.FX.IBK.WAVG,2005-03-21,5.7959
EG.FX.IBK.WAVG,2005-03-22,5.796
EG.FX.IBK.WAVG,2005-03-23,5.7961
EG.FX.IBK.WAVG,2005-03-24,5.7961
EG.FX.IBK.WAVG,2005-03-27,5.7953
EG.FX.IBK.WAVG,2005-03-28,5.7947
EG.FX.IBK.WAVG,2005-03-29,5.7949
EG.FX.IBK.WAVG,2005-03-30,5.795
EG.FX.IBK.WAVG,2005-03-31,5.7951
EG.FX.IBK.WAVG,2005-04-03,5.795
EG.FX.IBK.WAVG,2005-04-04,5.7949
EG.FX.IBK.WAVG,2005-04-05,5.7947
EG.FX.IBK.WAVG,2005-04-06,5.7937
EG.FX.IBK.WAVG,2005-04-07,5.7936
EG.FX.IBK.WAVG,2005-04-10,5.7932
EG.FX.IBK.WAVG,2005-04-11,5.7927
EG.FX.IBK.WAVG,2005-04-12,5.7924
EG.FX.IBK.WAVG,2005-04-13,5.792
EG.FX.IBK.WAVG,2005-04-14,5.7924
EG.FX.IBK.WAVG,2005-04-17,5.7923
EG.FX.IBK.WAVG,2005-04-18,5.7924
EG.FX.IBK.WAVG,2005-04-19,5.7925
EG.FX.IBK.WAVG,2005-04-20,5.7926
EG.FX.IBK.WAVG,2005-04-24,5.7927
EG.FX.IBK.WAVG,2005-04-26,5.7928
EG.FX.IBK.WAVG,2005-04-27,5.7924
EG.FX.IBK.WAVG,2005-04-28,5.793
EG.FX.IBK.WAVG,2005-05-03,5.7931
EG.FX.IBK.WAVG,2005-05-04,5.793
EG.FX.IBK.WAVG,2005-05-05,5.793
EG.FX.IBK.WAVG,2005-05-08,5.7931
EG.FX.IBK.WAVG,2005-05-09,5.7933
EG.FX.IBK.WAVG,2005-05-10,5.7934
EG.FX.IBK.WAVG,2005-05-11,5.7933
EG.FX.IBK.WAVG,2005-05-12,5.7935
EG.FX.IBK.WAVG,2005-05-15,5.7938
EG.FX.IBK.WAVG,2005-05-16,5.7944
EG.FX.IBK.WAVG,2005-05-17,5.7951
EG.FX.IBK.WAVG,2005-05-18,5.795
EG.FX.IBK.WAVG,2005-05-19,5.7954
EG.FX.IBK.WAVG,2005-05-22,5.7959
EG.FX.IBK.WAVG,2005-05-23,5.7966
EG.FX.IBK.WAVG,2005-05-24,5.7968
EG.FX.IBK.WAVG,2005-05-25,5.7972
EG.FX.IBK.WAVG,2005-05-26,5.7971
EG.FX.IBK.WAVG,2005-05-29,5.7973
EG.FX.IBK.WAVG,2005-05-30,5.7975
EG.FX.IBK.WAVG,2005-05-31,5.7974
EG.FX.IBK.WAVG,2005-06-01,5.7974
EG.FX.IBK.WAVG,2005-06-02,5.7974
EG.FX.IBK.WAVG,2005-06-05,5.7975
EG.FX.IBK.WAVG,2005-06-06,5.7975
EG.FX.IBK.WAVG,2005-06-07,5.7976
EG.FX.IBK.WAVG,2005-06-08,5.7975
EG.FX.IBK.WAVG,2005-06-09,5.7978
EG.FX.IBK.WAVG,2005-06-12,5.7978
EG.FX.IBK.WAVG,2005-06-13,5.7977
EG.FX.IBK.WAVG,2005-06-14,5.7977
EG.FX.IBK.WAVG,2005-06-15,5.7973
EG.FX.IBK.WAVG,2005-06-16,5.7963
EG.FX.IBK.WAVG,2005-06-19,5.7945
EG.FX.IBK.WAVG,2005-06-20,5.7936
EG.FX.IBK.WAVG,2005-06-21,5.793
EG.FX.IBK.WAVG,2005-06-22,5.7921
EG.FX.IBK.WAVG,2005-06-23,5.7912
EG.FX.IBK.WAVG,2005-06-26,5.7899
EG.FX.IBK.WAVG,2005-06-27,5.788
EG.FX.IBK.WAVG,2005-06-28,5.7864
EG.FX.IBK.WAVG,2005-06-29,5.7844
EG.FX.IBK.WAVG,2005-06-30,5.7824
EG.FX.IBK.WAVG,2005-07-03,5.7819
EG.FX.IBK.WAVG,2005-07-04,5.7814
EG.FX.IBK.WAVG,2005-07-05,5.7808
EG.FX.IBK.WAVG,2005-07-06,5.7793
EG.FX.IBK.WAVG,2005-07-07,5.7789
EG.FX.IBK.WAVG,2005-07-10,5.7788
EG.FX.IBK.WAVG,2005-07-11,5.7784
EG.FX.IBK.WAVG,2005-07-12,5.7776
EG.FX.IBK.WAVG,2005-07-13,5.7764
EG.FX.IBK.WAVG,2005-07-14,5.7748
EG.FX.IBK.WAVG,2005-07-17,5.7727
EG.FX.IBK.WAVG,2005-07-18,5.7709
EG.FX.IBK.WAVG,2005-07-19,5.769
EG.FX.IBK.WAVG,2005-07-20,5.767
EG.FX.IBK.WAVG,2005-07-21,5.7665
EG.FX.IBK.WAVG,2005-07-24,5.7684
EG.FX.IBK.WAVG,2005-07-25,5.7747
EG.FX.IBK.WAVG,2005-07-26,5.7729
EG.FX.IBK.WAVG,2005-07-27,5.7711
EG.FX.IBK.WAVG,2005-07-28,5.7703
EG.FX.IBK.WAVG,2005-07-31,5.7697
EG.FX.IBK.WAVG,2005-08-01,5.769
EG.FX.IBK.WAVG,2005-08-02,5.7681
EG.FX.IBK.WAVG,2005-08-03,5.7673
EG.FX.IBK.WAVG,2005-08-04,5.7673
EG.FX.IBK.WAVG,2005-08-07,5.7675
EG.FX.IBK.WAVG,2005-08-08,5.7669
EG.FX.IBK.WAVG,2005-08-09,5.7669
EG.FX.IBK.WAVG,2005-08-10,5.7661
EG.FX.IBK.WAVG,2005-08-11,5.7664
EG.FX.IBK.WAVG,2005-08-14,5.7664
EG.FX.IBK.WAVG,2005-08-15,5.7663
EG.FX.IBK.WAVG,2005-08-16,5.7665
EG.FX.IBK.WAVG,2005-08-17,5.7665
EG.FX.IBK.WAVG,2005-08-18,5.7666
EG.FX.IBK.WAVG,2005-08-21,5.7665
EG.FX.IBK.WAVG,2005-08-22,5.7663
EG.FX.IBK.WAVG,2005-08-23,5.7661
EG.FX.IBK.WAVG,2005-08-24,5.7663
EG.FX.IBK.WAVG,2005-08-25,5.7673
EG.FX.IBK.WAVG,2005-08-28,5.7674
EG.FX.IBK.WAVG,2005-08-29,5.7673
EG.FX.IBK.WAVG,2005-08-30,5.7675
EG.FX.IBK.WAVG,2005-08-31,5.7678
EG.FX.IBK.WAVG,2005-09-01,5.7675
EG.FX.IBK.WAVG,2005-09-04,5.7678
EG.FX.IBK.WAVG,2005-09-05,5.7678
EG.FX.IBK.WAVG,2005-09-06,5.7676
EG.FX.IBK.WAVG,2005-09-07,5.7673
EG.FX.IBK.WAVG,2005-09-08,5.7663
EG.FX.IBK.WAVG,2005-09-11,5.7648
EG.FX.IBK.WAVG,2005-09-12,5.7631
EG.FX.IBK.WAVG,2005-09-13,5.7631
EG.FX.IBK.WAVG,2005-09-14,5.762
EG.FX.IBK.WAVG,2005-09-15,5.7607
EG.FX.IBK.WAVG,2005-09-18,5.7597
EG.FX.IBK.WAVG,2005-09-19,5.7579
EG.FX.IBK.WAVG,2005-09-20,5.7571
EG.FX.IBK.WAVG,2005-09-21,5.7564
EG.FX.IBK.WAVG,2005-09-22,5.7563
EG.FX.IBK.WAVG,2005-09-25,5.756
EG.FX.IBK.WAVG,2005-09-26,5.7551
EG.FX.IBK.WAVG,2005-09-27,5.7553
EG.FX.IBK.WAVG,2005-09-28,5.7547
EG.FX.IBK.WAVG,2005-09-29,5.7545
EG.FX.IBK.WAVG,2005-10-02,5.7543
EG.FX.IBK.WAVG,2005-10-03,5.754
EG.FX.IBK.WAVG,2005-10-04,5.7538
EG.FX.IBK.WAVG,2005-10-05,5.7537
EG.FX.IBK.WAVG,2005-10-09,5.7538
EG.FX.IBK.WAVG,2005-10-10,5.7535
EG.FX.IBK.WAVG,2005-10-11,5.7537
EG.FX.IBK.WAVG,2005-10-12,5.7536
EG.FX.IBK.WAVG,2005-10-13,5.7542
EG.FX.IBK.WAVG,2005-10-16,5.7548
EG.FX.IBK.WAVG,2005-10-17,5.755
EG.FX.IBK.WAVG,2005-10-18,5.7561
EG.FX.IBK.WAVG,2005-10-19,5.7567
EG.FX.IBK.WAVG,2005-10-20,5.757
EG.FX.IBK.WAVG,2005-10-23,5.7574
EG.FX.IBK.WAVG,2005-10-24,5.7577
EG.FX.IBK.WAVG,2005-10-25,5.7581
EG.FX.IBK.WAVG,2005-10-26,5.7583
EG.FX.IBK.WAVG,2005-10-27,5.758
EG.FX.IBK.WAVG,2005-10-30,5.7583
EG.FX.IBK.WAVG,2005-10-31,5.7586
EG.FX.IBK.WAVG,2005-11-01,5.7589
EG.FX.IBK.WAVG,2005-11-06,5.7587
EG.FX.IBK.WAVG,2005-11-07,5.7588
EG.FX.IBK.WAVG,2005-11-08,5.7589
EG.FX.IBK.WAVG,2005-11-09,5.7588
EG.FX.IBK.WAVG,2005-11-10,5.7586
EG.FX.IBK.WAVG,2005-11-13,5.7587
EG.FX.IBK.WAVG,2005-11-14,5.7589
EG.FX.IBK.WAVG,2005-11-15,5.7589
EG.FX.IBK.WAVG,2005-11-16,5.7593
EG.FX.IBK.WAVG,2005-11-17,5.7594
EG.FX.IBK.WAVG,2005-11-20,5.7588
EG.FX.IBK.WAVG,2005-11-21,5.7583
EG.FX.IBK.WAVG,2005-11-22,5.7588
EG.FX.IBK.WAVG,2005-11-23,5.7583
EG.FX.IBK.WAVG,2005-11-24,5.7591
EG.FX.IBK.WAVG,2005-11-27,5.7592
EG.FX.IBK.WAVG,2005-11-28,5.7593
EG.FX.IBK.WAVG,2005-11-29,5.7592
EG.FX.IBK.WAVG,2005-11-30,5.7586
EG.FX.IBK.WAVG,2005-12-01,5.7579
EG.FX.IBK.WAVG,2005-12-04,5.757
EG.FX.IBK.WAVG,2005-12-05,5.7551
EG.FX.IBK.WAVG,2005-12-06,5.7538
EG.FX.IBK.WAVG,2005-12-07,5.7499
EG.FX.IBK.WAVG,2005-12-08,5.7477
EG.FX.IBK.WAVG,2005-12-11,5.746
EG.FX.IBK.WAVG,2005-12-12,5.7393
EG.FX.IBK.WAVG,2005-12-13,5.7381
EG.FX.IBK.WAVG,2005-12-14,5.7366
EG.FX.IBK.WAVG,2005-12-15,5.7372
EG.FX.IBK.WAVG,2005-12-18,5.7368
EG.FX.IBK.WAVG,2005-12-19,5.7362
EG.FX.IBK.WAVG,2005-12-20,5.736
EG.FX.IBK.WAVG,2005-12-21,5.7351
EG.FX.IBK.WAVG,2005-12-22,5.736
EG.FX.IBK.WAVG,2005-12-25,5.7362
EG.FX.IBK.WAVG,2005-12-26,5.7363
EG.FX.IBK.WAVG,2005-12-27,5.7363
EG.FX.IBK.WAVG,2005-12-28,5.7364
EG.FX.IBK.WAVG,2005-12-29,5.7374
EG.FX.IBK.WAVG,2006-01-02,5.7371
EG.FX.IBK.WAVG,2006-01-03,5.737
EG.FX.IBK.WAVG,2006-01-04,5.7365
EG.FX.IBK.WAVG,2006-01-05,5.7356
EG.FX.IBK.WAVG,2006-01-08,5.7334
EG.FX.IBK.WAVG,2006-01-12,5.7325
EG.FX.IBK.WAVG,2006-01-15,5.7321
EG.FX.IBK.WAVG,2006-01-16,5.7311
EG.FX.IBK.WAVG,2006-01-17,5.7303
EG.FX.IBK.WAVG,2006-01-18,5.7293
EG.FX.IBK.WAVG,2006-01-19,5.7289
EG.FX.IBK.WAVG,2006-01-22,5.729
EG.FX.IBK.WAVG,2006-01-23,5.7291
EG.FX.IBK.WAVG,2006-01-24,5.7293
EG.FX.IBK.WAVG,2006-01-25,5.7298
EG.FX.IBK.WAVG,2006-01-26,5.7298
EG.FX.IBK.WAVG,2006-01-29,5.7298
EG.FX.IBK.WAVG,2006-01-30,5.7306
EG.FX.IBK.WAVG,2006-02-01,5.7317
EG.FX.IBK.WAVG,2006-02-02,5.7314
EG.FX.IBK.WAVG,2006-02-05,5.7318
EG.FX.IBK.WAVG,2006-02-06,5.7315
EG.FX.IBK.WAVG,2006-02-07,5.7317
EG.FX.IBK.WAVG,2006-02-08,5.7321
EG.FX.IBK.WAVG,2006-02-09,5.7321
EG.FX.IBK.WAVG,2006-02-12,5.7322
EG.FX.IBK.WAVG,2006-02-13,5.7323
EG.FX.IBK.WAVG,2006-02-14,5.7325
EG.FX.IBK.WAVG,2006-02-15,5.7333
EG.FX.IBK.WAVG,2006-02-16,5.7337
EG.FX.IBK.WAVG,2006-02-19,5.7337
EG.FX.IBK.WAVG,2006-02-20,5.7337
EG.FX.IBK.WAVG,2006-02-21,5.7338
EG.FX.IBK.WAVG,2006-02-22,5.7336
EG.FX.IBK.WAVG,2006-02-23,5.7344
EG.FX.IBK.WAVG,2006-02-26,5.7343
EG.FX.IBK.WAVG,2006-02-27,5.7344
EG.FX.IBK.WAVG,2006-02-28,5.7344
EG.FX.IBK.WAVG,2006-03-01,5.7342
EG.FX.IBK.WAVG,2006-03-02,5.7336
EG.FX.IBK.WAVG,2006-03-05,5.7341
EG.FX.IBK.WAVG,2006-03-06,5.7344
EG.FX.IBK.WAVG,2006-03-07,5.7351
EG.FX.IBK.WAVG,2006-03-08,5.7355
EG.FX.IBK.WAVG,2006-03-09,5.7361
EG.FX.IBK.WAVG,2006-03-12,5.7361
EG.FX.IBK.WAVG,2006-03-13,5.7365
EG.FX.IBK.WAVG,2006-03-14,5.739
EG.FX.IBK.WAVG,2006-03-15,5.7425
EG.FX.IBK.WAVG,2006-03-16,5.743
EG.FX.IBK.WAVG,2006-03-19,5.7428
EG.FX.IBK.WAVG,2006-03-20,5.7434
EG.FX.IBK.WAVG,2006-03-21,5.7446
EG.FX.IBK.WAVG,2006-03-22,5.7455
EG.FX.IBK.WAVG,2006-03-23,5.7455
EG.FX.IBK.WAVG,2006-03-26,5.7459
EG.FX.IBK.WAVG,2006-03-27,5.746
EG.FX.IBK.WAVG,2006-03-28,5.7463
EG.FX.IBK.WAVG,2006-03-29,5.7469
EG.FX.IBK.WAVG,2006-03-30,5.7469
EG.FX.IBK.WAVG,2006-04-02,5.7473
EG.FX.IBK.WAVG,2006-04-03,5.7474
EG.FX.IBK.WAVG,2006-04-04,5.7477
EG.FX.IBK.WAVG,2006-04-05,5.7471
EG.FX.IBK.WAVG,2006-04-06,5.7471
EG.FX.IBK.WAVG,2006-04-09,5.7474
EG.FX.IBK.WAVG,2006-04-11,5.7477
EG.FX.IBK.WAVG,2006-04-12,5.7484
EG.FX.IBK.WAVG,2006-04-13,5.7493
EG.FX.IBK.WAVG,2006-04-16,5.7498
EG.FX.IBK.WAVG,2006-04-17,5.7502
EG.FX.IBK.WAVG,2006-04-18,5.7506
EG.FX.IBK.WAVG,2006-04-19,5.7507
EG.FX.IBK.WAVG,2006-04-20,5.7517
EG.FX.IBK.WAVG,2006-04-26,5.7521
EG.FX.IBK.WAVG,2006-04-27,5.7534
EG.FX.IBK.WAVG,2006-04-30,5.7538
EG.FX.IBK.WAVG,2006-05-02,5.7552
EG.FX.IBK.WAVG,2006-05-03,5.7569
EG.FX.IBK.WAVG,2006-05-04,5.7577
EG.FX.IBK.WAVG,2006-05-07,5.7581
EG.FX.IBK.WAVG,2006-05-08,5.759
EG.FX.IBK.WAVG,2006-05-09,5.7608
EG.FX.IBK.WAVG,2006-05-10,5.7627
EG.FX.IBK.WAVG,2006-05-11,5.7644
EG.FX.IBK.WAVG,2006-05-14,5.7649
EG.FX.IBK.WAVG,2006-05-15,5.766
EG.FX.IBK.WAVG,2006-05-16,5.7673
EG.FX.IBK.WAVG,2006-05-17,5.7676
EG.FX.IBK.WAVG,2006-05-18,5.7693
EG.FX.IBK.WAVG,2006-05-21,5.7683
EG.FX.IBK.WAVG,2006-05-22,5.7678
EG.FX.IBK.WAVG,2006-05-23,5.7681
EG.FX.IBK.WAVG,2006-05-24,5.7675
EG.FX.IBK.WAVG,2006-05-25,5.7675
EG.FX.IBK.WAVG,2006-05-28,5.767
EG.FX.IBK.WAVG,2006-05-29,5.7653
EG.FX.IBK.WAVG,2006-05-30,5.7632
EG.FX.IBK.WAVG,2006-05-31,5.7624
EG.FX.IBK.WAVG,2006-06-01,5.7614
EG.FX.IBK.WAVG,2006-06-04,5.7606
EG.FX.IBK.WAVG,2006-06-05,5.7596
EG.FX.IBK.WAVG,2006-06-06,5.759
EG.FX.IBK.WAVG,2006-06-07,5.7593
EG.FX.IBK.WAVG,2006-06-08,5.7591
EG.FX.IBK.WAVG,2006-06-11,5.7586
EG.FX.IBK.WAVG,2006-06-12,5.7581
EG.FX.IBK.WAVG,2006-06-13,5.7583
EG.FX.IBK.WAVG,2006-06-14,5.7583
EG.FX.IBK.WAVG,2006-06-15,5.7583
EG.FX.IBK.WAVG,2006-06-18,5.7581
EG.FX.IBK.WAVG,2006-06-19,5.758
EG.FX.IBK.WAVG,2006-06-20,5.758
EG.FX.IBK.WAVG,2006-06-21,5.7581
EG.FX.IBK.WAVG,2006-06-22,5.758
EG.FX.IBK.WAVG,2006-06-25,5.758
EG.FX.IBK.WAVG,2006-06-26,5.7581
EG.FX.IBK.WAVG,2006-06-27,5.7579
EG.FX.IBK.WAVG,2006-06-28,5.7579
EG.FX.IBK.WAVG,2006-06-29,5.7579
EG.FX.IBK.WAVG,2006-07-02,5.7577
EG.FX.IBK.WAVG,2006-07-03,5.7576
EG.FX.IBK.WAVG,2006-07-04,5.7577
EG.FX.IBK.WAVG,2006-07-05,5.7545
EG.FX.IBK.WAVG,2006-07-06,5.7505
EG.FX.IBK.WAVG,2006-07-09,5.7485
EG.FX.IBK.WAVG,2006-07-10,5.7462
EG.FX.IBK.WAVG,2006-07-11,5.7445
EG.FX.IBK.WAVG,2006-07-12,5.7431
EG.FX.IBK.WAVG,2006-07-13,5.7443
EG.FX.IBK.WAVG,2006-07-16,5.7432
EG.FX.IBK.WAVG,2006-07-17,5.744
EG.FX.IBK.WAVG,2006-07-18,5.7442
EG.FX.IBK.WAVG,2006-07-19,5.7441
EG.FX.IBK.WAVG,2006-07-20,5.7438
EG.FX.IBK.WAVG,2006-07-24,5.7436
EG.FX.IBK.WAVG,2006-07-25,5.7435
EG.FX.IBK.WAVG,2006-07-26,5.7432
EG.FX.IBK.WAVG,2006-07-27,5.7436
EG.FX.IBK.WAVG,2006-07-30,5.7434
EG.FX.IBK.WAVG,2006-07-31,5.7433
EG.FX.IBK.WAVG,2006-08-01,5.7434
EG.FX.IBK.WAVG,2006-08-02,5.7433
EG.FX.IBK.WAVG,2006-08-03,5.7435
EG.FX.IBK.WAVG,2006-08-06,5.7434
EG.FX.IBK.WAVG,2006-08-07,5.7436
EG.FX.IBK.WAVG,2006-08-08,5.7435
EG.FX.IBK.WAVG,2006-08-09,5.7434
EG.FX.IBK.WAVG,2006-08-10,5.7434
EG.FX.IBK.WAVG,2006-08-13,5.7434
EG.FX.IBK.WAVG,2006-08-14,5.7435
EG.FX.IBK.WAVG,2006-08-15,5.7436
EG.FX.IBK.WAVG,2006-08-16,5.7434
EG.FX.IBK.WAVG,2006-08-17,5.743
EG.FX.IBK.WAVG,2006-08-20,5.7422
EG.FX.IBK.WAVG,2006-08-21,5.7419
EG.FX.IBK.WAVG,2006-08-22,5.7415
EG.FX.IBK.WAVG,2006-08-23,5.741
EG.FX.IBK.WAVG,2006-08-24,5.7408
EG.FX.IBK.WAVG,2006-08-27,5.7409
EG.FX.IBK.WAVG,2006-08-28,5.741
EG.FX.IBK.WAVG,2006-08-29,5.7403
EG.FX.IBK.WAVG,2006-08-30,5.7396
EG.FX.IBK.WAVG,2006-08-31,5.7394
EG.FX.IBK.WAVG,2006-09-03,5.7392
EG.FX.IBK.WAVG,2006-09-04,5.7393
EG.FX.IBK.WAVG,2006-09-05,5.7385
EG.FX.IBK.WAVG,2006-09-06,5.738
EG.FX.IBK.WAVG,2006-09-07,5.7381
EG.FX.IBK.WAVG,2006-09-10,5.738
EG.FX.IBK.WAVG,2006-09-11,5.7379
EG.FX.IBK.WAVG,2006-09-12,5.7377
EG.FX.IBK.WAVG,2006-09-13,5.7371
EG.FX.IBK.WAVG,2006-09-14,5.7368
EG.FX.IBK.WAVG,2006-09-17,5.7367
EG.FX.IBK.WAVG,2006-09-18,5.7364
EG.FX.IBK.WAVG,2006-09-19,5.7363
EG.FX.IBK.WAVG,2006-09-20,5.736
EG.FX.IBK.WAVG,2006-09-21,5.736
EG.FX.IBK.WAVG,2006-09-24,5.7359
EG.FX.IBK.WAVG,2006-09-25,5.7361
EG.FX.IBK.WAVG,2006-09-26,5.736
EG.FX.IBK.WAVG,2006-09-27,5.7359
EG.FX.IBK.WAVG,2006-09-28,5.7359
EG.FX.IBK.WAVG,2006-10-01,5.7356
EG.FX.IBK.WAVG,2006-10-02,5.7356
EG.FX.IBK.WAVG,2006-10-03,5.7352
EG.FX.IBK.WAVG,2006-10-04,5.7354
EG.FX.IBK.WAVG,2006-10-08,5.7355
EG.FX.IBK.WAVG,2006-10-09,5.7353
EG.FX.IBK.WAVG,2006-10-10,5.735
EG.FX.IBK.WAVG,2006-10-11,5.7347
EG.FX.IBK.WAVG,2006-10-12,5.7347
EG.FX.IBK.WAVG,2006-10-15,5.7346
EG.FX.IBK.WAVG,2006-10-16,5.7348
EG.FX.IBK.WAVG,2006-10-17,5.7345
EG.FX.IBK.WAVG,2006-10-18,5.7343
EG.FX.IBK.WAVG,2006-10-19,5.7336
EG.FX.IBK.WAVG,2006-10-22,5.7328
EG.FX.IBK.WAVG,2006-10-23,5.7323
EG.FX.IBK.WAVG,2006-10-26,5.7318
EG.FX.IBK.WAVG,2006-10-29,5.7307
EG.FX.IBK.WAVG,2006-10-30,5.7296
EG.FX.IBK.WAVG,2006-10-31,5.7289
EG.FX.IBK.WAVG,2006-11-01,5.7279
EG.FX.IBK.WAVG,2006-11-02,5.7269
EG.FX.IBK.WAVG,2006-11-05,5.7249
EG.FX.IBK.WAVG,2006-11-06,5.7234
EG.FX.IBK.WAVG,2006-11-07,5.7227
EG.FX.IBK.WAVG,2006-11-08,5.722
EG.FX.IBK.WAVG,2006-11-09,5.7214
EG.FX.IBK.WAVG,2006-11-12,5.7205
EG.FX.IBK.WAVG,2006-11-13,5.7196
EG.FX.IBK.WAVG,2006-11-14,5.7186
EG.FX.IBK.WAVG,2006-11-15,5.7182
EG.FX.IBK.WAVG,2006-11-16,5.7177
EG.FX.IBK.WAVG,2006-11-19,5.7174
EG.FX.IBK.WAVG,2006-11-20,5.7172
EG.FX.IBK.WAVG,2006-11-21,5.7169
EG.FX.IBK.WAVG,2006-11-22,5.717
EG.FX.IBK.WAVG,2006-11-23,5.7171
EG.FX.IBK.WAVG,2006-11-26,5.7168
EG.FX.IBK.WAVG,2006-11-27,5.7166
EG.FX.IBK.WAVG,2006-11-28,5.7163
EG.FX.IBK.WAVG,2006-11-29,5.716
EG.FX.IBK.WAVG,2006-11-30,5.7157
EG.FX.IBK.WAVG,2006-12-03,5.7157
EG.FX.IBK.WAVG,2006-12-04,5.7156
EG.FX.IBK.WAVG,2006-12-05,5.7156
EG.FX.IBK.WAVG,2006-12-06,5.7156
EG.FX.IBK.WAVG,2006-12-07,5.7148
EG.FX.IBK.WAVG,2006-12-10,5.7137
EG.FX.IBK.WAVG,2006-12-11,5.7137
EG.FX.IBK.WAVG,2006-12-12,5.7135
EG.FX.IBK.WAVG,2006-12-13,5.7131
EG.FX.IBK.WAVG,2006-12-14,5.7121
EG.FX.IBK.WAVG,2006-12-17,5.7121
EG.FX.IBK.WAVG,2006-12-18,5.7121
EG.FX.IBK.WAVG,2006-12-19,5.7115
EG.FX.IBK.WAVG,2006-12-20,5.7105
EG.FX.IBK.WAVG,2006-12-21,5.7096
EG.FX.IBK.WAVG,2006-12-24,5.7092
EG.FX.IBK.WAVG,2006-12-25,5.7089
EG.FX.IBK.WAVG,2006-12-26,5.7086
EG.FX.IBK.WAVG,2006-12-27,5.7085
EG.FX.IBK.WAVG,2006-12-28,5.708
EG.FX.IBK.WAVG,2007-01-02,5.7071
EG.FX.IBK.WAVG,2007-01-03,5.706
EG.FX.IBK.WAVG,2007-01-04,5.7051
EG.FX.IBK.WAVG,2007-01-08,5.7043
EG.FX.IBK.WAVG,2007-01-09,5.7032
EG.FX.IBK.WAVG,2007-01-10,5.7029
EG.FX.IBK.WAVG,2007-01-11,5.7025
EG.FX.IBK.WAVG,2007-01-14,5.702
EG.FX.IBK.WAVG,2007-01-15,5.7016
EG.FX.IBK.WAVG,2007-01-16,5.7011
EG.FX.IBK.WAVG,2007-01-17,5.7009
EG.FX.IBK.WAVG,2007-01-18,5.7001
EG.FX.IBK.WAVG,2007-01-22,5.6995
EG.FX.IBK.WAVG,2007-01-23,5.6985
EG.FX.IBK.WAVG,2007-01-24,5.6979
EG.FX.IBK.WAVG,2007-01-25,5.6974
EG.FX.IBK.WAVG,2007-01-28,5.6972
EG.FX.IBK.WAVG,2007-01-29,5.6966
EG.FX.IBK.WAVG,2007-01-30,5.696
EG.FX.IBK.WAVG,2007-01-31,5.696
EG.FX.IBK.WAVG,2007-02-01,5.696
EG.FX.IBK.WAVG,2007-02-04,5.696
EG.FX.IBK.WAVG,2007-02-05,5.6957
EG.FX.IBK.WAVG,2007-02-06,5.6956
EG.FX.IBK.WAVG,2007-02-07,5.6956
EG.FX.IBK.WAVG,2007-02-08,5.6955
EG.FX.IBK.WAVG,2007-02-11,5.6954
EG.FX.IBK.WAVG,2007-02-12,5.6952
EG.FX.IBK.WAVG,2007-02-13,5.695
EG.FX.IBK.WAVG,2007-02-14,5.6951
EG.FX.IBK.WAVG,2007-02-15,5.6952
EG.FX.IBK.WAVG,2007-02-18,5.6951
EG.FX.IBK.WAVG,2007-02-19,5.695
EG.FX.IBK.WAVG,2007-02-20,5.6948
EG.FX.IBK.WAVG,2007-02-21,5.6944
EG.FX.IBK.WAVG,2007-02-22,5.6945
EG.FX.IBK.WAVG,2007-02-25,5.6945
EG.FX.IBK.WAVG,2007-02-26,5.6945
EG.FX.IBK.WAVG,2007-02-27,5.6945
EG.FX.IBK.WAVG,2007-02-28,5.6948
EG.FX.IBK.WAVG,2007-03-01,5.696
EG.FX.IBK.WAVG,2007-03-04,5.6962
EG.FX.IBK.WAVG,2007-03-05,5.6973
EG.FX.IBK.WAVG,2007-03-06,5.6981
EG.FX.IBK.WAVG,2007-03-07,5.6983
EG.FX.IBK.WAVG,2007-03-08,5.6984
EG.FX.IBK.WAVG,2007-03-11,5.6983
EG.FX.IBK.WAVG,2007-03-12,5.6985
EG.FX.IBK.WAVG,2007-03-13,5.6991
EG.FX.IBK.WAVG,2007-03-14,5.6997
EG.FX.IBK.WAVG,2007-03-15,5.7002
EG.FX.IBK.WAVG,2007-03-18,5.7002
EG.FX.IBK.WAVG,2007-03-19,5.6999
EG.FX.IBK.WAVG,2007-03-20,5.6997
EG.FX.IBK.WAVG,2007-03-21,5.6992
EG.FX.IBK.WAVG,2007-03-22,5.6986
EG.FX.IBK.WAVG,2007-03-25,5.6978
EG.FX.IBK.WAVG,2007-03-26,5.6975
EG.FX.IBK.WAVG,2007-03-27,5.6973
EG.FX.IBK.WAVG,2007-03-28,5.6968
EG.FX.IBK.WAVG,2007-03-29,5.6966
EG.FX.IBK.WAVG,2007-04-02,5.6965
EG.FX.IBK.WAVG,2007-04-03,5.696
EG.FX.IBK.WAVG,2007-04-04,5.6953
EG.FX.IBK.WAVG,2007-04-05,5.6954
EG.FX.IBK.WAVG,2007-04-10,5.6952
EG.FX.IBK.WAVG,2007-04-11,5.6947
EG.FX.IBK.WAVG,2007-04-12,5.694
EG.FX.IBK.WAVG,2007-04-15,5.693
EG.FX.IBK.WAVG,2007-04-16,5.6918
EG.FX.IBK.WAVG,2007-04-17,5.6884
EG.FX.IBK.WAVG,2007-04-18,5.6848
EG.FX.IBK.WAVG,2007-04-19,5.6824
EG.FX.IBK.WAVG,2007-04-22,5.6803
EG.FX.IBK.WAVG,2007-04-23,5.6779
EG.FX.IBK.WAVG,2007-04-24,5.6766
EG.FX.IBK.WAVG,2007-04-26,5.6783
EG.FX.IBK.WAVG,2007-04-29,5.6821
EG.FX.IBK.WAVG,2007-04-30,5.6823
EG.FX.IBK.WAVG,2007-05-02,5.6834
EG.FX.IBK.WAVG,2007-05-03,5.6849
EG.FX.IBK.WAVG,2007-05-06,5.685
EG.FX.IBK.WAVG,2007-05-07,5.6859
EG.FX.IBK.WAVG,2007-05-08,5.688
EG.FX.IBK.WAVG,2007-05-09,5.6904
EG.FX.IBK.WAVG,2007-05-10,5.6924
EG.FX.IBK.WAVG,2007-05-13,5.6936
EG.FX.IBK.WAVG,2007-05-14,5.6935
EG.FX.IBK.WAVG,2007-05-15,5.6935
EG.FX.IBK.WAVG,2007-05-16,5.694
EG.FX.IBK.WAVG,2007-05-17,5.6942
EG.FX.IBK.WAVG,2007-05-20,5.6939
EG.FX.IBK.WAVG,2007-05-21,5.6936
EG.FX.IBK.WAVG,2007-05-22,5.6936
EG.FX.IBK.WAVG,2007-05-23,5.6941
EG.FX.IBK.WAVG,2007-05-24,5.6949
EG.FX.IBK.WAVG,2007-05-27,5.6949
EG.FX.IBK.WAVG,2007-05-28,5.6948
EG.FX.IBK.WAVG,2007-05-29,5.6957
EG.FX.IBK.WAVG,2007-05-30,5.6976
EG.FX.IBK.WAVG,2007-05-31,5.699
EG.FX.IBK.WAVG,2007-06-03,5.6987
EG.FX.IBK.WAVG,2007-06-04,5.6979
EG.FX.IBK.WAVG,2007-06-05,5.6971
EG.FX.IBK.WAVG,2007-06-06,5.6968
EG.FX.IBK.WAVG,2007-06-07,5.6966
EG.FX.IBK.WAVG,2007-06-10,5.6965
EG.FX.IBK.WAVG,2007-06-11,5.6961
EG.FX.IBK.WAVG,2007-06-12,5.6957
EG.FX.IBK.WAVG,2007-06-13,5.6958
EG.FX.IBK.WAVG,2007-06-14,5.6959
EG.FX.IBK.WAVG,2007-06-17,5.6959
EG.FX.IBK.WAVG,2007-06-18,5.6959
EG.FX.IBK.WAVG,2007-06-19,5.6962
EG.FX.IBK.WAVG,2007-06-20,5.697
EG.FX.IBK.WAVG,2007-06-21,5.6969
EG.FX.IBK.WAVG,2007-06-24,5.6962
EG.FX.IBK.WAVG,2007-06-25,5.6958
EG.FX.IBK.WAVG,2007-06-26,5.6958
EG.FX.IBK.WAVG,2007-06-27,5.6959
EG.FX.IBK.WAVG,2007-06-28,5.6967
EG.FX.IBK.WAVG,2007-07-01,5.6967
EG.FX.IBK.WAVG,2007-07-02,5.6971
EG.FX.IBK.WAVG,2007-07-03,5.6992
EG.FX.IBK.WAVG,2007-07-04,5.7012
EG.FX.IBK.WAVG,2007-07-05,5.6984
EG.FX.IBK.WAVG,2007-07-08,5.6959
EG.FX.IBK.WAVG,2007-07-09,5.6907
EG.FX.IBK.WAVG,2007-07-10,5.6891
EG.FX.IBK.WAVG,2007-07-11,5.6913
EG.FX.IBK.WAVG,2007-07-12,5.6943
EG.FX.IBK.WAVG,2007-07-15,5.6932
EG.FX.IBK.WAVG,2007-07-16,5.6866
EG.FX.IBK.WAVG,2007-07-17,5.6818
EG.FX.IBK.WAVG,2007-07-18,5.6753
EG.FX.IBK.WAVG,2007-07-19,5.6684
EG.FX.IBK.WAVG,2007-07-22,5.6664
EG.FX.IBK.WAVG,2007-07-24,5.6641
EG.FX.IBK.WAVG,2007-07-25,5.6598
EG.FX.IBK.WAVG,2007-07-26,5.6554
EG.FX.IBK.WAVG,2007-07-29,5.65
EG.FX.IBK.WAVG,2007-07-30,5.6463
EG.FX.IBK.WAVG,2007-07-31,5.6497
EG.FX.IBK.WAVG,2007-08-01,5.6561
EG.FX.IBK.WAVG,2007-08-02,5.6548
EG.FX.IBK.WAVG,2007-08-05,5.6474
EG.FX.IBK.WAVG,2007-08-06,5.6408
EG.FX.IBK.WAVG,2007-08-07,5.6376
EG.FX.IBK.WAVG,2007-08-08,5.6371
EG.FX.IBK.WAVG,2007-08-09,5.6336
EG.FX.IBK.WAVG,2007-08-12,5.6334
EG.FX.IBK.WAVG,2007-08-13,5.6433
EG.FX.IBK.WAVG,2007-08-14,5.6453
EG.FX.IBK.WAVG,2007-08-15,5.6533
EG.FX.IBK.WAVG,2007-08-16,5.6646
EG.FX.IBK.WAVG,2007-08-19,5.6729
EG.FX.IBK.WAVG,2007-08-20,5.6775
EG.FX.IBK.WAVG,2007-08-21,5.6818
EG.FX.IBK.WAVG,2007-08-22,5.6813
EG.FX.IBK.WAVG,2007-08-23,5.6802
EG.FX.IBK.WAVG,2007-08-26,5.6694
EG.FX.IBK.WAVG,2007-08-27,5.6595
EG.FX.IBK.WAVG,2007-08-28,5.65
EG.FX.IBK.WAVG,2007-08-29,5.6531
EG.FX.IBK.WAVG,2007-08-30,5.6565
EG.FX.IBK.WAVG,2007-09-02,5.6528
EG.FX.IBK.WAVG,2007-09-03,5.651
EG.FX.IBK.WAVG,2007-09-04,5.6508
EG.FX.IBK.WAVG,2007-09-05,5.6499
EG.FX.IBK.WAVG,2007-09-06,5.6494
EG.FX.IBK.WAVG,2007-09-09,5.6564
EG.FX.IBK.WAVG,2007-09-10,5.6609
EG.FX.IBK.WAVG,2007-09-11,5.6591
EG.FX.IBK.WAVG,2007-09-12,5.6495
EG.FX.IBK.WAVG,2007-09-13,5.6421
EG.FX.IBK.WAVG,2007-09-16,5.6398
EG.FX.IBK.WAVG,2007-09-17,5.6379
EG.FX.IBK.WAVG,2007-09-18,5.6301
EG.FX.IBK.WAVG,2007-09-19,5.6178
EG.FX.IBK.WAVG,2007-09-20,5.607
EG.FX.IBK.WAVG,2007-09-23,5.6012
EG.FX.IBK.WAVG,2007-09-24,5.5923
EG.FX.IBK.WAVG,2007-09-25,5.5878
EG.FX.IBK.WAVG,2007-09-26,5.5869
EG.FX.IBK.WAVG,2007-09-27,5.5866
EG.FX.IBK.WAVG,2007-09-30,5.5843
EG.FX.IBK.WAVG,2007-10-01,5.5795
EG.FX.IBK.WAVG,2007-10-02,5.575
EG.FX.IBK.WAVG,2007-10-03,5.5685
EG.FX.IBK.WAVG,2007-10-04,5.5605
EG.FX.IBK.WAVG,2007-10-08,5.5558
EG.FX.IBK.WAVG,2007-10-09,5.5502
EG.FX.IBK.WAVG,2007-10-10,5.5483
EG.FX.IBK.WAVG,2007-10-11,5.5457
EG.FX.IBK.WAVG,2007-10-16,5.5412
EG.FX.IBK.WAVG,2007-10-17,5.5375
EG.FX.IBK.WAVG,2007-10-18,5.5315
EG.FX.IBK.WAVG,2007-10-21,5.5239
EG.FX.IBK.WAVG,2007-10-22,5.5234
EG.FX.IBK.WAVG,2007-10-23,5.5227
EG.FX.IBK.WAVG,2007-10-24,5.5221
EG.FX.IBK.WAVG,2007-10-25,5.5176
EG.FX.IBK.WAVG,2007-10-28,5.5262
EG.FX.IBK.WAVG,2007-10-29,5.5262
EG.FX.IBK.WAVG,2007-10-30,5.5261
EG.FX.IBK.WAVG,2007-10-31,5.5144
EG.FX.IBK.WAVG,2007-11-01,5.4858
EG.FX.IBK.WAVG,2007-11-04,5.4756
EG.FX.IBK.WAVG,2007-11-05,5.4729
EG.FX.IBK.WAVG,2007-11-06,5.4897
EG.FX.IBK.WAVG,2007-11-07,5.4981
EG.FX.IBK.WAVG,2007-11-08,5.4981
EG.FX.IBK.WAVG,2007-11-11,5.4985
EG.FX.IBK.WAVG,2007-11-12,5.5007
EG.FX.IBK.WAVG,2007-11-13,5.5008
EG.FX.IBK.WAVG,2007-11-14,5.5124
EG.FX.IBK.WAVG,2007-11-15,5.5207
EG.FX.IBK.WAVG,2007-11-18,5.5204
EG.FX.IBK.WAVG,2007-11-19,5.5201
EG.FX.IBK.WAVG,2007-11-20,5.5202
EG.FX.IBK.WAVG,2007-11-21,5.5205
EG.FX.IBK.WAVG,2007-11-22,5.5272
EG.FX.IBK.WAVG,2007-11-25,5.5316
EG.FX.IBK.WAVG,2007-11-26,5.5315
EG.FX.IBK.WAVG,2007-11-27,5.5313
EG.FX.IBK.WAVG,2007-11-28,5.5303
EG.FX.IBK.WAVG,2007-11-29,5.5302
EG.FX.IBK.WAVG,2007-12-02,5.5306
EG.FX.IBK.WAVG,2007-12-03,5.5302
EG.FX.IBK.WAVG,2007-12-04,5.5305
EG.FX.IBK.WAVG,2007-12-05,5.531
EG.FX.IBK.WAVG,2007-12-06,5.5311
EG.FX.IBK.WAVG,2007-12-09,5.5317
EG.FX.IBK.WAVG,2007-12-10,5.5307
EG.FX.IBK.WAVG,2007-12-11,5.5323
EG.FX.IBK.WAVG,2007-12-12,5.5345
EG.FX.IBK.WAVG,2007-12-13,5.5346
EG.FX.IBK.WAVG,2007-12-16,5.5316
EG.FX.IBK.WAVG,2007-12-17,5.5308
EG.FX.IBK.WAVG,2007-12-23,5.5229
EG.FX.IBK.WAVG,2007-12-24,5.5151
EG.FX.IBK.WAVG,2007-12-25,5.5282
EG.FX.IBK.WAVG,2007-12-26,5.5385
EG.FX.IBK.WAVG,2007-12-27,5.5374
EG.FX.IBK.WAVG,2007-12-30,5.5231
EG.FX.IBK.WAVG,2007-12-31,5.5145
EG.FX.IBK.WAVG,2008-01-02,5.5075
EG.FX.IBK.WAVG,2008-01-03,5.4986
EG.FX.IBK.WAVG,2008-01-06,5.4888
EG.FX.IBK.WAVG,2008-01-08,5.477
EG.FX.IBK.WAVG,2008-01-10,5.4641
EG.FX.IBK.WAVG,2008-01-13,5.4589
EG.FX.IBK.WAVG,2008-01-14,5.4562
EG.FX.IBK.WAVG,2008-01-15,5.4553
EG.FX.IBK.WAVG,2008-01-16,5.4566
EG.FX.IBK.WAVG,2008-01-17,5.4764
EG.FX.IBK.WAVG,2008-01-20,5.4986
EG.FX.IBK.WAVG,2008-01-21,5.5195
EG.FX.IBK.WAVG,2008-01-22,5.5416
EG.FX.IBK.WAVG,2008-01-23,5.5404
EG.FX.IBK.WAVG,2008-01-24,5.5414
EG.FX.IBK.WAVG,2008-01-27,5.5422
EG.FX.IBK.WAVG,2008-01-28,5.5582
EG.FX.IBK.WAVG,2008-01-29,5.5683
EG.FX.IBK.WAVG,2008-01-30,5.5639
EG.FX.IBK.WAVG,2008-01-31,5.5541
EG.FX.IBK.WAVG,2008-02-03,5.5432
EG.FX.IBK.WAVG,2008-02-04,5.5361
EG.FX.IBK.WAVG,2008-02-05,5.5461
EG.FX.IBK.WAVG,2008-02-06,5.5285
EG.FX.IBK.WAVG,2008-02-07,5.5228
EG.FX.IBK.WAVG,2008-02-10,5.5177
EG.FX.IBK.WAVG,2008-02-11,5.5146
EG.FX.IBK.WAVG,2008-02-12,5.5087
EG.FX.IBK.WAVG,2008-02-13,5.5082
EG.FX.IBK.WAVG,2008-02-14,5.4997
EG.FX.IBK.WAVG,2008-02-17,5.4941
EG.FX.IBK.WAVG,2008-02-18,5.4944
EG.FX.IBK.WAVG,2008-02-19,5.4898
EG.FX.IBK.WAVG,2008-02-20,5.4872
EG.FX.IBK.WAVG,2008-02-21,5.494
EG.FX.IBK.WAVG,2008-02-24,5.4943
EG.FX.IBK.WAVG,2008-02-25,5.4955
EG.FX.IBK.WAVG,2008-02-26,5.5015
EG.FX.IBK.WAVG,2008-02-27,5.4991
EG.FX.IBK.WAVG,2008-02-28,5.4883
EG.FX.IBK.WAVG,2008-03-02,5.4838
EG.FX.IBK.WAVG,2008-03-03,5.4786
EG.FX.IBK.WAVG,2008-03-04,5.4773
EG.FX.IBK.WAVG,2008-03-05,5.4772
EG.FX.IBK.WAVG,2008-03-06,5.4728
EG.FX.IBK.WAVG,2008-03-09,5.4683
EG.FX.IBK.WAVG,2008-03-10,5.4686
EG.FX.IBK.WAVG,2008-03-11,5.4635
EG.FX.IBK.WAVG,2008-03-12,5.4587
EG.FX.IBK.WAVG,2008-03-13,5.4561
EG.FX.IBK.WAVG,2008-03-16,5.4573
EG.FX.IBK.WAVG,2008-03-17,5.4801
EG.FX.IBK.WAVG,2008-03-18,5.4892
EG.FX.IBK.WAVG,2008-03-19,5.4764
EG.FX.IBK.WAVG,2008-03-23,5.4707
EG.FX.IBK.WAVG,2008-03-24,5.4701
EG.FX.IBK.WAVG,2008-03-25,5.4702
EG.FX.IBK.WAVG,2008-03-26,5.4683
EG.FX.IBK.WAVG,2008-03-27,5.4612
EG.FX.IBK.WAVG,2008-03-30,5.4524
EG.FX.IBK.WAVG,2008-03-31,5.4516
EG.FX.IBK.WAVG,2008-04-01,5.4515
EG.FX.IBK.WAVG,2008-04-02,5.4509
EG.FX.IBK.WAVG,2008-04-03,5.4514
EG.FX.IBK.WAVG,2008-04-06,5.4493
EG.FX.IBK.WAVG,2008-04-07,5.449
EG.FX.IBK.WAVG,2008-04-08,5.4486
EG.FX.IBK.WAVG,2008-04-09,5.4449
EG.FX.IBK.WAVG,2008-04-10,5.4411
EG.FX.IBK.WAVG,2008-04-13,5.4384
EG.FX.IBK.WAVG,2008-04-14,5.4343
EG.FX.IBK.WAVG,2008-04-15,5.4289
EG.FX.IBK.WAVG,2008-04-16,5.4244
EG.FX.IBK.WAVG,2008-04-17,5.4215
EG.FX.IBK.WAVG,2008-04-20,5.4126
EG.FX.IBK.WAVG,2008-04-21,5.4008
EG.FX.IBK.WAVG,2008-04-22,5.3883
EG.FX.IBK.WAVG,2008-04-23,5.3793
EG.FX.IBK.WAVG,2008-04-24,5.3821
EG.FX.IBK.WAVG,2008-04-29,5.3867
EG.FX.IBK.WAVG,2008-04-30,5.3733
EG.FX.IBK.WAVG,2008-05-04,5.3592
EG.FX.IBK.WAVG,2008-05-05,5.354
EG.FX.IBK.WAVG,2008-05-06,5.3507
EG.FX.IBK.WAVG,2008-05-07,5.3597
EG.FX.IBK.WAVG,2008-05-08,5.3665
EG.FX.IBK.WAVG,2008-05-11,5.3578
EG.FX.IBK.WAVG,2008-05-12,5.3595
EG.FX.IBK.WAVG,2008-05-13,5.3575
EG.FX.IBK.WAVG,2008-05-14,5.3539
EG.FX.IBK.WAVG,2008-05-15,5.3612
EG.FX.IBK.WAVG,2008-05-18,5.3597
EG.FX.IBK.WAVG,2008-05-19,5.3514
EG.FX.IBK.WAVG,2008-05-20,5.3529
EG.FX.IBK.WAVG,2008-05-21,5.3514
EG.FX.IBK.WAVG,2008-05-22,5.3526
EG.FX.IBK.WAVG,2008-05-25,5.3523
EG.FX.IBK.WAVG,2008-05-26,5.3528
EG.FX.IBK.WAVG,2008-05-27,5.3536
EG.FX.IBK.WAVG,2008-05-28,5.3496
EG.FX.IBK.WAVG,2008-05-29,5.3478
EG.FX.IBK.WAVG,2008-06-01,5.3494
EG.FX.IBK.WAVG,2008-06-02,5.3499
EG.FX.IBK.WAVG,2008-06-03,5.3522
EG.FX.IBK.WAVG,2008-06-04,5.3497
EG.FX.IBK.WAVG,2008-06-05,5.3483
EG.FX.IBK.WAVG,2008-06-08,5.3447
EG.FX.IBK.WAVG,2008-06-09,5.3424
EG.FX.IBK.WAVG,2008-06-10,5.3512
EG.FX.IBK.WAVG,2008-06-11,5.3512
EG.FX.IBK.WAVG,2008-06-12,5.3532
EG.FX.IBK.WAVG,2008-06-15,5.3541
EG.FX.IBK.WAVG,2008-06-16,5.3481
EG.FX.IBK.WAVG,2008-06-17,5.3404
EG.FX.IBK.WAVG,2008-06-18,5.3408
EG.FX.IBK.WAVG,2008-06-19,5.3405
EG.FX.IBK.WAVG,2008-06-22,5.3403
EG.FX.IBK.WAVG,2008-06-23,5.3421
EG.FX.IBK.WAVG,2008-06-24,5.3456
EG.FX.IBK.WAVG,2008-06-25,5.3516
EG.FX.IBK.WAVG,2008-06-26,5.3558
EG.FX.IBK.WAVG,2008-06-29,5.3428
EG.FX.IBK.WAVG,2008-06-30,5.3331
EG.FX.IBK.WAVG,2008-07-01,5.3359
EG.FX.IBK.WAVG,2008-07-02,5.3335
EG.FX.IBK.WAVG,2008-07-03,5.3362
EG.FX.IBK.WAVG,2008-07-06,5.3365
EG.FX.IBK.WAVG,2008-07-07,5.3408
EG.FX.IBK.WAVG,2008-07-08,5.3459
EG.FX.IBK.WAVG,2008-07-09,5.3454
EG.FX.IBK.WAVG,2008-07-10,5.3363
EG.FX.IBK.WAVG,2008-07-13,5.3206
EG.FX.IBK.WAVG,2008-07-14,5.3092
EG.FX.IBK.WAVG,2008-07-15,5.3088
EG.FX.IBK.WAVG,2008-07-16,5.3079
EG.FX.IBK.WAVG,2008-07-17,5.3077
EG.FX.IBK.WAVG,2008-07-20,5.3066
EG.FX.IBK.WAVG,2008-07-21,5.3084
EG.FX.IBK.WAVG,2008-07-22,5.3074
EG.FX.IBK.WAVG,2008-07-24,5.3109
EG.FX.IBK.WAVG,2008-07-27,5.3083
EG.FX.IBK.WAVG,2008-07-28,5.3089
EG.FX.IBK.WAVG,2008-07-29,5.3083
EG.FX.IBK.WAVG,2008-07-30,5.3091
EG.FX.IBK.WAVG,2008-07-31,5.3087
EG.FX.IBK.WAVG,2008-08-03,5.3105
EG.FX.IBK.WAVG,2008-08-04,5.3101
EG.FX.IBK.WAVG,2008-08-05,5.3041
EG.FX.IBK.WAVG,2008-08-06,5.3027
EG.FX.IBK.WAVG,2008-08-07,5.2996
EG.FX.IBK.WAVG,2008-08-10,5.3011
EG.FX.IBK.WAVG,2008-08-11,5.3028
EG.FX.IBK.WAVG,2008-08-12,5.3168
EG.FX.IBK.WAVG,2008-08-13,5.3286
EG.FX.IBK.WAVG,2008-08-14,5.3306
EG.FX.IBK.WAVG,2008-08-17,5.3318
EG.FX.IBK.WAVG,2008-08-18,5.3401
EG.FX.IBK.WAVG,2008-08-19,5.3575
EG.FX.IBK.WAVG,2008-08-20,5.3598
EG.FX.IBK.WAVG,2008-08-21,5.3632
EG.FX.IBK.WAVG,2008-08-24,5.3627
EG.FX.IBK.WAVG,2008-08-25,5.3645
EG.FX.IBK.WAVG,2008-08-26,5.3685
EG.FX.IBK.WAVG,2008-08-27,5.3775
EG.FX.IBK.WAVG,2008-08-28,5.3746
EG.FX.IBK.WAVG,2008-08-31,5.3745
EG.FX.IBK.WAVG,2008-09-01,5.3747
EG.FX.IBK.WAVG,2008-09-02,5.3813
EG.FX.IBK.WAVG,2008-09-03,5.3954
EG.FX.IBK.WAVG,2008-09-04,5.4021
EG.FX.IBK.WAVG,2008-09-07,5.4061
EG.FX.IBK.WAVG,2008-09-08,5.41
EG.FX.IBK.WAVG,2008-09-09,5.4106
EG.FX.IBK.WAVG,2008-09-10,5.4183
EG.FX.IBK.WAVG,2008-09-11,5.4329
EG.FX.IBK.WAVG,2008-09-14,5.4407
EG.FX.IBK.WAVG,2008-09-15,5.4476
EG.FX.IBK.WAVG,2008-09-16,5.4618
EG.FX.IBK.WAVG,2008-09-17,5.476
EG.FX.IBK.WAVG,2008-09-18,5.4788
EG.FX.IBK.WAVG,2008-09-21,5.4742
EG.FX.IBK.WAVG,2008-09-22,5.4785
EG.FX.IBK.WAVG,2008-09-23,5.469
EG.FX.IBK.WAVG,2008-09-24,5.4572
EG.FX.IBK.WAVG,2008-09-25,5.4512
EG.FX.IBK.WAVG,2008-09-28,5.4549
EG.FX.IBK.WAVG,2008-09-29,5.4659
EG.FX.IBK.WAVG,2008-10-05,5.4743
EG.FX.IBK.WAVG,2008-10-07,5.4916
EG.FX.IBK.WAVG,2008-10-08,5.5059
EG.FX.IBK.WAVG,2008-10-09,5.5095
EG.FX.IBK.WAVG,2008-10-12,5.5236
EG.FX.IBK.WAVG,2008-10-13,5.5364
EG.FX.IBK.WAVG,2008-10-14,5.5507
EG.FX.IBK.WAVG,2008-10-15,5.5708
EG.FX.IBK.WAVG,2008-10-16,5.5909
EG.FX.IBK.WAVG,2008-10-19,5.5844
EG.FX.IBK.WAVG,2008-10-20,5.5861
EG.FX.IBK.WAVG,2008-10-21,5.5861
EG.FX.IBK.WAVG,2008-10-22,5.5879
EG.FX.IBK.WAVG,2008-10-23,5.5936
EG.FX.IBK.WAVG,2008-10-26,5.5924
EG.FX.IBK.WAVG,2008-10-27,5.5974
EG.FX.IBK.WAVG,2008-10-28,5.5946
EG.FX.IBK.WAVG,2008-10-29,5.5865
EG.FX.IBK.WAVG,2008-10-30,5.5774
EG.FX.IBK.WAVG,2008-11-02,5.5733
EG.FX.IBK.WAVG,2008-11-03,5.5677
EG.FX.IBK.WAVG,2008-11-04,5.5503
EG.FX.IBK.WAVG,2008-11-05,5.5389
EG.FX.IBK.WAVG,2008-11-06,5.5314
EG.FX.IBK.WAVG,2008-11-09,5.5265
EG.FX.IBK.WAVG,2008-11-10,5.5265
EG.FX.IBK.WAVG,2008-11-11,5.525
EG.FX.IBK.WAVG,2008-11-12,5.5286
EG.FX.IBK.WAVG,2008-11-13,5.5352
EG.FX.IBK.WAVG,2008-11-16,5.5255
EG.FX.IBK.WAVG,2008-11-17,5.5254
EG.FX.IBK.WAVG,2008-11-18,5.5293
EG.FX.IBK.WAVG,2008-11-19,5.5339
EG.FX.IBK.WAVG,2008-11-20,5.5345
EG.FX.IBK.WAVG,2008-11-23,5.536
EG.FX.IBK.WAVG,2008-11-24,5.538
EG.FX.IBK.WAVG,2008-11-25,5.5294
EG.FX.IBK.WAVG,2008-11-26,5.5222
EG.FX.IBK.WAVG,2008-11-27,5.5198
EG.FX.IBK.WAVG,2008-11-30,5.5167
EG.FX.IBK.WAVG,2008-12-01,5.5171
EG.FX.IBK.WAVG,2008-12-02,5.5192
EG.FX.IBK.WAVG,2008-12-03,5.5229
EG.FX.IBK.WAVG,2008-12-04,5.5254
EG.FX.IBK.WAVG,2008-12-10,5.523
EG.FX.IBK.WAVG,2008-12-11,5.5271
EG.FX.IBK.WAVG,2008-12-14,5.5264
EG.FX.IBK.WAVG,2008-12-15,5.5248
EG.FX.IBK.WAVG,2008-12-16,5.5273
EG.FX.IBK.WAVG,2008-12-17,5.5246
EG.FX.IBK.WAVG,2008-12-18,5.5199
EG.FX.IBK.WAVG,2008-12-21,5.5162
EG.FX.IBK.WAVG,2008-12-22,5.5161
EG.FX.IBK.WAVG,2008-12-23,5.5193
EG.FX.IBK.WAVG,2008-12-24,5.5212
EG.FX.IBK.WAVG,2008-12-25,5.5221
EG.FX.IBK.WAVG,2008-12-28,5.5206
EG.FX.IBK.WAVG,2008-12-30,5.5176
EG.FX.IBK.WAVG,2008-12-31,5.5137
EG.FX.IBK.WAVG,2009-01-04,5.5087
EG.FX.IBK.WAVG,2009-01-05,5.5035
EG.FX.IBK.WAVG,2009-01-06,5.5041
EG.FX.IBK.WAVG,2009-01-08,5.5055
EG.FX.IBK.WAVG,2009-01-11,5.5064
EG.FX.IBK.WAVG,2009-01-12,5.5132
EG.FX.IBK.WAVG,2009-01-13,5.5227
EG.FX.IBK.WAVG,2009-01-14,5.5258
EG.FX.IBK.WAVG,2009-01-15,5.5315
EG.FX.IBK.WAVG,2009-01-18,5.5275
EG.FX.IBK.WAVG,2009-01-19,5.5323
EG.FX.IBK.WAVG,2009-01-20,5.5424
EG.FX.IBK.WAVG,2009-01-21,5.551
EG.FX.IBK.WAVG,2009-01-22,5.5506
EG.FX.IBK.WAVG,2009-01-25,5.5588
EG.FX.IBK.WAVG,2009-01-26,5.5632
EG.FX.IBK.WAVG,2009-01-27,5.5625
EG.FX.IBK.WAVG,2009-01-28,5.5663
EG.FX.IBK.WAVG,2009-01-29,5.5664
EG.FX.IBK.WAVG,2009-02-01,5.5634
EG.FX.IBK.WAVG,2009-02-02,5.5646
EG.FX.IBK.WAVG,2009-02-03,5.5597
EG.FX.IBK.WAVG,2009-02-04,5.5529
EG.FX.IBK.WAVG,2009-02-05,5.553
EG.FX.IBK.WAVG,2009-02-08,5.5518
EG.FX.IBK.WAVG,2009-02-09,5.5527
EG.FX.IBK.WAVG,2009-02-10,5.5574
EG.FX.IBK.WAVG,2009-02-11,5.5617
EG.FX.IBK.WAVG,2009-02-12,5.562
EG.FX.IBK.WAVG,2009-02-15,5.5643
EG.FX.IBK.WAVG,2009-02-16,5.5699
EG.FX.IBK.WAVG,2009-02-17,5.5804
EG.FX.IBK.WAVG,2009-02-18,5.5892
EG.FX.IBK.WAVG,2009-02-19,5.5956
EG.FX.IBK.WAVG,2009-02-22,5.5965
EG.FX.IBK.WAVG,2009-02-23,5.6016
EG.FX.IBK.WAVG,2009-02-24,5.6048
EG.FX.IBK.WAVG,2009-02-25,5.6074
EG.FX.IBK.WAVG,2009-02-26,5.6135
EG.FX.IBK.WAVG,2009-03-01,5.6174
EG.FX.IBK.WAVG,2009-03-02,5.6207
EG.FX.IBK.WAVG,2009-03-03,5.6258
EG.FX.IBK.WAVG,2009-03-04,5.6307
EG.FX.IBK.WAVG,2009-03-05,5.638
EG.FX.IBK.WAVG,2009-03-08,5.6489
EG.FX.IBK.WAVG,2009-03-10,5.6611
EG.FX.IBK.WAVG,2009-03-11,5.6745
EG.FX.IBK.WAVG,2009-03-12,5.6884
EG.FX.IBK.WAVG,2009-03-15,5.6684
EG.FX.IBK.WAVG,2009-03-16,5.6374
EG.FX.IBK.WAVG,2009-03-17,5.6377
EG.FX.IBK.WAVG,2009-03-18,5.6333
EG.FX.IBK.WAVG,2009-03-19,5.6282
EG.FX.IBK.WAVG,2009-03-22,5.6293
EG.FX.IBK.WAVG,2009-03-23,5.6298
EG.FX.IBK.WAVG,2009-03-24,5.6286
EG.FX.IBK.WAVG,2009-03-25,5.6329
EG.FX.IBK.WAVG,2009-03-26,5.6345
EG.FX.IBK.WAVG,2009-03-29,5.6373
EG.FX.IBK.WAVG,2009-03-30,5.6407
EG.FX.IBK.WAVG,2009-03-31,5.6396
EG.FX.IBK.WAVG,2009-04-01,5.6341
EG.FX.IBK.WAVG,2009-04-02,5.6283
EG.FX.IBK.WAVG,2009-04-05,5.6246
EG.FX.IBK.WAVG,2009-04-06,5.6225
EG.FX.IBK.WAVG,2009-04-07,5.6235
EG.FX.IBK.WAVG,2009-04-08,5.6254
EG.FX.IBK.WAVG,2009-04-09,5.629
EG.FX.IBK.WAVG,2009-04-12,5.6262
EG.FX.IBK.WAVG,2009-04-13,5.6309
EG.FX.IBK.WAVG,2009-04-14,5.637
EG.FX.IBK.WAVG,2009-04-15,5.639
EG.FX.IBK.WAVG,2009-04-16,5.6366
EG.FX.IBK.WAVG,2009-04-21,5.6371
EG.FX.IBK.WAVG,2009-04-22,5.6393
EG.FX.IBK.WAVG,2009-04-23,5.6374
EG.FX.IBK.WAVG,2009-04-26,5.6346
EG.FX.IBK.WAVG,2009-04-27,5.6385
EG.FX.IBK.WAVG,2009-04-28,5.6401
EG.FX.IBK.WAVG,2009-04-29,5.6387
EG.FX.IBK.WAVG,2009-04-30,5.6342
EG.FX.IBK.WAVG,2009-05-03,5.6318
EG.FX.IBK.WAVG,2009-05-04,5.6303
EG.FX.IBK.WAVG,2009-05-05,5.6307
EG.FX.IBK.WAVG,2009-05-06,5.6284
EG.FX.IBK.WAVG,2009-05-07,5.627
EG.FX.IBK.WAVG,2009-05-10,5.6231
EG.FX.IBK.WAVG,2009-05-11,5.6196
EG.FX.IBK.WAVG,2009-05-12,5.6186
EG.FX.IBK.WAVG,2009-05-13,5.6175
EG.FX.IBK.WAVG,2009-05-14,5.6172
EG.FX.IBK.WAVG,2009-05-17,5.6174
EG.FX.IBK.WAVG,2009-05-18,5.6192
EG.FX.IBK.WAVG,2009-05-19,5.6176
EG.FX.IBK.WAVG,2009-05-20,5.6249
EG.FX.IBK.WAVG,2009-05-21,5.6287
EG.FX.IBK.WAVG,2009-05-24,5.6244
EG.FX.IBK.WAVG,2009-05-25,5.6227
EG.FX.IBK.WAVG,2009-05-26,5.6226
EG.FX.IBK.WAVG,2009-05-27,5.6218
EG.FX.IBK.WAVG,2009-05-28,5.6223
EG.FX.IBK.WAVG,2009-05-31,5.62
EG.FX.IBK.WAVG,2009-06-01,5.6127
EG.FX.IBK.WAVG,2009-06-02,5.6088
EG.FX.IBK.WAVG,2009-06-03,5.6045
EG.FX.IBK.WAVG,2009-06-04,5.5991
EG.FX.IBK.WAVG,2009-06-07,5.5997
EG.FX.IBK.WAVG,2009-06-08,5.6021
EG.FX.IBK.WAVG,2009-06-09,5.6051
EG.FX.IBK.WAVG,2009-06-10,5.6036
EG.FX.IBK.WAVG,2009-06-11,5.6098
EG.FX.IBK.WAVG,2009-06-14,5.6064
EG.FX.IBK.WAVG,2009-06-15,5.6081
EG.FX.IBK.WAVG,2009-06-16,5.6038
EG.FX.IBK.WAVG,2009-06-17,5.6038
EG.FX.IBK.WAVG,2009-06-18,5.6025
EG.FX.IBK.WAVG,2009-06-21,5.6009
EG.FX.IBK.WAVG,2009-06-22,5.5998
EG.FX.IBK.WAVG,2009-06-23,5.5995
EG.FX.IBK.WAVG,2009-06-24,5.598
EG.FX.IBK.WAVG,2009-06-25,5.5984
EG.FX.IBK.WAVG,2009-06-28,5.5988
EG.FX.IBK.WAVG,2009-06-29,5.5999
EG.FX.IBK.WAVG,2009-06-30,5.5964
EG.FX.IBK.WAVG,2009-07-01,5.5947
EG.FX.IBK.WAVG,2009-07-02,5.5911
EG.FX.IBK.WAVG,2009-07-05,5.5856
EG.FX.IBK.WAVG,2009-07-06,5.5865
EG.FX.IBK.WAVG,2009-07-07,5.5853
EG.FX.IBK.WAVG,2009-07-08,5.5853
EG.FX.IBK.WAVG,2009-07-09,5.5857
EG.FX.IBK.WAVG,2009-07-12,5.5865
EG.FX.IBK.WAVG,2009-07-13,5.5875
EG.FX.IBK.WAVG,2009-07-14,5.587
EG.FX.IBK.WAVG,2009-07-15,5.5854
EG.FX.IBK.WAVG,2009-07-16,5.5821
EG.FX.IBK.WAVG,2009-07-19,5.5785
EG.FX.IBK.WAVG,2009-07-20,5.5755
EG.FX.IBK.WAVG,2009-07-21,5.5727
EG.FX.IBK.WAVG,2009-07-22,5.5696
EG.FX.IBK.WAVG,2009-07-26,5.5664
EG.FX.IBK.WAVG,2009-07-27,5.5627
EG.FX.IBK.WAVG,2009-07-28,5.5559
EG.FX.IBK.WAVG,2009-07-29,5.5504
EG.FX.IBK.WAVG,2009-07-30,5.5487
EG.FX.IBK.WAVG,2009-08-02,5.5453
EG.FX.IBK.WAVG,2009-08-03,5.5404
EG.FX.IBK.WAVG,2009-08-04,5.536
EG.FX.IBK.WAVG,2009-08-05,5.5335
EG.FX.IBK.WAVG,2009-08-06,5.5315
EG.FX.IBK.WAVG,2009-08-09,5.5297
EG.FX.IBK.WAVG,2009-08-10,5.5304
EG.FX.IBK.WAVG,2009-08-11,5.537
EG.FX.IBK.WAVG,2009-08-12,5.5497
EG.FX.IBK.WAVG,2009-08-13,5.5468
EG.FX.IBK.WAVG,2009-08-16,5.5464
EG.FX.IBK.WAVG,2009-08-17,5.5521
EG.FX.IBK.WAVG,2009-08-18,5.5534
EG.FX.IBK.WAVG,2009-08-19,5.5553
EG.FX.IBK.WAVG,2009-08-20,5.5491
EG.FX.IBK.WAVG,2009-08-23,5.5418
EG.FX.IBK.WAVG,2009-08-24,5.5375
EG.FX.IBK.WAVG,2009-08-25,5.5332
EG.FX.IBK.WAVG,2009-08-26,5.5332
EG.FX.IBK.WAVG,2009-08-27,5.5305
EG.FX.IBK.WAVG,2009-08-30,5.5286
EG.FX.IBK.WAVG,2009-08-31,5.5277
EG.FX.IBK.WAVG,2009-09-01,5.5278
EG.FX.IBK.WAVG,2009-09-02,5.5308
EG.FX.IBK.WAVG,2009-09-03,5.532
EG.FX.IBK.WAVG,2009-09-06,5.5306
EG.FX.IBK.WAVG,2009-09-07,5.5291
EG.FX.IBK.WAVG,2009-09-08,5.5265
EG.FX.IBK.WAVG,2009-09-09,5.5252
EG.FX.IBK.WAVG,2009-09-10,5.5205
EG.FX.IBK.WAVG,2009-09-13,5.5175
EG.FX.IBK.WAVG,2009-09-14,5.5159
EG.FX.IBK.WAVG,2009-09-15,5.5138
EG.FX.IBK.WAVG,2009-09-16,5.5105
EG.FX.IBK.WAVG,2009-09-17,5.5076
EG.FX.IBK.WAVG,2009-09-22,5.5044
EG.FX.IBK.WAVG,2009-09-23,5.5032
EG.FX.IBK.WAVG,2009-09-24,5.5039
EG.FX.IBK.WAVG,2009-09-27,5.5014
EG.FX.IBK.WAVG,2009-09-28,5.4996
EG.FX.IBK.WAVG,2009-09-29,5.5009
EG.FX.IBK.WAVG,2009-09-30,5.5027
EG.FX.IBK.WAVG,2009-10-01,5.4927
EG.FX.IBK.WAVG,2009-10-04,5.4847
EG.FX.IBK.WAVG,2009-10-05,5.4834
EG.FX.IBK.WAVG,2009-10-07,5.4802
EG.FX.IBK.WAVG,2009-10-08,5.4779
EG.FX.IBK.WAVG,2009-10-11,5.4768
EG.FX.IBK.WAVG,2009-10-12,5.477
EG.FX.IBK.WAVG,2009-10-13,5.4778
EG.FX.IBK.WAVG,2009-10-14,5.4772
EG.FX.IBK.WAVG,2009-10-15,5.4755
EG.FX.IBK.WAVG,2009-10-18,5.4722
EG.FX.IBK.WAVG,2009-10-19,5.4712
EG.FX.IBK.WAVG,2009-10-20,5.4683
EG.FX.IBK.WAVG,2009-10-21,5.4675
EG.FX.IBK.WAVG,2009-10-22,5.4662
EG.FX.IBK.WAVG,2009-10-25,5.4645
EG.FX.IBK.WAVG,2009-10-26,5.4642
EG.FX.IBK.WAVG,2009-10-27,5.4652
EG.FX.IBK.WAVG,2009-10-28,5.468
EG.FX.IBK.WAVG,2009-10-29,5.473
EG.FX.IBK.WAVG,2009-11-01,5.4746
EG.FX.IBK.WAVG,2009-11-02,5.4754
EG.FX.IBK.WAVG,2009-11-03,5.4721
EG.FX.IBK.WAVG,2009-11-04,5.4707
EG.FX.IBK.WAVG,2009-11-05,5.4681
EG.FX.IBK.WAVG,2009-11-08,5.4662
EG.FX.IBK.WAVG,2009-11-09,5.464
EG.FX.IBK.WAVG,2009-11-10,5.4594
EG.FX.IBK.WAVG,2009-11-11,5.4571
EG.FX.IBK.WAVG,2009-11-12,5.4571
EG.FX.IBK.WAVG,2009-11-15,5.4563
EG.FX.IBK.WAVG,2009-11-16,5.4558
EG.FX.IBK.WAVG,2009-11-17,5.4553
EG.FX.IBK.WAVG,2009-11-18,5.4574
EG.FX.IBK.WAVG,2009-11-19,5.4574
EG.FX.IBK.WAVG,2009-11-22,5.4563
EG.FX.IBK.WAVG,2009-11-23,5.4554
EG.FX.IBK.WAVG,2009-11-24,5.4533
EG.FX.IBK.WAVG,2009-11-25,5.4518
EG.FX.IBK.WAVG,2009-11-30,5.4667
EG.FX.IBK.WAVG,2009-12-01,5.4765
EG.FX.IBK.WAVG,2009-12-02,5.467
EG.FX.IBK.WAVG,2009-12-03,5.458
EG.FX.IBK.WAVG,2009-12-06,5.4571
EG.FX.IBK.WAVG,2009-12-07,5.4629
EG.FX.IBK.WAVG,2009-12-08,5.4684
EG.FX.IBK.WAVG,2009-12-09,5.4762
EG.FX.IBK.WAVG,2009-12-10,5.482
EG.FX.IBK.WAVG,2009-12-13,5.4847
EG.FX.IBK.WAVG,2009-12-14,5.4871
EG.FX.IBK.WAVG,2009-12-15,5.4925
EG.FX.IBK.WAVG,2009-12-16,5.4977
EG.FX.IBK.WAVG,2009-12-17,5.5011
EG.FX.IBK.WAVG,2009-12-20,5.5001
EG.FX.IBK.WAVG,2009-12-21,5.5025
EG.FX.IBK.WAVG,2009-12-22,5.5054
EG.FX.IBK.WAVG,2009-12-23,5.5026
EG.FX.IBK.WAVG,2009-12-24,5.4998
EG.FX.IBK.WAVG,2009-12-27,5.5
EG.FX.IBK.WAVG,2009-12-28,5.4973
EG.FX.IBK.WAVG,2009-12-29,5.492
EG.FX.IBK.WAVG,2009-12-30,5.4874
EG.FX.IBK.WAVG,2009-12-31,5.4854
EG.FX.IBK.WAVG,2010-01-03,5.4819
EG.FX.IBK.WAVG,2010-01-04,5.4775
EG.FX.IBK.WAVG,2010-01-05,5.4706
EG.FX.IBK.WAVG,2010-01-06,5.4575
EG.FX.IBK.WAVG,2010-01-10,5.4507
EG.FX.IBK.WAVG,2010-01-11,5.4463
EG.FX.IBK.WAVG,2010-01-12,5.4434
EG.FX.IBK.WAVG,2010-01-13,5.4372
EG.FX.IBK.WAVG,2010-01-14,5.4267
EG.FX.IBK.WAVG,2010-01-17,5.4217
EG.FX.IBK.WAVG,2010-01-18,5.4187
EG.FX.IBK.WAVG,2010-01-19,5.4218
EG.FX.IBK.WAVG,2010-01-20,5.4349
EG.FX.IBK.WAVG,2010-01-21,5.4414
EG.FX.IBK.WAVG,2010-01-24,5.4461
EG.FX.IBK.WAVG,2010-01-26,5.4549
EG.FX.IBK.WAVG,2010-01-27,5.461
EG.FX.IBK.WAVG,2010-01-28,5.4638
EG.FX.IBK.WAVG,2010-01-31,5.4685
EG.FX.IBK.WAVG,2010-02-01,5.4703
EG.FX.IBK.WAVG,2010-02-02,5.4682
EG.FX.IBK.WAVG,2010-02-03,5.4619
EG.FX.IBK.WAVG,2010-02-04,5.4665
EG.FX.IBK.WAVG,2010-02-07,5.48
EG.FX.IBK.WAVG,2010-02-08,5.4864
EG.FX.IBK.WAVG,2010-02-09,5.4874
EG.FX.IBK.WAVG,2010-02-10,5.4881
EG.FX.IBK.WAVG,2010-02-11,5.4875
EG.FX.IBK.WAVG,2010-02-14,5.4922
EG.FX.IBK.WAVG,2010-02-15,5.4901
EG.FX.IBK.WAVG,2010-02-16,5.4884
EG.FX.IBK.WAVG,2010-02-17,5.4885
EG.FX.IBK.WAVG,2010-02-18,5.4912
EG.FX.IBK.WAVG,2010-02-21,5.4906
EG.FX.IBK.WAVG,2010-02-22,5.4919
EG.FX.IBK.WAVG,2010-02-23,5.4849
EG.FX.IBK.WAVG,2010-02-24,5.4862
EG.FX.IBK.WAVG,2010-02-25,5.4895
EG.FX.IBK.WAVG,2010-02-28,5.488
EG.FX.IBK.WAVG,2010-03-01,5.4869
EG.FX.IBK.WAVG,2010-03-02,5.4846
EG.FX.IBK.WAVG,2010-03-03,5.4795
EG.FX.IBK.WAVG,2010-03-04,5.4825
EG.FX.IBK.WAVG,2010-03-07,5.4843
EG.FX.IBK.WAVG,2010-03-08,5.4812
EG.FX.IBK.WAVG,2010-03-09,5.4793
EG.FX.IBK.WAVG,2010-03-10,5.4754
EG.FX.IBK.WAVG,2010-03-11,5.475
EG.FX.IBK.WAVG,2010-03-14,5.473
EG.FX.IBK.WAVG,2010-03-15,5.4791
EG.FX.IBK.WAVG,2010-03-16,5.4822
EG.FX.IBK.WAVG,2010-03-17,5.4791
EG.FX.IBK.WAVG,2010-03-18,5.4806
EG.FX.IBK.WAVG,2010-03-21,5.4847
EG.FX.IBK.WAVG,2010-03-22,5.4928
EG.FX.IBK.WAVG,2010-03-23,5.4966
EG.FX.IBK.WAVG,2010-03-24,5.5016
EG.FX.IBK.WAVG,2010-03-25,5.5028
EG.FX.IBK.WAVG,2010-03-28,5.5009
EG.FX.IBK.WAVG,2010-03-29,5.4984
EG.FX.IBK.WAVG,2010-03-30,5.5026
EG.FX.IBK.WAVG,2010-03-31,5.5055
EG.FX.IBK.WAVG,2010-04-01,5.5037
EG.FX.IBK.WAVG,2010-04-06,5.5051
EG.FX.IBK.WAVG,2010-04-07,5.5111
EG.FX.IBK.WAVG,2010-04-08,5.5169
EG.FX.IBK.WAVG,2010-04-11,5.5142
EG.FX.IBK.WAVG,2010-04-12,5.5123
EG.FX.IBK.WAVG,2010-04-13,5.5133
EG.FX.IBK.WAVG,2010-04-14,5.5147
EG.FX.IBK.WAVG,2010-04-15,5.5163
EG.FX.IBK.WAVG,2010-04-18,5.518
EG.FX.IBK.WAVG,2010-04-19,5.5247
EG.FX.IBK.WAVG,2010-04-20,5.5316
EG.FX.IBK.WAVG,2010-04-21,5.5381
EG.FX.IBK.WAVG,2010-04-22,5.5429
EG.FX.IBK.WAVG,2010-04-26,5.5449
EG.FX.IBK.WAVG,2010-04-27,5.5421
EG.FX.IBK.WAVG,2010-04-28,5.5515
EG.FX.IBK.WAVG,2010-04-29,5.5597
EG.FX.IBK.WAVG,2010-05-02,5.5575
EG.FX.IBK.WAVG,2010-05-03,5.558
EG.FX.IBK.WAVG,2010-05-04,5.5595
EG.FX.IBK.WAVG,2010-05-05,5.5702
EG.FX.IBK.WAVG,2010-05-06,5.5925
EG.FX.IBK.WAVG,2010-05-09,5.601
EG.FX.IBK.WAVG,2010-05-10,5.5947
EG.FX.IBK.WAVG,2010-05-11,5.6023
EG.FX.IBK.WAVG,2010-05-12,5.6048
EG.FX.IBK.WAVG,2010-05-13,5.6076
EG.FX.IBK.WAVG,2010-05-16,5.6136
EG.FX.IBK.WAVG,2010-05-17,5.6225
EG.FX.IBK.WAVG,2010-05-18,5.6248
EG.FX.IBK.WAVG,2010-05-19,5.6382
EG.FX.IBK.WAVG,2010-05-20,5.6458
EG.FX.IBK.WAVG,2010-05-23,5.6464
EG.FX.IBK.WAVG,2010-05-24,5.6489
EG.FX.IBK.WAVG,2010-05-25,5.655
EG.FX.IBK.WAVG,2010-05-26,5.6585
EG.FX.IBK.WAVG,2010-05-27,5.6611
EG.FX.IBK.WAVG,2010-05-30,5.6615
EG.FX.IBK.WAVG,2010-05-31,5.6612
EG.FX.IBK.WAVG,2010-06-01,5.6635
EG.FX.IBK.WAVG,2010-06-02,5.6646
EG.FX.IBK.WAVG,2010-06-03,5.6644
EG.FX.IBK.WAVG,2010-06-06,5.6693
EG.FX.IBK.WAVG,2010-06-07,5.6749
EG.FX.IBK.WAVG,2010-06-08,5.6749
EG.FX.IBK.WAVG,2010-06-09,5.6766
EG.FX.IBK.WAVG,2010-06-10,5.6745
EG.FX.IBK.WAVG,2010-06-13,5.6765
EG.FX.IBK.WAVG,2010-06-14,5.6768
EG.FX.IBK.WAVG,2010-06-15,5.6788
EG.FX.IBK.WAVG,2010-06-16,5.6783
EG.FX.IBK.WAVG,2010-06-17,5.6807
EG.FX.IBK.WAVG,2010-06-20,5.679
EG.FX.IBK.WAVG,2010-06-21,5.676
EG.FX.IBK.WAVG,2010-06-22,5.6769
EG.FX.IBK.WAVG,2010-06-23,5.6794
EG.FX.IBK.WAVG,2010-06-24,5.6813
EG.FX.IBK.WAVG,2010-06-27,5.6818
EG.FX.IBK.WAVG,2010-06-28,5.6853
EG.FX.IBK.WAVG,2010-06-29,5.6923
EG.FX.IBK.WAVG,2010-06-30,5.6952
EG.FX.IBK.WAVG,2010-07-01,5.6967
EG.FX.IBK.WAVG,2010-07-04,5.6933
EG.FX.IBK.WAVG,2010-07-05,5.693
EG.FX.IBK.WAVG,2010-07-06,5.6926
EG.FX.IBK.WAVG,2010-07-07,5.6939
EG.FX.IBK.WAVG,2010-07-08,5.6953
EG.FX.IBK.WAVG,2010-07-11,5.6966
EG.FX.IBK.WAVG,2010-07-12,5.6967
EG.FX.IBK.WAVG,2010-07-13,5.6977
EG.FX.IBK.WAVG,2010-07-14,5.6972
EG.FX.IBK.WAVG,2010-07-15,5.6969
EG.FX.IBK.WAVG,2010-07-18,5.6962
EG.FX.IBK.WAVG,2010-07-19,5.6978
EG.FX.IBK.WAVG,2010-07-20,5.6982
EG.FX.IBK.WAVG,2010-07-21,5.6992
EG.FX.IBK.WAVG,2010-07-22,5.7017
EG.FX.IBK.WAVG,2010-07-25,5.7021
EG.FX.IBK.WAVG,2010-07-26,5.7029
EG.FX.IBK.WAVG,2010-07-27,5.7026
EG.FX.IBK.WAVG,2010-07-28,5.702
EG.FX.IBK.WAVG,2010-07-29,5.7014
EG.FX.IBK.WAVG,2010-08-01,5.6975
EG.FX.IBK.WAVG,2010-08-02,5.6945
EG.FX.IBK.WAVG,2010-08-03,5.6902
EG.FX.IBK.WAVG,2010-08-04,5.685
EG.FX.IBK.WAVG,2010-08-05,5.6742
EG.FX.IBK.WAVG,2010-08-08,5.6708
EG.FX.IBK.WAVG,2010-08-09,5.6701
EG.FX.IBK.WAVG,2010-08-10,5.6761
EG.FX.IBK.WAVG,2010-08-11,5.6833
EG.FX.IBK.WAVG,2010-08-12,5.6953
EG.FX.IBK.WAVG,2010-08-15,5.7002
EG.FX.IBK.WAVG,2010-08-16,5.701
EG.FX.IBK.WAVG,2010-08-17,5.6973
EG.FX.IBK.WAVG,2010-08-18,5.6948
EG.FX.IBK.WAVG,2010-08-19,5.694
EG.FX.IBK.WAVG,2010-08-22,5.6954
EG.FX.IBK.WAVG,2010-08-23,5.6977
EG.FX.IBK.WAVG,2010-08-24,5.7009
EG.FX.IBK.WAVG,2010-08-25,5.704
EG.FX.IBK.WAVG,2010-08-26,5.7044
EG.FX.IBK.WAVG,2010-08-29,5.7022
EG.FX.IBK.WAVG,2010-08-30,5.7024
EG.FX.IBK.WAVG,2010-08-31,5.7061
EG.FX.IBK.WAVG,2010-09-01,5.7055
EG.FX.IBK.WAVG,2010-09-02,5.7052
EG.FX.IBK.WAVG,2010-09-05,5.7043
EG.FX.IBK.WAVG,2010-09-06,5.7023
EG.FX.IBK.WAVG,2010-09-07,5.7041
EG.FX.IBK.WAVG,2010-09-08,5.7057
EG.FX.IBK.WAVG,2010-09-13,5.7057
EG.FX.IBK.WAVG,2010-09-14,5.7054
EG.FX.IBK.WAVG,2010-09-15,5.7059
EG.FX.IBK.WAVG,2010-09-16,5.705
EG.FX.IBK.WAVG,2010-09-19,5.704
EG.FX.IBK.WAVG,2010-09-20,5.7043
EG.FX.IBK.WAVG,2010-09-21,5.7033
EG.FX.IBK.WAVG,2010-09-22,5.7025
EG.FX.IBK.WAVG,2010-09-23,5.7013
EG.FX.IBK.WAVG,2010-09-26,5.6991
EG.FX.IBK.WAVG,2010-09-27,5.6972
EG.FX.IBK.WAVG,2010-09-28,5.6998
EG.FX.IBK.WAVG,2010-09-29,5.6989
EG.FX.IBK.WAVG,2010-09-30,5.6945
EG.FX.IBK.WAVG,2010-10-03,5.692
EG.FX.IBK.WAVG,2010-10-04,5.6949
EG.FX.IBK.WAVG,2010-10-05,5.6955
EG.FX.IBK.WAVG,2010-10-07,5.6949
EG.FX.IBK.WAVG,2010-10-10,5.693
EG.FX.IBK.WAVG,2010-10-11,5.6944
EG.FX.IBK.WAVG,2010-10-12,5.6997
EG.FX.IBK.WAVG,2010-10-13,5.7028
EG.FX.IBK.WAVG,2010-10-14,5.7005
EG.FX.IBK.WAVG,2010-10-17,5.7008
EG.FX.IBK.WAVG,2010-10-18,5.7094
EG.FX.IBK.WAVG,2010-10-19,5.7253
EG.FX.IBK.WAVG,2010-10-20,5.7497
EG.FX.IBK.WAVG,2010-10-21,5.759
EG.FX.IBK.WAVG,2010-10-24,5.7584
EG.FX.IBK.WAVG,2010-10-25,5.7642
EG.FX.IBK.WAVG,2010-10-26,5.7716
EG.FX.IBK.WAVG,2010-10-27,5.7753
EG.FX.IBK.WAVG,2010-10-28,5.7758
EG.FX.IBK.WAVG,2010-10-31,5.7767
EG.FX.IBK.WAVG,2010-11-01,5.7763
EG.FX.IBK.WAVG,2010-11-02,5.7772
EG.FX.IBK.WAVG,2010-11-03,5.7787
EG.FX.IBK.WAVG,2010-11-04,5.7447
EG.FX.IBK.WAVG,2010-11-07,5.7149
EG.FX.IBK.WAVG,2010-11-08,5.7199
EG.FX.IBK.WAVG,2010-11-09,5.7434
EG.FX.IBK.WAVG,2010-11-10,5.7523
EG.FX.IBK.WAVG,2010-11-11,5.7534
EG.FX.IBK.WAVG,2010-11-14,5.7513
EG.FX.IBK.WAVG,2010-11-18,5.751
EG.FX.IBK.WAVG,2010-11-21,5.7505
EG.FX.IBK.WAVG,2010-11-22,5.7494
EG.FX.IBK.WAVG,2010-11-23,5.7549
EG.FX.IBK.WAVG,2010-11-24,5.7653
EG.FX.IBK.WAVG,2010-11-25,5.7738
EG.FX.IBK.WAVG,2010-11-28,5.7766
EG.FX.IBK.WAVG,2010-11-29,5.783
EG.FX.IBK.WAVG,2010-11-30,5.7895
EG.FX.IBK.WAVG,2010-12-01,5.7874
EG.FX.IBK.WAVG,2010-12-02,5.7869
EG.FX.IBK.WAVG,2010-12-05,5.7833
EG.FX.IBK.WAVG,2010-12-06,5.7806
EG.FX.IBK.WAVG,2010-12-08,5.7861
EG.FX.IBK.WAVG,2010-12-09,5.7896
EG.FX.IBK.WAVG,2010-12-12,5.7936
EG.FX.IBK.WAVG,2010-12-13,5.7983
EG.FX.IBK.WAVG,2010-12-14,5.7938
EG.FX.IBK.WAVG,2010-12-15,5.7957
EG.FX.IBK.WAVG,2010-12-16,5.7968
EG.FX.IBK.WAVG,2010-12-19,5.7976
EG.FX.IBK.WAVG,2010-12-20,5.8011
EG.FX.IBK.WAVG,2010-12-21,5.8066
EG.FX.IBK.WAVG,2010-12-22,5.8074
EG.FX.IBK.WAVG,2010-12-23,5.8077
EG.FX.IBK.WAVG,2010-12-26,5.8078
EG.FX.IBK.WAVG,2010-12-27,5.8076
EG.FX.IBK.WAVG,2010-12-28,5.8071
EG.FX.IBK.WAVG,2010-12-29,5.8049
EG.FX.IBK.WAVG,2010-12-30,5.8049
EG.FX.IBK.WAVG,2011-01-02,5.8036
EG.FX.IBK.WAVG,2011-01-03,5.8022
EG.FX.IBK.WAVG,2011-01-04,5.7966
EG.FX.IBK.WAVG,2011-01-05,5.795
EG.FX.IBK.WAVG,2011-01-06,5.7989
EG.FX.IBK.WAVG,2011-01-10,5.8037
EG.FX.IBK.WAVG,2011-01-11,5.8028
EG.FX.IBK.WAVG,2011-01-12,5.7984
EG.FX.IBK.WAVG,2011-01-13,5.7983
EG.FX.IBK.WAVG,2011-01-16,5.7985
EG.FX.IBK.WAVG,2011-01-17,5.8138
EG.FX.IBK.WAVG,2011-01-18,5.8255
EG.FX.IBK.WAVG,2011-01-19,5.8166
EG.FX.IBK.WAVG,2011-01-20,5.8102
EG.FX.IBK.WAVG,2011-01-23,5.8083
EG.FX.IBK.WAVG,2011-01-24,5.8145
EG.FX.IBK.WAVG,2011-01-26,5.8285
EG.FX.IBK.WAVG,2011-01-27,5.8496
EG.FX.IBK.WAVG,2011-02-06,5.9155
EG.FX.IBK.WAVG,2011-02-07,5.9454
EG.FX.IBK.WAVG,2011-02-08,5.9279
EG.FX.IBK.WAVG,2011-02-09,5.8811
EG.FX.IBK.WAVG,2011-02-10,5.8899
EG.FX.IBK.WAVG,2011-02-13,5.8802
EG.FX.IBK.WAVG,2011-02-20,5.8829
EG.FX.IBK.WAVG,2011-02-21,5.8891
EG.FX.IBK.WAVG,2011-02-22,5.8906
EG.FX.IBK.WAVG,2011-02-23,5.8883
EG.FX.IBK.WAVG,2011-02-24,5.8883
EG.FX.IBK.WAVG,2011-02-27,5.8867
EG.FX.IBK.WAVG,2011-02-28,5.8887
EG.FX.IBK.WAVG,2011-03-01,5.8908
EG.FX.IBK.WAVG,2011-03-02,5.8944
EG.FX.IBK.WAVG,2011-03-03,5.8979
EG.FX.IBK.WAVG,2011-03-06,5.9004
EG.FX.IBK.WAVG,2011-03-07,5.9008
EG.FX.IBK.WAVG,2011-03-08,5.907
EG.FX.IBK.WAVG,2011-03-09,5.912
EG.FX.IBK.WAVG,2011-03-10,5.9149
EG.FX.IBK.WAVG,2011-03-13,5.9175
EG.FX.IBK.WAVG,2011-03-14,5.9244
EG.FX.IBK.WAVG,2011-03-15,5.9274
EG.FX.IBK.WAVG,2011-03-16,5.9291
EG.FX.IBK.WAVG,2011-03-17,5.9296
EG.FX.IBK.WAVG,2011-03-20,5.9312
EG.FX.IBK.WAVG,2011-03-21,5.9345
EG.FX.IBK.WAVG,2011-03-22,5.9407
EG.FX.IBK.WAVG,2011-03-23,5.9505
EG.FX.IBK.WAVG,2011-03-24,5.9573
EG.FX.IBK.WAVG,2011-03-27,5.9486
EG.FX.IBK.WAVG,2011-03-28,5.9511
EG.FX.IBK.WAVG,2011-03-29,5.9542
EG.FX.IBK.WAVG,2011-03-30,5.9662
EG.FX.IBK.WAVG,2011-03-31,5.968
EG.FX.IBK.WAVG,2011-04-03,5.9572
EG.FX.IBK.WAVG,2011-04-04,5.953
EG.FX.IBK.WAVG,2011-04-05,5.9545
EG.FX.IBK.WAVG,2011-04-06,5.9612
EG.FX.IBK.WAVG,2011-04-07,5.9658
EG.FX.IBK.WAVG,2011-04-10,5.9654
EG.FX.IBK.WAVG,2011-04-11,5.9662
EG.FX.IBK.WAVG,2011-04-12,5.968
EG.FX.IBK.WAVG,2011-04-13,5.9648
EG.FX.IBK.WAVG,2011-04-14,5.9659
EG.FX.IBK.WAVG,2011-04-17,5.9555
EG.FX.IBK.WAVG,2011-04-18,5.9539
EG.FX.IBK.WAVG,2011-04-19,5.9583
EG.FX.IBK.WAVG,2011-04-20,5.9549
EG.FX.IBK.WAVG,2011-04-21,5.955
EG.FX.IBK.WAVG,2011-04-26,5.9524
EG.FX.IBK.WAVG,2011-04-27,5.9494
EG.FX.IBK.WAVG,2011-04-28,5.9467
EG.FX.IBK.WAVG,2011-05-02,5.9472
EG.FX.IBK.WAVG,2011-05-03,5.9469
EG.FX.IBK.WAVG,2011-05-04,5.9497
EG.FX.IBK.WAVG,2011-05-05,5.9462
EG.FX.IBK.WAVG,2011-05-08,5.944
EG.FX.IBK.WAVG,2011-05-09,5.9407
EG.FX.IBK.WAVG,2011-05-10,5.9388
EG.FX.IBK.WAVG,2011-05-11,5.9395
EG.FX.IBK.WAVG,2011-05-12,5.9405
EG.FX.IBK.WAVG,2011-05-15,5.9373
EG.FX.IBK.WAVG,2011-05-16,5.9389
EG.FX.IBK.WAVG,2011-05-17,5.9433
EG.FX.IBK.WAVG,2011-05-18,5.9498
EG.FX.IBK.WAVG,2011-05-19,5.9529
EG.FX.IBK.WAVG,2011-05-22,5.955
EG.FX.IBK.WAVG,2011-05-23,5.9541
EG.FX.IBK.WAVG,2011-05-24,5.9518
EG.FX.IBK.WAVG,2011-05-25,5.9522
EG.FX.IBK.WAVG,2011-05-26,5.9564
EG.FX.IBK.WAVG,2011-05-29,5.9518
EG.FX.IBK.WAVG,2011-05-30,5.9481
EG.FX.IBK.WAVG,2011-05-31,5.9441
EG.FX.IBK.WAVG,2011-06-01,5.9408
EG.FX.IBK.WAVG,2011-06-02,5.9422
EG.FX.IBK.WAVG,2011-06-05,5.9394
EG.FX.IBK.WAVG,2011-06-06,5.9408
EG.FX.IBK.WAVG,2011-06-07,5.9413
EG.FX.IBK.WAVG,2011-06-08,5.9425
EG.FX.IBK.WAVG,2011-06-09,5.9439
EG.FX.IBK.WAVG,2011-06-12,5.9437
EG.FX.IBK.WAVG,2011-06-13,5.9438
EG.FX.IBK.WAVG,2011-06-14,5.9439
EG.FX.IBK.WAVG,2011-06-15,5.9434
EG.FX.IBK.WAVG,2011-06-16,5.9451
EG.FX.IBK.WAVG,2011-06-19,5.9456
EG.FX.IBK.WAVG,2011-06-20,5.9437
EG.FX.IBK.WAVG,2011-06-21,5.9457
EG.FX.IBK.WAVG,2011-06-22,5.9519
EG.FX.IBK.WAVG,2011-06-23,5.959
EG.FX.IBK.WAVG,2011-06-26,5.9616
EG.FX.IBK.WAVG,2011-06-27,5.9631
EG.FX.IBK.WAVG,2011-06-28,5.9662
EG.FX.IBK.WAVG,2011-06-29,5.9706
EG.FX.IBK.WAVG,2011-06-30,5.969
EG.FX.IBK.WAVG,2011-07-03,5.9656
EG.FX.IBK.WAVG,2011-07-04,5.9567
EG.FX.IBK.WAVG,2011-07-05,5.9579
EG.FX.IBK.WAVG,2011-07-06,5.9571
EG.FX.IBK.WAVG,2011-07-07,5.957
EG.FX.IBK.WAVG,2011-07-10,5.9546
EG.FX.IBK.WAVG,2011-07-11,5.9511
EG.FX.IBK.WAVG,2011-07-12,5.9538
EG.FX.IBK.WAVG,2011-07-13,5.9631
EG.FX.IBK.WAVG,2011-07-14,5.9562
EG.FX.IBK.WAVG,2011-07-17,5.9546
EG.FX.IBK.WAVG,2011-07-18,5.9543
EG.FX.IBK.WAVG,2011-07-19,5.9576
EG.FX.IBK.WAVG,2011-07-20,5.9631
EG.FX.IBK.WAVG,2011-07-21,5.9638
EG.FX.IBK.WAVG,2011-07-25,5.9615
EG.FX.IBK.WAVG,2011-07-26,5.9586
EG.FX.IBK.WAVG,2011-07-27,5.9572
EG.FX.IBK.WAVG,2011-07-28,5.9577
EG.FX.IBK.WAVG,2011-07-31,5.956
EG.FX.IBK.WAVG,2011-08-01,5.955
EG.FX.IBK.WAVG,2011-08-02,5.9536
EG.FX.IBK.WAVG,2011-08-03,5.953
EG.FX.IBK.WAVG,2011-08-04,5.9529
EG.FX.IBK.WAVG,2011-08-07,5.957
EG.FX.IBK.WAVG,2011-08-08,5.9591
EG.FX.IBK.WAVG,2011-08-09,5.9607
EG.FX.IBK.WAVG,2011-08-10,5.9588
EG.FX.IBK.WAVG,2011-08-11,5.9597
EG.FX.IBK.WAVG,2011-08-14,5.9603
EG.FX.IBK.WAVG,2011-08-15,5.9685
EG.FX.IBK.WAVG,2011-08-16,5.9703
EG.FX.IBK.WAVG,2011-08-17,5.9716
EG.FX.IBK.WAVG,2011-08-18,5.9691
EG.FX.IBK.WAVG,2011-08-21,5.9679
EG.FX.IBK.WAVG,2011-08-22,5.9745
EG.FX.IBK.WAVG,2011-08-23,5.9798
EG.FX.IBK.WAVG,2011-08-24,5.976
EG.FX.IBK.WAVG,2011-08-25,5.9599
EG.FX.IBK.WAVG,2011-08-28,5.9583
EG.FX.IBK.WAVG,2011-08-29,5.953
EG.FX.IBK.WAVG,2011-09-04,5.9552
EG.FX.IBK.WAVG,2011-09-05,5.9603
EG.FX.IBK.WAVG,2011-09-06,5.9603
EG.FX.IBK.WAVG,2011-09-07,5.9692
EG.FX.IBK.WAVG,2011-09-08,5.9794
EG.FX.IBK.WAVG,2011-09-11,5.9828
EG.FX.IBK.WAVG,2011-09-12,5.9732
EG.FX.IBK.WAVG,2011-09-13,5.9515
EG.FX.IBK.WAVG,2011-09-14,5.954
EG.FX.IBK.WAVG,2011-09-15,5.9562
EG.FX.IBK.WAVG,2011-09-18,5.9575
EG.FX.IBK.WAVG,2011-09-19,5.9596
EG.FX.IBK.WAVG,2011-09-20,5.9623
EG.FX.IBK.WAVG,2011-09-21,5.965
EG.FX.IBK.WAVG,2011-09-22,5.97
EG.FX.IBK.WAVG,2011-09-25,5.9708
EG.FX.IBK.WAVG,2011-09-26,5.9661
EG.FX.IBK.WAVG,2011-09-27,5.9655
EG.FX.IBK.WAVG,2011-09-28,5.9658
EG.FX.IBK.WAVG,2011-09-29,5.9657
EG.FX.IBK.WAVG,2011-10-02,5.966
EG.FX.IBK.WAVG,2011-10-03,5.9637
EG.FX.IBK.WAVG,2011-10-04,5.9601
EG.FX.IBK.WAVG,2011-10-05,5.9621
EG.FX.IBK.WAVG,2011-10-09,5.9619
EG.FX.IBK.WAVG,2011-10-10,5.9651
EG.FX.IBK.WAVG,2011-10-11,5.9677
EG.FX.IBK.WAVG,2011-10-12,5.9681
EG.FX.IBK.WAVG,2011-10-13,5.9691
EG.FX.IBK.WAVG,2011-10-16,5.9699
EG.FX.IBK.WAVG,2011-10-17,5.9715
EG.FX.IBK.WAVG,2011-10-18,5.9746
EG.FX.IBK.WAVG,2011-10-19,5.9756
EG.FX.IBK.WAVG,2011-10-20,5.9763
EG.FX.IBK.WAVG,2011-10-23,5.9764
EG.FX.IBK.WAVG,2011-10-24,5.9709
EG.FX.IBK.WAVG,2011-10-25,5.9696
EG.FX.IBK.WAVG,2011-10-26,5.9699
EG.FX.IBK.WAVG,2011-10-27,5.9698
EG.FX.IBK.WAVG,2011-10-30,5.9699
EG.FX.IBK.WAVG,2011-10-31,5.9693
EG.FX.IBK.WAVG,2011-11-01,5.9695
EG.FX.IBK.WAVG,2011-11-02,5.9694
EG.FX.IBK.WAVG,2011-11-03,5.9694
EG.FX.IBK.WAVG,2011-11-09,5.9696
EG.FX.IBK.WAVG,2011-11-10,5.9794
EG.FX.IBK.WAVG,2011-11-13,5.9739
EG.FX.IBK.WAVG,2011-11-14,5.9771
EG.FX.IBK.WAVG,2011-11-15,5.9803
EG.FX.IBK.WAVG,2011-11-16,5.9826
EG.FX.IBK.WAVG,2011-11-17,5.984
EG.FX.IBK.WAVG,2011-11-20,5.985
EG.FX.IBK.WAVG,2011-11-21,5.9878
EG.FX.IBK.WAVG,2011-11-22,5.9921
EG.FX.IBK.WAVG,2011-11-23,5.9976
EG.FX.IBK.WAVG,2011-11-24,6.0017
EG.FX.IBK.WAVG,2011-11-28,6.004
EG.FX.IBK.WAVG,2011-11-29,6.0044
EG.FX.IBK.WAVG,2011-11-30,6.0045
EG.FX.IBK.WAVG,2011-12-01,6.005
EG.FX.IBK.WAVG,2011-12-04,6.0055
EG.FX.IBK.WAVG,2011-12-05,6.0045
EG.FX.IBK.WAVG,2011-12-06,6.0059
EG.FX.IBK.WAVG,2011-12-07,6.009
EG.FX.IBK.WAVG,2011-12-08,6.0114
EG.FX.IBK.WAVG,2011-12-11,6.017
EG.FX.IBK.WAVG,2011-12-12,6.0206
EG.FX.IBK.WAVG,2011-12-13,6.026
EG.FX.IBK.WAVG,2011-12-14,6.0243
EG.FX.IBK.WAVG,2011-12-15,6.0197
EG.FX.IBK.WAVG,2011-12-18,6.0225
EG.FX.IBK.WAVG,2011-12-19,6.0227
EG.FX.IBK.WAVG,2011-12-20,6.02
EG.FX.IBK.WAVG,2011-12-21,6.027
EG.FX.IBK.WAVG,2011-12-22,6.0256
EG.FX.IBK.WAVG,2011-12-25,6.0224
EG.FX.IBK.WAVG,2011-12-26,6.0253
EG.FX.IBK.WAVG,2011-12-27,6.0289
EG.FX.IBK.WAVG,2011-12-28,6.0309
EG.FX.IBK.WAVG,2011-12-29,6.0319
EG.FX.IBK.WAVG,2012-01-02,6.031
EG.FX.IBK.WAVG,2012-01-03,6.0318
EG.FX.IBK.WAVG,2012-01-04,6.0336
EG.FX.IBK.WAVG,2012-01-05,6.0341
EG.FX.IBK.WAVG,2012-01-09,6.0357
EG.FX.IBK.WAVG,2012-01-10,6.0365
EG.FX.IBK.WAVG,2012-01-11,6.0372
EG.FX.IBK.WAVG,2012-01-12,6.0378
EG.FX.IBK.WAVG,2012-01-15,6.038
EG.FX.IBK.WAVG,2012-01-16,6.0396
EG.FX.IBK.WAVG,2012-01-17,6.0404
EG.FX.IBK.WAVG,2012-01-18,6.0417
EG.FX.IBK.WAVG,2012-01-19,6.0429
EG.FX.IBK.WAVG,2012-01-22,6.0407
EG.FX.IBK.WAVG,2012-01-23,6.04
EG.FX.IBK.WAVG,2012-01-24,6.0399
EG.FX.IBK.WAVG,2012-01-26,6.0371
EG.FX.IBK.WAVG,2012-01-29,6.0323
EG.FX.IBK.WAVG,2012-01-30,6.0291
EG.FX.IBK.WAVG,2012-01-31,6.0299
EG.FX.IBK.WAVG,2012-02-01,6.0288
EG.FX.IBK.WAVG,2012-02-02,6.0306
EG.FX.IBK.WAVG,2012-02-06,6.0316
EG.FX.IBK.WAVG,2012-02-07,6.0318
EG.FX.IBK.WAVG,2012-02-08,6.0331
EG.FX.IBK.WAVG,2012-02-09,6.0339
EG.FX.IBK.WAVG,2012-02-12,6.0349
EG.FX.IBK.WAVG,2012-02-13,6.0362
EG.FX.IBK.WAVG,2012-02-14,6.0352
EG.FX.IBK.WAVG,2012-02-15,6.0349
EG.FX.IBK.WAVG,2012-02-16,6.0362
EG.FX.IBK.WAVG,2012-02-19,6.0378
EG.FX.IBK.WAVG,2012-02-20,6.0371
EG.FX.IBK.WAVG,2012-02-21,6.0369
EG.FX.IBK.WAVG,2012-02-22,6.0379
EG.FX.IBK.WAVG,2012-02-23,6.0374
EG.FX.IBK.WAVG,2012-02-26,6.0359
EG.FX.IBK.WAVG,2012-02-27,6.0355
EG.FX.IBK.WAVG,2012-02-28,6.0334
EG.FX.IBK.WAVG,2012-02-29,6.0317
EG.FX.IBK.WAVG,2012-03-01,6.0306
EG.FX.IBK.WAVG,2012-03-04,6.03
EG.FX.IBK.WAVG,2012-03-05,6.0308
EG.FX.IBK.WAVG,2012-03-06,6.0324
EG.FX.IBK.WAVG,2012-03-07,6.0346
EG.FX.IBK.WAVG,2012-03-08,6.0327
EG.FX.IBK.WAVG,2012-03-11,6.0316
EG.FX.IBK.WAVG,2012-03-12,6.0337
EG.FX.IBK.WAVG,2012-03-13,6.0322
EG.FX.IBK.WAVG,2012-03-14,6.0327
EG.FX.IBK.WAVG,2012-03-15,6.0344
EG.FX.IBK.WAVG,2012-03-18,6.0339
EG.FX.IBK.WAVG,2012-03-19,6.0331
EG.FX.IBK.WAVG,2012-03-20,6.0345
EG.FX.IBK.WAVG,2012-03-21,6.036
EG.FX.IBK.WAVG,2012-03-22,6.0362
EG.FX.IBK.WAVG,2012-03-25,6.0369
EG.FX.IBK.WAVG,2012-03-26,6.0378
EG.FX.IBK.WAVG,2012-03-27,6.0363
EG.FX.IBK.WAVG,2012-03-28,6.0382
EG.FX.IBK.WAVG,2012-03-29,6.0404
EG.FX.IBK.WAVG,2012-04-01,6.0383
EG.FX.IBK.WAVG,2012-04-02,6.0386
EG.FX.IBK.WAVG,2012-04-03,6.0383
EG.FX.IBK.WAVG,2012-04-04,6.0386
EG.FX.IBK.WAVG,2012-04-05,6.0375
EG.FX.IBK.WAVG,2012-04-08,6.0366
EG.FX.IBK.WAVG,2012-04-09,6.0372
EG.FX.IBK.WAVG,2012-04-10,6.0367
EG.FX.IBK.WAVG,2012-04-11,6.0376
EG.FX.IBK.WAVG,2012-04-12,6.0377
EG.FX.IBK.WAVG,2012-04-17,6.0394
EG.FX.IBK.WAVG,2012-04-18,6.0425
EG.FX.IBK.WAVG,2012-04-19,6.0447
EG.FX.IBK.WAVG,2012-04-22,6.0464
EG.FX.IBK.WAVG,2012-04-23,6.0455
EG.FX.IBK.WAVG,2012-04-24,6.0462
EG.FX.IBK.WAVG,2012-04-26,6.0467
EG.FX.IBK.WAVG,2012-04-29,6.0471
EG.FX.IBK.WAVG,2012-04-30,6.0458
EG.FX.IBK.WAVG,2012-05-02,6.0452
EG.FX.IBK.WAVG,2012-05-03,6.0458
EG.FX.IBK.WAVG,2012-05-06,6.0459
EG.FX.IBK.WAVG,2012-05-07,6.0421
EG.FX.IBK.WAVG,2012-05-08,6.0363
EG.FX.IBK.WAVG,2012-05-09,6.0369
EG.FX.IBK.WAVG,2012-05-10,6.0372
EG.FX.IBK.WAVG,2012-05-13,6.0366
EG.FX.IBK.WAVG,2012-05-14,6.0354
EG.FX.IBK.WAVG,2012-05-15,6.0338
EG.FX.IBK.WAVG,2012-05-16,6.0377
EG.FX.IBK.WAVG,2012-05-17,6.0455
EG.FX.IBK.WAVG,2012-05-20,6.0465
EG.FX.IBK.WAVG,2012-05-21,6.0489
EG.FX.IBK.WAVG,2012-05-22,6.0453
EG.FX.IBK.WAVG,2012-05-23,6.0404
EG.FX.IBK.WAVG,2012-05-24,6.0383
EG.FX.IBK.WAVG,2012-05-27,6.0364
EG.FX.IBK.WAVG,2012-05-28,6.0383
EG.FX.IBK.WAVG,2012-05-29,6.0441
EG.FX.IBK.WAVG,2012-05-30,6.046
EG.FX.IBK.WAVG,2012-05-31,6.0455
EG.FX.IBK.WAVG,2012-06-03,6.0406
EG.FX.IBK.WAVG,2012-06-04,6.0382
EG.FX.IBK.WAVG,2012-06-05,6.0422
EG.FX.IBK.WAVG,2012-06-06,6.0392
EG.FX.IBK.WAVG,2012-06-07,6.0351
EG.FX.IBK.WAVG,2012-06-10,6.0352
EG.FX.IBK.WAVG,2012-06-11,6.0377
EG.FX.IBK.WAVG,2012-06-12,6.0404
EG.FX.IBK.WAVG,2012-06-13,6.044
EG.FX.IBK.WAVG,2012-06-14,6.0464
EG.FX.IBK.WAVG,2012-06-18,6.0452
EG.FX.IBK.WAVG,2012-06-19,6.0485
EG.FX.IBK.WAVG,2012-06-20,6.0496
EG.FX.IBK.WAVG,2012-06-21,6.0529
EG.FX.IBK.WAVG,2012-06-24,6.055
EG.FX.IBK.WAVG,2012-06-25,6.0554
EG.FX.IBK.WAVG,2012-06-26,6.0562
EG.FX.IBK.WAVG,2012-06-27,6.0601
EG.FX.IBK.WAVG,2012-06-28,6.059
EG.FX.IBK.WAVG,2012-07-01,6.0579
EG.FX.IBK.WAVG,2012-07-02,6.0569
EG.FX.IBK.WAVG,2012-07-03,6.0561
EG.FX.IBK.WAVG,2012-07-04,6.0565
EG.FX.IBK.WAVG,2012-07-05,6.0567
EG.FX.IBK.WAVG,2012-07-08,6.0572
EG.FX.IBK.WAVG,2012-07-09,6.0582
EG.FX.IBK.WAVG,2012-07-10,6.0601
EG.FX.IBK.WAVG,2012-07-11,6.0615
EG.FX.IBK.WAVG,2012-07-12,6.063
EG.FX.IBK.WAVG,2012-07-15,6.0638
EG.FX.IBK.WAVG,2012-07-16,6.0633
EG.FX.IBK.WAVG,2012-07-17,6.0636
EG.FX.IBK.WAVG,2012-07-18,6.0655
EG.FX.IBK.WAVG,2012-07-19,6.0663
EG.FX.IBK.WAVG,2012-07-22,6.0653
EG.FX.IBK.WAVG,2012-07-24,6.065
EG.FX.IBK.WAVG,2012-07-25,6.0661
EG.FX.IBK.WAVG,2012-07-26,6.0694
EG.FX.IBK.WAVG,2012-07-29,6.0699
EG.FX.IBK.WAVG,2012-07-30,6.071
EG.FX.IBK.WAVG,2012-07-31,6.0716
EG.FX.IBK.WAVG,2012-08-01,6.0731
EG.FX.IBK.WAVG,2012-08-02,6.0768
EG.FX.IBK.WAVG,2012-08-05,6.0764
EG.FX.IBK.WAVG,2012-08-06,6.0756
EG.FX.IBK.WAVG,2012-08-07,6.077
EG.FX.IBK.WAVG,2012-08-08,6.0784
EG.FX.IBK.WAVG,2012-08-09,6.081
EG.FX.IBK.WAVG,2012-08-12,6.0802
EG.FX.IBK.WAVG,2012-08-13,6.0756
EG.FX.IBK.WAVG,2012-08-14,6.0719
EG.FX.IBK.WAVG,2012-08-15,6.0727
EG.FX.IBK.WAVG,2012-08-16,6.0792
EG.FX.IBK.WAVG,2012-08-21,6.0791
EG.FX.IBK.WAVG,2012-08-22,6.0895
EG.FX.IBK.WAVG,2012-08-23,6.0902
EG.FX.IBK.WAVG,2012-08-26,6.0869
EG.FX.IBK.WAVG,2012-08-27,6.0901
EG.FX.IBK.WAVG,2012-08-28,6.0879
EG.FX.IBK.WAVG,2012-08-29,6.092
EG.FX.IBK.WAVG,2012-08-30,6.0985
EG.FX.IBK.WAVG,2012-09-02,6.1001
EG.FX.IBK.WAVG,2012-09-03,6.1015
EG.FX.IBK.WAVG,2012-09-04,6.1022
EG.FX.IBK.WAVG,2012-09-05,6.101
EG.FX.IBK.WAVG,2012-09-06,6.0956
EG.FX.IBK.WAVG,2012-09-09,6.0941
EG.FX.IBK.WAVG,2012-09-10,6.0877
EG.FX.IBK.WAVG,2012-09-11,6.0898
EG.FX.IBK.WAVG,2012-09-12,6.0937
EG.FX.IBK.WAVG,2012-09-13,6.0955
EG.FX.IBK.WAVG,2012-09-16,6.0935
EG.FX.IBK.WAVG,2012-09-17,6.0888
EG.FX.IBK.WAVG,2012-09-18,6.0875
EG.FX.IBK.WAVG,2012-09-19,6.0906
EG.FX.IBK.WAVG,2012-09-20,6.0916
EG.FX.IBK.WAVG,2012-09-23,6.0911
EG.FX.IBK.WAVG,2012-09-24,6.0927
EG.FX.IBK.WAVG,2012-09-25,6.0923
EG.FX.IBK.WAVG,2012-09-26,6.092
EG.FX.IBK.WAVG,2012-09-27,6.0944
EG.FX.IBK.WAVG,2012-09-30,6.0939
EG.FX.IBK.WAVG,2012-10-01,6.0963
EG.FX.IBK.WAVG,2012-10-02,6.0973
EG.FX.IBK.WAVG,2012-10-03,6.098
EG.FX.IBK.WAVG,2012-10-04,6.0956
EG.FX.IBK.WAVG,2012-10-08,6.0951
EG.FX.IBK.WAVG,2012-10-09,6.0932
EG.FX.IBK.WAVG,2012-10-10,6.092
EG.FX.IBK.WAVG,2012-10-11,6.0951
EG.FX.IBK.WAVG,2012-10-14,6.0989
EG.FX.IBK.WAVG,2012-10-15,6.0998
EG.FX.IBK.WAVG,2012-10-16,6.1009
EG.FX.IBK.WAVG,2012-10-17,6.1026
EG.FX.IBK.WAVG,2012-10-18,6.1052
EG.FX.IBK.WAVG,2012-10-21,6.1064
EG.FX.IBK.WAVG,2012-10-22,6.105
EG.FX.IBK.WAVG,2012-10-23,6.1025
EG.FX.IBK.WAVG,2012-10-24,6.1014
EG.FX.IBK.WAVG,2012-10-29,6.1029
EG.FX.IBK.WAVG,2012-10-30,6.1083
EG.FX.IBK.WAVG,2012-10-31,6.1106
EG.FX.IBK.WAVG,2012-11-01,6.1082
EG.FX.IBK.WAVG,2012-11-04,6.104
EG.FX.IBK.WAVG,2012-11-05,6.1085
EG.FX.IBK.WAVG,2012-11-06,6.1138
EG.FX.IBK.WAVG,2012-11-07,6.1158
EG.FX.IBK.WAVG,2012-11-08,6.1162
EG.FX.IBK.WAVG,2012-11-11,6.1102
EG.FX.IBK.WAVG,2012-11-12,6.1029
EG.FX.IBK.WAVG,2012-11-13,6.1003
EG.FX.IBK.WAVG,2012-11-14,6.0988
EG.FX.IBK.WAVG,2012-11-18,6.098
EG.FX.IBK.WAVG,2012-11-19,6.0979
EG.FX.IBK.WAVG,2012-11-20,6.1022
EG.FX.IBK.WAVG,2012-11-21,6.0995
EG.FX.IBK.WAVG,2012-11-22,6.094
EG.FX.IBK.WAVG,2012-11-25,6.0956
EG.FX.IBK.WAVG,2012-11-26,6.1041
EG.FX.IBK.WAVG,2012-11-27,6.105
EG.FX.IBK.WAVG,2012-11-28,6.1079
EG.FX.IBK.WAVG,2012-11-29,6.1113
EG.FX.IBK.WAVG,2012-12-02,6.1109
EG.FX.IBK.WAVG,2012-12-03,6.111
EG.FX.IBK.WAVG,2012-12-04,6.1134
EG.FX.IBK.WAVG,2012-12-05,6.1164
EG.FX.IBK.WAVG,2012-12-06,6.1251
EG.FX.IBK.WAVG,2012-12-09,6.1321
EG.FX.IBK.WAVG,2012-12-10,6.1396
EG.FX.IBK.WAVG,2012-12-11,6.1506
EG.FX.IBK.WAVG,2012-12-12,6.1573
EG.FX.IBK.WAVG,2012-12-13,6.1682
EG.FX.IBK.WAVG,2012-12-16,6.1692
EG.FX.IBK.WAVG,2012-12-17,6.1652
EG.FX.IBK.WAVG,2012-12-18,6.1672
EG.FX.IBK.WAVG,2012-12-19,6.1696
EG.FX.IBK.WAVG,2012-12-20,6.1686
EG.FX.IBK.WAVG,2012-12-23,6.1696
EG.FX.IBK.WAVG,2012-12-24,6.17
EG.FX.IBK.WAVG,2012-12-26,6.1762
EG.FX.IBK.WAVG,2012-12-27,6.1867
EG.FX.IBK.WAVG,2012-12-30,6.2673
EG.FX.IBK.WAVG,2012-12-31,6.3191
EG.FX.IBK.WAVG,2013-01-02,6.369
EG.FX.IBK.WAVG,2013-01-03,6.3969
EG.FX.IBK.WAVG,2013-01-06,6.4298
EG.FX.IBK.WAVG,2013-01-08,6.4558
EG.FX.IBK.WAVG,2013-01-09,6.4853
EG.FX.IBK.WAVG,2013-01-10,6.5135
EG.FX.IBK.WAVG,2013-01-13,6.5315
EG.FX.IBK.WAVG,2013-01-14,6.5627
EG.FX.IBK.WAVG,2013-01-15,6.5509
EG.FX.IBK.WAVG,2013-01-16,6.5509
EG.FX.IBK.WAVG,2013-01-17,6.5713
EG.FX.IBK.WAVG,2013-01-20,6.5882
EG.FX.IBK.WAVG,2013-01-21,6.6203
EG.FX.IBK.WAVG,2013-01-22,6.6032
EG.FX.IBK.WAVG,2013-01-23,6.6032
EG.FX.IBK.WAVG,2013-01-27,6.6261
EG.FX.IBK.WAVG,2013-01-28,6.6261
EG.FX.IBK.WAVG,2013-01-29,6.6531
EG.FX.IBK.WAVG,2013-01-30,6.6858
EG.FX.IBK.WAVG,2013-01-31,6.682
EG.FX.IBK.WAVG,2013-02-03,6.6827
EG.FX.IBK.WAVG,2013-02-04,6.6924
EG.FX.IBK.WAVG,2013-02-05,6.6924
EG.FX.IBK.WAVG,2013-02-06,6.7027
EG.FX.IBK.WAVG,2013-02-10,6.7045
EG.FX.IBK.WAVG,2013-02-11,6.7082
EG.FX.IBK.WAVG,2013-02-14,6.7209
EG.FX.IBK.WAVG,2013-02-17,6.7213
EG.FX.IBK.WAVG,2013-02-18,6.7218
EG.FX.IBK.WAVG,2013-02-19,6.722
EG.FX.IBK.WAVG,2013-02-20,6.7228
EG.FX.IBK.WAVG,2013-02-21,6.7234
EG.FX.IBK.WAVG,2013-02-22,6.7234
EG.FX.IBK.WAVG,2013-02-24,6.7234
EG.FX.IBK.WAVG,2013-02-25,6.728
EG.FX.IBK.WAVG,2013-02-26,6.728
EG.FX.IBK.WAVG,2013-02-27,6.7292
EG.FX.IBK.WAVG,2013-02-28,6.7304
EG.FX.IBK.WAVG,2013-03-04,6.7342
EG.FX.IBK.WAVG,2013-03-05,6.7342
EG.FX.IBK.WAVG,2013-03-06,6.7406
EG.FX.IBK.WAVG,2013-03-07,6.7458
EG.FX.IBK.WAVG,2013-03-10,6.7458
EG.FX.IBK.WAVG,2013-03-11,6.7532
EG.FX.IBK.WAVG,2013-03-12,6.7532
EG.FX.IBK.WAVG,2013-03-13,6.7628
EG.FX.IBK.WAVG,2013-03-14,6.7712
EG.FX.IBK.WAVG,2013-03-17,6.7712
EG.FX.IBK.WAVG,2013-03-18,6.7794
EG.FX.IBK.WAVG,2013-03-19,6.7794
EG.FX.IBK.WAVG,2013-03-20,6.7839
EG.FX.IBK.WAVG,2013-03-21,6.7881
EG.FX.IBK.WAVG,2013-03-24,6.7881
EG.FX.IBK.WAVG,2013-03-25,6.7889
EG.FX.IBK.WAVG,2013-03-26,6.7908
EG.FX.IBK.WAVG,2013-03-27,6.7896
EG.FX.IBK.WAVG,2013-03-28,6.7931
EG.FX.IBK.WAVG,2013-03-31,6.7931
EG.FX.IBK.WAVG,2013-04-01,6.7997
EG.FX.IBK.WAVG,2013-04-02,6.7997
EG.FX.IBK.WAVG,2013-04-03,6.8078
EG.FX.IBK.WAVG,2013-04-04,6.8283
EG.FX.IBK.WAVG,2013-04-07,6.8283
EG.FX.IBK.WAVG,2013-04-08,6.8391
EG.FX.IBK.WAVG,2013-04-09,6.8391
EG.FX.IBK.WAVG,2013-04-11,6.8612
EG.FX.IBK.WAVG,2013-04-14,6.872
EG.FX.IBK.WAVG,2013-04-15,6.8765
EG.FX.IBK.WAVG,2013-04-16,6.8765
EG.FX.IBK.WAVG,2013-04-17,6.8822
EG.FX.IBK.WAVG,2013-04-18,6.8934
EG.FX.IBK.WAVG,2013-04-21,6.8934
EG.FX.IBK.WAVG,2013-04-22,6.9077
EG.FX.IBK.WAVG,2013-04-23,6.9077
EG.FX.IBK.WAVG,2013-04-24,6.9163
EG.FX.IBK.WAVG,2013-04-28,6.9163
EG.FX.IBK.WAVG,2013-04-29,6.9245
EG.FX.IBK.WAVG,2013-04-30,6.9245
EG.FX.IBK.WAVG,2013-05-02,6.9315
EG.FX.IBK.WAVG,2013-05-07,6.9315
EG.FX.IBK.WAVG,2013-05-08,6.9398
EG.FX.IBK.WAVG,2013-05-09,6.9463
EG.FX.IBK.WAVG,2013-05-12,6.9463
EG.FX.IBK.WAVG,2013-05-13,6.9552
EG.FX.IBK.WAVG,2013-05-14,6.9552
EG.FX.IBK.WAVG,2013-05-15,6.9591
EG.FX.IBK.WAVG,2013-05-16,6.966
EG.FX.IBK.WAVG,2013-05-19,6.966
EG.FX.IBK.WAVG,2013-05-20,6.972
EG.FX.IBK.WAVG,2013-05-21,6.972
EG.FX.IBK.WAVG,2013-05-22,6.972
EG.FX.IBK.WAVG,2013-05-23,6.972
EG.FX.IBK.WAVG,2013-05-26,6.972
EG.FX.IBK.WAVG,2013-05-27,6.972
EG.FX.IBK.WAVG,2013-05-28,6.972
EG.FX.IBK.WAVG,2013-05-29,6.9731
EG.FX.IBK.WAVG,2013-05-30,6.9738
EG.FX.IBK.WAVG,2013-06-02,6.9738
EG.FX.IBK.WAVG,2013-06-03,6.9753
EG.FX.IBK.WAVG,2013-06-04,6.9753
EG.FX.IBK.WAVG,2013-06-05,6.9744
EG.FX.IBK.WAVG,2013-06-06,6.979
EG.FX.IBK.WAVG,2013-06-09,6.979
EG.FX.IBK.WAVG,2013-06-10,6.9809
EG.FX.IBK.WAVG,2013-06-11,6.9809
EG.FX.IBK.WAVG,2013-06-12,6.9813
EG.FX.IBK.WAVG,2013-06-13,6.9835
EG.FX.IBK.WAVG,2013-06-16,6.9835
EG.FX.IBK.WAVG,2013-06-17,6.9858
EG.FX.IBK.WAVG,2013-06-18,6.9858
EG.FX.IBK.WAVG,2013-06-19,6.9902
EG.FX.IBK.WAVG,2013-06-20,6.9938
EG.FX.IBK.WAVG,2013-06-23,6.9938
EG.FX.IBK.WAVG,2013-06-24,6.9993
EG.FX.IBK.WAVG,2013-06-25,6.9993
EG.FX.IBK.WAVG,2013-06-26,7.0053
EG.FX.IBK.WAVG,2013-06-27,7.0094
EG.FX.IBK.WAVG,2013-06-30,7.0094
EG.FX.IBK.WAVG,2013-07-02,7.0094
EG.FX.IBK.WAVG,2013-07-03,7.0189
EG.FX.IBK.WAVG,2013-07-04,7.0184
EG.FX.IBK.WAVG,2013-07-07,7.0184
EG.FX.IBK.WAVG,2013-07-08,7.0097
EG.FX.IBK.WAVG,2013-07-09,7.0097
EG.FX.IBK.WAVG,2013-07-10,6.9992
EG.FX.IBK.WAVG,2013-07-11,6.9929
EG.FX.IBK.WAVG,2013-07-14,6.9929
EG.FX.IBK.WAVG,2013-07-15,6.9928
EG.FX.IBK.WAVG,2013-07-16,6.9928
EG.FX.IBK.WAVG,2013-07-17,6.9928
EG.FX.IBK.WAVG,2013-07-18,6.9926
EG.FX.IBK.WAVG,2013-07-21,6.9926
EG.FX.IBK.WAVG,2013-07-22,6.9923
EG.FX.IBK.WAVG,2013-07-24,6.9918
EG.FX.IBK.WAVG,2013-07-25,6.9916
EG.FX.IBK.WAVG,2013-07-28,6.9916
EG.FX.IBK.WAVG,2013-07-29,6.9922
EG.FX.IBK.WAVG,2013-07-30,6.9922
EG.FX.IBK.WAVG,2013-07-31,6.9909
EG.FX.IBK.WAVG,2013-08-01,6.9858
EG.FX.IBK.WAVG,2013-08-04,6.9869
EG.FX.IBK.WAVG,2013-08-05,6.9849
EG.FX.IBK.WAVG,2013-08-06,6.9856
EG.FX.IBK.WAVG,2013-08-07,6.9797
EG.FX.IBK.WAVG,2013-08-12,6.9793
EG.FX.IBK.WAVG,2013-08-13,6.9794
EG.FX.IBK.WAVG,2013-08-14,6.979
EG.FX.IBK.WAVG,2013-08-18,6.9791
EG.FX.IBK.WAVG,2013-08-19,6.9786
EG.FX.IBK.WAVG,2013-08-20,6.9786
EG.FX.IBK.WAVG,2013-08-21,6.9774
EG.FX.IBK.WAVG,2013-08-22,6.9769
EG.FX.IBK.WAVG,2013-08-25,6.9771
EG.FX.IBK.WAVG,2013-08-26,6.9765
EG.FX.IBK.WAVG,2013-08-27,6.9765
EG.FX.IBK.WAVG,2013-08-28,6.976
EG.FX.IBK.WAVG,2013-08-29,6.9757
EG.FX.IBK.WAVG,2013-09-01,6.9757
EG.FX.IBK.WAVG,2013-09-02,6.9752
EG.FX.IBK.WAVG,2013-09-03,6.9766
EG.FX.IBK.WAVG,2013-09-04,6.8952
EG.FX.IBK.WAVG,2013-09-05,6.8952
EG.FX.IBK.WAVG,2013-09-08,6.8952
EG.FX.IBK.WAVG,2013-09-09,6.8855
EG.FX.IBK.WAVG,2013-09-10,6.8855
EG.FX.IBK.WAVG,2013-09-11,6.8853
EG.FX.IBK.WAVG,2013-09-12,6.8842
EG.FX.IBK.WAVG,2013-09-15,6.8842
EG.FX.IBK.WAVG,2013-09-16,6.8836
EG.FX.IBK.WAVG,2013-09-17,6.8836
EG.FX.IBK.WAVG,2013-09-18,6.8831
EG.FX.IBK.WAVG,2013-09-19,6.8828
EG.FX.IBK.WAVG,2013-09-22,6.8828
EG.FX.IBK.WAVG,2013-09-23,6.8825
EG.FX.IBK.WAVG,2013-09-24,6.8825
EG.FX.IBK.WAVG,2013-09-25,6.8821
EG.FX.IBK.WAVG,2013-09-26,6.8818
EG.FX.IBK.WAVG,2013-09-29,6.8818
EG.FX.IBK.WAVG,2013-09-30,6.8816
EG.FX.IBK.WAVG,2013-10-01,6.8816
EG.FX.IBK.WAVG,2013-10-02,6.8813
EG.FX.IBK.WAVG,2013-10-03,6.8809
EG.FX.IBK.WAVG,2013-10-07,6.8806
EG.FX.IBK.WAVG,2013-10-08,6.8806
EG.FX.IBK.WAVG,2013-10-09,6.8804
EG.FX.IBK.WAVG,2013-10-10,6.8802
EG.FX.IBK.WAVG,2013-10-13,6.8802
EG.FX.IBK.WAVG,2013-10-20,6.8802
EG.FX.IBK.WAVG,2013-10-21,6.88
EG.FX.IBK.WAVG,2013-10-22,6.88
EG.FX.IBK.WAVG,2013-10-23,6.8798
EG.FX.IBK.WAVG,2013-10-24,6.8797
EG.FX.IBK.WAVG,2013-10-27,6.8797
EG.FX.IBK.WAVG,2013-10-28,6.8796
EG.FX.IBK.WAVG,2013-10-29,6.8796
EG.FX.IBK.WAVG,2013-10-30,6.8794
EG.FX.IBK.WAVG,2013-10-31,6.8793
EG.FX.IBK.WAVG,2013-11-03,6.8793
EG.FX.IBK.WAVG,2013-11-04,6.8791
EG.FX.IBK.WAVG,2013-11-06,6.8789
EG.FX.IBK.WAVG,2013-11-07,6.8787
EG.FX.IBK.WAVG,2013-11-10,6.8787
EG.FX.IBK.WAVG,2013-11-11,6.8786
EG.FX.IBK.WAVG,2013-11-12,6.88
EG.FX.IBK.WAVG,2013-11-13,6.8785
EG.FX.IBK.WAVG,2013-11-14,6.8784
EG.FX.IBK.WAVG,2013-11-17,6.8784
EG.FX.IBK.WAVG,2013-11-18,6.8782
EG.FX.IBK.WAVG,2013-11-19,6.8782
EG.FX.IBK.WAVG,2013-11-20,6.8781
EG.FX.IBK.WAVG,2013-11-21,6.8778
EG.FX.IBK.WAVG,2013-11-24,6.8778
EG.FX.IBK.WAVG,2013-11-25,6.8776
EG.FX.IBK.WAVG,2013-11-26,6.8776
EG.FX.IBK.WAVG,2013-11-27,6.8775
EG.FX.IBK.WAVG,2013-11-28,6.8774
EG.FX.IBK.WAVG,2013-12-01,6.8774
EG.FX.IBK.WAVG,2013-12-02,6.8773
EG.FX.IBK.WAVG,2013-12-03,6.8773
EG.FX.IBK.WAVG,2013-12-04,6.8772
EG.FX.IBK.WAVG,2013-12-05,6.8771
EG.FX.IBK.WAVG,2013-12-08,6.8771
EG.FX.IBK.WAVG,2013-12-09,6.877
EG.FX.IBK.WAVG,2013-12-10,6.877
EG.FX.IBK.WAVG,2013-12-11,6.8769
EG.FX.IBK.WAVG,2013-12-12,6.8768
EG.FX.IBK.WAVG,2013-12-15,6.8768
EG.FX.IBK.WAVG,2013-12-16,6.8767
EG.FX.IBK.WAVG,2013-12-17,6.8767
EG.FX.IBK.WAVG,2013-12-18,6.8869
EG.FX.IBK.WAVG,2013-12-19,6.8972
EG.FX.IBK.WAVG,2013-12-22,6.8972
EG.FX.IBK.WAVG,2013-12-23,6.9075
EG.FX.IBK.WAVG,2013-12-24,6.9075
EG.FX.IBK.WAVG,2013-12-25,6.9179
EG.FX.IBK.WAVG,2013-12-26,6.9282
EG.FX.IBK.WAVG,2013-12-29,6.9282
EG.FX.IBK.WAVG,2013-12-30,6.9386
EG.FX.IBK.WAVG,2013-12-31,6.9386
EG.FX.IBK.WAVG,2014-01-02,6.9478
EG.FX.IBK.WAVG,2014-01-05,6.9478
EG.FX.IBK.WAVG,2014-01-06,6.9476
EG.FX.IBK.WAVG,2014-01-08,6.9525
EG.FX.IBK.WAVG,2014-01-09,6.9524
EG.FX.IBK.WAVG,2014-01-12,6.9524
EG.FX.IBK.WAVG,2014-01-14,6.9524
EG.FX.IBK.WAVG,2014-01-15,6.9522
EG.FX.IBK.WAVG,2014-01-16,6.9522
EG.FX.IBK.WAVG,2014-01-19,6.9522
EG.FX.IBK.WAVG,2014-01-20,6.9521
EG.FX.IBK.WAVG,2014-01-21,6.9521
EG.FX.IBK.WAVG,2014-01-22,6.952
EG.FX.IBK.WAVG,2014-01-23,6.952
EG.FX.IBK.WAVG,2014-01-26,6.952
EG.FX.IBK.WAVG,2014-01-27,6.952
EG.FX.IBK.WAVG,2014-01-28,6.9518
EG.FX.IBK.WAVG,2014-01-29,6.9517
EG.FX.IBK.WAVG,2014-01-30,6.9517
EG.FX.IBK.WAVG,2014-02-02,6.9517
EG.FX.IBK.WAVG,2014-02-03,6.9516
EG.FX.IBK.WAVG,2014-02-04,6.9516
EG.FX.IBK.WAVG,2014-02-05,6.9517
EG.FX.IBK.WAVG,2014-02-06,6.9515
EG.FX.IBK.WAVG,2014-02-09,6.9515
EG.FX.IBK.WAVG,2014-02-10,6.9514
EG.FX.IBK.WAVG,2014-02-11,6.9514
EG.FX.IBK.WAVG,2014-02-12,6.9513
EG.FX.IBK.WAVG,2014-02-13,6.9513
EG.FX.IBK.WAVG,2014-02-16,6.9513
EG.FX.IBK.WAVG,2014-02-17,6.9512
EG.FX.IBK.WAVG,2014-02-18,6.9512
EG.FX.IBK.WAVG,2014-02-19,6.9512
EG.FX.IBK.WAVG,2014-02-20,6.9511
EG.FX.IBK.WAVG,2014-02-23,6.9511
EG.FX.IBK.WAVG,2014-02-24,6.9509
EG.FX.IBK.WAVG,2014-02-25,6.9509
EG.FX.IBK.WAVG,2014-02-26,6.9508
EG.FX.IBK.WAVG,2014-02-27,6.9507
EG.FX.IBK.WAVG,2014-03-02,6.9507
EG.FX.IBK.WAVG,2014-03-03,6.9506
EG.FX.IBK.WAVG,2014-03-04,6.9506
EG.FX.IBK.WAVG,2014-03-05,6.9505
EG.FX.IBK.WAVG,2014-03-06,6.9504
EG.FX.IBK.WAVG,2014-03-09,6.9504
EG.FX.IBK.WAVG,2014-03-10,6.9504
EG.FX.IBK.WAVG,2014-03-11,6.9504
EG.FX.IBK.WAVG,2014-03-12,6.9504
EG.FX.IBK.WAVG,2014-03-13,6.9503
EG.FX.IBK.WAVG,2014-03-16,6.9503
EG.FX.IBK.WAVG,2014-03-17,6.9503
EG.FX.IBK.WAVG,2014-03-18,6.9503
EG.FX.IBK.WAVG,2014-03-19,6.9502
EG.FX.IBK.WAVG,2014-03-20,6.9501
EG.FX.IBK.WAVG,2014-03-23,6.9501
EG.FX.IBK.WAVG,2014-03-24,6.9501
EG.FX.IBK.WAVG,2014-03-25,6.9501
EG.FX.IBK.WAVG,2014-03-26,6.9525
EG.FX.IBK.WAVG,2014-03-27,6.9576
EG.FX.IBK.WAVG,2014-03-30,6.9576
EG.FX.IBK.WAVG,2014-03-31,6.9575
EG.FX.IBK.WAVG,2014-04-01,6.9575
EG.FX.IBK.WAVG,2014-04-02,6.9624
EG.FX.IBK.WAVG,2014-04-03,6.9651
EG.FX.IBK.WAVG,2014-04-06,6.9651
EG.FX.IBK.WAVG,2014-04-07,6.9649
EG.FX.IBK.WAVG,2014-04-08,6.9649
EG.FX.IBK.WAVG,2014-04-09,6.9652
EG.FX.IBK.WAVG,2014-04-10,6.9651
EG.FX.IBK.WAVG,2014-04-13,6.9651
EG.FX.IBK.WAVG,2014-04-14,6.9702
EG.FX.IBK.WAVG,2014-04-15,6.9702
EG.FX.IBK.WAVG,2014-04-16,6.975
EG.FX.IBK.WAVG,2014-04-17,6.9802
EG.FX.IBK.WAVG,2014-04-22,6.9802
EG.FX.IBK.WAVG,2014-04-23,6.9853
EG.FX.IBK.WAVG,2014-04-27,6.9853
EG.FX.IBK.WAVG,2014-04-28,6.99
EG.FX.IBK.WAVG,2014-04-29,6.99
EG.FX.IBK.WAVG,2014-04-30,6.9976
EG.FX.IBK.WAVG,2014-05-04,6.9976
EG.FX.IBK.WAVG,2014-05-05,7.005
EG.FX.IBK.WAVG,2014-05-06,7.005
EG.FX.IBK.WAVG,2014-05-07,7.0202
EG.FX.IBK.WAVG,2014-05-08,7.035
EG.FX.IBK.WAVG,2014-05-11,7.035
EG.FX.IBK.WAVG,2014-05-12,7.0451
EG.FX.IBK.WAVG,2014-05-13,7.0451
EG.FX.IBK.WAVG,2014-05-14,7.095
EG.FX.IBK.WAVG,2014-05-15,7.1026
EG.FX.IBK.WAVG,2014-05-18,7.1026
EG.FX.IBK.WAVG,2014-05-19,7.1068
EG.FX.IBK.WAVG,2014-05-20,7.1068
EG.FX.IBK.WAVG,2014-05-21,7.115
EG.FX.IBK.WAVG,2014-05-22,7.1226
EG.FX.IBK.WAVG,2014-05-25,7.1226
EG.FX.IBK.WAVG,2014-05-26,7.1352
EG.FX.IBK.WAVG,2014-05-28,7.1403
EG.FX.IBK.WAVG,2014-05-29,7.1404
EG.FX.IBK.WAVG,2014-06-01,7.1404
EG.FX.IBK.WAVG,2014-06-02,7.1404
EG.FX.IBK.WAVG,2014-06-03,7.1404
EG.FX.IBK.WAVG,2014-06-04,7.1403
EG.FX.IBK.WAVG,2014-06-05,7.1403
EG.FX.IBK.WAVG,2014-06-09,7.1402
EG.FX.IBK.WAVG,2014-06-10,7.1402
EG.FX.IBK.WAVG,2014-06-11,7.1402
EG.FX.IBK.WAVG,2014-06-12,7.1402
EG.FX.IBK.WAVG,2014-06-15,7.1402
EG.FX.IBK.WAVG,2014-06-16,7.1401
EG.FX.IBK.WAVG,2014-06-17,7.1401
EG.FX.IBK.WAVG,2014-06-18,7.1401
EG.FX.IBK.WAVG,2014-06-19,7.1401
EG.FX.IBK.WAVG,2014-06-22,7.1401
EG.FX.IBK.WAVG,2014-06-23,7.1401
EG.FX.IBK.WAVG,2014-06-24,7.1401
EG.FX.IBK.WAVG,2014-06-25,7.1401
EG.FX.IBK.WAVG,2014-06-26,7.1401
EG.FX.IBK.WAVG,2014-06-29,7.1401
EG.FX.IBK.WAVG,2014-06-30,7.1401
EG.FX.IBK.WAVG,2014-07-02,7.1401
EG.FX.IBK.WAVG,2014-07-03,7.1401
EG.FX.IBK.WAVG,2014-07-06,7.1401
EG.FX.IBK.WAVG,2014-07-07,7.1401
EG.FX.IBK.WAVG,2014-07-08,7.1401
EG.FX.IBK.WAVG,2014-07-09,7.1401
EG.FX.IBK.WAVG,2014-07-10,7.1401
EG.FX.IBK.WAVG,2014-07-13,7.1401
EG.FX.IBK.WAVG,2014-07-14,7.1401
EG.FX.IBK.WAVG,2014-07-15,7.1401
EG.FX.IBK.WAVG,2014-07-16,7.1402
EG.FX.IBK.WAVG,2014-07-17,7.1401
EG.FX.IBK.WAVG,2014-07-20,7.1401
EG.FX.IBK.WAVG,2014-07-21,7.1401
EG.FX.IBK.WAVG,2014-07-22,7.1401
EG.FX.IBK.WAVG,2014-07-24,7.1401
EG.FX.IBK.WAVG,2014-07-27,7.1401
EG.FX.IBK.WAVG,2014-07-31,7.1401
EG.FX.IBK.WAVG,2014-08-03,7.1401
EG.FX.IBK.WAVG,2014-08-04,7.1401
EG.FX.IBK.WAVG,2014-08-05,7.1401
EG.FX.IBK.WAVG,2014-08-06,7.1401
EG.FX.IBK.WAVG,2014-08-07,7.1401
EG.FX.IBK.WAVG,2014-08-10,7.1401
EG.FX.IBK.WAVG,2014-08-11,7.1401
EG.FX.IBK.WAVG,2014-08-12,7.1401
EG.FX.IBK.WAVG,2014-08-13,7.1401
EG.FX.IBK.WAVG,2014-08-14,7.1401
EG.FX.IBK.WAVG,2014-08-17,7.1401
EG.FX.IBK.WAVG,2014-08-18,7.1401
EG.FX.IBK.WAVG,2014-08-19,7.1401
EG.FX.IBK.WAVG,2014-08-20,7.1401
EG.FX.IBK.WAVG,2014-08-21,7.1401
EG.FX.IBK.WAVG,2014-08-24,7.1401
EG.FX.IBK.WAVG,2014-08-25,7.1401
EG.FX.IBK.WAVG,2014-08-26,7.1401
EG.FX.IBK.WAVG,2014-08-27,7.1401
EG.FX.IBK.WAVG,2014-08-28,7.1401
EG.FX.IBK.WAVG,2014-08-31,7.1401
EG.FX.IBK.WAVG,2014-09-01,7.1401
EG.FX.IBK.WAVG,2014-09-02,7.1401
EG.FX.IBK.WAVG,2014-09-03,7.1401
EG.FX.IBK.WAVG,2014-09-04,7.1401
EG.FX.IBK.WAVG,2014-09-07,7.1401
EG.FX.IBK.WAVG,2014-09-08,7.1401
EG.FX.IBK.WAVG,2014-09-09,7.1401
EG.FX.IBK.WAVG,2014-09-10,7.1401
EG.FX.IBK.WAVG,2014-09-11,7.1401
EG.FX.IBK.WAVG,2014-09-14,7.1401
EG.FX.IBK.WAVG,2014-09-15,7.1401
EG.FX.IBK.WAVG,2014-09-16,7.1401
EG.FX.IBK.WAVG,2014-09-17,7.1401
EG.FX.IBK.WAVG,2014-09-18,7.1401
EG.FX.IBK.WAVG,2014-09-21,7.1401
EG.FX.IBK.WAVG,2014-09-22,7.1401
EG.FX.IBK.WAVG,2014-09-23,7.1401
EG.FX.IBK.WAVG,2014-09-24,7.1401
EG.FX.IBK.WAVG,2014-09-25,7.1401
EG.FX.IBK.WAVG,2014-09-28,7.1401
EG.FX.IBK.WAVG,2014-09-29,7.1401
EG.FX.IBK.WAVG,2014-09-30,7.1401
EG.FX.IBK.WAVG,2014-10-01,7.1401
EG.FX.IBK.WAVG,2014-10-02,7.1401
EG.FX.IBK.WAVG,2014-10-08,7.1401
EG.FX.IBK.WAVG,2014-10-09,7.1401
EG.FX.IBK.WAVG,2014-10-12,7.1401
EG.FX.IBK.WAVG,2014-10-13,7.1401
EG.FX.IBK.WAVG,2014-10-14,7.1401
EG.FX.IBK.WAVG,2014-10-15,7.1401
EG.FX.IBK.WAVG,2014-10-16,7.1401
EG.FX.IBK.WAVG,2014-10-19,7.1401
EG.FX.IBK.WAVG,2014-10-20,7.1401
EG.FX.IBK.WAVG,2014-10-21,7.1401
EG.FX.IBK.WAVG,2014-10-22,7.1401
EG.FX.IBK.WAVG,2014-10-23,7.1401
EG.FX.IBK.WAVG,2014-10-26,7.1401
EG.FX.IBK.WAVG,2014-10-27,7.1401
EG.FX.IBK.WAVG,2014-10-28,7.1401
EG.FX.IBK.WAVG,2014-11-04,7.1401
EG.FX.IBK.WAVG,2014-11-05,7.1401
EG.FX.IBK.WAVG,2014-11-06,7.1401
EG.FX.IBK.WAVG,2014-11-09,7.1401
EG.FX.IBK.WAVG,2014-11-10,7.1401
EG.FX.IBK.WAVG,2014-11-11,7.1401
EG.FX.IBK.WAVG,2014-11-12,7.1401
EG.FX.IBK.WAVG,2014-11-13,7.1401
EG.FX.IBK.WAVG,2014-11-16,7.1401
EG.FX.IBK.WAVG,2014-11-17,7.1401
EG.FX.IBK.WAVG,2014-11-18,7.1401
EG.FX.IBK.WAVG,2014-11-19,7.1401
EG.FX.IBK.WAVG,2014-11-20,7.1401
EG.FX.IBK.WAVG,2014-11-23,7.1401
EG.FX.IBK.WAVG,2014-11-24,7.1401
EG.FX.IBK.WAVG,2014-11-25,7.1401
EG.FX.IBK.WAVG,2014-11-26,7.1401
EG.FX.IBK.WAVG,2014-11-27,7.1401
EG.FX.IBK.WAVG,2014-11-30,7.1401
EG.FX.IBK.WAVG,2014-12-01,7.1401
EG.FX.IBK.WAVG,2014-12-02,7.1401
EG.FX.IBK.WAVG,2014-12-03,7.1401
EG.FX.IBK.WAVG,2014-12-04,7.1401
EG.FX.IBK.WAVG,2014-12-07,7.1401
EG.FX.IBK.WAVG,2014-12-08,7.1401
EG.FX.IBK.WAVG,2014-12-09,7.1401
EG.FX.IBK.WAVG,2014-12-10,7.1401
EG.FX.IBK.WAVG,2014-12-11,7.1401
EG.FX.IBK.WAVG,2014-12-14,7.1401
EG.FX.IBK.WAVG,2014-12-15,7.1401
EG.FX.IBK.WAVG,2014-12-16,7.1401
EG.FX.IBK.WAVG,2014-12-17,7.1401
EG.FX.IBK.WAVG,2014-12-18,7.1401
EG.FX.IBK.WAVG,2014-12-21,7.1401
EG.FX.IBK.WAVG,2014-12-22,7.1401
EG.FX.IBK.WAVG,2014-12-23,7.1401
EG.FX.IBK.WAVG,2014-12-24,7.1401
EG.FX.IBK.WAVG,2014-12-25,7.1401
EG.FX.IBK.WAVG,2014-12-28,7.1401
EG.FX.IBK.WAVG,2014-12-29,7.1401
EG.FX.IBK.WAVG,2014-12-30,7.1401
EG.FX.IBK.WAVG,2014-12-31,7.1401
EG.FX.IBK.WAVG,2015-01-04,7.1401
EG.FX.IBK.WAVG,2015-01-05,7.1401
EG.FX.IBK.WAVG,2015-01-06,7.1401
EG.FX.IBK.WAVG,2015-01-08,7.1401
EG.FX.IBK.WAVG,2015-01-11,7.1401
EG.FX.IBK.WAVG,2015-01-12,7.1401
EG.FX.IBK.WAVG,2015-01-13,7.1401
EG.FX.IBK.WAVG,2015-01-14,7.1401
EG.FX.IBK.WAVG,2015-01-15,7.1401
EG.FX.IBK.WAVG,2015-01-18,7.1901
EG.FX.IBK.WAVG,2015-01-19,7.2401
EG.FX.IBK.WAVG,2015-01-20,7.2901
EG.FX.IBK.WAVG,2015-01-21,7.3401
EG.FX.IBK.WAVG,2015-01-22,7.3901
EG.FX.IBK.WAVG,2015-01-26,7.4301
EG.FX.IBK.WAVG,2015-01-27,7.4301
EG.FX.IBK.WAVG,2015-01-28,7.4601
EG.FX.IBK.WAVG,2015-01-29,7.4901
EG.FX.IBK.WAVG,2015-02-01,7.5101
EG.FX.IBK.WAVG,2015-02-02,7.5301
EG.FX.IBK.WAVG,2015-02-03,7.5301
EG.FX.IBK.WAVG,2015-02-04,7.5301
EG.FX.IBK.WAVG,2015-02-05,7.5301
EG.FX.IBK.WAVG,2015-02-08,7.5301
EG.FX.IBK.WAVG,2015-02-09,7.5301
EG.FX.IBK.WAVG,2015-02-10,7.5301
EG.FX.IBK.WAVG,2015-02-11,7.5301
EG.FX.IBK.WAVG,2015-02-12,7.5301
EG.FX.IBK.WAVG,2015-02-15,7.5301
EG.FX.IBK.WAVG,2015-02-16,7.5301
EG.FX.IBK.WAVG,2015-02-17,7.5301
EG.FX.IBK.WAVG,2015-02-18,7.5301
EG.FX.IBK.WAVG,2015-02-19,7.5301
EG.FX.IBK.WAVG,2015-02-22,7.5301
EG.FX.IBK.WAVG,2015-02-23,7.5301
EG.FX.IBK.WAVG,2015-02-24,7.5301
EG.FX.IBK.WAVG,2015-02-25,7.5304
EG.FX.IBK.WAVG,2015-02-26,7.5301
EG.FX.IBK.WAVG,2015-03-01,7.5301
EG.FX.IBK.WAVG,2015-03-02,7.5301
EG.FX.IBK.WAVG,2015-03-03,7.5301
EG.FX.IBK.WAVG,2015-03-04,7.5301
EG.FX.IBK.WAVG,2015-03-05,7.5301
EG.FX.IBK.WAVG,2015-03-08,7.5301
EG.FX.IBK.WAVG,2015-03-09,7.5301
EG.FX.IBK.WAVG,2015-03-10,7.5301
EG.FX.IBK.WAVG,2015-03-11,7.5301
EG.FX.IBK.WAVG,2015-03-12,7.5301
EG.FX.IBK.WAVG,2015-03-15,7.5301
EG.FX.IBK.WAVG,2015-03-16,7.5301
EG.FX.IBK.WAVG,2015-03-17,7.5301
EG.FX.IBK.WAVG,2015-03-18,7.5301
EG.FX.IBK.WAVG,2015-03-19,7.5301
EG.FX.IBK.WAVG,2015-03-22,7.5301
EG.FX.IBK.WAVG,2015-03-23,7.5301
EG.FX.IBK.WAVG,2015-03-24,7.5339
EG.FX.IBK.WAVG,2015-03-25,7.5301
EG.FX.IBK.WAVG,2015-03-26,7.5373
EG.FX.IBK.WAVG,2015-03-29,7.5301
EG.FX.IBK.WAVG,2015-03-30,7.5301
EG.FX.IBK.WAVG,2015-03-31,7.5301
EG.FX.IBK.WAVG,2015-04-01,7.5301
EG.FX.IBK.WAVG,2015-04-02,7.5301
EG.FX.IBK.WAVG,2015-04-05,7.5301
EG.FX.IBK.WAVG,2015-04-06,7.5301
EG.FX.IBK.WAVG,2015-04-07,7.5301
EG.FX.IBK.WAVG,2015-04-08,7.5301
EG.FX.IBK.WAVG,2015-04-09,7.5301
EG.FX.IBK.WAVG,2015-04-14,7.5345
EG.FX.IBK.WAVG,2015-04-15,7.5301
EG.FX.IBK.WAVG,2015-04-16,7.5314
EG.FX.IBK.WAVG,2015-04-19,7.5369
EG.FX.IBK.WAVG,2015-04-20,7.5301
EG.FX.IBK.WAVG,2015-04-21,7.5301
EG.FX.IBK.WAVG,2015-04-22,7.5301
EG.FX.IBK.WAVG,2015-04-23,7.5301
EG.FX.IBK.WAVG,2015-04-26,7.5301
EG.FX.IBK.WAVG,2015-04-27,7.5301
EG.FX.IBK.WAVG,2015-04-28,7.5301
EG.FX.IBK.WAVG,2015-04-29,7.5301
EG.FX.IBK.WAVG,2015-04-30,7.5301
EG.FX.IBK.WAVG,2015-05-03,7.5301
EG.FX.IBK.WAVG,2015-05-04,7.5301
EG.FX.IBK.WAVG,2015-05-05,7.5301
EG.FX.IBK.WAVG,2015-05-06,7.5301
EG.FX.IBK.WAVG,2015-05-07,7.5301
EG.FX.IBK.WAVG,2015-05-10,7.5301
EG.FX.IBK.WAVG,2015-05-11,7.5301
EG.FX.IBK.WAVG,2015-05-12,7.5301
EG.FX.IBK.WAVG,2015-05-13,7.5301
EG.FX.IBK.WAVG,2015-05-14,7.5301
EG.FX.IBK.WAVG,2015-05-17,7.5301
EG.FX.IBK.WAVG,2015-05-18,7.5301
EG.FX.IBK.WAVG,2015-05-19,7.5301
EG.FX.IBK.WAVG,2015-05-20,7.5301
EG.FX.IBK.WAVG,2015-05-21,7.5301
EG.FX.IBK.WAVG,2015-05-24,7.5301
EG.FX.IBK.WAVG,2015-05-25,7.5301
EG.FX.IBK.WAVG,2015-05-26,7.5301
EG.FX.IBK.WAVG,2015-05-27,7.5301
EG.FX.IBK.WAVG,2015-05-28,7.5301
EG.FX.IBK.WAVG,2015-05-31,7.5301
EG.FX.IBK.WAVG,2015-06-01,7.5301
EG.FX.IBK.WAVG,2015-06-02,7.5301
EG.FX.IBK.WAVG,2015-06-03,7.5301
EG.FX.IBK.WAVG,2015-06-04,7.5301
EG.FX.IBK.WAVG,2015-06-07,7.5301
EG.FX.IBK.WAVG,2015-06-08,7.5301
EG.FX.IBK.WAVG,2015-06-09,7.5301
EG.FX.IBK.WAVG,2015-06-10,7.5301
EG.FX.IBK.WAVG,2015-06-11,7.5301
EG.FX.IBK.WAVG,2015-06-14,7.5301
EG.FX.IBK.WAVG,2015-06-15,7.5301
EG.FX.IBK.WAVG,2015-06-16,7.5301
EG.FX.IBK.WAVG,2015-06-17,7.5301
EG.FX.IBK.WAVG,2015-06-18,7.5301
EG.FX.IBK.WAVG,2015-06-21,7.5301
EG.FX.IBK.WAVG,2015-06-22,7.5301
EG.FX.IBK.WAVG,2015-06-23,7.5301
EG.FX.IBK.WAVG,2015-06-24,7.5301
EG.FX.IBK.WAVG,2015-06-25,7.5301
EG.FX.IBK.WAVG,2015-06-28,7.5301
EG.FX.IBK.WAVG,2015-06-29,7.5301
EG.FX.IBK.WAVG,2015-07-02,7.6301
EG.FX.IBK.WAVG,2015-07-05,7.7301
EG.FX.IBK.WAVG,2015-07-06,7.7301
EG.FX.IBK.WAVG,2015-07-07,7.7301
EG.FX.IBK.WAVG,2015-07-08,7.7301
EG.FX.IBK.WAVG,2015-07-09,7.7301
EG.FX.IBK.WAVG,2015-07-12,7.7301
EG.FX.IBK.WAVG,2015-07-13,7.7301
EG.FX.IBK.WAVG,2015-07-14,7.7301
EG.FX.IBK.WAVG,2015-07-15,7.7301
EG.FX.IBK.WAVG,2015-07-16,7.7301
EG.FX.IBK.WAVG,2015-07-21,7.7301
EG.FX.IBK.WAVG,2015-07-22,7.7301
EG.FX.IBK.WAVG,2015-07-26,7.7301
EG.FX.IBK.WAVG,2015-07-27,7.7301
EG.FX.IBK.WAVG,2015-07-28,7.7301
EG.FX.IBK.WAVG,2015-07-29,7.7301
EG.FX.IBK.WAVG,2015-07-30,7.7301
EG.FX.IBK.WAVG,2015-08-02,7.7301
EG.FX.IBK.WAVG,2015-08-03,7.7301
EG.FX.IBK.WAVG,2015-08-04,7.7301
EG.FX.IBK.WAVG,2015-08-05,7.7301
EG.FX.IBK.WAVG,2015-08-09,7.7301
EG.FX.IBK.WAVG,2015-08-10,7.7301
EG.FX.IBK.WAVG,2015-08-11,7.7301
EG.FX.IBK.WAVG,2015-08-12,7.7301
EG.FX.IBK.WAVG,2015-08-13,7.7301
EG.FX.IBK.WAVG,2015-08-16,7.7301
EG.FX.IBK.WAVG,2015-08-17,7.7301
EG.FX.IBK.WAVG,2015-08-18,7.7301
EG.FX.IBK.WAVG,2015-08-19,7.7301
EG.FX.IBK.WAVG,2015-08-20,7.7301
EG.FX.IBK.WAVG,2015-08-23,7.7301
EG.FX.IBK.WAVG,2015-08-24,7.7301
EG.FX.IBK.WAVG,2015-08-25,7.7301
EG.FX.IBK.WAVG,2015-08-26,7.7301
EG.FX.IBK.WAVG,2015-08-27,7.7301
EG.FX.IBK.WAVG,2015-08-30,7.7301
EG.FX.IBK.WAVG,2015-08-31,7.7301
EG.FX.IBK.WAVG,2015-09-01,7.7301
EG.FX.IBK.WAVG,2015-09-02,7.7301
EG.FX.IBK.WAVG,2015-09-03,7.7301
EG.FX.IBK.WAVG,2015-09-06,7.7301
EG.FX.IBK.WAVG,2015-09-07,7.7301
EG.FX.IBK.WAVG,2015-09-08,7.7301
EG.FX.IBK.WAVG,2015-09-09,7.7301
EG.FX.IBK.WAVG,2015-09-10,7.7301
EG.FX.IBK.WAVG,2015-09-13,7.7301
EG.FX.IBK.WAVG,2015-09-14,7.7301
EG.FX.IBK.WAVG,2015-09-15,7.7301
EG.FX.IBK.WAVG,2015-09-16,7.7301
EG.FX.IBK.WAVG,2015-09-17,7.7301
EG.FX.IBK.WAVG,2015-09-20,7.7301
EG.FX.IBK.WAVG,2015-09-21,7.7301
EG.FX.IBK.WAVG,2015-09-22,7.7301
EG.FX.IBK.WAVG,2015-09-28,7.7301
EG.FX.IBK.WAVG,2015-09-29,7.7301
EG.FX.IBK.WAVG,2015-09-30,7.7301
EG.FX.IBK.WAVG,2015-10-01,7.7301
EG.FX.IBK.WAVG,2015-10-04,7.7301
EG.FX.IBK.WAVG,2015-10-05,7.7301
EG.FX.IBK.WAVG,2015-10-07,7.7301
EG.FX.IBK.WAVG,2015-10-08,7.7301
EG.FX.IBK.WAVG,2015-10-11,7.7301
EG.FX.IBK.WAVG,2015-10-12,7.7301
EG.FX.IBK.WAVG,2015-10-13,7.7301
EG.FX.IBK.WAVG,2015-10-15,7.8301
EG.FX.IBK.WAVG,2015-10-18,7.9301
EG.FX.IBK.WAVG,2015-10-19,7.9301
EG.FX.IBK.WAVG,2015-10-20,7.9301
EG.FX.IBK.WAVG,2015-10-21,7.9301
EG.FX.IBK.WAVG,2015-10-22,7.9301
EG.FX.IBK.WAVG,2015-10-25,7.9301
EG.FX.IBK.WAVG,2015-10-26,7.9301
EG.FX.IBK.WAVG,2015-10-27,7.9301
EG.FX.IBK.WAVG,2015-10-28,7.9301
EG.FX.IBK.WAVG,2015-10-29,7.9301
EG.FX.IBK.WAVG,2015-11-01,7.9301
EG.FX.IBK.WAVG,2015-11-02,7.9301
EG.FX.IBK.WAVG,2015-11-03,7.9301
EG.FX.IBK.WAVG,2015-11-04,7.9301
EG.FX.IBK.WAVG,2015-11-05,7.9301
EG.FX.IBK.WAVG,2015-11-08,7.9301
EG.FX.IBK.WAVG,2015-11-09,7.9301
EG.FX.IBK.WAVG,2015-11-10,7.9301
EG.FX.IBK.WAVG,2015-11-11,7.7301
EG.FX.IBK.WAVG,2015-11-12,7.7301
EG.FX.IBK.WAVG,2015-11-15,7.7301
EG.FX.IBK.WAVG,2015-11-16,7.7301
EG.FX.IBK.WAVG,2015-11-17,7.7301
EG.FX.IBK.WAVG,2015-11-18,7.7301
EG.FX.IBK.WAVG,2015-11-19,7.7301
EG.FX.IBK.WAVG,2015-11-22,7.7301
EG.FX.IBK.WAVG,2015-11-23,7.7301
EG.FX.IBK.WAVG,2015-11-24,7.7301
EG.FX.IBK.WAVG,2015-11-25,7.7301
EG.FX.IBK.WAVG,2015-11-26,7.7301
EG.FX.IBK.WAVG,2015-11-29,7.7301
EG.FX.IBK.WAVG,2015-11-30,7.7301
EG.FX.IBK.WAVG,2015-12-01,7.7301
EG.FX.IBK.WAVG,2015-12-02,7.7301
EG.FX.IBK.WAVG,2015-12-03,7.7301
EG.FX.IBK.WAVG,2015-12-06,7.7301
EG.FX.IBK.WAVG,2015-12-07,7.7301
EG.FX.IBK.WAVG,2015-12-08,7.7301
EG.FX.IBK.WAVG,2015-12-09,7.7301
EG.FX.IBK.WAVG,2015-12-10,7.7301
EG.FX.IBK.WAVG,2015-12-13,7.7301
EG.FX.IBK.WAVG,2015-12-14,7.7301
EG.FX.IBK.WAVG,2015-12-15,7.7301
EG.FX.IBK.WAVG,2015-12-16,7.7301
EG.FX.IBK.WAVG,2015-12-17,7.7301
EG.FX.IBK.WAVG,2015-12-20,7.7301
EG.FX.IBK.WAVG,2015-12-21,7.7301
EG.FX.IBK.WAVG,2015-12-22,7.7301
EG.FX.IBK.WAVG,2015-12-24,7.7301
EG.FX.IBK.WAVG,2015-12-27,7.7301
EG.FX.IBK.WAVG,2015-12-28,7.7301
EG.FX.IBK.WAVG,2015-12-29,7.7301
EG.FX.IBK.WAVG,2015-12-30,7.7301
EG.FX.IBK.WAVG,2015-12-31,7.7301
EG.FX.IBK.WAVG,2016-01-03,7.7301
EG.FX.IBK.WAVG,2016-01-04,7.7301
EG.FX.IBK.WAVG,2016-01-05,7.7301
EG.FX.IBK.WAVG,2016-01-06,7.7301
EG.FX.IBK.WAVG,2016-01-10,7.7301
EG.FX.IBK.WAVG,2016-01-11,7.7301
EG.FX.IBK.WAVG,2016-01-12,7.7301
EG.FX.IBK.WAVG,2016-01-13,7.7301
EG.FX.IBK.WAVG,2016-01-14,7.7301
EG.FX.IBK.WAVG,2016-01-17,7.7301
EG.FX.IBK.WAVG,2016-01-18,7.7301
EG.FX.IBK.WAVG,2016-01-19,7.7301
EG.FX.IBK.WAVG,2016-01-20,7.7301
EG.FX.IBK.WAVG,2016-01-21,7.7301
EG.FX.IBK.WAVG,2016-01-24,7.7301
EG.FX.IBK.WAVG,2016-01-26,7.7301
EG.FX.IBK.WAVG,2016-01-27,7.7301
EG.FX.IBK.WAVG,2016-01-28,7.7301
EG.FX.IBK.WAVG,2016-01-31,7.7301
EG.FX.IBK.WAVG,2016-02-01,7.7301
EG.FX.IBK.WAVG,2016-02-02,7.7301
EG.FX.IBK.WAVG,2016-02-03,7.7301
EG.FX.IBK.WAVG,2016-02-04,7.7301
EG.FX.IBK.WAVG,2016-02-07,7.7301
EG.FX.IBK.WAVG,2016-02-08,7.7301
EG.FX.IBK.WAVG,2016-02-09,7.7301
EG.FX.IBK.WAVG,2016-02-10,7.7301
EG.FX.IBK.WAVG,2016-02-11,7.7301
EG.FX.IBK.WAVG,2016-02-14,7.7301
EG.FX.IBK.WAVG,2016-02-15,7.7301
EG.FX.IBK.WAVG,2016-02-16,7.7301
EG.FX.IBK.WAVG,2016-02-17,7.7301
EG.FX.IBK.WAVG,2016-02-18,7.7301
EG.FX.IBK.WAVG,2016-02-21,7.7301
EG.FX.IBK.WAVG,2016-02-22,7.7301
EG.FX.IBK.WAVG,2016-02-23,7.7301
EG.FX.IBK.WAVG,2016-02-24,7.7301
EG.FX.IBK.WAVG,2016-02-25,7.7301
EG.FX.IBK.WAVG,2016-02-28,7.7301
EG.FX.IBK.WAVG,2016-02-29,7.7301
EG.FX.IBK.WAVG,2016-03-01,7.7301
EG.FX.IBK.WAVG,2016-03-02,7.7301
EG.FX.IBK.WAVG,2016-03-03,7.7301
EG.FX.IBK.WAVG,2016-03-06,7.7301
EG.FX.IBK.WAVG,2016-03-07,7.7301
EG.FX.IBK.WAVG,2016-03-08,7.7301
EG.FX.IBK.WAVG,2016-03-09,7.7301
EG.FX.IBK.WAVG,2016-03-10,7.7301
EG.FX.IBK.WAVG,2016-03-13,7.7301
EG.FX.IBK.WAVG,2016-03-14,8.85
EG.FX.IBK.WAVG,2016-03-15,8.85
EG.FX.IBK.WAVG,2016-03-16,8.78
EG.FX.IBK.WAVG,2016-03-17,8.78
EG.FX.IBK.WAVG,2016-03-20,8.78
EG.FX.IBK.WAVG,2016-03-21,8.78
EG.FX.IBK.WAVG,2016-03-22,8.78
EG.FX.IBK.WAVG,2016-03-23,8.78
EG.FX.IBK.WAVG,2016-03-24,8.78
EG.FX.IBK.WAVG,2016-03-27,8.78
EG.FX.IBK.WAVG,2016-03-28,8.78
EG.FX.IBK.WAVG,2016-03-29,8.78
EG.FX.IBK.WAVG,2016-03-30,8.78
EG.FX.IBK.WAVG,2016-03-31,8.78
EG.FX.IBK.WAVG,2016-04-03,8.78
EG.FX.IBK.WAVG,2016-04-04,8.78
EG.FX.IBK.WAVG,2016-04-05,8.78
EG.FX.IBK.WAVG,2016-04-06,8.78
EG.FX.IBK.WAVG,2016-04-07,8.78
EG.FX.IBK.WAVG,2016-04-10,8.78
EG.FX.IBK.WAVG,2016-04-11,8.78
EG.FX.IBK.WAVG,2016-04-12,8.78
EG.FX.IBK.WAVG,2016-04-13,8.78
EG.FX.IBK.WAVG,2016-04-14,8.78
EG.FX.IBK.WAVG,2016-04-17,8.78
EG.FX.IBK.WAVG,2016-04-21,8.78
EG.FX.IBK.WAVG,2016-04-22,8.78
EG.FX.IBK.WAVG,2016-04-23,8.78
EG.FX.IBK.WAVG,2016-04-24,8.78
EG.FX.IBK.WAVG,2016-04-26,8.78
EG.FX.IBK.WAVG,2016-04-27,8.78
EG.FX.IBK.WAVG,2016-04-28,8.78
EG.FX.IBK.WAVG,2016-05-03,8.78
EG.FX.IBK.WAVG,2016-05-04,8.78
EG.FX.IBK.WAVG,2016-05-05,8.78
EG.FX.IBK.WAVG,2016-05-08,8.78
EG.FX.IBK.WAVG,2016-05-09,8.78
EG.FX.IBK.WAVG,2016-05-10,8.78
EG.FX.IBK.WAVG,2016-05-11,8.78
EG.FX.IBK.WAVG,2016-05-12,8.78
EG.FX.IBK.WAVG,2016-05-15,8.78
EG.FX.IBK.WAVG,2016-05-16,8.78
EG.FX.IBK.WAVG,2016-05-17,8.78
EG.FX.IBK.WAVG,2016-05-18,8.78
EG.FX.IBK.WAVG,2016-05-19,8.78
EG.FX.IBK.WAVG,2016-05-22,8.78
EG.FX.IBK.WAVG,2016-05-23,8.78
EG.FX.IBK.WAVG,2016-05-24,8.78
EG.FX.IBK.WAVG,2016-05-25,8.78
EG.FX.IBK.WAVG,2016-05-26,8.78
EG.FX.IBK.WAVG,2016-05-29,8.78
EG.FX.IBK.WAVG,2016-05-30,8.78
EG.FX.IBK.WAVG,2016-05-31,8.78
EG.FX.IBK.WAVG,2016-06-01,8.78
EG.FX.IBK.WAVG,2016-06-02,8.78
EG.FX.IBK.WAVG,2016-06-05,8.78
EG.FX.IBK.WAVG,2016-06-06,8.78
EG.FX.IBK.WAVG,2016-06-07,8.78
EG.FX.IBK.WAVG,2016-06-08,8.78
EG.FX.IBK.WAVG,2016-06-09,8.78
EG.FX.IBK.WAVG,2016-06-12,8.78
EG.FX.IBK.WAVG,2016-06-13,8.78
EG.FX.IBK.WAVG,2016-06-14,8.78
EG.FX.IBK.WAVG,2016-06-15,8.78
EG.FX.IBK.WAVG,2016-06-16,8.78
EG.FX.IBK.WAVG,2016-06-19,8.78
EG.FX.IBK.WAVG,2016-06-20,8.78
EG.FX.IBK.WAVG,2016-06-21,8.78
EG.FX.IBK.WAVG,2016-06-22,8.78
EG.FX.IBK.WAVG,2016-06-23,8.78
EG.FX.IBK.WAVG,2016-06-26,8.78
EG.FX.IBK.WAVG,2016-06-27,8.78
EG.FX.IBK.WAVG,2016-06-28,8.78
EG.FX.IBK.WAVG,2016-06-29,8.78
EG.FX.IBK.WAVG,2016-07-03,8.78
EG.FX.IBK.WAVG,2016-07-04,8.78
EG.FX.IBK.WAVG,2016-07-10,8.78
EG.FX.IBK.WAVG,2016-07-11,8.78
EG.FX.IBK.WAVG,2016-07-12,8.78
EG.FX.IBK.WAVG,2016-07-13,8.78
EG.FX.IBK.WAVG,2016-07-14,8.78
EG.FX.IBK.WAVG,2016-07-17,8.78
EG.FX.IBK.WAVG,2016-07-18,8.78
EG.FX.IBK.WAVG,2016-07-19,8.78
EG.FX.IBK.WAVG,2016-07-20,8.78
EG.FX.IBK.WAVG,2016-07-21,8.78
EG.FX.IBK.WAVG,2016-07-24,8.78
EG.FX.IBK.WAVG,2016-07-25,8.78
EG.FX.IBK.WAVG,2016-07-26,8.78
EG.FX.IBK.WAVG,2016-07-27,8.78
EG.FX.IBK.WAVG,2016-07-28,8.78
EG.FX.IBK.WAVG,2016-07-31,8.78
EG.FX.IBK.WAVG,2016-08-01,8.78
EG.FX.IBK.WAVG,2016-08-02,8.78
EG.FX.IBK.WAVG,2016-08-03,8.78
EG.FX.IBK.WAVG,2016-08-04,8.78
EG.FX.IBK.WAVG,2016-08-07,8.78
EG.FX.IBK.WAVG,2016-08-08,8.78
EG.FX.IBK.WAVG,2016-08-09,8.78
EG.FX.IBK.WAVG,2016-08-10,8.78
EG.FX.IBK.WAVG,2016-08-11,8.78
EG.FX.IBK.WAVG,2016-08-14,8.78
EG.FX.IBK.WAVG,2016-08-15,8.78
EG.FX.IBK.WAVG,2016-08-16,8.78
EG.FX.IBK.WAVG,2016-08-17,8.78
EG.FX.IBK.WAVG,2016-08-18,8.78
EG.FX.IBK.WAVG,2016-08-21,8.78
EG.FX.IBK.WAVG,2016-08-25,8.78
EG.FX.IBK.WAVG,2016-08-28,8.78
EG.FX.IBK.WAVG,2016-08-29,8.78
EG.FX.IBK.WAVG,2016-08-30,8.78
EG.FX.IBK.WAVG,2016-08-31,8.78
EG.FX.IBK.WAVG,2016-09-01,8.78
EG.FX.IBK.WAVG,2016-09-04,8.78
EG.FX.IBK.WAVG,2016-09-05,8.78
EG.FX.IBK.WAVG,2016-09-06,8.78
EG.FX.IBK.WAVG,2016-09-07,8.78
EG.FX.IBK.WAVG,2016-09-08,8.78
EG.FX.IBK.WAVG,2016-09-14,8.78
EG.FX.IBK.WAVG,2016-09-15,8.78
EG.FX.IBK.WAVG,2016-09-18,8.78
EG.FX.IBK.WAVG,2016-09-19,8.78
EG.FX.IBK.WAVG,2016-09-20,8.78
EG.FX.IBK.WAVG,2016-09-21,8.78
EG.FX.IBK.WAVG,2016-09-22,8.78
EG.FX.IBK.WAVG,2016-09-25,8.78
EG.FX.IBK.WAVG,2016-09-26,8.78
EG.FX.IBK.WAVG,2016-09-27,8.78
EG.FX.IBK.WAVG,2016-09-28,8.78
EG.FX.IBK.WAVG,2016-09-29,8.78
EG.FX.IBK.WAVG,2016-10-03,8.78
EG.FX.IBK.WAVG,2016-10-04,8.78
EG.FX.IBK.WAVG,2016-10-05,8.78
EG.FX.IBK.WAVG,2016-10-09,8.78
EG.FX.IBK.WAVG,2016-10-10,8.78
EG.FX.IBK.WAVG,2016-10-11,8.78
EG.FX.IBK.WAVG,2016-10-12,8.78
EG.FX.IBK.WAVG,2016-10-13,8.78
EG.FX.IBK.WAVG,2016-10-16,8.78
EG.FX.IBK.WAVG,2016-10-17,8.78
EG.FX.IBK.WAVG,2016-10-18,8.78
EG.FX.IBK.WAVG,2016-10-19,8.78
EG.FX.IBK.WAVG,2016-10-20,8.78
EG.FX.IBK.WAVG,2016-10-23,8.78
EG.FX.IBK.WAVG,2016-10-24,8.78
EG.FX.IBK.WAVG,2016-10-25,8.78
EG.FX.IBK.WAVG,2016-10-26,8.78
EG.FX.IBK.WAVG,2016-10-27,8.78
EG.FX.IBK.WAVG,2016-10-30,8.78
EG.FX.IBK.WAVG,2016-10-31,8.78
EG.FX.IBK.WAVG,2016-11-01,8.78
EG.FX.IBK.WAVG,2016-11-02,8.78
EG.FX.IBK.WAVG,2016-11-03,14.645
EG.FX.IBK.WAVG,2016-11-04,14.645
EG.FX.IBK.WAVG,2016-11-05,14.645
EG.FX.IBK.WAVG,2016-11-06,15.9432
EG.FX.IBK.WAVG,2016-11-07,16.8372
EG.FX.IBK.WAVG,2016-11-08,17.6299
EG.FX.IBK.WAVG,2016-11-09,17.3376
EG.FX.IBK.WAVG,2016-11-10,16.7481
EG.FX.IBK.WAVG,2016-11-13,15.9409
EG.FX.IBK.WAVG,2016-11-14,15.5458
EG.FX.IBK.WAVG,2016-11-15,15.5174
EG.FX.IBK.WAVG,2016-11-16,15.6084
EG.FX.IBK.WAVG,2016-11-17,15.8386
EG.FX.IBK.WAVG,2016-11-20,17.4007
EG.FX.IBK.WAVG,2016-11-21,17.6231
EG.FX.IBK.WAVG,2016-11-22,17.5373
EG.FX.IBK.WAVG,2016-11-23,17.5232
EG.FX.IBK.WAVG,2016-11-24,17.5854
EG.FX.IBK.WAVG,2016-11-27,17.6938
EG.FX.IBK.WAVG,2016-11-28,17.7473
EG.FX.IBK.WAVG,2016-11-29,17.9026
EG.FX.IBK.WAVG,2016-11-30,17.9474
EG.FX.IBK.WAVG,2016-12-01,17.8946
EG.FX.IBK.WAVG,2016-12-04,17.8174
EG.FX.IBK.WAVG,2016-12-05,17.8589
EG.FX.IBK.WAVG,2016-12-06,17.8684
EG.FX.IBK.WAVG,2016-12-07,17.993
EG.FX.IBK.WAVG,2016-12-08,18.119
EG.FX.IBK.WAVG,2016-12-12,18.2142
EG.FX.IBK.WAVG,2016-12-13,18.3467
EG.FX.IBK.WAVG,2016-12-14,18.664
EG.FX.IBK.WAVG,2016-12-15,18.4724
EG.FX.IBK.WAVG,2016-12-18,18.5223
EG.FX.IBK.WAVG,2016-12-19,18.9622
EG.FX.IBK.WAVG,2016-12-20,19.3568
EG.FX.IBK.WAVG,2016-12-21,19.317
EG.FX.IBK.WAVG,2016-12-22,19.0641
EG.FX.IBK.WAVG,2016-12-25,19.0232
EG.FX.IBK.WAVG,2016-12-26,19.0193
EG.FX.IBK.WAVG,2016-12-27,19.0166
EG.FX.IBK.WAVG,2016-12-28,19.0145
EG.FX.IBK.WAVG,2016-12-29,18.2665
EG.FX.IBK.WAVG,2017-01-02,18.2672
EG.FX.IBK.WAVG,2017-01-03,18.2864
EG.FX.IBK.WAVG,2017-01-04,18.2255
EG.FX.IBK.WAVG,2017-01-05,18.1651
EG.FX.IBK.WAVG,2017-01-08,18.1496
EG.FX.IBK.WAVG,2017-01-09,18.2618
EG.FX.IBK.WAVG,2017-01-10,18.4588
EG.FX.IBK.WAVG,2017-01-11,18.7283
EG.FX.IBK.WAVG,2017-01-12,18.7748
EG.FX.IBK.WAVG,2017-01-15,18.7672
EG.FX.IBK.WAVG,2017-01-16,18.7779
EG.FX.IBK.WAVG,2017-01-17,18.8316
EG.FX.IBK.WAVG,2017-01-18,18.826
EG.FX.IBK.WAVG,2017-01-19,18.8278
EG.FX.IBK.WAVG,2017-01-22,18.8164
EG.FX.IBK.WAVG,2017-01-23,18.8331
EG.FX.IBK.WAVG,2017-01-24,18.8319
EG.FX.IBK.WAVG,2017-01-26,18.824
EG.FX.IBK.WAVG,2017-01-29,18.8266
EG.FX.IBK.WAVG,2017-01-30,18.8328
EG.FX.IBK.WAVG,2017-01-31,18.8148
EG.FX.IBK.WAVG,2017-02-01,18.8298
EG.FX.IBK.WAVG,2017-02-02,18.6949
EG.FX.IBK.WAVG,2017-02-05,18.448
EG.FX.IBK.WAVG,2017-02-06,18.4123
EG.FX.IBK.WAVG,2017-02-07,18.3511
EG.FX.IBK.WAVG,2017-02-08,18.152
EG.FX.IBK.WAVG,2017-02-09,17.9465
EG.FX.IBK.WAVG,2017-02-12,17.5907
EG.FX.IBK.WAVG,2017-02-13,17.288
EG.FX.IBK.WAVG,2017-02-14,16.5634
EG.FX.IBK.WAVG,2017-02-15,16.4474
EG.FX.IBK.WAVG,2017-02-16,16.1493
EG.FX.IBK.WAVG,2017-02-19,15.8008
EG.FX.IBK.WAVG,2017-02-20,15.7827
EG.FX.IBK.WAVG,2017-02-21,15.8035
EG.FX.IBK.WAVG,2017-02-22,15.7884
EG.FX.IBK.WAVG,2017-02-23,15.8128
EG.FX.IBK.WAVG,2017-02-26,15.8123
EG.FX.IBK.WAVG,2017-02-27,15.8191
EG.FX.IBK.WAVG,2017-02-28,15.8214
EG.FX.IBK.WAVG,2017-03-01,15.9907
EG.FX.IBK.WAVG,2017-03-02,16.2665
EG.FX.IBK.WAVG,2017-03-05,16.3928
EG.FX.IBK.WAVG,2017-03-06,16.6584
EG.FX.IBK.WAVG,2017-03-07,17.3962
EG.FX.IBK.WAVG,2017-03-08,17.6947
EG.FX.IBK.WAVG,2017-03-09,17.7215
EG.FX.IBK.WAVG,2017-03-12,17.697
EG.FX.IBK.WAVG,2017-03-13,17.7372
EG.FX.IBK.WAVG,2017-03-14,17.99
EG.FX.IBK.WAVG,2017-03-15,18.1703
EG.FX.IBK.WAVG,2017-03-16,18.1434
EG.FX.IBK.WAVG,2017-03-19,18.1396
EG.FX.IBK.WAVG,2017-03-20,18.1414
EG.FX.IBK.WAVG,2017-03-21,18.1407
EG.FX.IBK.WAVG,2017-03-22,18.1422
EG.FX.IBK.WAVG,2017-03-23,18.1409
EG.FX.IBK.WAVG,2017-03-26,18.1361
EG.FX.IBK.WAVG,2017-03-27,18.1358
EG.FX.IBK.WAVG,2017-03-28,18.1373
EG.FX.IBK.WAVG,2017-03-29,18.1355
EG.FX.IBK.WAVG,2017-03-30,18.1396
EG.FX.IBK.WAVG,2017-04-02,18.1403
EG.FX.IBK.WAVG,2017-04-03,18.1186
EG.FX.IBK.WAVG,2017-04-04,18.0611
EG.FX.IBK.WAVG,2017-04-05,18.0251
EG.FX.IBK.WAVG,2017-04-06,18.0342
EG.FX.IBK.WAVG,2017-04-09,18.0386
EG.FX.IBK.WAVG,2017-04-10,18.0427
EG.FX.IBK.WAVG,2017-04-11,18.0699
EG.FX.IBK.WAVG,2017-04-12,18.0819
EG.FX.IBK.WAVG,2017-04-13,18.0895
EG.FX.IBK.WAVG,2017-04-18,18.0872
EG.FX.IBK.WAVG,2017-04-19,18.0918
EG.FX.IBK.WAVG,2017-04-20,18.1011
EG.FX.IBK.WAVG,2017-04-23,18.0896
EG.FX.IBK.WAVG,2017-04-24,18.092
EG.FX.IBK.WAVG,2017-04-26,18.0919
EG.FX.IBK.WAVG,2017-04-27,18.0738
EG.FX.IBK.WAVG,2017-04-30,18.0765
EG.FX.IBK.WAVG,2017-05-02,18.075
EG.FX.IBK.WAVG,2017-05-03,18.0793
EG.FX.IBK.WAVG,2017-05-04,18.0814
EG.FX.IBK.WAVG,2017-05-08,18.0738
EG.FX.IBK.WAVG,2017-05-09,18.0813
EG.FX.IBK.WAVG,2017-05-10,18.0761
EG.FX.IBK.WAVG,2017-05-11,18.0824
EG.FX.IBK.WAVG,2017-05-14,18.0786
EG.FX.IBK.WAVG,2017-05-15,18.0743
EG.FX.IBK.WAVG,2017-05-16,18.0801
EG.FX.IBK.WAVG,2017-05-17,18.0857
EG.FX.IBK.WAVG,2017-05-18,18.0863
EG.FX.IBK.WAVG,2017-05-21,18.0832
EG.FX.IBK.WAVG,2017-05-22,18.0651
EG.FX.IBK.WAVG,2017-05-23,18.0603
EG.FX.IBK.WAVG,2017-05-24,18.0658
EG.FX.IBK.WAVG,2017-05-25,18.0696
EG.FX.IBK.WAVG,2017-05-28,18.0714
EG.FX.IBK.WAVG,2017-05-29,18.078
EG.FX.IBK.WAVG,2017-05-30,18.0753
EG.FX.IBK.WAVG,2017-05-31,18.0868
EG.FX.IBK.WAVG,2017-06-01,18.0774
EG.FX.IBK.WAVG,2017-06-04,18.0739
EG.FX.IBK.WAVG,2017-06-05,18.083
EG.FX.IBK.WAVG,2017-06-06,18.082
EG.FX.IBK.WAVG,2017-06-07,18.0901
EG.FX.IBK.WAVG,2017-06-08,18.0884
EG.FX.IBK.WAVG,2017-06-11,18.0859
EG.FX.IBK.WAVG,2017-06-12,18.0876
EG.FX.IBK.WAVG,2017-06-13,18.0906
EG.FX.IBK.WAVG,2017-06-14,18.0908
EG.FX.IBK.WAVG,2017-06-15,18.093
EG.FX.IBK.WAVG,2017-06-18,18.0961
EG.FX.IBK.WAVG,2017-06-19,18.0987
EG.FX.IBK.WAVG,2017-06-20,18.097
EG.FX.IBK.WAVG,2017-06-21,18.0982
EG.FX.IBK.WAVG,2017-06-22,18.0923
EG.FX.IBK.WAVG,2017-06-28,18.0911
EG.FX.IBK.WAVG,2017-07-02,18.0897
EG.FX.IBK.WAVG,2017-07-03,17.9447
EG.FX.IBK.WAVG,2017-07-04,17.8914
EG.FX.IBK.WAVG,2017-07-05,17.8828
EG.FX.IBK.WAVG,2017-07-06,17.8798
EG.FX.IBK.WAVG,2017-07-09,17.8764
EG.FX.IBK.WAVG,2017-07-10,17.8823
EG.FX.IBK.WAVG,2017-07-11,17.89
EG.FX.IBK.WAVG,2017-07-12,17.9033
EG.FX.IBK.WAVG,2017-07-13,17.9288
EG.FX.IBK.WAVG,2017-07-16,17.9397
EG.FX.IBK.WAVG,2017-07-17,17.9451
EG.FX.IBK.WAVG,2017-07-18,17.9295
EG.FX.IBK.WAVG,2017-07-19,17.9291
EG.FX.IBK.WAVG,2017-07-20,17.8781
EG.FX.IBK.WAVG,2017-07-24,17.8792
EG.FX.IBK.WAVG,2017-07-25,17.8981
EG.FX.IBK.WAVG,2017-07-26,17.8963
EG.FX.IBK.WAVG,2017-07-27,17.8793
EG.FX.IBK.WAVG,2017-07-30,17.8861
EG.FX.IBK.WAVG,2017-07-31,17.8865
EG.FX.IBK.WAVG,2017-08-01,17.8897
EG.FX.IBK.WAVG,2017-08-02,17.8395
EG.FX.IBK.WAVG,2017-08-03,17.8133
EG.FX.IBK.WAVG,2017-08-06,17.7833
EG.FX.IBK.WAVG,2017-08-07,17.7821
EG.FX.IBK.WAVG,2017-08-08,17.78
EG.FX.IBK.WAVG,2017-08-09,17.7849
EG.FX.IBK.WAVG,2017-08-10,17.7816
EG.FX.IBK.WAVG,2017-08-13,17.7762
EG.FX.IBK.WAVG,2017-08-14,17.7602
EG.FX.IBK.WAVG,2017-08-15,17.7643
EG.FX.IBK.WAVG,2017-08-16,17.7642
EG.FX.IBK.WAVG,2017-08-17,17.7605
EG.FX.IBK.WAVG,2017-08-20,17.7543
EG.FX.IBK.WAVG,2017-08-21,17.7494
EG.FX.IBK.WAVG,2017-08-22,17.7466
EG.FX.IBK.WAVG,2017-08-23,17.728
EG.FX.IBK.WAVG,2017-08-24,17.7225
EG.FX.IBK.WAVG,2017-08-27,17.7078
EG.FX.IBK.WAVG,2017-08-28,17.6739
EG.FX.IBK.WAVG,2017-08-29,17.6732
EG.FX.IBK.WAVG,2017-08-30,17.655
EG.FX.IBK.WAVG,2017-09-05,17.6512
EG.FX.IBK.WAVG,2017-09-06,17.6541
EG.FX.IBK.WAVG,2017-09-07,17.654
EG.FX.IBK.WAVG,2017-09-10,17.657
EG.FX.IBK.WAVG,2017-09-11,17.6632
EG.FX.IBK.WAVG,2017-09-12,17.6622
EG.FX.IBK.WAVG,2017-09-13,17.6585
EG.FX.IBK.WAVG,2017-09-14,17.6603
EG.FX.IBK.WAVG,2017-09-17,17.661
EG.FX.IBK.WAVG,2017-09-18,17.6592
EG.FX.IBK.WAVG,2017-09-19,17.6611
EG.FX.IBK.WAVG,2017-09-20,17.6587
EG.FX.IBK.WAVG,2017-09-24,17.6581
EG.FX.IBK.WAVG,2017-09-25,17.6596
EG.FX.IBK.WAVG,2017-09-26,17.6591
EG.FX.IBK.WAVG,2017-09-27,17.6565
EG.FX.IBK.WAVG,2017-09-28,17.6486
EG.FX.IBK.WAVG,2017-10-01,17.6387
EG.FX.IBK.WAVG,2017-10-02,17.6428
EG.FX.IBK.WAVG,2017-10-03,17.6477
EG.FX.IBK.WAVG,2017-10-04,17.6455
EG.FX.IBK.WAVG,2017-10-08,17.6347
EG.FX.IBK.WAVG,2017-10-09,17.6316
EG.FX.IBK.WAVG,2017-10-10,17.6313
EG.FX.IBK.WAVG,2017-10-11,17.6339
EG.FX.IBK.WAVG,2017-10-12,17.6339
EG.FX.IBK.WAVG,2017-10-15,17.6344
EG.FX.IBK.WAVG,2017-10-16,17.6446
EG.FX.IBK.WAVG,2017-10-17,17.6457
EG.FX.IBK.WAVG,2017-10-18,17.6443
EG.FX.IBK.WAVG,2017-10-19,17.6452
EG.FX.IBK.WAVG,2017-10-22,17.6453
EG.FX.IBK.WAVG,2017-10-23,17.644
EG.FX.IBK.WAVG,2017-10-24,17.6458
EG.FX.IBK.WAVG,2017-10-25,17.6473
EG.FX.IBK.WAVG,2017-10-26,17.6477
EG.FX.IBK.WAVG,2017-10-29,17.651
EG.FX.IBK.WAVG,2017-10-30,17.6496
EG.FX.IBK.WAVG,2017-10-31,17.6487
EG.FX.IBK.WAVG,2017-11-01,17.6433
EG.FX.IBK.WAVG,2017-11-02,17.6401
EG.FX.IBK.WAVG,2017-11-05,17.6464
EG.FX.IBK.WAVG,2017-11-06,17.6459
EG.FX.IBK.WAVG,2017-11-07,17.6463
EG.FX.IBK.WAVG,2017-11-08,17.6454
EG.FX.IBK.WAVG,2017-11-09,17.6474
EG.FX.IBK.WAVG,2017-11-12,17.6448
EG.FX.IBK.WAVG,2017-11-13,17.6357
EG.FX.IBK.WAVG,2017-11-14,17.6384
EG.FX.IBK.WAVG,2017-11-15,17.6405
EG.FX.IBK.WAVG,2017-11-16,17.6447
EG.FX.IBK.WAVG,2017-11-19,17.6443
EG.FX.IBK.WAVG,2017-11-20,17.6523
EG.FX.IBK.WAVG,2017-11-21,17.6564
EG.FX.IBK.WAVG,2017-11-22,17.6877
EG.FX.IBK.WAVG,2017-11-23,17.6959
EG.FX.IBK.WAVG,2017-11-26,17.6971
EG.FX.IBK.WAVG,2017-11-27,17.7179
EG.FX.IBK.WAVG,2017-11-28,17.7422
EG.FX.IBK.WAVG,2017-11-29,17.7235
EG.FX.IBK.WAVG,2017-12-03,17.6997
EG.FX.IBK.WAVG,2017-12-04,17.715
EG.FX.IBK.WAVG,2017-12-05,17.7438
EG.FX.IBK.WAVG,2017-12-06,17.7677
EG.FX.IBK.WAVG,2017-12-07,17.8059
EG.FX.IBK.WAVG,2017-12-10,17.8146
EG.FX.IBK.WAVG,2017-12-11,17.8114
EG.FX.IBK.WAVG,2017-12-12,17.8162
EG.FX.IBK.WAVG,2017-12-13,17.8218
EG.FX.IBK.WAVG,2017-12-14,17.8229
EG.FX.IBK.WAVG,2017-12-17,17.8202
EG.FX.IBK.WAVG,2017-12-18,17.8255
EG.FX.IBK.WAVG,2017-12-19,17.8266
EG.FX.IBK.WAVG,2017-12-20,17.826
EG.FX.IBK.WAVG,2017-12-21,17.8344
EG.FX.IBK.WAVG,2017-12-24,17.8302
EG.FX.IBK.WAVG,2017-12-25,17.8332
EG.FX.IBK.WAVG,2017-12-26,17.8203
EG.FX.IBK.WAVG,2017-12-27,17.818
EG.FX.IBK.WAVG,2017-12-28,17.7844
EG.FX.IBK.WAVG,2017-12-31,17.7277
EG.FX.IBK.WAVG,2018-01-02,17.7277
EG.FX.IBK.WAVG,2018-01-03,17.7127
EG.FX.IBK.WAVG,2018-01-04,17.7036
EG.FX.IBK.WAVG,2018-01-08,17.6918
EG.FX.IBK.WAVG,2018-01-09,17.6834
EG.FX.IBK.WAVG,2018-01-10,17.7009
EG.FX.IBK.WAVG,2018-01-11,17.7057
EG.FX.IBK.WAVG,2018-01-14,17.7086
EG.FX.IBK.WAVG,2018-01-15,17.7174
EG.FX.IBK.WAVG,2018-01-16,17.716
EG.FX.IBK.WAVG,2018-01-17,17.7014
EG.FX.IBK.WAVG,2018-01-18,17.7015
EG.FX.IBK.WAVG,2018-01-21,17.6998
EG.FX.IBK.WAVG,2018-01-22,17.7059
EG.FX.IBK.WAVG,2018-01-23,17.7106
EG.FX.IBK.WAVG,2018-01-24,17.706
EG.FX.IBK.WAVG,2018-01-28,17.6879
EG.FX.IBK.WAVG,2018-01-29,17.6676
EG.FX.IBK.WAVG,2018-01-30,17.6666
EG.FX.IBK.WAVG,2018-01-31,17.6717
EG.FX.IBK.WAVG,2018-02-01,17.6639
EG.FX.IBK.WAVG,2018-02-04,17.6611
EG.FX.IBK.WAVG,2018-02-05,17.6706
EG.FX.IBK.WAVG,2018-02-06,17.6527
EG.FX.IBK.WAVG,2018-02-07,17.6585
EG.FX.IBK.WAVG,2018-02-08,17.6642
EG.FX.IBK.WAVG,2018-02-11,17.6744
EG.FX.IBK.WAVG,2018-02-12,17.6869
EG.FX.IBK.WAVG,2018-02-13,17.6987
EG.FX.IBK.WAVG,2018-02-14,17.6996
EG.FX.IBK.WAVG,2018-02-15,17.6939
EG.FX.IBK.WAVG,2018-02-18,17.676
EG.FX.IBK.WAVG,2018-02-19,17.6837
EG.FX.IBK.WAVG,2018-02-20,17.6861
EG.FX.IBK.WAVG,2018-02-21,17.6932
EG.FX.IBK.WAVG,2018-02-22,17.6849
EG.FX.IBK.WAVG,2018-02-25,17.6849
EG.FX.IBK.WAVG,2018-02-26,17.6592
EG.FX.IBK.WAVG,2018-02-27,17.6335
EG.FX.IBK.WAVG,2018-02-28,17.638
EG.FX.IBK.WAVG,2018-03-01,17.6302
EG.FX.IBK.WAVG,2018-03-04,17.6273
EG.FX.IBK.WAVG,2018-03-05,17.6104
EG.FX.IBK.WAVG,2018-03-06,17.6177
EG.FX.IBK.WAVG,2018-03-07,17.618
EG.FX.IBK.WAVG,2018-03-08,17.6162
EG.FX.IBK.WAVG,2018-03-11,17.6143
EG.FX.IBK.WAVG,2018-03-12,17.619
EG.FX.IBK.WAVG,2018-03-14,17.6226
EG.FX.IBK.WAVG,2018-03-15,17.6181
EG.FX.IBK.WAVG,2018-03-17,17.625
EG.FX.IBK.WAVG,2018-03-18,17.6226
EG.FX.IBK.WAVG,2018-03-19,17.6334
EG.FX.IBK.WAVG,2018-03-20,17.6333
EG.FX.IBK.WAVG,2018-03-21,17.6333
EG.FX.IBK.WAVG,2018-03-22,17.6352
EG.FX.IBK.WAVG,2018-03-25,17.6377
EG.FX.IBK.WAVG,2018-03-28,17.6427
EG.FX.IBK.WAVG,2018-03-29,17.6441
EG.FX.IBK.WAVG,2018-04-01,17.6391
EG.FX.IBK.WAVG,2018-04-02,17.6485
EG.FX.IBK.WAVG,2018-04-03,17.6541
EG.FX.IBK.WAVG,2018-04-04,17.6683
EG.FX.IBK.WAVG,2018-04-05,17.676
EG.FX.IBK.WAVG,2018-04-10,17.6752
EG.FX.IBK.WAVG,2018-04-11,17.6762
EG.FX.IBK.WAVG,2018-04-12,17.6817
EG.FX.IBK.WAVG,2018-04-15,17.6819
EG.FX.IBK.WAVG,2018-04-16,17.689
EG.FX.IBK.WAVG,2018-04-17,17.6944
EG.FX.IBK.WAVG,2018-04-18,17.6982
EG.FX.IBK.WAVG,2018-04-22,17.6998
EG.FX.IBK.WAVG,2018-04-23,17.6948
EG.FX.IBK.WAVG,2018-04-24,17.7009
EG.FX.IBK.WAVG,2018-04-26,17.7
EG.FX.IBK.WAVG,2018-04-29,17.6977
EG.FX.IBK.WAVG,2018-04-30,17.6727
EG.FX.IBK.WAVG,2018-05-01,17.6566
EG.FX.IBK.WAVG,2018-05-02,17.6565
EG.FX.IBK.WAVG,2018-05-03,17.6618
EG.FX.IBK.WAVG,2018-05-06,17.6761
EG.FX.IBK.WAVG,2018-05-07,17.6952
EG.FX.IBK.WAVG,2018-05-08,17.7298
EG.FX.IBK.WAVG,2018-05-09,17.7554
EG.FX.IBK.WAVG,2018-05-10,17.783
EG.FX.IBK.WAVG,2018-05-11,17.783
EG.FX.IBK.WAVG,2018-05-12,17.783
EG.FX.IBK.WAVG,2018-05-13,17.801
EG.FX.IBK.WAVG,2018-05-14,17.8205
EG.FX.IBK.WAVG,2018-05-15,17.8349
EG.FX.IBK.WAVG,2018-05-16,17.9183
EG.FX.IBK.WAVG,2018-05-17,17.8982
EG.FX.IBK.WAVG,2018-05-18,17.8982
EG.FX.IBK.WAVG,2018-05-19,17.8982
EG.FX.IBK.WAVG,2018-05-20,17.9034
EG.FX.IBK.WAVG,2018-05-21,17.9064
EG.FX.IBK.WAVG,2018-05-22,17.9097
EG.FX.IBK.WAVG,2018-05-23,17.9108
EG.FX.IBK.WAVG,2018-05-24,17.9114
EG.FX.IBK.WAVG,2018-05-25,17.9114
EG.FX.IBK.WAVG,2018-05-26,17.9124
EG.FX.IBK.WAVG,2018-05-27,17.9124
EG.FX.IBK.WAVG,2018-05-28,17.9174
EG.FX.IBK.WAVG,2018-05-29,17.9174
EG.FX.IBK.WAVG,2018-05-30,17.9154
EG.FX.IBK.WAVG,2018-05-31,17.9044
EG.FX.IBK.WAVG,2018-06-01,17.9044
EG.FX.IBK.WAVG,2018-06-02,17.9044
EG.FX.IBK.WAVG,2018-06-03,17.8974
EG.FX.IBK.WAVG,2018-06-04,17.8934
EG.FX.IBK.WAVG,2018-06-05,17.8959
EG.FX.IBK.WAVG,2018-06-06,17.8864
EG.FX.IBK.WAVG,2018-06-07,17.8703
EG.FX.IBK.WAVG,2018-06-08,17.8703
EG.FX.IBK.WAVG,2018-06-09,17.8568
EG.FX.IBK.WAVG,2018-06-10,17.8568
EG.FX.IBK.WAVG,2018-06-11,17.85
EG.FX.IBK.WAVG,2018-06-12,17.85
EG.FX.IBK.WAVG,2018-06-13,17.8514
EG.FX.IBK.WAVG,2018-06-14,17.8606
EG.FX.IBK.WAVG,2018-06-19,17.8525
EG.FX.IBK.WAVG,2018-06-20,17.8701
EG.FX.IBK.WAVG,2018-06-21,17.88
EG.FX.IBK.WAVG,2018-06-22,17.88
EG.FX.IBK.WAVG,2018-06-23,17.8824
EG.FX.IBK.WAVG,2018-06-24,17.8824
EG.FX.IBK.WAVG,2018-06-25,17.8836
EG.FX.IBK.WAVG,2018-06-26,17.8801
EG.FX.IBK.WAVG,2018-06-27,17.8865
EG.FX.IBK.WAVG,2018-06-28,17.8878
EG.FX.IBK.WAVG,2018-06-29,17.8878
EG.FX.IBK.WAVG,2018-06-30,17.8936
EG.FX.IBK.WAVG,2018-07-02,17.8936
EG.FX.IBK.WAVG,2018-07-03,17.8921
EG.FX.IBK.WAVG,2018-07-04,17.8787
EG.FX.IBK.WAVG,2018-07-05,17.8843
EG.FX.IBK.WAVG,2018-07-06,17.8843
EG.FX.IBK.WAVG,2018-07-07,17.8872
EG.FX.IBK.WAVG,2018-07-08,17.8872
EG.FX.IBK.WAVG,2018-07-09,17.8872
EG.FX.IBK.WAVG,2018-07-10,17.889
EG.FX.IBK.WAVG,2018-07-11,17.888
EG.FX.IBK.WAVG,2018-07-12,17.8905
EG.FX.IBK.WAVG,2018-07-15,17.89
EG.FX.IBK.WAVG,2018-07-16,17.8907
EG.FX.IBK.WAVG,2018-07-17,17.8916
EG.FX.IBK.WAVG,2018-07-18,17.8916
EG.FX.IBK.WAVG,2018-07-19,17.8933
EG.FX.IBK.WAVG,2018-07-20,17.8933
EG.FX.IBK.WAVG,2018-07-21,17.8928
EG.FX.IBK.WAVG,2018-07-22,17.8928
EG.FX.IBK.WAVG,2018-07-24,17.8937
EG.FX.IBK.WAVG,2018-07-25,17.8936
EG.FX.IBK.WAVG,2018-07-26,17.8918
EG.FX.IBK.WAVG,2018-07-27,17.8918
EG.FX.IBK.WAVG,2018-07-28,17.8948
EG.FX.IBK.WAVG,2018-07-29,17.8948
EG.FX.IBK.WAVG,2018-07-30,17.8948
EG.FX.IBK.WAVG,2018-07-31,17.8675
EG.FX.IBK.WAVG,2018-08-01,17.87
EG.FX.IBK.WAVG,2018-08-02,17.87
EG.FX.IBK.WAVG,2018-08-03,17.87
EG.FX.IBK.WAVG,2018-08-04,17.87
EG.FX.IBK.WAVG,2018-08-05,17.87
EG.FX.IBK.WAVG,2018-08-07,17.8748
EG.FX.IBK.WAVG,2018-08-08,17.8749
EG.FX.IBK.WAVG,2018-08-09,17.8692
EG.FX.IBK.WAVG,2018-08-12,17.8688
EG.FX.IBK.WAVG,2018-08-13,17.8772
EG.FX.IBK.WAVG,2018-08-14,17.8829
EG.FX.IBK.WAVG,2018-08-15,17.8951
EG.FX.IBK.WAVG,2018-08-16,17.9
EG.FX.IBK.WAVG,2018-08-19,17.9
EG.FX.IBK.WAVG,2018-08-26,17.8915
EG.FX.IBK.WAVG,2018-08-27,17.8904
EG.FX.IBK.WAVG,2018-08-28,17.8964
EG.FX.IBK.WAVG,2018-08-29,17.9036
EG.FX.IBK.WAVG,2018-08-30,17.9036
EG.FX.IBK.WAVG,2018-09-02,17.9034
EG.FX.IBK.WAVG,2018-09-03,17.9035
EG.FX.IBK.WAVG,2018-09-04,17.9042
EG.FX.IBK.WAVG,2018-09-05,17.9097
EG.FX.IBK.WAVG,2018-09-06,17.9086
EG.FX.IBK.WAVG,2018-09-09,17.913
EG.FX.IBK.WAVG,2018-09-10,17.9094
EG.FX.IBK.WAVG,2018-09-12,17.9108
EG.FX.IBK.WAVG,2018-09-13,17.9123
EG.FX.IBK.WAVG,2018-09-16,17.9103
EG.FX.IBK.WAVG,2018-09-17,17.9148
EG.FX.IBK.WAVG,2018-09-18,17.9134
EG.FX.IBK.WAVG,2018-09-19,17.9078
EG.FX.IBK.WAVG,2018-09-20,17.9125
EG.FX.IBK.WAVG,2018-09-23,17.9121
EG.FX.IBK.WAVG,2018-09-24,17.9198
EG.FX.IBK.WAVG,2018-09-25,17.9098
EG.FX.IBK.WAVG,2018-09-26,17.9119
EG.FX.IBK.WAVG,2018-09-27,17.9144
EG.FX.IBK.WAVG,2018-09-30,17.9154
EG.FX.IBK.WAVG,2018-10-01,17.9145
EG.FX.IBK.WAVG,2018-10-02,17.9145
EG.FX.IBK.WAVG,2018-10-03,17.9127
EG.FX.IBK.WAVG,2018-10-04,17.9138
EG.FX.IBK.WAVG,2018-10-08,17.9124
EG.FX.IBK.WAVG,2018-10-09,17.9088
EG.FX.IBK.WAVG,2018-10-10,17.9114
EG.FX.IBK.WAVG,2018-10-11,17.9114
EG.FX.IBK.WAVG,2018-10-14,17.9108
EG.FX.IBK.WAVG,2018-10-15,17.9118
EG.FX.IBK.WAVG,2018-10-16,17.9118
EG.FX.IBK.WAVG,2018-10-17,17.9157
EG.FX.IBK.WAVG,2018-10-18,17.9098
EG.FX.IBK.WAVG,2018-10-21,17.9104
EG.FX.IBK.WAVG,2018-10-22,17.9105
EG.FX.IBK.WAVG,2018-10-23,17.9163
EG.FX.IBK.WAVG,2018-10-24,17.9174
EG.FX.IBK.WAVG,2018-10-25,17.9176
EG.FX.IBK.WAVG,2018-10-28,17.9151
EG.FX.IBK.WAVG,2018-10-29,17.9124
EG.FX.IBK.WAVG,2018-10-30,17.9172
EG.FX.IBK.WAVG,2018-10-31,17.9091
EG.FX.IBK.WAVG,2018-11-01,17.9095
EG.FX.IBK.WAVG,2018-11-04,17.908
EG.FX.IBK.WAVG,2018-11-05,17.9111
EG.FX.IBK.WAVG,2018-11-06,17.9146
EG.FX.IBK.WAVG,2018-11-07,17.9123
EG.FX.IBK.WAVG,2018-11-08,17.9133
EG.FX.IBK.WAVG,2018-11-11,17.9123
EG.FX.IBK.WAVG,2018-11-12,17.9123
EG.FX.IBK.WAVG,2018-11-13,17.9151
EG.FX.IBK.WAVG,2018-11-14,17.9145
EG.FX.IBK.WAVG,2018-11-15,17.9189
EG.FX.IBK.WAVG,2018-11-18,17.9159
EG.FX.IBK.WAVG,2018-11-19,17.9114
EG.FX.IBK.WAVG,2018-11-21,17.9151
EG.FX.IBK.WAVG,2018-11-22,17.9158
EG.FX.IBK.WAVG,2018-11-25,17.9151
EG.FX.IBK.WAVG,2018-11-26,17.9162
EG.FX.IBK.WAVG,2018-11-27,17.9185
EG.FX.IBK.WAVG,2018-11-28,17.9164
EG.FX.IBK.WAVG,2018-11-29,17.9187
EG.FX.IBK.WAVG,2018-12-02,17.9119
EG.FX.IBK.WAVG,2018-12-03,17.9125
EG.FX.IBK.WAVG,2018-12-04,17.9126
EG.FX.IBK.WAVG,2018-12-05,17.916
EG.FX.IBK.WAVG,2018-12-06,17.914
EG.FX.IBK.WAVG,2018-12-09,17.9155
EG.FX.IBK.WAVG,2018-12-10,17.9123
EG.FX.IBK.WAVG,2018-12-11,17.9143
EG.FX.IBK.WAVG,2018-12-12,17.9115
EG.FX.IBK.WAVG,2018-12-13,17.9146
EG.FX.IBK.WAVG,2018-12-16,17.9125
EG.FX.IBK.WAVG,2018-12-17,17.9147
EG.FX.IBK.WAVG,2018-12-18,17.9159
EG.FX.IBK.WAVG,2018-12-19,17.9159
EG.FX.IBK.WAVG,2018-12-20,17.9124
EG.FX.IBK.WAVG,2018-12-23,17.9142
EG.FX.IBK.WAVG,2018-12-24,17.9171
EG.FX.IBK.WAVG,2018-12-25,17.9151
EG.FX.IBK.WAVG,2018-12-26,17.9157
EG.FX.IBK.WAVG,2018-12-27,17.9143
EG.FX.IBK.WAVG,2018-12-30,17.9143
EG.FX.IBK.WAVG,2018-12-31,17.9166
EG.FX.IBK.WAVG,2019-01-02,17.9136
EG.FX.IBK.WAVG,2019-01-03,17.9141
EG.FX.IBK.WAVG,2019-01-06,17.9134
EG.FX.IBK.WAVG,2019-01-08,17.918
EG.FX.IBK.WAVG,2019-01-09,17.9172
EG.FX.IBK.WAVG,2019-01-10,17.9179
EG.FX.IBK.WAVG,2019-01-13,17.9168
EG.FX.IBK.WAVG,2019-01-14,17.9173
EG.FX.IBK.WAVG,2019-01-15,17.918
EG.FX.IBK.WAVG,2019-01-16,17.9157
EG.FX.IBK.WAVG,2019-01-17,17.9186
EG.FX.IBK.WAVG,2019-01-20,17.9183
EG.FX.IBK.WAVG,2019-01-21,17.9176
EG.FX.IBK.WAVG,2019-01-22,17.9178
EG.FX.IBK.WAVG,2019-01-23,17.9148
EG.FX.IBK.WAVG,2019-01-27,17.7
EG.FX.IBK.WAVG,2019-01-28,17.6286
EG.FX.IBK.WAVG,2019-01-29,17.6318
EG.FX.IBK.WAVG,2019-01-30,17.6374
EG.FX.IBK.WAVG,2019-01-31,17.6599
EG.FX.IBK.WAVG,2019-02-03,17.6657
EG.FX.IBK.WAVG,2019-02-04,17.6707
EG.FX.IBK.WAVG,2019-02-05,17.628
EG.FX.IBK.WAVG,2019-02-06,17.606
EG.FX.IBK.WAVG,2019-02-07,17.611
EG.FX.IBK.WAVG,2019-02-10,17.6112
EG.FX.IBK.WAVG,2019-02-11,17.6099
EG.FX.IBK.WAVG,2019-02-12,17.6125
EG.FX.IBK.WAVG,2019-02-13,17.6083
EG.FX.IBK.WAVG,2019-02-14,17.5522
EG.FX.IBK.WAVG,2019-02-17,17.5524
EG.FX.IBK.WAVG,2019-02-18,17.5617
EG.FX.IBK.WAVG,2019-02-19,17.565
EG.FX.IBK.WAVG,2019-02-20,17.569
EG.FX.IBK.WAVG,2019-02-21,17.5393
EG.FX.IBK.WAVG,2019-02-24,17.5371
EG.FX.IBK.WAVG,2019-02-25,17.5269
EG.FX.IBK.WAVG,2019-02-26,17.5285
EG.FX.IBK.WAVG,2019-02-27,17.5286
EG.FX.IBK.WAVG,2019-02-28,17.5311
EG.FX.IBK.WAVG,2019-03-03,17.5271
EG.FX.IBK.WAVG,2019-03-04,17.5167
EG.FX.IBK.WAVG,2019-03-05,17.488
EG.FX.IBK.WAVG,2019-03-06,17.4845
EG.FX.IBK.WAVG,2019-03-07,17.448
EG.FX.IBK.WAVG,2019-03-10,17.4411
EG.FX.IBK.WAVG,2019-03-11,17.4343
EG.FX.IBK.WAVG,2019-03-12,17.4334
EG.FX.IBK.WAVG,2019-03-13,17.4155
EG.FX.IBK.WAVG,2019-03-14,17.3939
EG.FX.IBK.WAVG,2019-03-17,17.3848
EG.FX.IBK.WAVG,2019-03-18,17.3316
EG.FX.IBK.WAVG,2019-03-19,17.2922
EG.FX.IBK.WAVG,2019-03-20,17.295
EG.FX.IBK.WAVG,2019-03-21,17.2873
EG.FX.IBK.WAVG,2019-03-24,17.2847
EG.FX.IBK.WAVG,2019-03-25,17.2912
EG.FX.IBK.WAVG,2019-03-26,17.3022
EG.FX.IBK.WAVG,2019-03-27,17.3239
EG.FX.IBK.WAVG,2019-03-28,17.323
EG.FX.IBK.WAVG,2019-03-31,17.3196
EG.FX.IBK.WAVG,2019-04-01,17.3245
EG.FX.IBK.WAVG,2019-04-02,17.3234
EG.FX.IBK.WAVG,2019-04-03,17.3252
EG.FX.IBK.WAVG,2019-04-04,17.3249
EG.FX.IBK.WAVG,2019-04-07,17.3235
EG.FX.IBK.WAVG,2019-04-08,17.3262
EG.FX.IBK.WAVG,2019-04-09,17.3221
EG.FX.IBK.WAVG,2019-04-10,17.3287
EG.FX.IBK.WAVG,2019-04-11,17.3272
EG.FX.IBK.WAVG,2019-04-14,17.305
EG.FX.IBK.WAVG,2019-04-15,17.3167
EG.FX.IBK.WAVG,2019-04-16,17.3196
EG.FX.IBK.WAVG,2019-04-17,17.2638
EG.FX.IBK.WAVG,2019-04-18,17.1893
EG.FX.IBK.WAVG,2019-04-21,17.1664
EG.FX.IBK.WAVG,2019-04-22,17.1676
EG.FX.IBK.WAVG,2019-04-23,17.1691
EG.FX.IBK.WAVG,2019-04-30,17.1736
EG.FX.IBK.WAVG,2019-05-02,17.1739
EG.FX.IBK.WAVG,2019-05-05,17.1662
EG.FX.IBK.WAVG,2019-05-06,17.1571
EG.FX.IBK.WAVG,2019-05-07,17.1558
EG.FX.IBK.WAVG,2019-05-08,17.1582
EG.FX.IBK.WAVG,2019-05-09,17.1288
EG.FX.IBK.WAVG,2019-05-12,17.1252
EG.FX.IBK.WAVG,2019-05-13,17.0781
EG.FX.IBK.WAVG,2019-05-14,17.0752
EG.FX.IBK.WAVG,2019-05-15,17.0789
EG.FX.IBK.WAVG,2019-05-16,17.0424
EG.FX.IBK.WAVG,2019-05-19,17.0409
EG.FX.IBK.WAVG,2019-05-20,17.0245
EG.FX.IBK.WAVG,2019-05-21,17.0237
EG.FX.IBK.WAVG,2019-05-22,16.9955
EG.FX.IBK.WAVG,2019-05-23,16.8725
EG.FX.IBK.WAVG,2019-05-26,16.8551
EG.FX.IBK.WAVG,2019-05-27,16.8268
EG.FX.IBK.WAVG,2019-05-28,16.8227
EG.FX.IBK.WAVG,2019-05-29,16.824
EG.FX.IBK.WAVG,2019-05-30,16.8058
EG.FX.IBK.WAVG,2019-06-02,16.7704
EG.FX.IBK.WAVG,2019-06-03,16.7601
EG.FX.IBK.WAVG,2019-06-09,16.7602
EG.FX.IBK.WAVG,2019-06-10,16.7395
EG.FX.IBK.WAVG,2019-06-11,16.737
EG.FX.IBK.WAVG,2019-06-12,16.7395
EG.FX.IBK.WAVG,2019-06-13,16.7512
EG.FX.IBK.WAVG,2019-06-16,16.7474
EG.FX.IBK.WAVG,2019-06-17,16.7523
EG.FX.IBK.WAVG,2019-06-18,16.7663
EG.FX.IBK.WAVG,2019-06-19,16.7414
EG.FX.IBK.WAVG,2019-06-20,16.6902
EG.FX.IBK.WAVG,2019-06-23,16.6896
EG.FX.IBK.WAVG,2019-06-24,16.701
EG.FX.IBK.WAVG,2019-06-25,16.7038
EG.FX.IBK.WAVG,2019-06-26,16.7055
EG.FX.IBK.WAVG,2019-06-27,16.7057
EG.FX.IBK.WAVG,2019-07-02,16.6296
EG.FX.IBK.WAVG,2019-07-03,16.6138
EG.FX.IBK.WAVG,2019-07-04,16.6117
EG.FX.IBK.WAVG,2019-07-07,16.61
EG.FX.IBK.WAVG,2019-07-08,16.6058
EG.FX.IBK.WAVG,2019-07-09,16.6095
EG.FX.IBK.WAVG,2019-07-10,16.6152
EG.FX.IBK.WAVG,2019-07-11,16.6165
EG.FX.IBK.WAVG,2019-07-14,16.6049
EG.FX.IBK.WAVG,2019-07-15,16.6065
EG.FX.IBK.WAVG,2019-07-16,16.6078
EG.FX.IBK.WAVG,2019-07-17,16.614
EG.FX.IBK.WAVG,2019-07-18,16.6183
EG.FX.IBK.WAVG,2019-07-21,16.6166
EG.FX.IBK.WAVG,2019-07-22,16.6217
EG.FX.IBK.WAVG,2019-07-24,16.6019
EG.FX.IBK.WAVG,2019-07-25,16.5893
EG.FX.IBK.WAVG,2019-07-28,16.5878
EG.FX.IBK.WAVG,2019-07-29,16.5834
EG.FX.IBK.WAVG,2019-07-30,16.5628
EG.FX.IBK.WAVG,2019-07-31,16.5604
EG.FX.IBK.WAVG,2019-08-01,16.5568
EG.FX.IBK.WAVG,2019-08-04,16.5373
EG.FX.IBK.WAVG,2019-08-05,16.5462
EG.FX.IBK.WAVG,2019-08-06,16.5569
EG.FX.IBK.WAVG,2019-08-07,16.5536
EG.FX.IBK.WAVG,2019-08-08,16.5645
EG.FX.IBK.WAVG,2019-08-14,16.585
EG.FX.IBK.WAVG,2019-08-15,16.5936
EG.FX.IBK.WAVG,2019-08-18,16.5969
EG.FX.IBK.WAVG,2019-08-19,16.5945
EG.FX.IBK.WAVG,2019-08-20,16.5986
EG.FX.IBK.WAVG,2019-08-21,16.5978
EG.FX.IBK.WAVG,2019-08-22,16.5985
EG.FX.IBK.WAVG,2019-08-25,16.5705
EG.FX.IBK.WAVG,2019-08-26,16.5446
EG.FX.IBK.WAVG,2019-08-27,16.5576
EG.FX.IBK.WAVG,2019-08-28,16.556
EG.FX.IBK.WAVG,2019-08-29,16.5586
EG.FX.IBK.WAVG,2019-09-01,16.5613
EG.FX.IBK.WAVG,2019-09-02,16.5642
EG.FX.IBK.WAVG,2019-09-03,16.563
EG.FX.IBK.WAVG,2019-09-04,16.5327
EG.FX.IBK.WAVG,2019-09-05,16.4864
EG.FX.IBK.WAVG,2019-09-08,16.4702
EG.FX.IBK.WAVG,2019-09-09,16.473
EG.FX.IBK.WAVG,2019-09-10,16.4498
EG.FX.IBK.WAVG,2019-09-11,16.4421
EG.FX.IBK.WAVG,2019-09-12,16.4182
EG.FX.IBK.WAVG,2019-09-15,16.3815
EG.FX.IBK.WAVG,2019-09-16,16.3607
EG.FX.IBK.WAVG,2019-09-17,16.3429
EG.FX.IBK.WAVG,2019-09-18,16.3255
EG.FX.IBK.WAVG,2019-09-19,16.2903
EG.FX.IBK.WAVG,2019-09-22,16.2875
EG.FX.IBK.WAVG,2019-09-23,16.3042
EG.FX.IBK.WAVG,2019-09-24,16.3081
EG.FX.IBK.WAVG,2019-09-25,16.3195
EG.FX.IBK.WAVG,2019-09-26,16.3219
EG.FX.IBK.WAVG,2019-09-29,16.2592
EG.FX.IBK.WAVG,2019-09-30,16.2721
EG.FX.IBK.WAVG,2019-10-01,16.271
EG.FX.IBK.WAVG,2019-10-02,16.296
EG.FX.IBK.WAVG,2019-10-03,16.3019
EG.FX.IBK.WAVG,2019-10-07,16.3047
EG.FX.IBK.WAVG,2019-10-08,16.3077
EG.FX.IBK.WAVG,2019-10-09,16.2978
EG.FX.IBK.WAVG,2019-10-10,16.2734
EG.FX.IBK.WAVG,2019-10-13,16.2556
EG.FX.IBK.WAVG,2019-10-14,16.2473
EG.FX.IBK.WAVG,2019-10-15,16.227
EG.FX.IBK.WAVG,2019-10-16,16.2193
EG.FX.IBK.WAVG,2019-10-17,16.234
EG.FX.IBK.WAVG,2019-10-20,16.2245
EG.FX.IBK.WAVG,2019-10-21,16.2114
EG.FX.IBK.WAVG,2019-10-22,16.1982
EG.FX.IBK.WAVG,2019-10-23,16.1813
EG.FX.IBK.WAVG,2019-10-24,16.1376
EG.FX.IBK.WAVG,2019-10-27,16.1342
EG.FX.IBK.WAVG,2019-10-28,16.1304
EG.FX.IBK.WAVG,2019-10-29,16.1377
EG.FX.IBK.WAVG,2019-10-30,16.1468
EG.FX.IBK.WAVG,2019-10-31,16.1388
EG.FX.IBK.WAVG,2019-11-03,16.1302
EG.FX.IBK.WAVG,2019-11-04,16.1386
EG.FX.IBK.WAVG,2019-11-05,16.1349
EG.FX.IBK.WAVG,2019-11-06,16.1408
EG.FX.IBK.WAVG,2019-11-07,16.1479
EG.FX.IBK.WAVG,2019-11-11,16.1484
EG.FX.IBK.WAVG,2019-11-12,16.1495
EG.FX.IBK.WAVG,2019-11-13,16.1376
EG.FX.IBK.WAVG,2019-11-14,16.1173
EG.FX.IBK.WAVG,2019-11-17,16.116
EG.FX.IBK.WAVG,2019-11-18,16.1241
EG.FX.IBK.WAVG,2019-11-19,16.0997
EG.FX.IBK.WAVG,2019-11-20,16.1083
EG.FX.IBK.WAVG,2019-11-21,16.1144
EG.FX.IBK.WAVG,2019-11-24,16.116
EG.FX.IBK.WAVG,2019-11-25,16.1237
EG.FX.IBK.WAVG,2019-11-26,16.122
EG.FX.IBK.WAVG,2019-11-27,16.1199
EG.FX.IBK.WAVG,2019-11-28,16.1224
EG.FX.IBK.WAVG,2019-12-01,16.122
EG.FX.IBK.WAVG,2019-12-02,16.1237
EG.FX.IBK.WAVG,2019-12-03,16.1237
EG.FX.IBK.WAVG,2019-12-04,16.1264
EG.FX.IBK.WAVG,2019-12-05,16.1315
EG.FX.IBK.WAVG,2019-12-08,16.1311
EG.FX.IBK.WAVG,2019-12-09,16.1424
EG.FX.IBK.WAVG,2019-12-10,16.1391
EG.FX.IBK.WAVG,2019-12-11,16.1442
EG.FX.IBK.WAVG,2019-12-12,16.1413
EG.FX.IBK.WAVG,2019-12-15,16.0951
EG.FX.IBK.WAVG,2019-12-16,16.0369
EG.FX.IBK.WAVG,2019-12-17,16.03
EG.FX.IBK.WAVG,2019-12-18,16.0456
EG.FX.IBK.WAVG,2019-12-19,16.0348
EG.FX.IBK.WAVG,2019-12-22,16.04
EG.FX.IBK.WAVG,2019-12-23,16.044
EG.FX.IBK.WAVG,2019-12-24,16.053
EG.FX.IBK.WAVG,2019-12-25,16.0497
EG.FX.IBK.WAVG,2019-12-26,16.0465
EG.FX.IBK.WAVG,2019-12-29,16.0482
EG.FX.IBK.WAVG,2019-12-30,16.0462
EG.FX.IBK.WAVG,2019-12-31,16.0415
EG.FX.IBK.WAVG,2020-01-02,16.037
EG.FX.IBK.WAVG,2020-01-05,16.048
EG.FX.IBK.WAVG,2020-01-06,16.055
EG.FX.IBK.WAVG,2020-01-08,16.0582
EG.FX.IBK.WAVG,2020-01-09,15.9822
EG.FX.IBK.WAVG,2020-01-12,15.9417
EG.FX.IBK.WAVG,2020-01-13,15.9122
EG.FX.IBK.WAVG,2020-01-14,15.8813
EG.FX.IBK.WAVG,2020-01-15,15.8561
EG.FX.IBK.WAVG,2020-01-16,15.8231
EG.FX.IBK.WAVG,2020-01-19,15.8177
EG.FX.IBK.WAVG,2020-01-20,15.7897
EG.FX.IBK.WAVG,2020-01-21,15.791
EG.FX.IBK.WAVG,2020-01-22,15.8009
EG.FX.IBK.WAVG,2020-01-23,15.796
EG.FX.IBK.WAVG,2020-01-26,15.7798
EG.FX.IBK.WAVG,2020-01-27,15.7876
EG.FX.IBK.WAVG,2020-01-28,15.8022
EG.FX.IBK.WAVG,2020-01-29,15.801
EG.FX.IBK.WAVG,2020-01-30,15.8079
EG.FX.IBK.WAVG,2020-02-02,15.802
EG.FX.IBK.WAVG,2020-02-03,15.8098
EG.FX.IBK.WAVG,2020-02-04,15.8044
EG.FX.IBK.WAVG,2020-02-05,15.7886
EG.FX.IBK.WAVG,2020-02-06,15.7654
EG.FX.IBK.WAVG,2020-02-09,15.7502
EG.FX.IBK.WAVG,2020-02-10,15.7217
EG.FX.IBK.WAVG,2020-02-11,15.7132
EG.FX.IBK.WAVG,2020-02-12,15.7138
EG.FX.IBK.WAVG,2020-02-13,15.6945
EG.FX.IBK.WAVG,2020-02-16,15.6474
EG.FX.IBK.WAVG,2020-02-17,15.6482
EG.FX.IBK.WAVG,2020-02-18,15.6259
EG.FX.IBK.WAVG,2020-02-19,15.601
EG.FX.IBK.WAVG,2020-02-20,15.5622
EG.FX.IBK.WAVG,2020-02-23,15.5498
EG.FX.IBK.WAVG,2020-02-24,15.5599
EG.FX.IBK.WAVG,2020-02-25,15.5825
EG.FX.IBK.WAVG,2020-02-26,15.6002
EG.FX.IBK.WAVG,2020-02-27,15.6165
EG.FX.IBK.WAVG,2020-03-01,15.6381
EG.FX.IBK.WAVG,2020-03-02,15.6502
EG.FX.IBK.WAVG,2020-03-03,15.6517
EG.FX.IBK.WAVG,2020-03-04,15.6489
EG.FX.IBK.WAVG,2020-03-05,15.6302
EG.FX.IBK.WAVG,2020-03-08,15.6498
EG.FX.IBK.WAVG,2020-03-09,15.7152
EG.FX.IBK.WAVG,2020-03-10,15.7265
EG.FX.IBK.WAVG,2020-03-11,15.7238
EG.FX.IBK.WAVG,2020-03-15,15.7531
EG.FX.IBK.WAVG,2020-03-16,15.7547
EG.FX.IBK.WAVG,2020-03-17,15.7537
EG.FX.IBK.WAVG,2020-03-18,15.753
EG.FX.IBK.WAVG,2020-03-19,15.7548
EG.FX.IBK.WAVG,2020-03-22,15.7534
EG.FX.IBK.WAVG,2020-03-23,15.7521
EG.FX.IBK.WAVG,2020-03-24,15.753
EG.FX.IBK.WAVG,2020-03-25,15.7535
EG.FX.IBK.WAVG,2020-03-26,15.7531
EG.FX.IBK.WAVG,2020-03-29,15.7536
EG.FX.IBK.WAVG,2020-03-30,15.7531
EG.FX.IBK.WAVG,2020-03-31,15.7532
EG.FX.IBK.WAVG,2020-04-01,15.7523
EG.FX.IBK.WAVG,2020-04-02,15.7531
EG.FX.IBK.WAVG,2020-04-05,15.7528
EG.FX.IBK.WAVG,2020-04-06,15.7532
EG.FX.IBK.WAVG,2020-04-07,15.753
EG.FX.IBK.WAVG,2020-04-08,15.7545
EG.FX.IBK.WAVG,2020-04-09,15.7532
EG.FX.IBK.WAVG,2020-04-12,15.7532
EG.FX.IBK.WAVG,2020-04-13,15.7532
EG.FX.IBK.WAVG,2020-04-14,15.7532
EG.FX.IBK.WAVG,2020-04-15,15.7537
EG.FX.IBK.WAVG,2020-04-16,15.7537
EG.FX.IBK.WAVG,2020-04-21,15.7547
EG.FX.IBK.WAVG,2020-04-22,15.7546
EG.FX.IBK.WAVG,2020-04-23,15.7536
EG.FX.IBK.WAVG,2020-04-26,15.7545
EG.FX.IBK.WAVG,2020-04-27,15.7542
EG.FX.IBK.WAVG,2020-04-28,15.7543
EG.FX.IBK.WAVG,2020-04-29,15.7543
EG.FX.IBK.WAVG,2020-04-30,15.754
EG.FX.IBK.WAVG,2020-05-03,15.7543
EG.FX.IBK.WAVG,2020-05-04,15.7543
EG.FX.IBK.WAVG,2020-05-05,15.754
EG.FX.IBK.WAVG,2020-05-06,15.7546
EG.FX.IBK.WAVG,2020-05-07,15.7544
EG.FX.IBK.WAVG,2020-05-10,15.7529
EG.FX.IBK.WAVG,2020-05-11,15.7541
EG.FX.IBK.WAVG,2020-05-12,15.7531
EG.FX.IBK.WAVG,2020-05-13,15.7552
EG.FX.IBK.WAVG,2020-05-14,15.7551
EG.FX.IBK.WAVG,2020-05-17,15.7537
EG.FX.IBK.WAVG,2020-05-18,15.7923
EG.FX.IBK.WAVG,2020-05-19,15.793
EG.FX.IBK.WAVG,2020-05-20,15.8255
EG.FX.IBK.WAVG,2020-05-21,15.863
EG.FX.IBK.WAVG,2020-05-30,15.863
EG.FX.IBK.WAVG,2020-05-31,15.8924
EG.FX.IBK.WAVG,2020-06-01,15.9329
EG.FX.IBK.WAVG,2020-06-02,15.9822
EG.FX.IBK.WAVG,2020-06-03,16.0825
EG.FX.IBK.WAVG,2020-06-04,16.2033
EG.FX.IBK.WAVG,2020-06-07,16.2213
EG.FX.IBK.WAVG,2020-06-08,16.1932
EG.FX.IBK.WAVG,2020-06-09,16.1799
EG.FX.IBK.WAVG,2020-06-10,16.1856
EG.FX.IBK.WAVG,2020-06-11,16.1768
EG.FX.IBK.WAVG,2020-06-14,16.1811
EG.FX.IBK.WAVG,2020-06-15,16.1842
EG.FX.IBK.WAVG,2020-06-16,16.1827
EG.FX.IBK.WAVG,2020-06-17,16.1831
EG.FX.IBK.WAVG,2020-06-18,16.1811
EG.FX.IBK.WAVG,2020-06-21,16.1758
EG.FX.IBK.WAVG,2020-06-22,16.1806
EG.FX.IBK.WAVG,2020-06-23,16.1701
EG.FX.IBK.WAVG,2020-06-24,16.174
EG.FX.IBK.WAVG,2020-06-25,16.1732
EG.FX.IBK.WAVG,2020-06-28,16.1727
EG.FX.IBK.WAVG,2020-06-29,16.1617
EG.FX.IBK.WAVG,2020-06-30,16.1384
EG.FX.IBK.WAVG,2020-07-05,16.092
EG.FX.IBK.WAVG,2020-07-06,16.0604
EG.FX.IBK.WAVG,2020-07-07,16.0397
EG.FX.IBK.WAVG,2020-07-08,16.0178
EG.FX.IBK.WAVG,2020-07-09,15.9883
EG.FX.IBK.WAVG,2020-07-12,15.9692
EG.FX.IBK.WAVG,2020-07-13,15.9488
EG.FX.IBK.WAVG,2020-07-14,15.9555
EG.FX.IBK.WAVG,2020-07-15,15.9694
EG.FX.IBK.WAVG,2020-07-16,15.9732
EG.FX.IBK.WAVG,2020-07-19,15.9707
EG.FX.IBK.WAVG,2020-07-20,15.9729
EG.FX.IBK.WAVG,2020-07-21,15.9793
EG.FX.IBK.WAVG,2020-07-22,15.991
EG.FX.IBK.WAVG,2020-07-26,15.9894
EG.FX.IBK.WAVG,2020-07-27,15.9869
EG.FX.IBK.WAVG,2020-07-28,15.984
EG.FX.IBK.WAVG,2020-07-29,15.9831
EG.FX.IBK.WAVG,2020-08-04,15.9855
EG.FX.IBK.WAVG,2020-08-05,15.9898
EG.FX.IBK.WAVG,2020-08-06,15.9685
EG.FX.IBK.WAVG,2020-08-09,15.9764
EG.FX.IBK.WAVG,2020-08-10,15.9789
EG.FX.IBK.WAVG,2020-08-11,15.9795
EG.FX.IBK.WAVG,2020-08-12,15.9635
EG.FX.IBK.WAVG,2020-08-13,15.9267
EG.FX.IBK.WAVG,2020-08-16,15.9252
EG.FX.IBK.WAVG,2020-08-17,15.929
EG.FX.IBK.WAVG,2020-08-18,15.9336
EG.FX.IBK.WAVG,2020-08-19,15.9316
EG.FX.IBK.WAVG,2020-08-23,15.9299
EG.FX.IBK.WAVG,2020-08-24,15.8898
EG.FX.IBK.WAVG,2020-08-25,15.8892
EG.FX.IBK.WAVG,2020-08-26,15.8729
EG.FX.IBK.WAVG,2020-08-27,15.8623
EG.FX.IBK.WAVG,2020-08-30,15.86
EG.FX.IBK.WAVG,2020-08-31,15.8554
EG.FX.IBK.WAVG,2020-09-01,15.8607
EG.FX.IBK.WAVG,2020-09-02,15.8449
EG.FX.IBK.WAVG,2020-09-03,15.8157
EG.FX.IBK.WAVG,2020-09-06,15.8032
EG.FX.IBK.WAVG,2020-09-07,15.7952
EG.FX.IBK.WAVG,2020-09-08,15.789
EG.FX.IBK.WAVG,2020-09-09,15.7856
EG.FX.IBK.WAVG,2020-09-10,15.7512
EG.FX.IBK.WAVG,2020-09-13,15.7495
EG.FX.IBK.WAVG,2020-09-14,15.7586
EG.FX.IBK.WAVG,2020-09-15,15.7575
EG.FX.IBK.WAVG,2020-09-16,15.7509
EG.FX.IBK.WAVG,2020-09-17,15.7402
EG.FX.IBK.WAVG,2020-09-20,15.7322
EG.FX.IBK.WAVG,2020-09-21,15.7345
EG.FX.IBK.WAVG,2020-09-22,15.7597
EG.FX.IBK.WAVG,2020-09-23,15.7609
EG.FX.IBK.WAVG,2020-09-24,15.7618
EG.FX.IBK.WAVG,2020-09-27,15.7625
EG.FX.IBK.WAVG,2020-09-28,15.76
EG.FX.IBK.WAVG,2020-09-29,15.7606
EG.FX.IBK.WAVG,2020-09-30,15.7625
EG.FX.IBK.WAVG,2020-10-01,15.7458
EG.FX.IBK.WAVG,2020-10-04,15.7273
EG.FX.IBK.WAVG,2020-10-05,15.7329
EG.FX.IBK.WAVG,2020-10-06,15.7204
EG.FX.IBK.WAVG,2020-10-07,15.7089
EG.FX.IBK.WAVG,2020-10-11,15.6907
EG.FX.IBK.WAVG,2020-10-12,15.6944
EG.FX.IBK.WAVG,2020-10-13,15.6803
EG.FX.IBK.WAVG,2020-10-14,15.6855
EG.FX.IBK.WAVG,2020-10-15,15.6855
EG.FX.IBK.WAVG,2020-10-18,15.6875
EG.FX.IBK.WAVG,2020-10-19,15.6936
EG.FX.IBK.WAVG,2020-10-20,15.6967
EG.FX.IBK.WAVG,2020-10-21,15.7059
EG.FX.IBK.WAVG,2020-10-22,15.7076
EG.FX.IBK.WAVG,2020-10-25,15.7053
EG.FX.IBK.WAVG,2020-10-26,15.7109
EG.FX.IBK.WAVG,2020-10-27,15.7092
EG.FX.IBK.WAVG,2020-10-28,15.7111
EG.FX.IBK.WAVG,2020-11-01,15.712
EG.FX.IBK.WAVG,2020-11-02,15.7206
EG.FX.IBK.WAVG,2020-11-03,15.7225
EG.FX.IBK.WAVG,2020-11-04,15.7223
EG.FX.IBK.WAVG,2020-11-05,15.6825
EG.FX.IBK.WAVG,2020-11-08,15.6689
EG.FX.IBK.WAVG,2020-11-09,15.6594
EG.FX.IBK.WAVG,2020-11-10,15.645
EG.FX.IBK.WAVG,2020-11-11,15.6514
EG.FX.IBK.WAVG,2020-11-12,15.64
EG.FX.IBK.WAVG,2020-11-15,15.6377
EG.FX.IBK.WAVG,2020-11-16,15.6445
EG.FX.IBK.WAVG,2020-11-17,15.6251
EG.FX.IBK.WAVG,2020-11-18,15.6237
EG.FX.IBK.WAVG,2020-11-19,15.6216
EG.FX.IBK.WAVG,2020-11-22,15.6266
EG.FX.IBK.WAVG,2020-11-23,15.6426
EG.FX.IBK.WAVG,2020-11-24,15.6518
EG.FX.IBK.WAVG,2020-11-25,15.6598
EG.FX.IBK.WAVG,2020-11-26,15.6622
EG.FX.IBK.WAVG,2020-11-29,15.6649
EG.FX.IBK.WAVG,2020-11-30,15.6609
EG.FX.IBK.WAVG,2020-12-01,15.6618
EG.FX.IBK.WAVG,2020-12-02,15.6649
EG.FX.IBK.WAVG,2020-12-03,15.675
EG.FX.IBK.WAVG,2020-12-06,15.6723
EG.FX.IBK.WAVG,2020-12-07,15.6723
EG.FX.IBK.WAVG,2020-12-08,15.6809
EG.FX.IBK.WAVG,2020-12-09,15.6949
EG.FX.IBK.WAVG,2020-12-10,15.713
EG.FX.IBK.WAVG,2020-12-13,15.7123
EG.FX.IBK.WAVG,2020-12-14,15.7225
EG.FX.IBK.WAVG,2020-12-15,15.7292
EG.FX.IBK.WAVG,2020-12-16,15.7009
EG.FX.IBK.WAVG,2020-12-17,15.7113
EG.FX.IBK.WAVG,2020-12-20,15.6655
EG.FX.IBK.WAVG,2020-12-21,15.6629
EG.FX.IBK.WAVG,2020-12-22,15.6909
EG.FX.IBK.WAVG,2020-12-23,15.6939
EG.FX.IBK.WAVG,2020-12-24,15.703
EG.FX.IBK.WAVG,2020-12-28,15.7176
EG.FX.IBK.WAVG,2020-12-29,15.7283
EG.FX.IBK.WAVG,2020-12-30,15.739
EG.FX.IBK.WAVG,2020-12-31,15.7321
EG.FX.IBK.WAVG,2021-01-03,15.7252
EG.FX.IBK.WAVG,2021-01-04,15.7256
EG.FX.IBK.WAVG,2021-01-05,15.6956
EG.FX.IBK.WAVG,2021-01-06,15.6854
EG.FX.IBK.WAVG,2021-01-10,15.6614
EG.FX.IBK.WAVG,2021-01-11,15.6491
EG.FX.IBK.WAVG,2021-01-12,15.6665
EG.FX.IBK.WAVG,2021-01-13,15.6784
EG.FX.IBK.WAVG,2021-01-14,15.68
EG.FX.IBK.WAVG,2021-01-17,15.6804
EG.FX.IBK.WAVG,2021-01-18,15.702
EG.FX.IBK.WAVG,2021-01-19,15.7148
EG.FX.IBK.WAVG,2021-01-20,15.7317
EG.FX.IBK.WAVG,2021-01-21,15.7306
EG.FX.IBK.WAVG,2021-01-24,15.7316
EG.FX.IBK.WAVG,2021-01-25,15.7295
EG.FX.IBK.WAVG,2021-01-26,15.7317
EG.FX.IBK.WAVG,2021-01-27,15.7319
EG.FX.IBK.WAVG,2021-01-31,15.7316
EG.FX.IBK.WAVG,2021-02-01,15.729
EG.FX.IBK.WAVG,2021-02-02,15.7298
EG.FX.IBK.WAVG,2021-02-03,15.7186
EG.FX.IBK.WAVG,2021-02-04,15.6744
EG.FX.IBK.WAVG,2021-02-07,15.655
EG.FX.IBK.WAVG,2021-02-08,15.6453
EG.FX.IBK.WAVG,2021-02-09,15.6468
EG.FX.IBK.WAVG,2021-02-10,15.646
EG.FX.IBK.WAVG,2021-02-11,15.615
EG.FX.IBK.WAVG,2021-02-14,15.6019
EG.FX.IBK.WAVG,2021-02-15,15.6104
EG.FX.IBK.WAVG,2021-02-16,15.621
EG.FX.IBK.WAVG,2021-02-17,15.6447
EG.FX.IBK.WAVG,2021-02-18,15.665
EG.FX.IBK.WAVG,2021-02-21,15.659
EG.FX.IBK.WAVG,2021-02-22,15.6767
EG.FX.IBK.WAVG,2021-02-23,15.6808
EG.FX.IBK.WAVG,2021-02-24,15.6802
EG.FX.IBK.WAVG,2021-02-25,15.6972
EG.FX.IBK.WAVG,2021-02-28,15.7091
EG.FX.IBK.WAVG,2021-03-01,15.7293
EG.FX.IBK.WAVG,2021-03-02,15.6966
EG.FX.IBK.WAVG,2021-03-03,15.6642
EG.FX.IBK.WAVG,2021-03-04,15.6881
EG.FX.IBK.WAVG,2021-03-07,15.7007
EG.FX.IBK.WAVG,2021-03-08,15.7291
EG.FX.IBK.WAVG,2021-03-09,15.7284
EG.FX.IBK.WAVG,2021-03-10,15.732
EG.FX.IBK.WAVG,2021-03-11,15.6903
EG.FX.IBK.WAVG,2021-03-14,15.682
EG.FX.IBK.WAVG,2021-03-15,15.7108
EG.FX.IBK.WAVG,2021-03-16,15.7078
EG.FX.IBK.WAVG,2021-03-17,15.7108
EG.FX.IBK.WAVG,2021-03-18,15.7114
EG.FX.IBK.WAVG,2021-03-21,15.7038
EG.FX.IBK.WAVG,2021-03-22,15.7331
EG.FX.IBK.WAVG,2021-03-23,15.7599
EG.FX.IBK.WAVG,2021-03-24,15.7616
EG.FX.IBK.WAVG,2021-03-25,15.7347
EG.FX.IBK.WAVG,2021-03-28,15.7231
EG.FX.IBK.WAVG,2021-03-29,15.715
EG.FX.IBK.WAVG,2021-03-30,15.7183
EG.FX.IBK.WAVG,2021-03-31,15.7091
EG.FX.IBK.WAVG,2021-04-01,15.7098
EG.FX.IBK.WAVG,2021-04-04,15.7106
EG.FX.IBK.WAVG,2021-04-05,15.7123
EG.FX.IBK.WAVG,2021-04-06,15.712
EG.FX.IBK.WAVG,2021-04-07,15.7118
EG.FX.IBK.WAVG,2021-04-08,15.7131
EG.FX.IBK.WAVG,2021-04-11,15.6877
EG.FX.IBK.WAVG,2021-04-12,15.6899
EG.FX.IBK.WAVG,2021-04-13,15.6923
EG.FX.IBK.WAVG,2021-04-14,15.6931
EG.FX.IBK.WAVG,2021-04-15,15.6753
EG.FX.IBK.WAVG,2021-04-18,15.6788
EG.FX.IBK.WAVG,2021-04-19,15.6859
EG.FX.IBK.WAVG,2021-04-20,15.6852
EG.FX.IBK.WAVG,2021-04-21,15.684
EG.FX.IBK.WAVG,2021-04-22,15.6854
EG.FX.IBK.WAVG,2021-04-25,15.6829
EG.FX.IBK.WAVG,2021-04-26,15.6843
EG.FX.IBK.WAVG,2021-04-27,15.6824
EG.FX.IBK.WAVG,2021-04-28,15.6833
EG.FX.IBK.WAVG,2021-05-04,15.6678
EG.FX.IBK.WAVG,2021-05-05,15.6699
EG.FX.IBK.WAVG,2021-05-06,15.6682
EG.FX.IBK.WAVG,2021-05-09,15.6694
EG.FX.IBK.WAVG,2021-05-10,15.673
EG.FX.IBK.WAVG,2021-05-11,15.6817
EG.FX.IBK.WAVG,2021-05-17,15.6831
EG.FX.IBK.WAVG,2021-05-18,15.683
EG.FX.IBK.WAVG,2021-05-19,15.6803
EG.FX.IBK.WAVG,2021-05-20,15.6835
EG.FX.IBK.WAVG,2021-05-23,15.6711
EG.FX.IBK.WAVG,2021-05-24,15.6745
EG.FX.IBK.WAVG,2021-05-25,15.6734
EG.FX.IBK.WAVG,2021-05-26,15.6733
EG.FX.IBK.WAVG,2021-05-27,15.6851
EG.FX.IBK.WAVG,2021-05-30,15.6871
EG.FX.IBK.WAVG,2021-05-31,15.6828
EG.FX.IBK.WAVG,2021-06-01,15.6826
EG.FX.IBK.WAVG,2021-06-02,15.6926
EG.FX.IBK.WAVG,2021-06-03,15.691
EG.FX.IBK.WAVG,2021-06-06,15.6948
EG.FX.IBK.WAVG,2021-06-07,15.6903
EG.FX.IBK.WAVG,2021-06-08,15.67
EG.FX.IBK.WAVG,2021-06-09,15.6749
EG.FX.IBK.WAVG,2021-06-10,15.6508
EG.FX.IBK.WAVG,2021-06-13,15.6522
EG.FX.IBK.WAVG,2021-06-14,15.6528
EG.FX.IBK.WAVG,2021-06-15,15.6558
EG.FX.IBK.WAVG,2021-06-16,15.6549
EG.FX.IBK.WAVG,2021-06-17,15.6544
EG.FX.IBK.WAVG,2021-06-20,15.6529
EG.FX.IBK.WAVG,2021-06-21,15.6659
EG.FX.IBK.WAVG,2021-06-22,15.6633
EG.FX.IBK.WAVG,2021-06-23,15.6651
EG.FX.IBK.WAVG,2021-06-24,15.6731
EG.FX.IBK.WAVG,2021-06-27,15.6742
EG.FX.IBK.WAVG,2021-06-28,15.6753
EG.FX.IBK.WAVG,2021-07-04,15.682
EG.FX.IBK.WAVG,2021-07-05,15.6833
EG.FX.IBK.WAVG,2021-07-06,15.6943
EG.FX.IBK.WAVG,2021-07-07,15.6945
EG.FX.IBK.WAVG,2021-07-08,15.6929
EG.FX.IBK.WAVG,2021-07-11,15.693
EG.FX.IBK.WAVG,2021-07-12,15.6933
EG.FX.IBK.WAVG,2021-07-13,15.6934
EG.FX.IBK.WAVG,2021-07-14,15.6947
EG.FX.IBK.WAVG,2021-07-15,15.694
EG.FX.IBK.WAVG,2021-07-18,15.6909
EG.FX.IBK.WAVG,2021-07-25,15.6921
EG.FX.IBK.WAVG,2021-07-26,15.6927
EG.FX.IBK.WAVG,2021-07-27,15.6934
EG.FX.IBK.WAVG,2021-07-28,15.7046
EG.FX.IBK.WAVG,2021-07-29,15.675
EG.FX.IBK.WAVG,2021-07-30,15.6818
EG.FX.IBK.WAVG,2021-08-01,15.7033
EG.FX.IBK.WAVG,2021-08-02,15.7041
EG.FX.IBK.WAVG,2021-08-03,15.703
EG.FX.IBK.WAVG,2021-08-04,15.7062
EG.FX.IBK.WAVG,2021-08-05,15.7027
EG.FX.IBK.WAVG,2021-08-08,15.7034
EG.FX.IBK.WAVG,2021-08-09,15.7008
EG.FX.IBK.WAVG,2021-08-10,15.7029
EG.FX.IBK.WAVG,2021-08-11,15.7016
EG.FX.IBK.WAVG,2021-08-15,15.7013
EG.FX.IBK.WAVG,2021-08-16,15.7039
EG.FX.IBK.WAVG,2021-08-17,15.6993
EG.FX.IBK.WAVG,2021-08-18,15.7007
EG.FX.IBK.WAVG,2021-08-19,15.7011
EG.FX.IBK.WAVG,2021-08-22,15.7017
EG.FX.IBK.WAVG,2021-08-23,15.7021
EG.FX.IBK.WAVG,2021-08-24,15.7026
EG.FX.IBK.WAVG,2021-08-25,15.7018
EG.FX.IBK.WAVG,2021-08-26,15.703
EG.FX.IBK.WAVG,2021-08-29,15.7008
EG.FX.IBK.WAVG,2021-08-30,15.7024
EG.FX.IBK.WAVG,2021-08-31,15.7001
EG.FX.IBK.WAVG,2021-09-01,15.7009
EG.FX.IBK.WAVG,2021-09-02,15.7011
EG.FX.IBK.WAVG,2021-09-05,15.7007
EG.FX.IBK.WAVG,2021-09-06,15.7029
EG.FX.IBK.WAVG,2021-09-07,15.7141
EG.FX.IBK.WAVG,2021-09-08,15.7116
EG.FX.IBK.WAVG,2021-09-09,15.7106
EG.FX.IBK.WAVG,2021-09-12,15.7103
EG.FX.IBK.WAVG,2021-09-13,15.711
EG.FX.IBK.WAVG,2021-09-14,15.7105
EG.FX.IBK.WAVG,2021-09-15,15.7127
EG.FX.IBK.WAVG,2021-09-16,15.7116
EG.FX.IBK.WAVG,2021-09-19,15.7115
EG.FX.IBK.WAVG,2021-09-20,15.7112
EG.FX.IBK.WAVG,2021-09-21,15.7135
EG.FX.IBK.WAVG,2021-09-22,15.7134
EG.FX.IBK.WAVG,2021-09-23,15.7119
EG.FX.IBK.WAVG,2021-09-26,15.7113
EG.FX.IBK.WAVG,2021-09-27,15.7125
EG.FX.IBK.WAVG,2021-09-28,15.7114
EG.FX.IBK.WAVG,2021-09-29,15.7141
EG.FX.IBK.WAVG,2021-09-30,15.7122
EG.FX.IBK.WAVG,2021-10-03,15.7121
EG.FX.IBK.WAVG,2021-10-04,15.7099
EG.FX.IBK.WAVG,2021-10-05,15.7115
EG.FX.IBK.WAVG,2021-10-06,15.7116
EG.FX.IBK.WAVG,2021-10-10,15.7098
EG.FX.IBK.WAVG,2021-10-11,15.7125
EG.FX.IBK.WAVG,2021-10-12,15.7137
EG.FX.IBK.WAVG,2021-10-13,15.7118
EG.FX.IBK.WAVG,2021-10-14,15.7118
EG.FX.IBK.WAVG,2021-10-17,15.7115
EG.FX.IBK.WAVG,2021-10-18,15.7124
EG.FX.IBK.WAVG,2021-10-19,15.7115
EG.FX.IBK.WAVG,2021-10-20,15.7136
EG.FX.IBK.WAVG,2021-10-24,15.7115
EG.FX.IBK.WAVG,2021-10-25,15.7125
EG.FX.IBK.WAVG,2021-10-26,15.7154
EG.FX.IBK.WAVG,2021-10-27,15.7146
EG.FX.IBK.WAVG,2021-10-28,15.7156
EG.FX.IBK.WAVG,2021-10-31,15.7112
EG.FX.IBK.WAVG,2021-11-01,15.7113
EG.FX.IBK.WAVG,2021-11-02,15.7108
EG.FX.IBK.WAVG,2021-11-03,15.7114
EG.FX.IBK.WAVG,2021-11-04,15.712
EG.FX.IBK.WAVG,2021-11-07,15.7117
EG.FX.IBK.WAVG,2021-11-08,15.7123
EG.FX.IBK.WAVG,2021-11-09,15.7122
EG.FX.IBK.WAVG,2021-11-10,15.7124
EG.FX.IBK.WAVG,2021-11-11,15.715
EG.FX.IBK.WAVG,2021-11-14,15.712
EG.FX.IBK.WAVG,2021-11-15,15.714
EG.FX.IBK.WAVG,2021-11-16,15.7134
EG.FX.IBK.WAVG,2021-11-17,15.7157
EG.FX.IBK.WAVG,2021-11-18,15.7148
EG.FX.IBK.WAVG,2021-11-21,15.7146
EG.FX.IBK.WAVG,2021-11-22,15.7164
EG.FX.IBK.WAVG,2021-11-23,15.7186
EG.FX.IBK.WAVG,2021-11-24,15.7215
EG.FX.IBK.WAVG,2021-11-25,15.7148
EG.FX.IBK.WAVG,2021-11-28,15.714
EG.FX.IBK.WAVG,2021-11-29,15.7145
EG.FX.IBK.WAVG,2021-11-30,15.7145
EG.FX.IBK.WAVG,2021-12-01,15.7139
EG.FX.IBK.WAVG,2021-12-02,15.7147
EG.FX.IBK.WAVG,2021-12-05,15.7138
EG.FX.IBK.WAVG,2021-12-06,15.7143
EG.FX.IBK.WAVG,2021-12-07,15.7159
EG.FX.IBK.WAVG,2021-12-08,15.7154
EG.FX.IBK.WAVG,2021-12-09,15.7142
EG.FX.IBK.WAVG,2021-12-12,15.7135
EG.FX.IBK.WAVG,2021-12-13,15.7153
EG.FX.IBK.WAVG,2021-12-14,15.7147
EG.FX.IBK.WAVG,2021-12-15,15.7159
EG.FX.IBK.WAVG,2021-12-16,15.7153
EG.FX.IBK.WAVG,2021-12-19,15.7142
EG.FX.IBK.WAVG,2021-12-20,15.7163
EG.FX.IBK.WAVG,2021-12-21,15.7146
EG.FX.IBK.WAVG,2021-12-22,15.7143
EG.FX.IBK.WAVG,2021-12-23,15.7142
EG.FX.IBK.WAVG,2021-12-26,15.7147
EG.FX.IBK.WAVG,2021-12-27,15.7154
EG.FX.IBK.WAVG,2021-12-28,15.715
EG.FX.IBK.WAVG,2021-12-29,15.7168
EG.FX.IBK.WAVG,2021-12-30,15.7167
EG.FX.IBK.WAVG,2022-01-02,15.7152
EG.FX.IBK.WAVG,2022-01-03,15.7139
EG.FX.IBK.WAVG,2022-01-04,15.7151
EG.FX.IBK.WAVG,2022-01-05,15.7139
EG.FX.IBK.WAVG,2022-01-09,15.7133
EG.FX.IBK.WAVG,2022-01-10,15.7148
EG.FX.IBK.WAVG,2022-01-11,15.7151
EG.FX.IBK.WAVG,2022-01-12,15.7137
EG.FX.IBK.WAVG,2022-01-13,15.7115
EG.FX.IBK.WAVG,2022-01-16,15.7122
EG.FX.IBK.WAVG,2022-01-17,15.7168
EG.FX.IBK.WAVG,2022-01-18,15.7156
EG.FX.IBK.WAVG,2022-01-19,15.7155
EG.FX.IBK.WAVG,2022-01-20,15.7142
EG.FX.IBK.WAVG,2022-01-23,15.7125
EG.FX.IBK.WAVG,2022-01-24,15.7144
EG.FX.IBK.WAVG,2022-01-25,15.716
EG.FX.IBK.WAVG,2022-01-26,15.7134
EG.FX.IBK.WAVG,2022-01-30,15.7128
EG.FX.IBK.WAVG,2022-01-31,15.7128
EG.FX.IBK.WAVG,2022-02-01,15.7122
EG.FX.IBK.WAVG,2022-02-02,15.7139
EG.FX.IBK.WAVG,2022-02-03,15.7139
EG.FX.IBK.WAVG,2022-02-06,15.7126
EG.FX.IBK.WAVG,2022-02-07,15.7134
EG.FX.IBK.WAVG,2022-02-08,15.7124
EG.FX.IBK.WAVG,2022-02-09,15.7154
EG.FX.IBK.WAVG,2022-02-10,15.7138
EG.FX.IBK.WAVG,2022-02-13,15.713
EG.FX.IBK.WAVG,2022-02-14,15.7134
EG.FX.IBK.WAVG,2022-02-15,15.7135
EG.FX.IBK.WAVG,2022-02-16,15.7135
EG.FX.IBK.WAVG,2022-02-17,15.7172
EG.FX.IBK.WAVG,2022-02-20,15.7135
EG.FX.IBK.WAVG,2022-02-21,15.7159
EG.FX.IBK.WAVG,2022-02-22,15.7144
EG.FX.IBK.WAVG,2022-02-23,15.7144
EG.FX.IBK.WAVG,2022-02-24,15.7139
EG.FX.IBK.WAVG,2022-02-27,15.7127
EG.FX.IBK.WAVG,2022-02-28,15.7145
EG.FX.IBK.WAVG,2022-03-01,15.7138
EG.FX.IBK.WAVG,2022-03-02,15.7147
EG.FX.IBK.WAVG,2022-03-03,15.7164
EG.FX.IBK.WAVG,2022-03-06,15.7159
EG.FX.IBK.WAVG,2022-03-07,15.7156
EG.FX.IBK.WAVG,2022-03-08,15.7166
EG.FX.IBK.WAVG,2022-03-09,15.7153
EG.FX.IBK.WAVG,2022-03-10,15.7161
EG.FX.IBK.WAVG,2022-03-13,15.7155
EG.FX.IBK.WAVG,2022-03-14,15.7179
EG.FX.IBK.WAVG,2022-03-15,15.7162
EG.FX.IBK.WAVG,2022-03-16,15.715
EG.FX.IBK.WAVG,2022-03-17,15.7155
EG.FX.IBK.WAVG,2022-03-20,15.7135
EG.FX.IBK.WAVG,2022-03-21,18.2201
EG.FX.IBK.WAVG,2022-03-22,18.2201
EG.FX.IBK.WAVG,2022-03-23,18.3688
EG.FX.IBK.WAVG,2022-03-24,18.3097
EG.FX.IBK.WAVG,2022-03-27,18.3098
EG.FX.IBK.WAVG,2022-03-28,18.325
EG.FX.IBK.WAVG,2022-03-29,18.3213
EG.FX.IBK.WAVG,2022-03-30,18.2765
EG.FX.IBK.WAVG,2022-03-31,18.2643
EG.FX.IBK.WAVG,2022-04-03,18.2544
EG.FX.IBK.WAVG,2022-04-04,18.2586
EG.FX.IBK.WAVG,2022-04-05,18.2671
EG.FX.IBK.WAVG,2022-04-06,18.305
EG.FX.IBK.WAVG,2022-04-07,18.3423
EG.FX.IBK.WAVG,2022-04-10,18.352
EG.FX.IBK.WAVG,2022-04-11,18.413
EG.FX.IBK.WAVG,2022-04-12,18.5133
EG.FX.IBK.WAVG,2022-04-13,18.423
EG.FX.IBK.WAVG,2022-04-14,18.3853
EG.FX.IBK.WAVG,2022-04-17,18.4048
EG.FX.IBK.WAVG,2022-04-18,18.4184
EG.FX.IBK.WAVG,2022-04-19,18.4618
EG.FX.IBK.WAVG,2022-04-20,18.4828
EG.FX.IBK.WAVG,2022-04-21,18.5651
EG.FX.IBK.WAVG,2022-04-26,18.526
EG.FX.IBK.WAVG,2022-04-27,18.5093
EG.FX.IBK.WAVG,2022-04-28,18.4922
EG.FX.IBK.WAVG,2022-05-08,18.4898
EG.FX.IBK.WAVG,2022-05-09,18.4909
EG.FX.IBK.WAVG,2022-05-10,18.4942
EG.FX.IBK.WAVG,2022-05-11,18.3765
EG.FX.IBK.WAVG,2022-05-12,18.3208
EG.FX.IBK.WAVG,2022-05-15,18.2976
EG.FX.IBK.WAVG,2022-05-16,18.2789
EG.FX.IBK.WAVG,2022-05-17,18.2688
EG.FX.IBK.WAVG,2022-05-18,18.272
EG.FX.IBK.WAVG,2022-05-19,18.2711
EG.FX.IBK.WAVG,2022-05-22,18.2722
EG.FX.IBK.WAVG,2022-05-23,18.4012
EG.FX.IBK.WAVG,2022-05-24,18.5109
EG.FX.IBK.WAVG,2022-05-25,18.5901
EG.FX.IBK.WAVG,2022-05-26,18.6484
EG.FX.IBK.WAVG,2022-05-29,18.5918
EG.FX.IBK.WAVG,2022-05-30,18.5925
EG.FX.IBK.WAVG,2022-05-31,18.5924
EG.FX.IBK.WAVG,2022-06-01,18.6222
EG.FX.IBK.WAVG,2022-06-02,18.6435
EG.FX.IBK.WAVG,2022-06-05,18.6418
EG.FX.IBK.WAVG,2022-06-06,18.6459
EG.FX.IBK.WAVG,2022-06-07,18.673
EG.FX.IBK.WAVG,2022-06-08,18.673
EG.FX.IBK.WAVG,2022-06-09,18.673
EG.FX.IBK.WAVG,2022-06-12,18.6933
EG.FX.IBK.WAVG,2022-06-13,18.7161
EG.FX.IBK.WAVG,2022-06-14,18.7454
EG.FX.IBK.WAVG,2022-06-15,18.7557
EG.FX.IBK.WAVG,2022-06-16,18.7548
EG.FX.IBK.WAVG,2022-06-19,18.7544
EG.FX.IBK.WAVG,2022-06-20,18.7489
EG.FX.IBK.WAVG,2022-06-21,18.7531
EG.FX.IBK.WAVG,2022-06-22,18.7531
EG.FX.IBK.WAVG,2022-06-23,18.7489
EG.FX.IBK.WAVG,2022-06-26,18.7524
EG.FX.IBK.WAVG,2022-06-27,18.7489
EG.FX.IBK.WAVG,2022-06-28,18.7727
EG.FX.IBK.WAVG,2022-06-29,18.7985
EG.FX.IBK.WAVG,2022-07-03,18.8242
EG.FX.IBK.WAVG,2022-07-04,18.8535
EG.FX.IBK.WAVG,2022-07-05,18.8745
EG.FX.IBK.WAVG,2022-07-06,18.8686
EG.FX.IBK.WAVG,2022-07-07,18.8681
EG.FX.IBK.WAVG,2022-07-17,18.8683
EG.FX.IBK.WAVG,2022-07-18,18.8885
EG.FX.IBK.WAVG,2022-07-19,18.9176
EG.FX.IBK.WAVG,2022-07-20,18.9185
EG.FX.IBK.WAVG,2022-07-21,18.933
EG.FX.IBK.WAVG,2022-07-24,18.9318
EG.FX.IBK.WAVG,2022-07-25,18.9343
EG.FX.IBK.WAVG,2022-07-26,18.9355
EG.FX.IBK.WAVG,2022-07-27,18.9349
EG.FX.IBK.WAVG,2022-07-28,18.9329
EG.FX.IBK.WAVG,2022-07-31,18.9489
EG.FX.IBK.WAVG,2022-08-01,18.9521
EG.FX.IBK.WAVG,2022-08-02,19.0342
EG.FX.IBK.WAVG,2022-08-03,19.0935
EG.FX.IBK.WAVG,2022-08-04,19.1238
EG.FX.IBK.WAVG,2022-08-07,19.1238
EG.FX.IBK.WAVG,2022-08-08,19.1435
EG.FX.IBK.WAVG,2022-08-09,19.1441
EG.FX.IBK.WAVG,2022-08-10,19.1454
EG.FX.IBK.WAVG,2022-08-11,19.1446
EG.FX.IBK.WAVG,2022-08-14,19.1385
EG.FX.IBK.WAVG,2022-08-15,19.1445
EG.FX.IBK.WAVG,2022-08-16,19.1451
EG.FX.IBK.WAVG,2022-08-17,19.1455
EG.FX.IBK.WAVG,2022-08-18,19.1465
EG.FX.IBK.WAVG,2022-08-21,19.1462
EG.FX.IBK.WAVG,2022-08-22,19.1463
EG.FX.IBK.WAVG,2022-08-23,19.1664
EG.FX.IBK.WAVG,2022-08-24,19.1757
EG.FX.IBK.WAVG,2022-08-25,19.1847
EG.FX.IBK.WAVG,2022-08-28,19.1842
EG.FX.IBK.WAVG,2022-08-29,19.2021
EG.FX.IBK.WAVG,2022-08-30,19.2223
EG.FX.IBK.WAVG,2022-08-31,19.2231
EG.FX.IBK.WAVG,2022-09-01,19.2231
EG.FX.IBK.WAVG,2022-09-04,19.2224
EG.FX.IBK.WAVG,2022-09-05,19.2233
EG.FX.IBK.WAVG,2022-09-06,19.235
EG.FX.IBK.WAVG,2022-09-07,19.2644
EG.FX.IBK.WAVG,2022-09-08,19.3046
EG.FX.IBK.WAVG,2022-09-11,19.3343
EG.FX.IBK.WAVG,2022-09-12,19.3551
EG.FX.IBK.WAVG,2022-09-13,19.3546
EG.FX.IBK.WAVG,2022-09-14,19.3828
EG.FX.IBK.WAVG,2022-09-15,19.4136
EG.FX.IBK.WAVG,2022-09-18,19.4151
EG.FX.IBK.WAVG,2022-09-19,19.4141
EG.FX.IBK.WAVG,2022-09-20,19.4345
EG.FX.IBK.WAVG,2022-09-21,19.4842
EG.FX.IBK.WAVG,2022-09-22,19.483
EG.FX.IBK.WAVG,2022-09-25,19.4828
EG.FX.IBK.WAVG,2022-09-26,19.5026
EG.FX.IBK.WAVG,2022-09-27,19.5031
EG.FX.IBK.WAVG,2022-09-28,19.5226
EG.FX.IBK.WAVG,2022-09-29,19.5523
EG.FX.IBK.WAVG,2022-10-02,19.5528
EG.FX.IBK.WAVG,2022-10-03,19.6304
EG.FX.IBK.WAVG,2022-10-04,19.6542
EG.FX.IBK.WAVG,2022-10-05,19.6542
EG.FX.IBK.WAVG,2022-10-09,19.6542
EG.FX.IBK.WAVG,2022-10-10,19.6542
EG.FX.IBK.WAVG,2022-10-11,19.6727
EG.FX.IBK.WAVG,2022-10-12,19.6743
EG.FX.IBK.WAVG,2022-10-13,19.6744
EG.FX.IBK.WAVG,2022-10-16,19.6738
EG.FX.IBK.WAVG,2022-10-17,19.6751
EG.FX.IBK.WAVG,2022-10-18,19.675
EG.FX.IBK.WAVG,2022-10-19,19.6752
EG.FX.IBK.WAVG,2022-10-20,19.675
EG.FX.IBK.WAVG,2022-10-23,19.6758
EG.FX.IBK.WAVG,2022-10-24,19.6752
EG.FX.IBK.WAVG,2022-10-25,19.6944
EG.FX.IBK.WAVG,2022-10-26,19.7134
EG.FX.IBK.WAVG,2022-10-27,22.928
EG.FX.IBK.WAVG,2022-10-30,24.0663
EG.FX.IBK.WAVG,2022-10-31,24.1226
EG.FX.IBK.WAVG,2022-11-01,24.1779
EG.FX.IBK.WAVG,2022-11-02,24.1912
EG.FX.IBK.WAVG,2022-11-03,24.2628
EG.FX.IBK.WAVG,2022-11-06,24.271
EG.FX.IBK.WAVG,2022-11-07,24.3204
EG.FX.IBK.WAVG,2022-11-08,24.3781
EG.FX.IBK.WAVG,2022-11-09,24.3952
EG.FX.IBK.WAVG,2022-11-10,24.417
EG.FX.IBK.WAVG,2022-11-13,24.4223
EG.FX.IBK.WAVG,2022-11-14,24.4336
EG.FX.IBK.WAVG,2022-11-15,24.4541
EG.FX.IBK.WAVG,2022-11-16,24.4808
EG.FX.IBK.WAVG,2022-11-17,24.4947
EG.FX.IBK.WAVG,2022-11-20,24.4991
EG.FX.IBK.WAVG,2022-11-21,24.5233
EG.FX.IBK.WAVG,2022-11-22,24.5357
EG.FX.IBK.WAVG,2022-11-23,24.5534
EG.FX.IBK.WAVG,2022-11-24,24.5588
EG.FX.IBK.WAVG,2022-11-27,24.5541
EG.FX.IBK.WAVG,2022-11-28,24.5767
EG.FX.IBK.WAVG,2022-11-29,24.5774
EG.FX.IBK.WAVG,2022-11-30,24.5762
EG.FX.IBK.WAVG,2022-12-01,24.5863
EG.FX.IBK.WAVG,2022-12-04,24.5891
EG.FX.IBK.WAVG,2022-12-05,24.5895
EG.FX.IBK.WAVG,2022-12-06,24.6205
EG.FX.IBK.WAVG,2022-12-07,24.6192
EG.FX.IBK.WAVG,2022-12-08,24.6249
EG.FX.IBK.WAVG,2022-12-11,24.6256
EG.FX.IBK.WAVG,2022-12-12,24.6564
EG.FX.IBK.WAVG,2022-12-13,24.6564
EG.FX.IBK.WAVG,2022-12-14,24.6933
EG.FX.IBK.WAVG,2022-12-15,24.6962
EG.FX.IBK.WAVG,2022-12-18,24.6966
EG.FX.IBK.WAVG,2022-12-19,24.7259
EG.FX.IBK.WAVG,2022-12-20,24.7249
EG.FX.IBK.WAVG,2022-12-21,24.7231
EG.FX.IBK.WAVG,2022-12-22,24.726
EG.FX.IBK.WAVG,2022-12-25,24.7241
EG.FX.IBK.WAVG,2022-12-26,24.7245
EG.FX.IBK.WAVG,2022-12-27,24.7267
EG.FX.IBK.WAVG,2022-12-28,24.7463
EG.FX.IBK.WAVG,2022-12-29,24.7434
EG.FX.IBK.WAVG,2023-01-02,24.7442
EG.FX.IBK.WAVG,2023-01-03,24.7667
EG.FX.IBK.WAVG,2023-01-04,26.4243
EG.FX.IBK.WAVG,2023-01-05,27.0621
EG.FX.IBK.WAVG,2023-01-09,27.5897
EG.FX.IBK.WAVG,2023-01-10,27.663
EG.FX.IBK.WAVG,2023-01-11,29.6982
EG.FX.IBK.WAVG,2023-01-12,29.571
EG.FX.IBK.WAVG,2023-01-15,29.6061
EG.FX.IBK.WAVG,2023-01-16,29.6164
EG.FX.IBK.WAVG,2023-01-17,29.5471
EG.FX.IBK.WAVG,2023-01-18,29.6378
EG.FX.IBK.WAVG,2023-01-19,29.8348
EG.FX.IBK.WAVG,2023-01-22,29.8479
EG.FX.IBK.WAVG,2023-01-23,29.8769
EG.FX.IBK.WAVG,2023-01-24,29.8982
EG.FX.IBK.WAVG,2023-01-25,29.9009
EG.FX.IBK.WAVG,2023-01-29,29.8969
EG.FX.IBK.WAVG,2023-01-30,29.9807
EG.FX.IBK.WAVG,2023-01-31,30.1885
EG.FX.IBK.WAVG,2023-02-01,30.207
EG.FX.IBK.WAVG,2023-02-02,30.2872
EG.FX.IBK.WAVG,2023-02-05,30.2842
EG.FX.IBK.WAVG,2023-02-06,30.3041
EG.FX.IBK.WAVG,2023-02-07,30.3058
EG.FX.IBK.WAVG,2023-02-08,30.3753
EG.FX.IBK.WAVG,2023-02-09,30.5047
EG.FX.IBK.WAVG,2023-02-12,30.5327
EG.FX.IBK.WAVG,2023-02-13,30.5343
EG.FX.IBK.WAVG,2023-02-14,30.5728
EG.FX.IBK.WAVG,2023-02-15,30.5735
EG.FX.IBK.WAVG,2023-02-16,30.5752
EG.FX.IBK.WAVG,2023-02-19,30.575
EG.FX.IBK.WAVG,2023-02-20,30.5844
EG.FX.IBK.WAVG,2023-02-21,30.6008
EG.FX.IBK.WAVG,2023-02-22,30.6314
EG.FX.IBK.WAVG,2023-02-23,30.6318
EG.FX.IBK.WAVG,2023-02-26,30.6318
EG.FX.IBK.WAVG,2023-02-27,30.6318
EG.FX.IBK.WAVG,2023-02-28,30.6307
EG.FX.IBK.WAVG,2023-03-01,30.6326
EG.FX.IBK.WAVG,2023-03-02,30.7228
EG.FX.IBK.WAVG,2023-03-05,30.7221
EG.FX.IBK.WAVG,2023-03-06,30.7821
EG.FX.IBK.WAVG,2023-03-07,30.8311
EG.FX.IBK.WAVG,2023-03-08,30.8813
EG.FX.IBK.WAVG,2023-03-09,30.8986
EG.FX.IBK.WAVG,2023-03-12,30.8996
EG.FX.IBK.WAVG,2023-03-13,30.899
EG.FX.IBK.WAVG,2023-03-14,30.8993
EG.FX.IBK.WAVG,2023-03-15,30.9001
EG.FX.IBK.WAVG,2023-03-16,30.9007
EG.FX.IBK.WAVG,2023-03-19,30.8981
EG.FX.IBK.WAVG,2023-03-20,30.8996
EG.FX.IBK.WAVG,2023-03-21,30.8996
EG.FX.IBK.WAVG,2023-03-22,30.9007
EG.FX.IBK.WAVG,2023-03-23,30.8968
EG.FX.IBK.WAVG,2023-03-26,30.8968
EG.FX.IBK.WAVG,2023-03-27,30.8983
EG.FX.IBK.WAVG,2023-03-28,30.8969
EG.FX.IBK.WAVG,2023-03-29,30.8968
EG.FX.IBK.WAVG,2023-03-30,30.8983
EG.FX.IBK.WAVG,2023-04-02,30.8968
EG.FX.IBK.WAVG,2023-04-03,30.8969
EG.FX.IBK.WAVG,2023-04-04,30.8955
EG.FX.IBK.WAVG,2023-04-05,30.894
EG.FX.IBK.WAVG,2023-04-06,30.8952
EG.FX.IBK.WAVG,2023-04-09,30.8951
EG.FX.IBK.WAVG,2023-04-10,30.8952
EG.FX.IBK.WAVG,2023-04-11,30.8952
EG.FX.IBK.WAVG,2023-04-12,30.895
EG.FX.IBK.WAVG,2023-04-13,30.895
EG.FX.IBK.WAVG,2023-04-18,30.8966
EG.FX.IBK.WAVG,2023-04-19,30.8935
EG.FX.IBK.WAVG,2023-04-26,30.8937
EG.FX.IBK.WAVG,2023-04-27,30.8951
EG.FX.IBK.WAVG,2023-04-30,30.8966
EG.FX.IBK.WAVG,2023-05-01,30.8973
EG.FX.IBK.WAVG,2023-05-02,30.8959
EG.FX.IBK.WAVG,2023-05-03,30.8952
EG.FX.IBK.WAVG,2023-05-07,30.8966
EG.FX.IBK.WAVG,2023-05-08,30.8951
EG.FX.IBK.WAVG,2023-05-09,30.898
EG.FX.IBK.WAVG,2023-05-10,30.8966
EG.FX.IBK.WAVG,2023-05-11,30.8995
EG.FX.IBK.WAVG,2023-05-14,30.8966
EG.FX.IBK.WAVG,2023-05-15,30.8966
EG.FX.IBK.WAVG,2023-05-16,30.8966
EG.FX.IBK.WAVG,2023-05-17,30.8966
EG.FX.IBK.WAVG,2023-05-18,30.8937
EG.FX.IBK.WAVG,2023-05-21,30.8966
EG.FX.IBK.WAVG,2023-05-22,30.8937
EG.FX.IBK.WAVG,2023-05-23,30.8923
EG.FX.IBK.WAVG,2023-05-24,30.8923
EG.FX.IBK.WAVG,2023-05-25,30.8936
EG.FX.IBK.WAVG,2023-05-28,30.897
EG.FX.IBK.WAVG,2023-05-29,30.895
EG.FX.IBK.WAVG,2023-05-30,30.8983
EG.FX.IBK.WAVG,2023-05-31,30.8983
EG.FX.IBK.WAVG,2023-06-01,30.8997
EG.FX.IBK.WAVG,2023-06-04,30.8973
EG.FX.IBK.WAVG,2023-06-05,30.8987
EG.FX.IBK.WAVG,2023-06-06,30.8982
EG.FX.IBK.WAVG,2023-06-07,30.8986
EG.FX.IBK.WAVG,2023-06-08,30.8986
EG.FX.IBK.WAVG,2023-06-11,30.8972
EG.FX.IBK.WAVG,2023-06-12,30.8972
EG.FX.IBK.WAVG,2023-06-13,30.8972
EG.FX.IBK.WAVG,2023-06-14,30.8967
EG.FX.IBK.WAVG,2023-06-15,30.8967
EG.FX.IBK.WAVG,2023-06-18,30.8972
EG.FX.IBK.WAVG,2023-06-19,30.8972
EG.FX.IBK.WAVG,2023-06-20,30.8986
EG.FX.IBK.WAVG,2023-06-21,30.8986
EG.FX.IBK.WAVG,2023-06-22,30.8986
EG.FX.IBK.WAVG,2023-06-25,30.8955
EG.FX.IBK.WAVG,2023-06-26,30.8969
EG.FX.IBK.WAVG,2023-07-04,30.9
EG.FX.IBK.WAVG,2023-07-05,30.8986
EG.FX.IBK.WAVG,2023-07-06,30.8972
EG.FX.IBK.WAVG,2023-07-09,30.8987
EG.FX.IBK.WAVG,2023-07-10,30.8986
EG.FX.IBK.WAVG,2023-07-11,30.8971
EG.FX.IBK.WAVG,2023-07-12,30.8971
EG.FX.IBK.WAVG,2023-07-13,30.8967
EG.FX.IBK.WAVG,2023-07-16,30.8957
EG.FX.IBK.WAVG,2023-07-17,30.8971
EG.FX.IBK.WAVG,2023-07-18,30.8985
EG.FX.IBK.WAVG,2023-07-19,30.8971
EG.FX.IBK.WAVG,2023-07-24,30.8971
EG.FX.IBK.WAVG,2023-07-25,30.8971
EG.FX.IBK.WAVG,2023-07-26,30.9
EG.FX.IBK.WAVG,2023-07-27,30.8971
EG.FX.IBK.WAVG,2023-07-30,30.8957
EG.FX.IBK.WAVG,2023-07-31,30.8957
EG.FX.IBK.WAVG,2023-08-01,30.8957
EG.FX.IBK.WAVG,2023-08-02,30.8957
EG.FX.IBK.WAVG,2023-08-03,30.897
EG.FX.IBK.WAVG,2023-08-06,30.8956
EG.FX.IBK.WAVG,2023-08-07,30.8956
EG.FX.IBK.WAVG,2023-08-08,30.8952
EG.FX.IBK.WAVG,2023-08-09,30.8952
EG.FX.IBK.WAVG,2023-08-10,30.8937
EG.FX.IBK.WAVG,2023-08-13,30.8942
EG.FX.IBK.WAVG,2023-08-14,30.8942
EG.FX.IBK.WAVG,2023-08-15,30.8942
EG.FX.IBK.WAVG,2023-08-16,30.8942
EG.FX.IBK.WAVG,2023-08-17,30.8942
EG.FX.IBK.WAVG,2023-08-20,30.8942
EG.FX.IBK.WAVG,2023-08-21,30.8942
EG.FX.IBK.WAVG,2023-08-22,30.8942
EG.FX.IBK.WAVG,2023-08-23,30.8956
EG.FX.IBK.WAVG,2023-08-24,30.8955
EG.FX.IBK.WAVG,2023-08-27,30.8956
EG.FX.IBK.WAVG,2023-08-28,30.8955
EG.FX.IBK.WAVG,2023-08-29,30.8941
EG.FX.IBK.WAVG,2023-08-30,30.8941
EG.FX.IBK.WAVG,2023-08-31,30.8941
EG.FX.IBK.WAVG,2023-09-03,30.8941
EG.FX.IBK.WAVG,2023-09-04,30.8941
EG.FX.IBK.WAVG,2023-09-05,30.8941
EG.FX.IBK.WAVG,2023-09-06,30.8937
EG.FX.IBK.WAVG,2023-09-07,30.8937
EG.FX.IBK.WAVG,2023-09-10,30.8935
EG.FX.IBK.WAVG,2023-09-11,30.8935
EG.FX.IBK.WAVG,2023-09-12,30.895
EG.FX.IBK.WAVG,2023-09-13,30.895
EG.FX.IBK.WAVG,2023-09-14,30.8935
EG.FX.IBK.WAVG,2023-09-17,30.8935
EG.FX.IBK.WAVG,2023-09-18,30.8935
EG.FX.IBK.WAVG,2023-09-19,30.8935
EG.FX.IBK.WAVG,2023-09-20,30.8935
EG.FX.IBK.WAVG,2023-09-21,30.8935
EG.FX.IBK.WAVG,2023-09-24,30.8935
EG.FX.IBK.WAVG,2023-09-25,30.8949
EG.FX.IBK.WAVG,2023-09-26,30.8934
EG.FX.IBK.WAVG,2023-09-27,30.8934
EG.FX.IBK.WAVG,2023-10-01,30.8934
EG.FX.IBK.WAVG,2023-10-02,30.8934
EG.FX.IBK.WAVG,2023-10-03,30.8934
EG.FX.IBK.WAVG,2023-10-04,30.8949
EG.FX.IBK.WAVG,2023-10-08,30.8934
EG.FX.IBK.WAVG,2023-10-09,30.893
EG.FX.IBK.WAVG,2023-10-10,30.893
EG.FX.IBK.WAVG,2023-10-11,30.893
EG.FX.IBK.WAVG,2023-10-12,30.8944
EG.FX.IBK.WAVG,2023-10-15,30.8946
EG.FX.IBK.WAVG,2023-10-16,30.8931
EG.FX.IBK.WAVG,2023-10-17,30.8931
EG.FX.IBK.WAVG,2023-10-18,30.8931
EG.FX.IBK.WAVG,2023-10-19,30.8931
EG.FX.IBK.WAVG,2023-10-22,30.8931
EG.FX.IBK.WAVG,2023-10-23,30.8931
EG.FX.IBK.WAVG,2023-10-24,30.8931
EG.FX.IBK.WAVG,2023-10-25,30.8931
EG.FX.IBK.WAVG,2023-10-26,30.8931
EG.FX.IBK.WAVG,2023-10-29,30.8931
EG.FX.IBK.WAVG,2023-10-30,30.8931
EG.FX.IBK.WAVG,2023-10-31,30.8931
EG.FX.IBK.WAVG,2023-11-01,30.8946
EG.FX.IBK.WAVG,2023-11-02,30.8931
EG.FX.IBK.WAVG,2023-11-05,30.8931
EG.FX.IBK.WAVG,2023-11-06,30.8946
EG.FX.IBK.WAVG,2023-11-07,30.8946
EG.FX.IBK.WAVG,2023-11-08,30.8931
EG.FX.IBK.WAVG,2023-11-09,30.8946
EG.FX.IBK.WAVG,2023-11-12,30.8946
EG.FX.IBK.WAVG,2023-11-13,30.8946
EG.FX.IBK.WAVG,2023-11-14,30.8946
EG.FX.IBK.WAVG,2023-11-15,30.8946
EG.FX.IBK.WAVG,2023-11-16,30.8946
EG.FX.IBK.WAVG,2023-11-19,30.8946
EG.FX.IBK.WAVG,2023-11-20,30.8946
EG.FX.IBK.WAVG,2023-11-21,30.8946
EG.FX.IBK.WAVG,2023-11-22,30.8946
EG.FX.IBK.WAVG,2023-11-23,30.8946
EG.FX.IBK.WAVG,2023-11-26,30.8946
EG.FX.IBK.WAVG,2023-11-27,30.8946
EG.FX.IBK.WAVG,2023-11-28,30.8946
EG.FX.IBK.WAVG,2023-11-29,30.8946
EG.FX.IBK.WAVG,2023-11-30,30.8946
EG.FX.IBK.WAVG,2023-12-03,30.8931
EG.FX.IBK.WAVG,2023-12-04,30.8903
EG.FX.IBK.WAVG,2023-12-05,30.8903
EG.FX.IBK.WAVG,2023-12-06,30.8931
EG.FX.IBK.WAVG,2023-12-07,30.8931
EG.FX.IBK.WAVG,2023-12-10,30.8931
EG.FX.IBK.WAVG,2023-12-11,30.8931
EG.FX.IBK.WAVG,2023-12-12,30.8931
EG.FX.IBK.WAVG,2023-12-13,30.8931
EG.FX.IBK.WAVG,2023-12-14,30.8946
EG.FX.IBK.WAVG,2023-12-17,30.8931
EG.FX.IBK.WAVG,2023-12-18,30.8931
EG.FX.IBK.WAVG,2023-12-19,30.8903
EG.FX.IBK.WAVG,2023-12-20,30.8931
EG.FX.IBK.WAVG,2023-12-21,30.8931
EG.FX.IBK.WAVG,2023-12-24,30.8903
EG.FX.IBK.WAVG,2023-12-25,30.8931
EG.FX.IBK.WAVG,2023-12-26,30.8931
EG.FX.IBK.WAVG,2023-12-27,30.8931
EG.FX.IBK.WAVG,2023-12-28,30.8931
EG.FX.IBK.WAVG,2023-12-31,30.8931
EG.FX.IBK.WAVG,2024-01-02,30.8903
EG.FX.IBK.WAVG,2024-01-03,30.8903
EG.FX.IBK.WAVG,2024-01-04,30.8929
EG.FX.IBK.WAVG,2024-01-08,30.8929
EG.FX.IBK.WAVG,2024-01-09,30.8929
EG.FX.IBK.WAVG,2024-01-10,30.8929
EG.FX.IBK.WAVG,2024-01-11,30.8929
EG.FX.IBK.WAVG,2024-01-14,30.8929
EG.FX.IBK.WAVG,2024-01-15,30.8929
EG.FX.IBK.WAVG,2024-01-16,30.8929
EG.FX.IBK.WAVG,2024-01-17,30.8929
EG.FX.IBK.WAVG,2024-01-18,30.8929
EG.FX.IBK.WAVG,2024-01-21,30.8929
EG.FX.IBK.WAVG,2024-01-22,30.8943
EG.FX.IBK.WAVG,2024-01-23,30.8929
EG.FX.IBK.WAVG,2024-01-24,30.8929
EG.FX.IBK.WAVG,2024-01-28,30.8929
EG.FX.IBK.WAVG,2024-01-29,30.8929
EG.FX.IBK.WAVG,2024-01-30,30.8929
EG.FX.IBK.WAVG,2024-01-31,30.8929
EG.FX.IBK.WAVG,2024-02-01,30.8929
EG.FX.IBK.WAVG,2024-02-04,30.8929
EG.FX.IBK.WAVG,2024-02-05,30.8929
EG.FX.IBK.WAVG,2024-02-06,30.8929
EG.FX.IBK.WAVG,2024-02-07,30.8929
EG.FX.IBK.WAVG,2024-02-08,30.8929
EG.FX.IBK.WAVG,2024-02-11,30.8929
EG.FX.IBK.WAVG,2024-02-12,30.8929
EG.FX.IBK.WAVG,2024-02-13,30.8929
EG.FX.IBK.WAVG,2024-02-14,30.8929
EG.FX.IBK.WAVG,2024-02-15,30.8929
EG.FX.IBK.WAVG,2024-02-18,30.8929
EG.FX.IBK.WAVG,2024-02-19,30.8929
EG.FX.IBK.WAVG,2024-02-20,30.8929
EG.FX.IBK.WAVG,2024-02-21,30.8929
EG.FX.IBK.WAVG,2024-02-22,30.8929
EG.FX.IBK.WAVG,2024-02-25,30.8936
EG.FX.IBK.WAVG,2024-02-26,30.8936
EG.FX.IBK.WAVG,2024-02-27,30.8943
EG.FX.IBK.WAVG,2024-02-28,30.8943
EG.FX.IBK.WAVG,2024-02-29,30.8943
EG.FX.IBK.WAVG,2024-03-03,30.8943
EG.FX.IBK.WAVG,2024-03-04,30.8997
EG.FX.IBK.WAVG,2024-03-05,30.8954
EG.FX.IBK.WAVG,2024-03-06,49.5003
EG.FX.IBK.WAVG,2024-03-07,49.4009
EG.FX.IBK.WAVG,2024-03-10,49.156
EG.FX.IBK.WAVG,2024-03-11,49.042
EG.FX.IBK.WAVG,2024-03-12,48.7868
EG.FX.IBK.WAVG,2024-03-13,48.4219
EG.FX.IBK.WAVG,2024-03-14,47.8347
EG.FX.IBK.WAVG,2024-03-17,47.2565
EG.FX.IBK.WAVG,2024-03-18,47.162
EG.FX.IBK.WAVG,2024-03-19,47.0797
EG.FX.IBK.WAVG,2024-03-20,46.953
EG.FX.IBK.WAVG,2024-03-21,46.6772
EG.FX.IBK.WAVG,2024-03-24,46.5602
EG.FX.IBK.WAVG,2024-03-25,47.418
EG.FX.IBK.WAVG,2024-03-26,47.787
EG.FX.IBK.WAVG,2024-03-27,47.2787
EG.FX.IBK.WAVG,2024-03-28,47.397
EG.FX.IBK.WAVG,2024-03-31,47.2155
EG.FX.IBK.WAVG,2024-04-01,47.192
EG.FX.IBK.WAVG,2024-04-02,47.1626
EG.FX.IBK.WAVG,2024-04-03,47.3978
EG.FX.IBK.WAVG,2024-04-04,47.3787
EG.FX.IBK.WAVG,2024-04-07,47.5546
EG.FX.IBK.WAVG,2024-04-08,47.5911
EG.FX.IBK.WAVG,2024-04-15,48.3596
EG.FX.IBK.WAVG,2024-04-16,48.5518
EG.FX.IBK.WAVG,2024-04-17,48.512
EG.FX.IBK.WAVG,2024-04-18,48.3374
EG.FX.IBK.WAVG,2024-04-21,48.3847
EG.FX.IBK.WAVG,2024-04-22,48.157
EG.FX.IBK.WAVG,2024-04-23,48.0615
EG.FX.IBK.WAVG,2024-04-24,47.9001
EG.FX.IBK.WAVG,2024-04-28,47.7377
EG.FX.IBK.WAVG,2024-04-29,47.9224
EG.FX.IBK.WAVG,2024-04-30,47.8557
EG.FX.IBK.WAVG,2024-05-01,47.8728
EG.FX.IBK.WAVG,2024-05-02,47.956
EG.FX.IBK.WAVG,2024-05-07,47.7185
EG.FX.IBK.WAVG,2024-05-08,47.552
EG.FX.IBK.WAVG,2024-05-09,47.3388
EG.FX.IBK.WAVG,2024-05-12,47.2808
EG.FX.IBK.WAVG,2024-05-13,47.0556
EG.FX.IBK.WAVG,2024-05-14,46.8634
EG.FX.IBK.WAVG,2024-05-15,46.8504
EG.FX.IBK.WAVG,2024-05-16,46.9037
EG.FX.IBK.WAVG,2024-05-19,46.8557
EG.FX.IBK.WAVG,2024-05-20,46.6253
EG.FX.IBK.WAVG,2024-05-21,46.6464
EG.FX.IBK.WAVG,2024-05-22,46.8104
EG.FX.IBK.WAVG,2024-05-23,47.1213
EG.FX.IBK.WAVG,2024-05-26,46.9497
EG.FX.IBK.WAVG,2024-05-27,47.1781
EG.FX.IBK.WAVG,2024-05-28,47.519
EG.FX.IBK.WAVG,2024-05-29,47.3192
EG.FX.IBK.WAVG,2024-05-30,47.2815
EG.FX.IBK.WAVG,2024-06-02,47.3326
EG.FX.IBK.WAVG,2024-06-03,47.1411
EG.FX.IBK.WAVG,2024-06-04,47.4403
EG.FX.IBK.WAVG,2024-06-05,47.6274
EG.FX.IBK.WAVG,2024-06-06,47.5192
EG.FX.IBK.WAVG,2024-06-09,47.5919
EG.FX.IBK.WAVG,2024-06-10,47.7157
EG.FX.IBK.WAVG,2024-06-11,47.5553
EG.FX.IBK.WAVG,2024-06-12,47.7109
EG.FX.IBK.WAVG,2024-06-13,47.7091
EG.FX.IBK.WAVG,2024-06-23,48.1469
EG.FX.IBK.WAVG,2024-06-24,48.3191
EG.FX.IBK.WAVG,2024-06-25,48.3806
EG.FX.IBK.WAVG,2024-06-26,48.0669
EG.FX.IBK.WAVG,2024-06-27,48.0303
EG.FX.IBK.WAVG,2024-07-01,48.2757
EG.FX.IBK.WAVG,2024-07-02,48.1751
EG.FX.IBK.WAVG,2024-07-03,48.1571
EG.FX.IBK.WAVG,2024-07-04,48.017
EG.FX.IBK.WAVG,2024-07-07,47.9571
EG.FX.IBK.WAVG,2024-07-08,47.9346
EG.FX.IBK.WAVG,2024-07-09,48.0901
EG.FX.IBK.WAVG,2024-07-10,48.0131
EG.FX.IBK.WAVG,2024-07-14,47.948
EG.FX.IBK.WAVG,2024-07-15,47.9697
EG.FX.IBK.WAVG,2024-07-16,48.0354
EG.FX.IBK.WAVG,2024-07-17,48.2259
EG.FX.IBK.WAVG,2024-07-18,48.2517
EG.FX.IBK.WAVG,2024-07-21,48.3858
EG.FX.IBK.WAVG,2024-07-22,48.4406
EG.FX.IBK.WAVG,2024-07-23,48.3669
EG.FX.IBK.WAVG,2024-07-24,48.3561
EG.FX.IBK.WAVG,2024-07-28,48.3408
EG.FX.IBK.WAVG,2024-07-29,48.331
EG.FX.IBK.WAVG,2024-07-30,48.4029
EG.FX.IBK.WAVG,2024-07-31,48.5774
EG.FX.IBK.WAVG,2024-08-01,48.6907
EG.FX.IBK.WAVG,2024-08-04,48.7894
EG.FX.IBK.WAVG,2024-08-05,49.2565
EG.FX.IBK.WAVG,2024-08-06,49.2166
EG.FX.IBK.WAVG,2024-08-07,49.2291
EG.FX.IBK.WAVG,2024-08-08,49.2792
EG.FX.IBK.WAVG,2024-08-11,49.2345
EG.FX.IBK.WAVG,2024-08-12,49.3078
EG.FX.IBK.WAVG,2024-08-13,49.3722
EG.FX.IBK.WAVG,2024-08-14,49.1042
EG.FX.IBK.WAVG,2024-08-15,48.9046
EG.FX.IBK.WAVG,2024-08-18,48.812
EG.FX.IBK.WAVG,2024-08-19,48.7845
EG.FX.IBK.WAVG,2024-08-20,48.8753
EG.FX.IBK.WAVG,2024-08-21,48.799
EG.FX.IBK.WAVG,2024-08-22,48.7948
EG.FX.IBK.WAVG,2024-08-25,48.7907
EG.FX.IBK.WAVG,2024-08-26,48.7438
EG.FX.IBK.WAVG,2024-08-27,48.7038
EG.FX.IBK.WAVG,2024-08-28,48.6547
EG.FX.IBK.WAVG,2024-08-29,48.621
EG.FX.IBK.WAVG,2024-09-01,48.5669
EG.FX.IBK.WAVG,2024-09-02,48.5315
EG.FX.IBK.WAVG,2024-09-03,48.4985
EG.FX.IBK.WAVG,2024-09-04,48.4944
EG.FX.IBK.WAVG,2024-09-05,48.441
EG.FX.IBK.WAVG,2024-09-08,48.3986
EG.FX.IBK.WAVG,2024-09-09,48.3581
EG.FX.IBK.WAVG,2024-09-10,48.3528
EG.FX.IBK.WAVG,2024-09-11,48.3797
EG.FX.IBK.WAVG,2024-09-12,48.436
EG.FX.IBK.WAVG,2024-09-16,48.4287
EG.FX.IBK.WAVG,2024-09-17,48.4204
EG.FX.IBK.WAVG,2024-09-18,48.5579
EG.FX.IBK.WAVG,2024-09-19,48.5188
EG.FX.IBK.WAVG,2024-09-22,48.5789
EG.FX.IBK.WAVG,2024-09-23,48.6709
EG.FX.IBK.WAVG,2024-09-24,48.6916
EG.FX.IBK.WAVG,2024-09-25,48.5554
EG.FX.IBK.WAVG,2024-09-26,48.3557
EG.FX.IBK.WAVG,2024-09-29,48.4106
EG.FX.IBK.WAVG,2024-09-30,48.2945
EG.FX.IBK.WAVG,2024-10-01,48.2413
EG.FX.IBK.WAVG,2024-10-02,48.3705
EG.FX.IBK.WAVG,2024-10-03,48.3416
EG.FX.IBK.WAVG,2024-10-07,48.4269
EG.FX.IBK.WAVG,2024-10-08,48.5778
EG.FX.IBK.WAVG,2024-10-09,48.5101
EG.FX.IBK.WAVG,2024-10-10,48.5738
EG.FX.IBK.WAVG,2024-10-13,48.5688
EG.FX.IBK.WAVG,2024-10-14,48.6137
EG.FX.IBK.WAVG,2024-10-15,48.5466
EG.FX.IBK.WAVG,2024-10-16,48.6139
EG.FX.IBK.WAVG,2024-10-17,48.6384
EG.FX.IBK.WAVG,2024-10-20,48.6087
EG.FX.IBK.WAVG,2024-10-21,48.661
EG.FX.IBK.WAVG,2024-10-22,48.695
EG.FX.IBK.WAVG,2024-10-23,48.7383
EG.FX.IBK.WAVG,2024-10-24,48.7944
EG.FX.IBK.WAVG,2024-10-27,48.7397
EG.FX.IBK.WAVG,2024-10-28,48.6942
EG.FX.IBK.WAVG,2024-10-29,48.71
EG.FX.IBK.WAVG,2024-10-30,48.7728
EG.FX.IBK.WAVG,2024-10-31,48.9604
EG.FX.IBK.WAVG,2024-11-03,49.005
EG.FX.IBK.WAVG,2024-11-04,49.0899
EG.FX.IBK.WAVG,2024-11-05,49.1444
EG.FX.IBK.WAVG,2024-11-06,49.2353
EG.FX.IBK.WAVG,2024-11-07,49.3039
EG.FX.IBK.WAVG,2024-11-10,49.2464
EG.FX.IBK.WAVG,2024-11-11,49.2137
EG.FX.IBK.WAVG,2024-11-12,49.2189
EG.FX.IBK.WAVG,2024-11-13,49.3182
EG.FX.IBK.WAVG,2024-11-14,49.3796
EG.FX.IBK.WAVG,2024-11-17,49.3772
EG.FX.IBK.WAVG,2024-11-18,49.4343
EG.FX.IBK.WAVG,2024-11-19,49.5343
EG.FX.IBK.WAVG,2024-11-20,49.7381
EG.FX.IBK.WAVG,2024-11-21,49.6754
EG.FX.IBK.WAVG,2024-11-24,49.6649
EG.FX.IBK.WAVG,2024-11-25,49.6173
EG.FX.IBK.WAVG,2024-11-26,49.5958
EG.FX.IBK.WAVG,2024-11-27,49.672
EG.FX.IBK.WAVG,2024-11-28,49.5969
EG.FX.IBK.WAVG,2024-12-01,49.5905
EG.FX.IBK.WAVG,2024-12-02,49.7158
EG.FX.IBK.WAVG,2024-12-03,49.7392
EG.FX.IBK.WAVG,2024-12-04,49.8376
EG.FX.IBK.WAVG,2024-12-05,50.0024
EG.FX.IBK.WAVG,2024-12-08,50.2424
EG.FX.IBK.WAVG,2024-12-09,50.5149
EG.FX.IBK.WAVG,2024-12-10,50.4607
EG.FX.IBK.WAVG,2024-12-11,50.6544
EG.FX.IBK.WAVG,2024-12-12,50.8431
EG.FX.IBK.WAVG,2024-12-15,50.7994
EG.FX.IBK.WAVG,2024-12-16,50.8185
EG.FX.IBK.WAVG,2024-12-17,50.7944
EG.FX.IBK.WAVG,2024-12-18,50.8773
EG.FX.IBK.WAVG,2024-12-19,50.9202
EG.FX.IBK.WAVG,2024-12-22,50.9249
EG.FX.IBK.WAVG,2024-12-23,51.0757
EG.FX.IBK.WAVG,2024-12-24,50.9067
EG.FX.IBK.WAVG,2024-12-25,50.9162
EG.FX.IBK.WAVG,2024-12-26,50.8838
EG.FX.IBK.WAVG,2024-12-29,50.855
EG.FX.IBK.WAVG,2024-12-30,50.8415
EG.FX.IBK.WAVG,2024-12-31,50.8388
EG.FX.IBK.WAVG,2025-01-02,50.772
EG.FX.IBK.WAVG,2025-01-05,50.6956
EG.FX.IBK.WAVG,2025-01-06,50.6594
EG.FX.IBK.WAVG,2025-01-08,50.6008
EG.FX.IBK.WAVG,2025-01-09,50.5741
EG.FX.IBK.WAVG,2025-01-12,50.5702
EG.FX.IBK.WAVG,2025-01-13,50.5142
EG.FX.IBK.WAVG,2025-01-14,50.4577
EG.FX.IBK.WAVG,2025-01-15,50.4378
EG.FX.IBK.WAVG,2025-01-16,50.3755
EG.FX.IBK.WAVG,2025-01-19,50.3543
EG.FX.IBK.WAVG,2025-01-20,50.3088
EG.FX.IBK.WAVG,2025-01-21,50.2865
EG.FX.IBK.WAVG,2025-01-22,50.3225
EG.FX.IBK.WAVG,2025-01-23,50.2889
EG.FX.IBK.WAVG,2025-01-26,50.2542
EG.FX.IBK.WAVG,2025-01-27,50.2529
EG.FX.IBK.WAVG,2025-01-28,50.1988
EG.FX.IBK.WAVG,2025-01-29,50.2357
EG.FX.IBK.WAVG,2025-01-30,50.239
EG.FX.IBK.WAVG,2025-02-02,50.2294
EG.FX.IBK.WAVG,2025-02-03,50.346
EG.FX.IBK.WAVG,2025-02-04,50.3086
EG.FX.IBK.WAVG,2025-02-05,50.3193
EG.FX.IBK.WAVG,2025-02-06,50.3
EG.FX.IBK.WAVG,2025-02-09,50.2764
EG.FX.IBK.WAVG,2025-02-10,50.2914
EG.FX.IBK.WAVG,2025-02-11,50.4637
EG.FX.IBK.WAVG,2025-02-12,50.6281
EG.FX.IBK.WAVG,2025-02-13,50.6489
EG.FX.IBK.WAVG,2025-02-16,50.6285
EG.FX.IBK.WAVG,2025-02-17,50.6132
EG.FX.IBK.WAVG,2025-02-18,50.6592
EG.FX.IBK.WAVG,2025-02-19,50.6071
EG.FX.IBK.WAVG,2025-02-20,50.5669
EG.FX.IBK.WAVG,2025-02-23,50.5742
EG.FX.IBK.WAVG,2025-02-24,50.6219
EG.FX.IBK.WAVG,2025-02-25,50.5965
EG.FX.IBK.WAVG,2025-02-26,50.594
EG.FX.IBK.WAVG,2025-02-27,50.6616
EG.FX.IBK.WAVG,2025-03-02,50.6556
EG.FX.IBK.WAVG,2025-03-03,50.6563
EG.FX.IBK.WAVG,2025-03-04,50.6496
EG.FX.IBK.WAVG,2025-03-05,50.6847
EG.FX.IBK.WAVG,2025-03-06,50.7095
EG.FX.IBK.WAVG,2025-03-09,50.6405
EG.FX.IBK.WAVG,2025-03-10,50.6059
EG.FX.IBK.WAVG,2025-03-11,50.609
EG.FX.IBK.WAVG,2025-03-12,50.6878
EG.FX.IBK.WAVG,2025-03-13,50.6516
EG.FX.IBK.WAVG,2025-03-16,50.5901
EG.FX.IBK.WAVG,2025-03-17,50.5121
EG.FX.IBK.WAVG,2025-03-18,50.4807
EG.FX.IBK.WAVG,2025-03-19,50.6426
EG.FX.IBK.WAVG,2025-03-20,50.5644
EG.FX.IBK.WAVG,2025-03-23,50.6549
EG.FX.IBK.WAVG,2025-03-24,50.6109
EG.FX.IBK.WAVG,2025-03-25,50.5809
EG.FX.IBK.WAVG,2025-03-26,50.5526
EG.FX.IBK.WAVG,2025-03-27,50.5844
EG.FX.IBK.WAVG,2025-04-03,50.5983
EG.FX.IBK.WAVG,2025-04-06,51.1254
EG.FX.IBK.WAVG,2025-04-07,51.4005
EG.FX.IBK.WAVG,2025-04-08,51.263
EG.FX.IBK.WAVG,2025-04-09,51.6825
EG.FX.IBK.WAVG,2025-04-10,51.3424
EG.FX.IBK.WAVG,2025-04-13,51.2363
EG.FX.IBK.WAVG,2025-04-14,50.9992
EG.FX.IBK.WAVG,2025-04-15,50.9935
EG.FX.IBK.WAVG,2025-04-16,51.1049
EG.FX.IBK.WAVG,2025-04-17,51.1225
EG.FX.IBK.WAVG,2025-04-22,51.034
EG.FX.IBK.WAVG,2025-04-23,50.9475
EG.FX.IBK.WAVG,2025-04-27,50.934
EG.FX.IBK.WAVG,2025-04-28,50.8125
EG.FX.IBK.WAVG,2025-04-29,50.8076
EG.FX.IBK.WAVG,2025-04-30,50.8104
EG.FX.IBK.WAVG,2025-05-04,50.7156
EG.FX.IBK.WAVG,2025-05-05,50.6802
EG.FX.IBK.WAVG,2025-05-06,50.6665
EG.FX.IBK.WAVG,2025-05-07,50.6419
EG.FX.IBK.WAVG,2025-05-08,50.6235
EG.FX.IBK.WAVG,2025-05-11,50.6057
EG.FX.IBK.WAVG,2025-05-12,50.5047
EG.FX.IBK.WAVG,2025-05-13,50.4409
EG.FX.IBK.WAVG,2025-05-14,50.3898
EG.FX.IBK.WAVG,2025-05-15,50.1482
EG.FX.IBK.WAVG,2025-05-18,50.1083
EG.FX.IBK.WAVG,2025-05-19,50.0529
EG.FX.IBK.WAVG,2025-05-20,49.8934
EG.FX.IBK.WAVG,2025-05-21,49.8609
EG.FX.IBK.WAVG,2025-05-22,49.9017
EG.FX.IBK.WAVG,2025-05-25,49.8992
EG.FX.IBK.WAVG,2025-05-26,49.8295
EG.FX.IBK.WAVG,2025-05-27,49.7948
EG.FX.IBK.WAVG,2025-05-28,49.8027
EG.FX.IBK.WAVG,2025-05-29,49.7448
EG.FX.IBK.WAVG,2025-06-01,49.7
EG.FX.IBK.WAVG,2025-06-02,49.6876
EG.FX.IBK.WAVG,2025-06-03,49.6847
EG.FX.IBK.WAVG,2025-06-04,49.6417
EG.FX.IBK.WAVG,2025-06-10,49.5168
EG.FX.IBK.WAVG,2025-06-11,49.4933
EG.FX.IBK.WAVG,2025-06-12,49.7822
EG.FX.IBK.WAVG,2025-06-15,50.6209
EG.FX.IBK.WAVG,2025-06-16,50.273
EG.FX.IBK.WAVG,2025-06-17,50.1459
EG.FX.IBK.WAVG,2025-06-18,50.545
EG.FX.IBK.WAVG,2025-06-19,50.6651
EG.FX.IBK.WAVG,2025-06-22,50.8038
EG.FX.IBK.WAVG,2025-06-23,50.6892
EG.FX.IBK.WAVG,2025-06-24,50.0474
EG.FX.IBK.WAVG,2025-06-25,49.9063
EG.FX.IBK.WAVG,2025-06-29,49.6926
EG.FX.IBK.WAVG,2025-06-30,49.5971
EG.FX.IBK.WAVG,2025-07-01,49.4496
EG.FX.IBK.WAVG,2025-07-02,49.3425
EG.FX.IBK.WAVG,2025-07-06,49.3386
EG.FX.IBK.WAVG,2025-07-07,49.6729
EG.FX.IBK.WAVG,2025-07-08,49.6879
EG.FX.IBK.WAVG,2025-07-09,49.6076
EG.FX.IBK.WAVG,2025-07-10,49.5155
EG.FX.IBK.WAVG,2025-07-13,49.4931
EG.FX.IBK.WAVG,2025-07-14,49.4648
EG.FX.IBK.WAVG,2025-07-15,49.4096
EG.FX.IBK.WAVG,2025-07-16,49.4275
EG.FX.IBK.WAVG,2025-07-17,49.4278
EG.FX.IBK.WAVG,2025-07-20,49.3556
EG.FX.IBK.WAVG,2025-07-21,49.2428
EG.FX.IBK.WAVG,2025-07-22,49.0755
EG.FX.IBK.WAVG,2025-07-23,49.0855
EG.FX.IBK.WAVG,2025-07-27,48.8748
EG.FX.IBK.WAVG,2025-07-28,48.7733
EG.FX.IBK.WAVG,2025-07-29,48.6598
EG.FX.IBK.WAVG,2025-07-30,48.7112
EG.FX.IBK.WAVG,2025-07-31,48.6766
EG.FX.IBK.WAVG,2025-08-03,48.6412
EG.FX.IBK.WAVG,2025-08-04,48.446
EG.FX.IBK.WAVG,2025-08-05,48.4239
EG.FX.IBK.WAVG,2025-08-06,48.4574
EG.FX.IBK.WAVG,2025-08-07,48.5576
EG.FX.IBK.WAVG,2025-08-10,48.4968
EG.FX.IBK.WAVG,2025-08-11,48.4953
EG.FX.IBK.WAVG,2025-08-12,48.4353
EG.FX.IBK.WAVG,2025-08-13,48.3173
EG.FX.IBK.WAVG,2025-08-14,48.3001
EG.FX.IBK.WAVG,2025-08-17,48.3134
EG.FX.IBK.WAVG,2025-08-18,48.3653
EG.FX.IBK.WAVG,2025-08-19,48.4565
EG.FX.IBK.WAVG,2025-08-20,48.6101
EG.FX.IBK.WAVG,2025-08-21,48.5054
EG.FX.IBK.WAVG,2025-08-24,48.4061
EG.FX.IBK.WAVG,2025-08-25,48.5092
EG.FX.IBK.WAVG,2025-08-26,48.595
EG.FX.IBK.WAVG,2025-08-27,48.6459
EG.FX.IBK.WAVG,2025-08-28,48.5963
EG.FX.IBK.WAVG,2025-08-31,48.587
EG.FX.IBK.WAVG,2025-09-01,48.5587
EG.FX.IBK.WAVG,2025-09-02,48.5264
EG.FX.IBK.WAVG,2025-09-03,48.5866
EG.FX.IBK.WAVG,2025-09-07,48.4927
EG.FX.IBK.WAVG,2025-09-08,48.224
EG.FX.IBK.WAVG,2025-09-09,48.0
EG.FX.IBK.WAVG,2025-09-10,48.1405
EG.FX.IBK.WAVG,2025-09-11,48.2013
EG.FX.IBK.WAVG,2025-09-14,48.2115
EG.FX.IBK.WAVG,2025-09-15,48.1794
EG.FX.IBK.WAVG,2025-09-16,48.1113
EG.FX.IBK.WAVG,2025-09-17,48.1576
EG.FX.IBK.WAVG,2025-09-18,48.1983
EG.FX.IBK.WAVG,2025-09-21,48.2289
EG.FX.IBK.WAVG,2025-09-22,48.2119
EG.FX.IBK.WAVG,2025-09-23,48.2059
EG.FX.IBK.WAVG,2025-09-24,48.1628
EG.FX.IBK.WAVG,2025-09-25,48.1229
EG.FX.IBK.WAVG,2025-09-28,48.1533
EG.FX.IBK.WAVG,2025-09-29,48.0474
EG.FX.IBK.WAVG,2025-09-30,47.8744
EG.FX.IBK.WAVG,2025-10-01,47.8595
EG.FX.IBK.WAVG,2025-10-02,47.7621
EG.FX.IBK.WAVG,2025-10-05,47.6321
EG.FX.IBK.WAVG,2025-10-06,47.6144
EG.FX.IBK.WAVG,2025-10-07,47.5571
EG.FX.IBK.WAVG,2025-10-08,47.5542
EG.FX.IBK.WAVG,2025-10-12,47.8849
EG.FX.IBK.WAVG,2025-10-13,47.7041
EG.FX.IBK.WAVG,2025-10-14,47.7141
EG.FX.IBK.WAVG,2025-10-15,47.6434
EG.FX.IBK.WAVG,2025-10-16,47.5815
EG.FX.IBK.WAVG,2025-10-19,47.5617
EG.FX.IBK.WAVG,2025-10-20,47.4952
EG.FX.IBK.WAVG,2025-10-21,47.5584
EG.FX.IBK.WAVG,2025-10-22,47.5569
EG.FX.IBK.WAVG,2025-10-23,47.5911
EG.FX.IBK.WAVG,2025-10-26,47.52
EG.FX.IBK.WAVG,2025-10-27,47.435
EG.FX.IBK.WAVG,2025-10-28,47.36
EG.FX.IBK.WAVG,2025-10-29,47.301
EG.FX.IBK.WAVG,2025-10-30,47.2191
EG.FX.IBK.WAVG,2025-11-02,47.233
EG.FX.IBK.WAVG,2025-11-03,47.2502
EG.FX.IBK.WAVG,2025-11-04,47.3744
EG.FX.IBK.WAVG,2025-11-05,47.4119
EG.FX.IBK.WAVG,2025-11-06,47.3508
EG.FX.IBK.WAVG,2025-11-09,47.3394
EG.FX.IBK.WAVG,2025-11-10,47.2641
EG.FX.IBK.WAVG,2025-11-11,47.2175
EG.FX.IBK.WAVG,2025-11-12,47.2267
EG.FX.IBK.WAVG,2025-11-13,47.1813
EG.FX.IBK.WAVG,2025-11-16,47.1418
EG.FX.IBK.WAVG,2025-11-17,47.0579
EG.FX.IBK.WAVG,2025-11-18,47.1762
EG.FX.IBK.WAVG,2025-11-19,47.3974
EG.FX.IBK.WAVG,2025-11-20,47.4543
EG.FX.IBK.WAVG,2025-11-23,47.6284
EG.FX.IBK.WAVG,2025-11-24,47.7637
EG.FX.IBK.WAVG,2025-11-25,47.8253
EG.FX.IBK.WAVG,2025-11-26,47.7108
EG.FX.IBK.WAVG,2025-11-27,47.6488
EG.FX.IBK.WAVG,2025-11-30,47.5789
EG.FX.IBK.WAVG,2025-12-01,47.5318
EG.FX.IBK.WAVG,2025-12-02,47.5144
EG.FX.IBK.WAVG,2025-12-03,47.5933
EG.FX.IBK.WAVG,2025-12-04,47.5658
EG.FX.IBK.WAVG,2025-12-07,47.4963
EG.FX.IBK.WAVG,2025-12-08,47.5378
EG.FX.IBK.WAVG,2025-12-09,47.6076
EG.FX.IBK.WAVG,2025-12-10,47.6296
EG.FX.IBK.WAVG,2025-12-11,47.5339
EG.FX.IBK.WAVG,2025-12-14,47.4847
EG.FX.IBK.WAVG,2025-12-15,47.4651
EG.FX.IBK.WAVG,2025-12-16,47.4184
EG.FX.IBK.WAVG,2025-12-17,47.5934
EG.FX.IBK.WAVG,2025-12-18,47.5856
EG.FX.IBK.WAVG,2025-12-21,47.5443
EG.FX.IBK.WAVG,2025-12-22,47.473
EG.FX.IBK.WAVG,2025-12-23,47.5343
EG.FX.IBK.WAVG,2025-12-24,47.5898
EG.FX.IBK.WAVG,2025-12-25,47.5998
EG.FX.IBK.WAVG,2025-12-28,47.6577
EG.FX.IBK.WAVG,2025-12-29,47.7136
EG.FX.IBK.WAVG,2025-12-30,47.6793
EG.FX.IBK.WAVG,2025-12-31,47.6712
EG.FX.IBK.WAVG,2026-01-04,47.5986
EG.FX.IBK.WAVG,2026-01-05,47.326
EG.FX.IBK.WAVG,2026-01-06,47.2673
EG.FX.IBK.WAVG,2026-01-08,47.2676
EG.FX.IBK.WAVG,2026-01-11,47.2006
EG.FX.IBK.WAVG,2026-01-12,47.1592
EG.FX.IBK.WAVG,2026-01-13,47.1251
EG.FX.IBK.WAVG,2026-01-14,47.3401
EG.FX.IBK.WAVG,2026-01-15,47.2894
EG.FX.IBK.WAVG,2026-01-18,47.3851
EG.FX.IBK.WAVG,2026-01-19,47.4212
EG.FX.IBK.WAVG,2026-01-20,47.4971
EG.FX.IBK.WAVG,2026-01-21,47.3908
EG.FX.IBK.WAVG,2026-01-22,47.1505
EG.FX.IBK.WAVG,2026-01-25,47.0684
EG.FX.IBK.WAVG,2026-01-26,47.0733
EG.FX.IBK.WAVG,2026-01-27,47.0411
EG.FX.IBK.WAVG,2026-01-28,46.9152
EG.FX.IBK.WAVG,2026-02-01,47.1306
EG.FX.IBK.WAVG,2026-02-02,47.081
EG.FX.IBK.WAVG,2026-02-03,46.9923
EG.FX.IBK.WAVG,2026-02-04,46.9279
EG.FX.IBK.WAVG,2026-02-05,46.9601
EG.FX.IBK.WAVG,2026-02-08,46.954
EG.FX.IBK.WAVG,2026-02-09,46.8884
EG.FX.IBK.WAVG,2026-02-10,46.8633
EG.FX.IBK.WAVG,2026-02-11,46.8515
EG.FX.IBK.WAVG,2026-02-12,46.824
EG.FX.IBK.WAVG,2026-02-15,46.7786
EG.FX.IBK.WAVG,2026-02-16,46.78
EG.FX.IBK.WAVG,2026-02-17,47.0263
EG.FX.IBK.WAVG,2026-02-18,47.012
EG.FX.IBK.WAVG,2026-02-19,47.5871
EG.FX.IBK.WAVG,2026-02-22,47.81
EG.FX.IBK.WAVG,2026-02-23,47.7379
EG.FX.IBK.WAVG,2026-02-24,47.9006
EG.FX.IBK.WAVG,2026-02-25,47.9537
EG.FX.IBK.WAVG,2026-02-26,47.9258
EG.FX.IBK.WAVG,2026-03-01,48.7544
EG.FX.IBK.WAVG,2026-03-02,49.2321
EG.FX.IBK.WAVG,2026-03-03,49.889
EG.FX.IBK.WAVG,2026-03-04,50.1879
EG.FX.IBK.WAVG,2026-03-05,50.1579
EG.FX.IBK.WAVG,2026-03-08,52.1683
EG.FX.IBK.WAVG,2026-03-09,52.7958
EG.FX.IBK.WAVG,2026-03-10,51.993
EG.FX.IBK.WAVG,2026-03-11,51.992
EG.FX.IBK.WAVG,2026-03-12,52.4523
EG.FX.IBK.WAVG,2026-03-15,52.5574
EG.FX.IBK.WAVG,2026-03-16,52.3801
EG.FX.IBK.WAVG,2026-03-17,52.3613
EG.FX.IBK.WAVG,2026-03-18,52.3593
EG.FX.IBK.WAVG,2026-03-24,52.6957
EG.FX.IBK.WAVG,2026-03-25,52.5879
EG.FX.IBK.WAVG,2026-03-26,52.8194
EG.FX.IBK.WAVG,2026-03-29,53.5946
EG.FX.IBK.WAVG,2026-03-30,54.5803
EG.FX.IBK.WAVG,2026-03-31,54.5946
EG.FX.IBK.WAVG,2026-04-01,53.6261
EG.FX.IBK.WAVG,2026-04-02,54.3666
EG.FX.IBK.WAVG,2026-04-05,54.4964
EG.FX.IBK.WAVG,2026-04-06,54.4424
EG.FX.IBK.WAVG,2026-04-07,54.718
EG.FX.IBK.WAVG,2026-04-08,53.3259
EG.FX.IBK.WAVG,2026-04-09,53.1401
EG.FX.IBK.WAVG,2026-04-14,52.5083
EG.FX.IBK.WAVG,2026-04-15,52.0058
EG.FX.IBK.WAVG,2026-04-16,51.8199
EG.FX.IBK.WAVG,2026-04-19,51.7447
EG.FX.IBK.WAVG,2026-04-20,51.9914
EG.FX.IBK.WAVG,2026-04-21,51.7822
EG.FX.IBK.WAVG,2026-04-22,52.0129
EG.FX.IBK.WAVG,2026-04-23,52.6299
EG.FX.IBK.WAVG,2026-04-26,52.6957
EG.FX.IBK.WAVG,2026-04-27,52.559
EG.FX.IBK.WAVG,2026-04-28,52.8529
EG.FX.IBK.WAVG,2026-04-29,53.0416
EG.FX.IBK.WAVG,2026-04-30,53.6197
EG.FX.IBK.WAVG,2026-05-03,53.5273
EG.FX.IBK.WAVG,2026-05-04,53.5294
EG.FX.IBK.WAVG,2026-05-05,53.7531
EG.FX.IBK.WAVG,2026-05-06,52.697
EG.FX.IBK.WAVG,2026-05-10,52.576
EG.FX.IBK.WAVG,2026-05-11,52.8229
EG.FX.IBK.WAVG,2026-05-12,52.957
EG.FX.IBK.WAVG,2026-05-13,52.9311
EG.FX.IBK.WAVG,2026-05-14,52.904
EG.FX.IBK.WAVG,2026-05-17,53.2937
EG.FX.IBK.WAVG,2026-05-18,53.3333
EG.FX.IBK.WAVG,2026-05-19,53.1274
EG.FX.IBK.WAVG,2026-05-20,53.438
EG.FX.IBK.WAVG,2026-05-21,52.9322
EG.FX.IBK.WAVG,2026-05-24,52.3158
EG.FX.IBK.WAVG,2026-05-25,52.2894
EG.FX.IBK.WAVG,2026-06-01,52.0063
EG.FX.IBK.WAVG,2026-06-02,51.8663
EG.FX.IBK.WAVG,2026-06-03,51.949
EG.FX.IBK.WAVG,2026-06-04,51.8271
EG.FX.IBK.WAVG,2026-06-07,51.8209
EG.FX.IBK.WAVG,2026-06-08,52.1591
EG.FX.IBK.WAVG,2026-06-09,51.7201
EG.FX.IBK.WAVG,2026-06-10,51.8333
EG.FX.IBK.WAVG,2026-06-11,51.9868
EG.FX.IBK.WAVG,2026-06-14,51.1173
EG.FX.IBK.WAVG,2026-06-15,50.3937
EG.FX.IBK.WAVG,2026-06-16,50.2294
EG.FX.IBK.WAVG,2026-06-17,49.9178
EG.FX.IBK.WAVG,2026-06-21,49.8739
EG.FX.IBK.WAVG,2026-06-22,49.8117
EG.FX.IBK.WAVG,2026-06-23,49.7043
EG.FX.IBK.WAVG,2026-06-24,49.6207
EG.FX.IBK.WAVG,2026-06-25,49.5344
EG.FX.IBK.WAVG,2026-06-28,49.3773
EG.FX.IBK.WAVG,2026-06-29,49.2936
EG.FX.IBK.WAVG,2026-06-30,49.2294
EG.FX.IBK.WAVG,2026-07-01,49.1254
EG.FX.IBK.WAVG,2026-07-05,48.9392
EG.FX.IBK.WAVG,2026-07-06,48.862
EG.FX.IBK.WAVG,2026-07-07,48.8129
EG.FX.IBK.WAVG,2026-07-08,49.642
EG.FX.IBK.WAVG,2026-07-09,49.7003
EG.FX.IBK.WAVG,2026-07-12,49.9257
EG.FX.IBK.WAVG,2026-07-13,50.2325
EG.FX.IBK.WAVG,2026-07-14,50.718
EG.FX.IBK.WAVG,2026-07-15,50.583
EG.FX.IBK.WAVG,2026-07-16,50.5471
EG.FX.IBK.WAVG,2026-07-19,51.1331
EG.FX.IBK.WAVG,2026-07-20,51.0833
EG.FX.IBK.WAVG,2026-07-21,51.0326
EG.FX.IBK.WAVG,2026-07-22,51.352
EG.FX.IBK.WAVG,2026-07-26,51.3091
EG.FX.IBK.WAVG,2026-07-27,50.7238
EG.FX.IBK.WAVG,2026-07-28,50.531
EG.FX.IBK.WAVG,2026-07-29,50.7126
EG.FX.IBK.WAVG,2026-07-30,51.1475
EG.FX.IBK.WAVG,2026-08-02,50.4151
EG.FX.IBK.WAVG,2026-08-03,50.2343
EG.FX.IBK.WAVG,2026-08-04,50.2871
EG.FX.IBK.WAVG,2026-08-05,49.8175
EG.FX.IBK.WAVG,2026-08-06,49.7878
EG.FX.IBK.WAVG,2026-08-09,49.8591
EG.FX.IBK.WAVG,2026-08-10,49.98
EG.FX.IBK.WAVG,2026-08-11,50.2836
EG.FX.IBK.WAVG,2026-08-12,50.2257
EG.FX.IBK.WAVG,2026-08-13,50.287
EG.FX.IBK.WAVG,2026-08-16,50.2545
EG.FX.IBK.WAVG,2026-08-17,50.204
EG.FX.IBK.WAVG,2026-08-18,50.5154
EG.FX.IBK.WAVG,2026-08-19,50.718
EG.FX.IBK.WAVG,2026-08-20,50.8837
