series_id,period,value
EG.IBK.BW.GT1M,2010-07-26,8.35
EG.IBK.BW.GT1M,2010-11-29,8.4
EG.IBK.BW.GT1M,2010-12-13,8.4
EG.IBK.BW.GT1M,2010-12-27,8.315
EG.IBK.BW.GT1M,2011-01-24,8.274
EG.IBK.BW.GT1M,2011-04-04,9.6
EG.IBK.BW.GT1M,2011-05-02,9.6
EG.IBK.BW.GT1M,2011-05-30,9.5
EG.IBK.BW.GT1M,2011-06-13,9.5
EG.IBK.BW.GT1M,2011-07-11,9.593
EG.IBK.BW.GT1M,2011-08-08,9.509
EG.IBK.BW.GT1M,2011-08-22,9.1
EG.IBK.BW.GT1M,2011-09-19,9.5
EG.IBK.BW.GT1M,2011-10-03,9.6
EG.IBK.BW.GT1M,2011-10-17,9.502
EG.IBK.BW.GT1M,2011-10-31,9.1
EG.IBK.BW.GT1M,2011-11-14,9.31
EG.IBK.BW.GT1M,2011-12-26,11.3
EG.IBK.BW.GT1M,2012-01-23,9.9
EG.IBK.BW.GT1M,2012-03-19,9.909
EG.IBK.BW.GT1M,2012-04-30,11.25
EG.IBK.BW.GT1M,2012-05-14,10.25
EG.IBK.BW.GT1M,2012-05-28,9.9
EG.IBK.BW.GT1M,2012-07-09,10.3
EG.IBK.BW.GT1M,2012-08-06,10.0
EG.IBK.BW.GT1M,2012-08-20,10.481
EG.IBK.BW.GT1M,2012-09-03,10.5
EG.IBK.BW.GT1M,2012-09-17,10.25
EG.IBK.BW.GT1M,2012-10-01,9.85
EG.IBK.BW.GT1M,2012-10-15,10.1
EG.IBK.BW.GT1M,2012-10-29,10.2
EG.IBK.BW.GT1M,2012-11-12,10.25
EG.IBK.BW.GT1M,2012-11-26,10.0
EG.IBK.BW.GT1M,2012-12-10,10.11
EG.IBK.BW.GT1M,2012-12-24,10.146
EG.IBK.BW.GT1M,2013-01-07,10.5
EG.IBK.BW.GT1M,2013-01-21,10.05
EG.IBK.BW.GT1M,2013-02-04,10.5
EG.IBK.BW.GT1M,2013-03-04,10.0
EG.IBK.BW.GT1M,2013-03-18,10.35
EG.IBK.BW.GT1M,2013-04-01,10.41
EG.IBK.BW.GT1M,2013-04-15,10.65
EG.IBK.BW.GT1M,2013-04-29,10.55
EG.IBK.BW.GT1M,2013-05-27,10.578
EG.IBK.BW.GT1M,2013-06-10,11.5
EG.IBK.BW.GT1M,2013-06-24,10.68
EG.IBK.BW.GT1M,2013-07-22,10.516
EG.IBK.BW.GT1M,2013-08-05,10.253
EG.IBK.BW.GT1M,2015-02-16,9.0
EG.IBK.BW.GT1M,2015-03-02,8.85
EG.IBK.BW.GT1M,2015-03-16,8.85
EG.IBK.BW.GT1M,2016-02-29,9.35
EG.IBK.BW.GT1M,2016-03-14,9.35
EG.IBK.BW.GT1M,2016-03-28,10.865
EG.IBK.BW.GT1M,2016-04-11,11.25
EG.IBK.BW.GT1M,2016-05-09,11.05
EG.IBK.BW.GT1M,2016-06-20,11.85
EG.IBK.BW.GT1M,2016-07-04,12.09
EG.IBK.BW.GT1M,2016-08-01,11.85
EG.IBK.BW.GT1M,2016-08-15,12.332
EG.IBK.BW.GT1M,2016-10-10,12.05
EG.IBK.BW.GT1M,2016-11-21,14.85
EG.IBK.BW.GT1M,2017-02-27,15.3
EG.IBK.BW.GT1M,2017-03-13,15.533
EG.IBK.BW.GT1M,2017-03-27,17.0
EG.IBK.BW.GT1M,2017-05-22,17.0
EG.IBK.BW.GT1M,2017-07-17,19.0
EG.IBK.BW.GT1M,2017-10-09,19.0
EG.IBK.BW.GT1M,2017-12-18,19.486
EG.IBK.BW.GT1M,2018-01-01,19.524
EG.IBK.BW.GT1M,2018-01-15,19.25
EG.IBK.BW.GT1M,2018-01-29,19.25
EG.IBK.BW.GT1M,2018-03-26,18.2
EG.IBK.BW.GT1M,2018-05-21,17.3
EG.IBK.BW.GT1M,2018-06-04,17.313
EG.IBK.BW.GT1M,2018-06-18,16.826
EG.IBK.BW.GT1M,2018-07-02,16.869
EG.IBK.BW.GT1M,2018-08-13,16.875
EG.IBK.BW.GT1M,2018-10-08,16.75
EG.IBK.BW.GT1M,2018-10-22,16.962
EG.IBK.BW.GT1M,2018-11-19,16.8
EG.IBK.BW.GT1M,2018-12-31,16.762
EG.IBK.BW.GT1M,2019-04-08,15.78
EG.IBK.BW.GT1M,2019-07-15,15.75
EG.IBK.BW.GT1M,2019-07-29,15.95
EG.IBK.BW.GT1M,2020-05-18,9.985
EG.IBK.BW.GT1M,2020-06-01,10.1
EG.IBK.BW.GT1M,2020-06-29,9.76
EG.IBK.BW.GT1M,2020-07-13,9.25
EG.IBK.BW.GT1M,2021-11-15,10.14
EG.IBK.BW.GT1M,2021-11-29,10.212
EG.IBK.BW.GT1M,2021-12-13,10.23
EG.IBK.BW.GT1M,2021-12-27,10.13
EG.IBK.BW.GT1M,2022-01-10,10.294
EG.IBK.BW.GT1M,2022-01-24,10.24
EG.IBK.BW.GT1M,2022-02-21,10.24
EG.IBK.BW.GT1M,2022-04-04,10.13
EG.IBK.BW.GT1M,2022-04-18,9.7
EG.IBK.BW.GT1M,2022-06-27,11.93
EG.IBK.BW.GT1M,2022-11-14,13.836
EG.IBK.BW.GT1M,2022-11-28,13.95
EG.IBK.BW.GT1M,2023-02-20,16.7
EG.IBK.BW.GT1M,2023-03-20,16.7
EG.IBK.BW.GT1M,2023-04-03,16.7
EG.IBK.BW.GT1M,2023-04-17,18.7
EG.IBK.BW.GT1M,2023-05-15,18.65
EG.IBK.BW.GT1M,2023-05-29,18.7
EG.IBK.BW.GT1M,2023-06-12,18.69
EG.IBK.BW.GT1M,2023-06-26,18.677
EG.IBK.BW.GT1M,2023-07-24,18.65
EG.IBK.BW.GT1M,2023-08-21,19.769
EG.IBK.BW.GT1M,2023-09-04,19.82
EG.IBK.BW.GT1M,2023-09-18,19.79
EG.IBK.BW.GT1M,2023-10-16,19.809
EG.IBK.BW.GT1M,2023-10-30,19.25
EG.IBK.BW.GT1M,2023-11-13,19.81
EG.IBK.BW.GT1M,2023-12-11,19.669
EG.IBK.BW.GT1M,2023-12-25,19.615
EG.IBK.BW.GT1M,2024-01-08,19.576
EG.IBK.BW.GT1M,2024-01-22,19.57
EG.IBK.BW.GT1M,2024-02-05,19.514
EG.IBK.BW.GT1M,2024-02-19,21.403
EG.IBK.BW.GT1M,2024-03-04,21.361
EG.IBK.BW.GT1M,2024-04-01,27.638
EG.IBK.BW.GT1M,2024-04-15,27.55
EG.IBK.BW.GT1M,2024-04-29,27.558
EG.IBK.BW.GT1M,2024-05-13,27.4
EG.IBK.BW.GT1M,2024-06-10,27.425
EG.IBK.BW.GT1M,2024-06-24,27.324
EG.IBK.BW.GT1M,2024-07-22,27.35
EG.IBK.BW.GT1M,2024-08-05,27.4
EG.IBK.BW.GT1M,2024-08-19,27.4
EG.IBK.BW.GT1M,2024-09-02,27.4
EG.IBK.BW.GT1M,2024-09-16,27.4
EG.IBK.BW.GT1M,2025-01-20,27.717
EG.IBK.BW.GT1M,2025-03-03,27.75
EG.IBK.BW.GT1M,2025-03-31,27.75
EG.IBK.BW.GT1M,2025-04-28,25.5
EG.IBK.BW.GT1M,2025-05-26,25.5
EG.IBK.BW.GT1M,2025-06-09,24.49
EG.IBK.BW.GT1M,2025-07-21,24.5
EG.IBK.BW.GT1M,2025-08-04,24.5
EG.IBK.BW.GT1M,2025-09-15,22.5
EG.IBK.BW.GT1M,2025-10-13,21.5
EG.IBK.BW.GT1M,2025-11-24,21.6
EG.IBK.BW.GT1M,2025-12-08,21.5
EG.IBK.BW.GT1M,2026-01-05,20.0
EG.IBK.BW.GT1M,2026-01-19,20.614
EG.IBK.BW.GT1M,2026-02-16,19.6
EG.IBK.BW.GT1M,2026-03-02,19.611
EG.IBK.BW.GT1M,2026-04-13,19.689
EG.IBK.BW.GT1M,2026-05-11,19.75
EG.IBK.BW.GT1M,2026-05-25,19.6
EG.IBK.BW.GT1M,2026-06-08,19.135
EG.IBK.BW.GT1M,2026-07-20,19.758
EG.IBK.BW.LT1M,2010-07-12,8.282
EG.IBK.BW.LT1M,2010-07-26,8.291
EG.IBK.BW.LT1M,2010-08-09,8.3
EG.IBK.BW.LT1M,2010-08-23,8.275
EG.IBK.BW.LT1M,2010-09-06,8.276
EG.IBK.BW.LT1M,2010-09-20,8.283
EG.IBK.BW.LT1M,2010-10-04,8.276
EG.IBK.BW.LT1M,2010-10-18,8.272
EG.IBK.BW.LT1M,2010-11-01,8.272
EG.IBK.BW.LT1M,2010-11-15,8.268
EG.IBK.BW.LT1M,2010-11-29,8.275
EG.IBK.BW.LT1M,2010-12-13,8.266
EG.IBK.BW.LT1M,2010-12-27,8.291
EG.IBK.BW.LT1M,2011-01-10,8.286
EG.IBK.BW.LT1M,2011-01-24,8.287
EG.IBK.BW.LT1M,2011-02-07,8.301
EG.IBK.BW.LT1M,2011-02-21,8.982
EG.IBK.BW.LT1M,2011-03-07,9.276
EG.IBK.BW.LT1M,2011-03-21,9.28
EG.IBK.BW.LT1M,2011-04-04,9.109
EG.IBK.BW.LT1M,2011-04-18,9.074
EG.IBK.BW.LT1M,2011-05-02,9.099
EG.IBK.BW.LT1M,2011-05-16,9.137
EG.IBK.BW.LT1M,2011-05-30,9.138
EG.IBK.BW.LT1M,2011-06-13,9.085
EG.IBK.BW.LT1M,2011-06-27,9.139
EG.IBK.BW.LT1M,2011-07-11,9.187
EG.IBK.BW.LT1M,2011-07-25,9.17
EG.IBK.BW.LT1M,2011-08-08,9.18
EG.IBK.BW.LT1M,2011-08-22,9.181
EG.IBK.BW.LT1M,2011-09-05,9.205
EG.IBK.BW.LT1M,2011-09-19,9.237
EG.IBK.BW.LT1M,2011-10-03,9.228
EG.IBK.BW.LT1M,2011-10-17,9.228
EG.IBK.BW.LT1M,2011-10-31,9.25
EG.IBK.BW.LT1M,2011-11-14,9.254
EG.IBK.BW.LT1M,2011-11-28,9.461
EG.IBK.BW.LT1M,2011-12-12,10.128
EG.IBK.BW.LT1M,2011-12-26,10.104
EG.IBK.BW.LT1M,2012-01-09,9.87
EG.IBK.BW.LT1M,2012-01-23,9.911
EG.IBK.BW.LT1M,2012-02-06,10.122
EG.IBK.BW.LT1M,2012-02-20,10.014
EG.IBK.BW.LT1M,2012-03-05,10.1
EG.IBK.BW.LT1M,2012-03-19,9.956
EG.IBK.BW.LT1M,2012-04-02,9.922
EG.IBK.BW.LT1M,2012-04-16,10.068
EG.IBK.BW.LT1M,2012-04-30,9.934
EG.IBK.BW.LT1M,2012-05-14,10.115
EG.IBK.BW.LT1M,2012-05-28,10.166
EG.IBK.BW.LT1M,2012-06-11,10.014
EG.IBK.BW.LT1M,2012-06-25,10.242
EG.IBK.BW.LT1M,2012-07-09,9.955
EG.IBK.BW.LT1M,2012-07-23,9.966
EG.IBK.BW.LT1M,2012-08-06,9.903
EG.IBK.BW.LT1M,2012-08-20,9.904
EG.IBK.BW.LT1M,2012-09-03,9.961
EG.IBK.BW.LT1M,2012-09-17,9.953
EG.IBK.BW.LT1M,2012-10-01,9.983
EG.IBK.BW.LT1M,2012-10-15,10.075
EG.IBK.BW.LT1M,2012-10-29,9.917
EG.IBK.BW.LT1M,2012-11-12,9.843
EG.IBK.BW.LT1M,2012-11-26,10.001
EG.IBK.BW.LT1M,2012-12-10,9.893
EG.IBK.BW.LT1M,2012-12-24,9.921
EG.IBK.BW.LT1M,2013-01-07,9.931
EG.IBK.BW.LT1M,2013-01-21,9.99
EG.IBK.BW.LT1M,2013-02-04,9.957
EG.IBK.BW.LT1M,2013-02-18,9.888
EG.IBK.BW.LT1M,2013-03-04,9.739
EG.IBK.BW.LT1M,2013-03-18,9.814
EG.IBK.BW.LT1M,2013-04-01,9.993
EG.IBK.BW.LT1M,2013-04-15,10.393
EG.IBK.BW.LT1M,2013-04-29,10.357
EG.IBK.BW.LT1M,2013-05-13,10.34
EG.IBK.BW.LT1M,2013-05-27,10.477
EG.IBK.BW.LT1M,2013-06-10,10.527
EG.IBK.BW.LT1M,2013-06-24,10.452
EG.IBK.BW.LT1M,2013-07-08,10.419
EG.IBK.BW.LT1M,2013-07-22,10.361
EG.IBK.BW.LT1M,2013-08-05,10.191
EG.IBK.BW.LT1M,2013-08-19,9.74
EG.IBK.BW.LT1M,2013-09-02,9.699
EG.IBK.BW.LT1M,2013-09-16,9.705
EG.IBK.BW.LT1M,2013-09-30,9.093
EG.IBK.BW.LT1M,2013-10-14,9.122
EG.IBK.BW.LT1M,2013-10-28,9.109
EG.IBK.BW.LT1M,2013-11-11,9.174
EG.IBK.BW.LT1M,2013-11-25,9.237
EG.IBK.BW.LT1M,2013-12-09,9.173
EG.IBK.BW.LT1M,2013-12-23,8.77
EG.IBK.BW.LT1M,2014-01-06,8.73
EG.IBK.BW.LT1M,2014-01-20,8.733
EG.IBK.BW.LT1M,2014-02-03,8.759
EG.IBK.BW.LT1M,2014-02-17,8.775
EG.IBK.BW.LT1M,2014-03-03,8.792
EG.IBK.BW.LT1M,2014-03-17,8.797
EG.IBK.BW.LT1M,2014-03-31,8.706
EG.IBK.BW.LT1M,2014-04-14,8.787
EG.IBK.BW.LT1M,2014-04-28,8.758
EG.IBK.BW.LT1M,2014-05-12,8.765
EG.IBK.BW.LT1M,2014-05-26,8.752
EG.IBK.BW.LT1M,2014-06-09,8.76
EG.IBK.BW.LT1M,2014-06-23,8.807
EG.IBK.BW.LT1M,2014-07-07,8.741
EG.IBK.BW.LT1M,2014-07-21,8.812
EG.IBK.BW.LT1M,2014-08-04,9.723
EG.IBK.BW.LT1M,2014-08-18,9.752
EG.IBK.BW.LT1M,2014-09-01,9.761
EG.IBK.BW.LT1M,2014-09-15,9.797
EG.IBK.BW.LT1M,2014-09-29,9.747
EG.IBK.BW.LT1M,2014-10-13,9.695
EG.IBK.BW.LT1M,2014-10-27,9.75
EG.IBK.BW.LT1M,2014-11-24,9.75
EG.IBK.BW.LT1M,2014-12-08,9.825
EG.IBK.BW.LT1M,2014-12-22,9.85
EG.IBK.BW.LT1M,2015-01-05,9.574
EG.IBK.BW.LT1M,2015-01-19,9.46
EG.IBK.BW.LT1M,2015-02-02,9.104
EG.IBK.BW.LT1M,2015-02-16,9.196
EG.IBK.BW.LT1M,2015-03-02,9.298
EG.IBK.BW.LT1M,2015-03-16,9.391
EG.IBK.BW.LT1M,2015-03-30,9.243
EG.IBK.BW.LT1M,2015-04-27,9.0
EG.IBK.BW.LT1M,2015-05-11,9.146
EG.IBK.BW.LT1M,2015-05-25,9.287
EG.IBK.BW.LT1M,2015-06-08,9.306
EG.IBK.BW.LT1M,2015-06-22,9.256
EG.IBK.BW.LT1M,2015-07-06,9.304
EG.IBK.BW.LT1M,2015-08-03,9.295
EG.IBK.BW.LT1M,2015-08-17,9.269
EG.IBK.BW.LT1M,2015-08-31,9.268
EG.IBK.BW.LT1M,2015-09-14,9.188
EG.IBK.BW.LT1M,2015-09-28,9.209
EG.IBK.BW.LT1M,2015-10-12,9.023
EG.IBK.BW.LT1M,2015-10-26,8.75
EG.IBK.BW.LT1M,2015-11-09,8.758
EG.IBK.BW.LT1M,2015-11-23,9.226
EG.IBK.BW.LT1M,2015-12-07,9.133
EG.IBK.BW.LT1M,2015-12-21,8.8
EG.IBK.BW.LT1M,2016-01-04,9.719
EG.IBK.BW.LT1M,2016-01-18,9.27
EG.IBK.BW.LT1M,2016-02-01,9.251
EG.IBK.BW.LT1M,2016-02-15,9.27
EG.IBK.BW.LT1M,2016-02-29,9.27
EG.IBK.BW.LT1M,2016-03-28,11.25
EG.IBK.BW.LT1M,2016-04-11,10.762
EG.IBK.BW.LT1M,2016-04-25,10.997
EG.IBK.BW.LT1M,2016-05-09,10.75
EG.IBK.BW.LT1M,2016-05-23,11.016
EG.IBK.BW.LT1M,2016-06-06,11.059
EG.IBK.BW.LT1M,2016-06-20,11.494
EG.IBK.BW.LT1M,2016-07-04,12.166
EG.IBK.BW.LT1M,2016-07-18,12.182
EG.IBK.BW.LT1M,2016-08-01,11.75
EG.IBK.BW.LT1M,2016-08-15,11.819
EG.IBK.BW.LT1M,2016-08-29,11.75
EG.IBK.BW.LT1M,2016-09-12,11.984
EG.IBK.BW.LT1M,2016-09-26,12.25
EG.IBK.BW.LT1M,2016-10-10,11.75
EG.IBK.BW.LT1M,2016-10-24,12.063
EG.IBK.BW.LT1M,2016-11-07,11.863
EG.IBK.BW.LT1M,2016-11-21,15.25
EG.IBK.BW.LT1M,2016-12-05,15.3
EG.IBK.BW.LT1M,2016-12-19,15.44
EG.IBK.BW.LT1M,2017-01-02,15.4
EG.IBK.BW.LT1M,2017-01-16,15.5
EG.IBK.BW.LT1M,2017-01-30,15.538
EG.IBK.BW.LT1M,2017-02-13,15.619
EG.IBK.BW.LT1M,2017-02-27,15.518
EG.IBK.BW.LT1M,2017-03-13,15.899
EG.IBK.BW.LT1M,2017-03-27,15.758
EG.IBK.BW.LT1M,2017-04-10,15.792
EG.IBK.BW.LT1M,2017-04-24,15.798
EG.IBK.BW.LT1M,2017-05-08,15.737
EG.IBK.BW.LT1M,2017-05-22,15.828
EG.IBK.BW.LT1M,2017-06-05,17.816
EG.IBK.BW.LT1M,2017-06-19,17.846
EG.IBK.BW.LT1M,2017-07-03,17.93
EG.IBK.BW.LT1M,2017-07-17,19.895
EG.IBK.BW.LT1M,2017-07-31,19.804
EG.IBK.BW.LT1M,2017-08-14,19.535
EG.IBK.BW.LT1M,2017-08-28,19.411
EG.IBK.BW.LT1M,2017-09-11,19.432
EG.IBK.BW.LT1M,2017-09-25,19.231
EG.IBK.BW.LT1M,2017-10-09,19.399
EG.IBK.BW.LT1M,2017-10-23,19.441
EG.IBK.BW.LT1M,2017-11-06,19.221
EG.IBK.BW.LT1M,2017-11-20,19.223
EG.IBK.BW.LT1M,2017-12-04,19.243
EG.IBK.BW.LT1M,2017-12-18,19.25
EG.IBK.BW.LT1M,2018-01-01,19.25
EG.IBK.BW.LT1M,2018-01-15,19.235
EG.IBK.BW.LT1M,2018-01-29,19.238
EG.IBK.BW.LT1M,2018-02-12,19.25
EG.IBK.BW.LT1M,2018-02-26,18.122
EG.IBK.BW.LT1M,2018-03-12,18.194
EG.IBK.BW.LT1M,2018-03-26,18.05
EG.IBK.BW.LT1M,2018-04-09,17.181
EG.IBK.BW.LT1M,2018-05-07,17.155
EG.IBK.BW.LT1M,2018-05-21,17.249
EG.IBK.BW.LT1M,2018-06-04,17.247
EG.IBK.BW.LT1M,2018-06-18,17.251
EG.IBK.BW.LT1M,2018-07-02,17.239
EG.IBK.BW.LT1M,2018-07-16,17.25
EG.IBK.BW.LT1M,2018-07-30,17.257
EG.IBK.BW.LT1M,2018-08-13,17.25
EG.IBK.BW.LT1M,2018-08-27,17.23
EG.IBK.BW.LT1M,2018-09-10,17.236
EG.IBK.BW.LT1M,2018-09-24,17.25
EG.IBK.BW.LT1M,2018-10-08,17.25
EG.IBK.BW.LT1M,2018-10-22,17.25
EG.IBK.BW.LT1M,2018-11-05,17.25
EG.IBK.BW.LT1M,2018-11-19,17.225
EG.IBK.BW.LT1M,2018-12-03,17.25
EG.IBK.BW.LT1M,2018-12-17,17.236
EG.IBK.BW.LT1M,2018-12-31,17.224
EG.IBK.BW.LT1M,2019-01-14,17.171
EG.IBK.BW.LT1M,2019-01-28,17.25
EG.IBK.BW.LT1M,2019-02-11,17.25
EG.IBK.BW.LT1M,2019-02-25,16.464
EG.IBK.BW.LT1M,2019-03-11,15.905
EG.IBK.BW.LT1M,2019-03-25,16.062
EG.IBK.BW.LT1M,2019-04-08,16.139
EG.IBK.BW.LT1M,2019-04-22,16.17
EG.IBK.BW.LT1M,2019-05-20,16.066
EG.IBK.BW.LT1M,2019-06-03,16.12
EG.IBK.BW.LT1M,2019-06-17,16.186
EG.IBK.BW.LT1M,2019-07-01,15.969
EG.IBK.BW.LT1M,2019-07-15,16.204
EG.IBK.BW.LT1M,2019-07-29,16.174
EG.IBK.BW.LT1M,2019-08-12,16.097
EG.IBK.BW.LT1M,2019-08-26,16.204
EG.IBK.BW.LT1M,2019-09-09,14.579
EG.IBK.BW.LT1M,2019-09-23,14.75
EG.IBK.BW.LT1M,2019-10-07,13.632
EG.IBK.BW.LT1M,2019-10-21,13.658
EG.IBK.BW.LT1M,2019-11-04,13.604
EG.IBK.BW.LT1M,2019-11-18,13.709
EG.IBK.BW.LT1M,2019-12-02,12.623
EG.IBK.BW.LT1M,2019-12-16,12.702
EG.IBK.BW.LT1M,2019-12-30,12.724
EG.IBK.BW.LT1M,2020-01-13,12.733
EG.IBK.BW.LT1M,2020-01-27,12.714
EG.IBK.BW.LT1M,2020-02-10,12.73
EG.IBK.BW.LT1M,2020-02-24,12.614
EG.IBK.BW.LT1M,2020-03-09,12.663
EG.IBK.BW.LT1M,2020-03-23,12.504
EG.IBK.BW.LT1M,2020-04-06,10.092
EG.IBK.BW.LT1M,2020-04-20,9.98
EG.IBK.BW.LT1M,2020-05-04,9.907
EG.IBK.BW.LT1M,2020-05-18,9.965
EG.IBK.BW.LT1M,2020-06-01,10.006
EG.IBK.BW.LT1M,2020-06-15,10.025
EG.IBK.BW.LT1M,2020-06-29,10.056
EG.IBK.BW.LT1M,2020-07-13,10.204
EG.IBK.BW.LT1M,2020-07-27,10.191
EG.IBK.BW.LT1M,2020-08-10,10.2
EG.IBK.BW.LT1M,2020-08-24,10.265
EG.IBK.BW.LT1M,2020-09-07,10.317
EG.IBK.BW.LT1M,2020-09-21,10.135
EG.IBK.BW.LT1M,2020-10-05,10.342
EG.IBK.BW.LT1M,2020-10-19,10.23
EG.IBK.BW.LT1M,2020-11-02,9.998
EG.IBK.BW.LT1M,2020-11-16,10.54
EG.IBK.BW.LT1M,2020-11-30,10.34
EG.IBK.BW.LT1M,2020-12-14,9.83
EG.IBK.BW.LT1M,2020-12-28,10.578
EG.IBK.BW.LT1M,2021-01-11,10.293
EG.IBK.BW.LT1M,2021-01-25,9.756
EG.IBK.BW.LT1M,2021-02-22,10.603
EG.IBK.BW.LT1M,2021-03-08,9.938
EG.IBK.BW.LT1M,2021-03-22,10.622
EG.IBK.BW.LT1M,2021-04-05,10.594
EG.IBK.BW.LT1M,2021-04-19,9.958
EG.IBK.BW.LT1M,2021-05-03,10.523
EG.IBK.BW.LT1M,2021-05-17,10.585
EG.IBK.BW.LT1M,2021-05-31,10.558
EG.IBK.BW.LT1M,2021-06-14,9.864
EG.IBK.BW.LT1M,2021-06-28,9.278
EG.IBK.BW.LT1M,2021-07-12,10.407
EG.IBK.BW.LT1M,2021-07-26,9.854
EG.IBK.BW.LT1M,2021-08-02,10.509
EG.IBK.BW.LT1M,2021-08-09,9.015
EG.IBK.BW.LT1M,2021-08-23,10.281
EG.IBK.BW.LT1M,2021-09-06,8.872
EG.IBK.BW.LT1M,2021-09-20,10.059
EG.IBK.BW.LT1M,2021-10-04,9.32
EG.IBK.BW.LT1M,2021-10-18,9.297
EG.IBK.BW.LT1M,2021-11-01,8.892
EG.IBK.BW.LT1M,2021-11-15,9.817
EG.IBK.BW.LT1M,2021-11-29,9.611
EG.IBK.BW.LT1M,2021-12-13,9.554
EG.IBK.BW.LT1M,2021-12-27,8.98
EG.IBK.BW.LT1M,2022-01-10,8.886
EG.IBK.BW.LT1M,2022-01-24,9.353
EG.IBK.BW.LT1M,2022-02-07,9.56
EG.IBK.BW.LT1M,2022-02-21,9.702
EG.IBK.BW.LT1M,2022-03-07,9.466
EG.IBK.BW.LT1M,2022-03-21,9.89
EG.IBK.BW.LT1M,2022-04-04,9.838
EG.IBK.BW.LT1M,2022-04-18,9.72
EG.IBK.BW.LT1M,2022-05-02,9.829
EG.IBK.BW.LT1M,2022-05-16,9.868
EG.IBK.BW.LT1M,2022-05-30,11.528
EG.IBK.BW.LT1M,2022-06-13,11.625
EG.IBK.BW.LT1M,2022-06-27,11.841
EG.IBK.BW.LT1M,2022-07-11,11.678
EG.IBK.BW.LT1M,2022-07-25,11.789
EG.IBK.BW.LT1M,2022-08-08,11.766
EG.IBK.BW.LT1M,2022-08-22,11.719
EG.IBK.BW.LT1M,2022-09-05,11.729
EG.IBK.BW.LT1M,2022-09-19,11.615
EG.IBK.BW.LT1M,2022-10-03,11.414
EG.IBK.BW.LT1M,2022-10-17,11.641
EG.IBK.BW.LT1M,2022-10-31,11.516
EG.IBK.BW.LT1M,2022-11-14,13.661
EG.IBK.BW.LT1M,2022-11-28,13.697
EG.IBK.BW.LT1M,2022-12-12,13.504
EG.IBK.BW.LT1M,2022-12-26,15.262
EG.IBK.BW.LT1M,2023-01-09,16.622
EG.IBK.BW.LT1M,2023-01-23,16.57
EG.IBK.BW.LT1M,2023-02-06,16.72
EG.IBK.BW.LT1M,2023-02-20,16.75
EG.IBK.BW.LT1M,2023-03-06,16.647
EG.IBK.BW.LT1M,2023-03-20,16.708
EG.IBK.BW.LT1M,2023-04-03,16.563
EG.IBK.BW.LT1M,2023-04-17,18.527
EG.IBK.BW.LT1M,2023-05-01,18.373
EG.IBK.BW.LT1M,2023-05-15,18.391
EG.IBK.BW.LT1M,2023-05-29,18.338
EG.IBK.BW.LT1M,2023-06-12,18.361
EG.IBK.BW.LT1M,2023-06-26,18.392
EG.IBK.BW.LT1M,2023-07-10,18.563
EG.IBK.BW.LT1M,2023-07-24,18.33
EG.IBK.BW.LT1M,2023-08-07,18.692
EG.IBK.BW.LT1M,2023-09-04,19.282
EG.IBK.BW.LT1M,2023-10-02,19.321
EG.IBK.BW.LT1M,2023-10-16,19.316
EG.IBK.BW.LT1M,2023-10-30,19.554
EG.IBK.BW.LT1M,2023-11-13,19.687
EG.IBK.BW.LT1M,2023-11-27,19.75
EG.IBK.BW.LT1M,2023-12-11,19.291
EG.IBK.BW.LT1M,2023-12-25,19.263
EG.IBK.BW.LT1M,2024-01-08,19.342
EG.IBK.BW.LT1M,2024-01-22,19.313
EG.IBK.BW.LT1M,2024-02-05,19.642
EG.IBK.BW.LT1M,2024-02-19,21.35
EG.IBK.BW.LT1M,2024-03-04,21.38
EG.IBK.BW.LT1M,2024-03-18,27.765
EG.IBK.BW.LT1M,2024-04-01,27.506
EG.IBK.BW.LT1M,2024-04-15,27.32
EG.IBK.BW.LT1M,2024-04-29,27.31
EG.IBK.BW.LT1M,2024-05-13,27.282
EG.IBK.BW.LT1M,2024-05-27,27.305
EG.IBK.BW.LT1M,2024-06-10,27.436
EG.IBK.BW.LT1M,2024-06-24,27.448
EG.IBK.BW.LT1M,2024-07-08,27.318
EG.IBK.BW.LT1M,2024-07-22,27.311
EG.IBK.BW.LT1M,2024-08-05,27.322
EG.IBK.BW.LT1M,2024-08-19,27.293
EG.IBK.BW.LT1M,2024-09-02,27.327
EG.IBK.BW.LT1M,2024-09-16,27.301
EG.IBK.BW.LT1M,2024-09-30,27.322
EG.IBK.BW.LT1M,2024-10-14,27.376
EG.IBK.BW.LT1M,2024-10-28,27.371
EG.IBK.BW.LT1M,2024-11-11,27.379
EG.IBK.BW.LT1M,2024-11-25,27.358
EG.IBK.BW.LT1M,2024-12-09,27.443
EG.IBK.BW.LT1M,2024-12-23,27.372
EG.IBK.BW.LT1M,2025-01-06,27.532
EG.IBK.BW.LT1M,2025-01-20,27.455
EG.IBK.BW.LT1M,2025-02-03,27.636
EG.IBK.BW.LT1M,2025-02-17,27.693
EG.IBK.BW.LT1M,2025-03-03,27.445
EG.IBK.BW.LT1M,2025-03-17,27.629
EG.IBK.BW.LT1M,2025-03-31,27.531
EG.IBK.BW.LT1M,2025-04-14,27.37
EG.IBK.BW.LT1M,2025-04-28,25.166
EG.IBK.BW.LT1M,2025-05-12,25.447
EG.IBK.BW.LT1M,2025-05-26,24.735
EG.IBK.BW.LT1M,2025-06-09,24.486
EG.IBK.BW.LT1M,2025-06-23,24.35
EG.IBK.BW.LT1M,2025-07-07,24.354
EG.IBK.BW.LT1M,2025-07-21,24.487
EG.IBK.BW.LT1M,2025-08-04,24.464
EG.IBK.BW.LT1M,2025-08-18,24.358
EG.IBK.BW.LT1M,2025-09-01,23.925
EG.IBK.BW.LT1M,2025-09-15,22.475
EG.IBK.BW.LT1M,2025-09-29,22.333
EG.IBK.BW.LT1M,2025-10-13,21.109
EG.IBK.BW.LT1M,2025-10-27,21.5
EG.IBK.BW.LT1M,2025-11-10,21.256
EG.IBK.BW.LT1M,2025-11-24,21.294
EG.IBK.BW.LT1M,2025-12-08,21.087
EG.IBK.BW.LT1M,2025-12-22,21.252
EG.IBK.BW.LT1M,2026-01-05,20.638
EG.IBK.BW.LT1M,2026-01-19,20.715
EG.IBK.BW.LT1M,2026-02-02,20.425
EG.IBK.BW.LT1M,2026-02-16,20.236
EG.IBK.BW.LT1M,2026-03-02,19.741
EG.IBK.BW.LT1M,2026-03-16,19.503
EG.IBK.BW.LT1M,2026-03-30,19.71
EG.IBK.BW.LT1M,2026-04-13,19.68
EG.IBK.BW.LT1M,2026-04-27,19.825
EG.IBK.BW.LT1M,2026-05-11,19.672
EG.IBK.BW.LT1M,2026-05-25,19.651
EG.IBK.BW.LT1M,2026-06-08,19.899
EG.IBK.BW.LT1M,2026-06-22,19.672
EG.IBK.BW.LT1M,2026-07-06,19.832
EG.IBK.BW.LT1M,2026-07-20,19.702
EG.IBK.BW.LT1M,2026-08-03,19.877
EG.IBK.BW.LT1M,2026-08-17,19.126
EG.IBK.BW.LT1W,2010-07-12,8.267
EG.IBK.BW.LT1W,2010-07-26,8.271
EG.IBK.BW.LT1W,2010-08-09,8.3
EG.IBK.BW.LT1W,2010-08-23,8.262
EG.IBK.BW.LT1W,2010-09-06,8.26
EG.IBK.BW.LT1W,2010-09-20,8.263
EG.IBK.BW.LT1W,2010-10-04,8.269
EG.IBK.BW.LT1W,2010-10-18,8.255
EG.IBK.BW.LT1W,2010-11-15,8.253
EG.IBK.BW.LT1W,2010-11-29,8.266
EG.IBK.BW.LT1W,2010-12-13,8.259
EG.IBK.BW.LT1W,2010-12-27,8.258
EG.IBK.BW.LT1W,2011-01-10,8.268
EG.IBK.BW.LT1W,2011-01-24,8.267
EG.IBK.BW.LT1W,2011-02-07,8.446
EG.IBK.BW.LT1W,2011-02-21,9.233
EG.IBK.BW.LT1W,2011-03-07,9.036
EG.IBK.BW.LT1W,2011-03-21,9.04
EG.IBK.BW.LT1W,2011-04-04,8.893
EG.IBK.BW.LT1W,2011-04-18,8.964
EG.IBK.BW.LT1W,2011-05-02,9.103
EG.IBK.BW.LT1W,2011-05-16,9.008
EG.IBK.BW.LT1W,2011-05-30,9.072
EG.IBK.BW.LT1W,2011-06-13,9.061
EG.IBK.BW.LT1W,2011-06-27,9.126
EG.IBK.BW.LT1W,2011-07-11,9.063
EG.IBK.BW.LT1W,2011-07-25,9.054
EG.IBK.BW.LT1W,2011-08-08,9.073
EG.IBK.BW.LT1W,2011-08-22,9.271
EG.IBK.BW.LT1W,2011-09-05,9.19
EG.IBK.BW.LT1W,2011-09-19,9.163
EG.IBK.BW.LT1W,2011-10-03,9.21
EG.IBK.BW.LT1W,2011-10-17,8.896
EG.IBK.BW.LT1W,2011-10-31,9.149
EG.IBK.BW.LT1W,2011-11-14,9.222
EG.IBK.BW.LT1W,2011-11-28,9.293
EG.IBK.BW.LT1W,2011-12-12,9.81
EG.IBK.BW.LT1W,2011-12-26,9.891
EG.IBK.BW.LT1W,2012-01-09,9.735
EG.IBK.BW.LT1W,2012-01-23,9.75
EG.IBK.BW.LT1W,2012-02-06,9.738
EG.IBK.BW.LT1W,2012-02-20,9.743
EG.IBK.BW.LT1W,2012-03-05,9.614
EG.IBK.BW.LT1W,2012-03-19,9.666
EG.IBK.BW.LT1W,2012-04-02,9.741
EG.IBK.BW.LT1W,2012-04-16,9.78
EG.IBK.BW.LT1W,2012-04-30,9.806
EG.IBK.BW.LT1W,2012-05-14,9.742
EG.IBK.BW.LT1W,2012-05-28,9.714
EG.IBK.BW.LT1W,2012-06-11,9.752
EG.IBK.BW.LT1W,2012-06-25,9.817
EG.IBK.BW.LT1W,2012-07-09,9.718
EG.IBK.BW.LT1W,2012-07-23,9.724
EG.IBK.BW.LT1W,2012-08-06,9.716
EG.IBK.BW.LT1W,2012-08-20,9.732
EG.IBK.BW.LT1W,2012-09-03,9.677
EG.IBK.BW.LT1W,2012-09-17,9.662
EG.IBK.BW.LT1W,2012-10-01,9.752
EG.IBK.BW.LT1W,2012-10-15,9.723
EG.IBK.BW.LT1W,2012-10-29,9.7
EG.IBK.BW.LT1W,2012-11-12,9.676
EG.IBK.BW.LT1W,2012-11-26,9.75
EG.IBK.BW.LT1W,2012-12-10,9.707
EG.IBK.BW.LT1W,2012-12-24,9.797
EG.IBK.BW.LT1W,2013-01-07,9.913
EG.IBK.BW.LT1W,2013-01-21,9.645
EG.IBK.BW.LT1W,2013-02-04,9.8
EG.IBK.BW.LT1W,2013-02-18,9.654
EG.IBK.BW.LT1W,2013-03-04,9.67
EG.IBK.BW.LT1W,2013-03-18,9.644
EG.IBK.BW.LT1W,2013-04-01,10.078
EG.IBK.BW.LT1W,2013-04-15,10.204
EG.IBK.BW.LT1W,2013-04-29,10.139
EG.IBK.BW.LT1W,2013-05-13,10.284
EG.IBK.BW.LT1W,2013-05-27,10.386
EG.IBK.BW.LT1W,2013-06-10,10.26
EG.IBK.BW.LT1W,2013-06-24,10.186
EG.IBK.BW.LT1W,2013-07-08,10.222
EG.IBK.BW.LT1W,2013-07-22,10.179
EG.IBK.BW.LT1W,2013-08-05,10.038
EG.IBK.BW.LT1W,2013-08-19,9.515
EG.IBK.BW.LT1W,2013-09-02,9.485
EG.IBK.BW.LT1W,2013-09-16,9.518
EG.IBK.BW.LT1W,2013-09-30,9.356
EG.IBK.BW.LT1W,2013-10-14,9.026
EG.IBK.BW.LT1W,2013-10-28,8.916
EG.IBK.BW.LT1W,2013-11-11,9.012
EG.IBK.BW.LT1W,2013-11-25,9.019
EG.IBK.BW.LT1W,2013-12-09,8.875
EG.IBK.BW.LT1W,2013-12-23,8.592
EG.IBK.BW.LT1W,2014-01-06,8.388
EG.IBK.BW.LT1W,2014-01-20,8.697
EG.IBK.BW.LT1W,2014-02-03,8.481
EG.IBK.BW.LT1W,2014-02-17,8.391
EG.IBK.BW.LT1W,2014-03-03,8.408
EG.IBK.BW.LT1W,2014-03-17,8.512
EG.IBK.BW.LT1W,2014-03-31,8.532
EG.IBK.BW.LT1W,2014-04-14,8.496
EG.IBK.BW.LT1W,2014-04-28,8.538
EG.IBK.BW.LT1W,2014-05-12,8.488
EG.IBK.BW.LT1W,2014-05-26,8.521
EG.IBK.BW.LT1W,2014-06-09,8.585
EG.IBK.BW.LT1W,2014-06-23,8.44
EG.IBK.BW.LT1W,2014-07-07,8.57
EG.IBK.BW.LT1W,2014-07-21,8.6
EG.IBK.BW.LT1W,2014-08-04,9.516
EG.IBK.BW.LT1W,2014-08-18,9.497
EG.IBK.BW.LT1W,2014-09-01,9.46
EG.IBK.BW.LT1W,2014-09-15,9.584
EG.IBK.BW.LT1W,2014-09-29,9.568
EG.IBK.BW.LT1W,2014-10-13,9.618
EG.IBK.BW.LT1W,2014-10-27,9.506
EG.IBK.BW.LT1W,2014-11-10,9.519
EG.IBK.BW.LT1W,2014-11-24,9.339
EG.IBK.BW.LT1W,2014-12-08,9.566
EG.IBK.BW.LT1W,2014-12-22,9.457
EG.IBK.BW.LT1W,2015-01-05,9.447
EG.IBK.BW.LT1W,2015-01-19,9.427
EG.IBK.BW.LT1W,2015-02-02,8.9
EG.IBK.BW.LT1W,2015-02-16,8.937
EG.IBK.BW.LT1W,2015-03-02,8.933
EG.IBK.BW.LT1W,2015-03-16,9.06
EG.IBK.BW.LT1W,2015-03-30,9.022
EG.IBK.BW.LT1W,2015-04-27,9.007
EG.IBK.BW.LT1W,2015-05-11,9.148
EG.IBK.BW.LT1W,2015-05-25,9.185
EG.IBK.BW.LT1W,2015-06-08,9.157
EG.IBK.BW.LT1W,2015-06-22,9.181
EG.IBK.BW.LT1W,2015-07-06,9.189
EG.IBK.BW.LT1W,2015-08-03,9.103
EG.IBK.BW.LT1W,2015-08-17,9.08
EG.IBK.BW.LT1W,2015-08-31,8.986
EG.IBK.BW.LT1W,2015-09-14,9.033
EG.IBK.BW.LT1W,2015-09-28,8.85
EG.IBK.BW.LT1W,2015-10-12,8.954
EG.IBK.BW.LT1W,2015-10-26,8.883
EG.IBK.BW.LT1W,2015-11-09,8.901
EG.IBK.BW.LT1W,2015-11-23,9.063
EG.IBK.BW.LT1W,2015-12-07,8.92
EG.IBK.BW.LT1W,2015-12-21,8.976
EG.IBK.BW.LT1W,2016-01-04,9.761
EG.IBK.BW.LT1W,2016-01-18,9.525
EG.IBK.BW.LT1W,2016-02-01,9.494
EG.IBK.BW.LT1W,2016-02-15,9.564
EG.IBK.BW.LT1W,2016-02-29,9.57
EG.IBK.BW.LT1W,2016-03-14,9.526
EG.IBK.BW.LT1W,2016-03-28,10.558
EG.IBK.BW.LT1W,2016-04-11,10.893
EG.IBK.BW.LT1W,2016-04-25,11.028
EG.IBK.BW.LT1W,2016-05-09,11.046
EG.IBK.BW.LT1W,2016-05-23,11.057
EG.IBK.BW.LT1W,2016-06-06,10.936
EG.IBK.BW.LT1W,2016-06-20,11.036
EG.IBK.BW.LT1W,2016-07-04,11.99
EG.IBK.BW.LT1W,2016-07-18,11.91
EG.IBK.BW.LT1W,2016-08-01,11.92
EG.IBK.BW.LT1W,2016-08-15,12.053
EG.IBK.BW.LT1W,2016-08-29,11.904
EG.IBK.BW.LT1W,2016-09-12,11.948
EG.IBK.BW.LT1W,2016-09-26,12.065
EG.IBK.BW.LT1W,2016-10-10,11.838
EG.IBK.BW.LT1W,2016-10-24,11.928
EG.IBK.BW.LT1W,2016-11-07,11.981
EG.IBK.BW.LT1W,2016-11-21,15.123
EG.IBK.BW.LT1W,2016-12-05,15.181
EG.IBK.BW.LT1W,2016-12-19,15.233
EG.IBK.BW.LT1W,2017-01-02,15.218
EG.IBK.BW.LT1W,2017-01-16,15.342
EG.IBK.BW.LT1W,2017-01-30,15.382
EG.IBK.BW.LT1W,2017-02-13,15.38
EG.IBK.BW.LT1W,2017-02-27,15.554
EG.IBK.BW.LT1W,2017-03-13,15.536
EG.IBK.BW.LT1W,2017-03-27,15.585
EG.IBK.BW.LT1W,2017-04-10,15.679
EG.IBK.BW.LT1W,2017-04-24,15.507
EG.IBK.BW.LT1W,2017-05-08,15.714
EG.IBK.BW.LT1W,2017-05-22,15.753
EG.IBK.BW.LT1W,2017-06-05,17.823
EG.IBK.BW.LT1W,2017-06-19,17.92
EG.IBK.BW.LT1W,2017-07-03,17.86
EG.IBK.BW.LT1W,2017-07-17,18.734
EG.IBK.BW.LT1W,2017-07-31,19.547
EG.IBK.BW.LT1W,2017-08-14,19.351
EG.IBK.BW.LT1W,2017-08-28,19.043
EG.IBK.BW.LT1W,2017-09-11,18.891
EG.IBK.BW.LT1W,2017-09-25,18.968
EG.IBK.BW.LT1W,2017-10-09,19.226
EG.IBK.BW.LT1W,2017-10-23,19.122
EG.IBK.BW.LT1W,2017-11-06,19.039
EG.IBK.BW.LT1W,2017-11-20,18.933
EG.IBK.BW.LT1W,2017-12-04,18.975
EG.IBK.BW.LT1W,2017-12-18,19.057
EG.IBK.BW.LT1W,2018-01-01,19.112
EG.IBK.BW.LT1W,2018-01-15,19.126
EG.IBK.BW.LT1W,2018-01-29,19.093
EG.IBK.BW.LT1W,2018-02-12,19.013
EG.IBK.BW.LT1W,2018-02-26,18.054
EG.IBK.BW.LT1W,2018-03-12,17.972
EG.IBK.BW.LT1W,2018-03-26,17.958
EG.IBK.BW.LT1W,2018-04-09,17.693
EG.IBK.BW.LT1W,2018-04-23,17.056
EG.IBK.BW.LT1W,2018-05-07,16.957
EG.IBK.BW.LT1W,2018-05-21,17.165
EG.IBK.BW.LT1W,2018-06-04,16.942
EG.IBK.BW.LT1W,2018-06-18,17.207
EG.IBK.BW.LT1W,2018-07-02,17.182
EG.IBK.BW.LT1W,2018-07-16,17.073
EG.IBK.BW.LT1W,2018-07-30,16.974
EG.IBK.BW.LT1W,2018-08-13,17.13
EG.IBK.BW.LT1W,2018-08-27,17.221
EG.IBK.BW.LT1W,2018-09-10,17.038
EG.IBK.BW.LT1W,2018-09-24,17.167
EG.IBK.BW.LT1W,2018-10-08,17.065
EG.IBK.BW.LT1W,2018-10-22,17.092
EG.IBK.BW.LT1W,2018-11-05,17.042
EG.IBK.BW.LT1W,2018-11-19,17.074
EG.IBK.BW.LT1W,2018-12-03,17.176
EG.IBK.BW.LT1W,2018-12-17,17.12
EG.IBK.BW.LT1W,2018-12-31,16.982
EG.IBK.BW.LT1W,2019-01-14,17.15
EG.IBK.BW.LT1W,2019-01-28,17.016
EG.IBK.BW.LT1W,2019-02-11,17.101
EG.IBK.BW.LT1W,2019-02-25,16.256
EG.IBK.BW.LT1W,2019-03-11,16.091
EG.IBK.BW.LT1W,2019-03-25,16.15
EG.IBK.BW.LT1W,2019-04-08,16.147
EG.IBK.BW.LT1W,2019-04-22,15.95
EG.IBK.BW.LT1W,2019-05-06,16.074
EG.IBK.BW.LT1W,2019-05-20,15.966
EG.IBK.BW.LT1W,2019-06-03,15.984
EG.IBK.BW.LT1W,2019-06-17,15.835
EG.IBK.BW.LT1W,2019-07-01,15.91
EG.IBK.BW.LT1W,2019-07-15,15.886
EG.IBK.BW.LT1W,2019-07-29,16.077
EG.IBK.BW.LT1W,2019-08-12,15.823
EG.IBK.BW.LT1W,2019-08-26,15.729
EG.IBK.BW.LT1W,2019-09-09,14.435
EG.IBK.BW.LT1W,2019-09-23,14.417
EG.IBK.BW.LT1W,2019-10-07,14.194
EG.IBK.BW.LT1W,2019-10-21,13.358
EG.IBK.BW.LT1W,2019-11-04,13.393
EG.IBK.BW.LT1W,2019-11-18,13.518
EG.IBK.BW.LT1W,2019-12-02,12.508
EG.IBK.BW.LT1W,2019-12-16,12.597
EG.IBK.BW.LT1W,2019-12-30,12.56
EG.IBK.BW.LT1W,2020-01-13,12.646
EG.IBK.BW.LT1W,2020-01-27,12.643
EG.IBK.BW.LT1W,2020-02-10,12.513
EG.IBK.BW.LT1W,2020-02-24,12.571
EG.IBK.BW.LT1W,2020-03-09,12.53
EG.IBK.BW.LT1W,2020-03-23,10.623
EG.IBK.BW.LT1W,2020-04-06,9.687
EG.IBK.BW.LT1W,2020-04-20,9.848
EG.IBK.BW.LT1W,2020-05-04,9.598
EG.IBK.BW.LT1W,2020-05-18,9.84
EG.IBK.BW.LT1W,2020-06-01,9.598
EG.IBK.BW.LT1W,2020-06-15,9.73
EG.IBK.BW.LT1W,2020-06-29,10.001
EG.IBK.BW.LT1W,2020-07-13,10.031
EG.IBK.BW.LT1W,2020-07-27,10.108
EG.IBK.BW.LT1W,2020-08-10,9.971
EG.IBK.BW.LT1W,2020-08-24,10.17
EG.IBK.BW.LT1W,2020-09-07,10.159
EG.IBK.BW.LT1W,2020-09-21,10.403
EG.IBK.BW.LT1W,2020-10-05,10.213
EG.IBK.BW.LT1W,2020-10-19,10.326
EG.IBK.BW.LT1W,2020-11-02,10.266
EG.IBK.BW.LT1W,2020-11-16,9.962
EG.IBK.BW.LT1W,2020-11-30,9.99
EG.IBK.BW.LT1W,2020-12-14,10.284
EG.IBK.BW.LT1W,2020-12-28,10.272
EG.IBK.BW.LT1W,2021-01-11,10.477
EG.IBK.BW.LT1W,2021-01-25,8.902
EG.IBK.BW.LT1W,2021-02-22,9.622
EG.IBK.BW.LT1W,2021-03-08,9.133
EG.IBK.BW.LT1W,2021-03-22,9.699
EG.IBK.BW.LT1W,2021-04-05,10.411
EG.IBK.BW.LT1W,2021-04-19,9.364
EG.IBK.BW.LT1W,2021-05-03,10.619
EG.IBK.BW.LT1W,2021-05-17,10.455
EG.IBK.BW.LT1W,2021-05-31,10.192
EG.IBK.BW.LT1W,2021-06-14,9.696
EG.IBK.BW.LT1W,2021-06-28,9.353
EG.IBK.BW.LT1W,2021-07-12,8.792
EG.IBK.BW.LT1W,2021-07-26,9.147
EG.IBK.BW.LT1W,2021-08-02,10.118
EG.IBK.BW.LT1W,2021-08-09,8.606
EG.IBK.BW.LT1W,2021-08-23,8.775
EG.IBK.BW.LT1W,2021-09-06,8.851
EG.IBK.BW.LT1W,2021-09-20,8.958
EG.IBK.BW.LT1W,2021-10-04,8.418
EG.IBK.BW.LT1W,2021-10-18,8.801
EG.IBK.BW.LT1W,2021-11-01,8.493
EG.IBK.BW.LT1W,2021-11-15,8.701
EG.IBK.BW.LT1W,2021-11-29,8.874
EG.IBK.BW.LT1W,2021-12-13,8.869
EG.IBK.BW.LT1W,2021-12-27,8.738
EG.IBK.BW.LT1W,2022-01-10,9.757
EG.IBK.BW.LT1W,2022-01-24,9.703
EG.IBK.BW.LT1W,2022-02-07,9.822
EG.IBK.BW.LT1W,2022-02-21,9.073
EG.IBK.BW.LT1W,2022-03-07,9.371
EG.IBK.BW.LT1W,2022-03-21,8.48
EG.IBK.BW.LT1W,2022-04-04,9.619
EG.IBK.BW.LT1W,2022-04-18,9.711
EG.IBK.BW.LT1W,2022-05-02,9.607
EG.IBK.BW.LT1W,2022-05-16,9.862
EG.IBK.BW.LT1W,2022-05-30,10.521
EG.IBK.BW.LT1W,2022-06-13,11.642
EG.IBK.BW.LT1W,2022-06-27,11.74
EG.IBK.BW.LT1W,2022-07-11,11.618
EG.IBK.BW.LT1W,2022-07-25,11.559
EG.IBK.BW.LT1W,2022-08-08,11.48
EG.IBK.BW.LT1W,2022-08-22,11.416
EG.IBK.BW.LT1W,2022-09-05,11.3
EG.IBK.BW.LT1W,2022-09-19,11.357
EG.IBK.BW.LT1W,2022-10-03,11.456
EG.IBK.BW.LT1W,2022-10-17,11.344
EG.IBK.BW.LT1W,2022-10-31,12.001
EG.IBK.BW.LT1W,2022-11-14,13.477
EG.IBK.BW.LT1W,2022-11-28,13.401
EG.IBK.BW.LT1W,2022-12-12,13.439
EG.IBK.BW.LT1W,2022-12-26,13.374
EG.IBK.BW.LT1W,2023-01-09,16.503
EG.IBK.BW.LT1W,2023-01-23,16.664
EG.IBK.BW.LT1W,2023-02-06,16.711
EG.IBK.BW.LT1W,2023-02-20,16.43
EG.IBK.BW.LT1W,2023-03-06,16.446
EG.IBK.BW.LT1W,2023-03-20,16.44
EG.IBK.BW.LT1W,2023-04-03,17.081
EG.IBK.BW.LT1W,2023-04-17,18.35
EG.IBK.BW.LT1W,2023-05-01,18.341
EG.IBK.BW.LT1W,2023-05-15,18.328
EG.IBK.BW.LT1W,2023-05-29,18.504
EG.IBK.BW.LT1W,2023-06-12,18.353
EG.IBK.BW.LT1W,2023-06-26,18.378
EG.IBK.BW.LT1W,2023-07-10,18.499
EG.IBK.BW.LT1W,2023-07-24,18.389
EG.IBK.BW.LT1W,2023-08-07,18.387
EG.IBK.BW.LT1W,2023-08-21,19.4
EG.IBK.BW.LT1W,2023-09-04,19.443
EG.IBK.BW.LT1W,2023-09-18,19.328
EG.IBK.BW.LT1W,2023-10-02,19.492
EG.IBK.BW.LT1W,2023-10-16,19.426
EG.IBK.BW.LT1W,2023-10-30,19.318
EG.IBK.BW.LT1W,2023-11-13,19.285
EG.IBK.BW.LT1W,2023-11-27,19.474
EG.IBK.BW.LT1W,2023-12-11,19.363
EG.IBK.BW.LT1W,2023-12-25,19.263
EG.IBK.BW.LT1W,2024-01-08,19.323
EG.IBK.BW.LT1W,2024-01-22,19.307
EG.IBK.BW.LT1W,2024-02-05,20.021
EG.IBK.BW.LT1W,2024-02-19,21.263
EG.IBK.BW.LT1W,2024-03-04,21.267
EG.IBK.BW.LT1W,2024-03-18,27.666
EG.IBK.BW.LT1W,2024-04-01,27.371
EG.IBK.BW.LT1W,2024-04-15,27.32
EG.IBK.BW.LT1W,2024-04-29,27.3
EG.IBK.BW.LT1W,2024-05-13,27.287
EG.IBK.BW.LT1W,2024-05-27,27.295
EG.IBK.BW.LT1W,2024-06-10,27.279
EG.IBK.BW.LT1W,2024-07-08,27.269
EG.IBK.BW.LT1W,2024-07-22,27.329
EG.IBK.BW.LT1W,2024-08-05,27.284
EG.IBK.BW.LT1W,2024-08-19,27.3
EG.IBK.BW.LT1W,2024-09-02,27.305
EG.IBK.BW.LT1W,2024-09-16,27.31
EG.IBK.BW.LT1W,2024-09-30,27.415
EG.IBK.BW.LT1W,2024-10-14,27.482
EG.IBK.BW.LT1W,2024-10-28,27.317
EG.IBK.BW.LT1W,2024-11-11,27.627
EG.IBK.BW.LT1W,2024-11-25,27.493
EG.IBK.BW.LT1W,2024-12-09,27.356
EG.IBK.BW.LT1W,2024-12-23,27.363
EG.IBK.BW.LT1W,2025-01-06,27.393
EG.IBK.BW.LT1W,2025-01-20,27.55
EG.IBK.BW.LT1W,2025-02-03,27.539
EG.IBK.BW.LT1W,2025-02-17,27.75
EG.IBK.BW.LT1W,2025-03-03,27.67
EG.IBK.BW.LT1W,2025-03-17,27.586
EG.IBK.BW.LT1W,2025-03-31,27.4
EG.IBK.BW.LT1W,2025-04-14,27.559
EG.IBK.BW.LT1W,2025-04-28,25.892
EG.IBK.BW.LT1W,2025-05-12,25.452
EG.IBK.BW.LT1W,2025-05-26,25.355
EG.IBK.BW.LT1W,2025-06-09,24.519
EG.IBK.BW.LT1W,2025-06-23,24.212
EG.IBK.BW.LT1W,2025-07-07,24.468
EG.IBK.BW.LT1W,2025-07-21,24.435
EG.IBK.BW.LT1W,2025-08-04,24.516
EG.IBK.BW.LT1W,2025-08-18,24.459
EG.IBK.BW.LT1W,2025-09-01,23.565
EG.IBK.BW.LT1W,2025-09-15,22.475
EG.IBK.BW.LT1W,2025-09-29,22.367
EG.IBK.BW.LT1W,2025-10-13,22.102
EG.IBK.BW.LT1W,2025-10-27,21.43
EG.IBK.BW.LT1W,2025-11-10,21.496
EG.IBK.BW.LT1W,2025-11-24,21.291
EG.IBK.BW.LT1W,2025-12-08,21.519
EG.IBK.BW.LT1W,2025-12-22,21.527
EG.IBK.BW.LT1W,2026-01-05,20.892
EG.IBK.BW.LT1W,2026-01-19,20.648
EG.IBK.BW.LT1W,2026-02-02,20.517
EG.IBK.BW.LT1W,2026-02-16,20.293
EG.IBK.BW.LT1W,2026-03-02,19.561
EG.IBK.BW.LT1W,2026-03-16,19.635
EG.IBK.BW.LT1W,2026-03-30,19.521
EG.IBK.BW.LT1W,2026-04-13,19.738
EG.IBK.BW.LT1W,2026-04-27,19.538
EG.IBK.BW.LT1W,2026-05-11,19.709
EG.IBK.BW.LT1W,2026-05-25,19.757
EG.IBK.BW.LT1W,2026-06-08,19.727
EG.IBK.BW.LT1W,2026-06-22,19.802
EG.IBK.BW.LT1W,2026-07-06,19.749
EG.IBK.BW.LT1W,2026-07-20,19.783
EG.IBK.BW.LT1W,2026-08-03,19.775
EG.IBK.BW.LT1W,2026-08-17,19.458
EG.IBK.BW.M1,2010-09-20,8.253
EG.IBK.BW.M1,2010-10-04,8.25
EG.IBK.BW.M1,2010-10-18,8.281
EG.IBK.BW.M1,2010-11-01,8.29
EG.IBK.BW.M1,2011-01-10,8.5
EG.IBK.BW.M1,2011-05-30,9.5
EG.IBK.BW.M1,2011-06-27,9.55
EG.IBK.BW.M1,2011-07-11,9.559
EG.IBK.BW.M1,2011-08-08,9.51
EG.IBK.BW.M1,2011-09-05,9.44
EG.IBK.BW.M1,2011-09-19,9.1
EG.IBK.BW.M1,2011-10-03,9.7
EG.IBK.BW.M1,2011-11-14,9.1
EG.IBK.BW.M1,2011-11-28,9.1
EG.IBK.BW.M1,2011-12-12,10.047
EG.IBK.BW.M1,2012-01-23,9.944
EG.IBK.BW.M1,2012-02-20,10.838
EG.IBK.BW.M1,2012-03-05,9.9
EG.IBK.BW.M1,2012-03-19,10.2
EG.IBK.BW.M1,2012-04-02,10.757
EG.IBK.BW.M1,2012-04-30,9.938
EG.IBK.BW.M1,2012-05-28,10.25
EG.IBK.BW.M1,2012-06-11,10.3
EG.IBK.BW.M1,2012-06-25,9.979
EG.IBK.BW.M1,2012-07-09,10.033
EG.IBK.BW.M1,2012-08-06,10.25
EG.IBK.BW.M1,2012-09-03,9.85
EG.IBK.BW.M1,2012-09-17,9.964
EG.IBK.BW.M1,2012-10-15,10.25
EG.IBK.BW.M1,2012-11-12,9.968
EG.IBK.BW.M1,2012-11-26,10.364
EG.IBK.BW.M1,2012-12-10,10.053
EG.IBK.BW.M1,2012-12-24,10.206
EG.IBK.BW.M1,2013-01-07,10.185
EG.IBK.BW.M1,2013-02-18,10.143
EG.IBK.BW.M1,2013-03-04,10.056
EG.IBK.BW.M1,2013-03-18,9.985
EG.IBK.BW.M1,2013-04-29,10.497
EG.IBK.BW.M1,2013-05-27,10.55
EG.IBK.BW.M1,2013-06-24,10.671
EG.IBK.BW.M1,2013-07-08,10.682
EG.IBK.BW.M1,2013-07-22,9.8
EG.IBK.BW.M1,2013-08-05,10.306
EG.IBK.BW.M1,2013-08-19,9.75
EG.IBK.BW.M1,2013-09-02,10.15
EG.IBK.BW.M1,2013-10-14,9.25
EG.IBK.BW.M1,2015-03-02,9.53
EG.IBK.BW.M1,2016-05-09,10.75
EG.IBK.BW.M1,2017-08-14,19.97
EG.IBK.BW.M1,2017-10-23,18.75
EG.IBK.BW.M1,2017-12-18,19.6
EG.IBK.BW.M1,2018-03-26,18.278
EG.IBK.BW.M1,2018-04-23,17.2
EG.IBK.BW.M1,2018-07-02,17.3
EG.IBK.BW.M1,2018-07-30,17.15
EG.IBK.BW.M1,2018-11-19,17.0
EG.IBK.BW.M1,2018-12-17,17.25
EG.IBK.BW.M1,2019-01-14,17.25
EG.IBK.BW.M1,2019-01-28,17.0
EG.IBK.BW.M1,2019-04-22,15.983
EG.IBK.BW.M1,2020-05-04,10.033
EG.IBK.BW.M1,2020-05-18,10.1
EG.IBK.BW.M1,2020-06-01,10.2
EG.IBK.BW.M1,2020-06-15,9.98
EG.IBK.BW.M1,2020-06-29,9.9
EG.IBK.BW.M1,2020-07-13,10.317
EG.IBK.BW.M1,2020-08-24,9.25
EG.IBK.BW.M1,2020-10-05,8.75
EG.IBK.BW.M1,2020-11-16,8.25
EG.IBK.BW.M1,2020-12-28,8.25
EG.IBK.BW.M1,2021-03-22,8.25
EG.IBK.BW.M1,2021-04-05,10.6
EG.IBK.BW.M1,2021-05-17,8.25
EG.IBK.BW.M1,2021-06-14,10.6
EG.IBK.BW.M1,2021-07-12,8.25
EG.IBK.BW.M1,2021-08-02,8.25
EG.IBK.BW.M1,2021-09-20,8.25
EG.IBK.BW.M1,2021-10-04,10.2
EG.IBK.BW.M1,2021-10-18,10.0
EG.IBK.BW.M1,2021-11-29,8.25
EG.IBK.BW.M1,2022-02-07,8.25
EG.IBK.BW.M1,2022-04-04,9.25
EG.IBK.BW.M1,2022-04-18,9.9
EG.IBK.BW.M1,2022-05-02,9.982
EG.IBK.BW.M1,2022-06-13,11.9
EG.IBK.BW.M1,2022-06-27,11.25
EG.IBK.BW.M1,2022-07-11,11.89
EG.IBK.BW.M1,2022-07-25,11.323
EG.IBK.BW.M1,2022-08-22,11.25
EG.IBK.BW.M1,2022-10-03,11.25
EG.IBK.BW.M1,2022-10-17,11.65
EG.IBK.BW.M1,2022-11-14,13.25
EG.IBK.BW.M1,2022-11-28,13.75
EG.IBK.BW.M1,2023-01-23,16.6
EG.IBK.BW.M1,2023-02-06,16.25
EG.IBK.BW.M1,2023-03-06,16.25
EG.IBK.BW.M1,2023-04-03,17.883
EG.IBK.BW.M1,2023-05-01,18.6
EG.IBK.BW.M1,2023-05-15,18.45
EG.IBK.BW.M1,2023-05-29,18.59
EG.IBK.BW.M1,2023-06-12,18.58
EG.IBK.BW.M1,2023-07-24,18.58
EG.IBK.BW.M1,2023-08-07,19.014
EG.IBK.BW.M1,2023-10-16,19.75
EG.IBK.BW.M1,2023-10-30,19.75
EG.IBK.BW.M1,2023-11-13,19.447
EG.IBK.BW.M1,2023-11-27,19.73
EG.IBK.BW.M1,2024-02-05,21.25
EG.IBK.BW.M1,2024-03-04,21.25
EG.IBK.BW.M1,2024-04-01,27.75
EG.IBK.BW.M1,2024-04-29,27.349
EG.IBK.BW.M1,2024-05-13,27.4
EG.IBK.BW.M1,2024-05-27,27.25
EG.IBK.BW.M1,2024-06-10,27.4
EG.IBK.BW.M1,2024-06-24,27.25
EG.IBK.BW.M1,2024-07-08,27.4
EG.IBK.BW.M1,2024-07-22,27.25
EG.IBK.BW.M1,2024-09-30,27.7
EG.IBK.BW.M1,2024-10-14,27.75
EG.IBK.BW.M1,2024-10-28,27.367
EG.IBK.BW.M1,2024-11-11,27.6
EG.IBK.BW.M1,2024-11-25,27.667
EG.IBK.BW.M1,2024-12-09,27.6
EG.IBK.BW.M1,2024-12-23,27.621
EG.IBK.BW.M1,2025-01-06,27.25
EG.IBK.BW.M1,2025-02-03,27.302
EG.IBK.BW.M1,2025-02-17,27.6
EG.IBK.BW.M1,2025-03-03,27.7
EG.IBK.BW.M1,2025-03-31,27.725
EG.IBK.BW.M1,2025-04-28,25.5
EG.IBK.BW.M1,2025-06-23,24.0
EG.IBK.BW.M1,2025-07-21,24.071
EG.IBK.BW.M1,2025-08-04,24.483
EG.IBK.BW.M1,2025-08-18,24.5
EG.IBK.BW.M1,2025-11-10,21.5
EG.IBK.BW.M1,2025-11-24,21.6
EG.IBK.BW.M1,2025-12-08,21.5
EG.IBK.BW.M1,2025-12-22,21.5
EG.IBK.BW.M1,2026-01-05,20.6
EG.IBK.BW.M1,2026-01-19,20.65
EG.IBK.BW.M1,2026-02-02,20.6
EG.IBK.BW.M1,2026-03-02,19.7
EG.IBK.BW.M1,2026-04-13,19.7
EG.IBK.BW.M1,2026-05-25,19.75
EG.IBK.BW.M1,2026-06-08,19.0
EG.IBK.BW.ON,2010-07-12,8.272
EG.IBK.BW.ON,2010-07-26,8.267
EG.IBK.BW.ON,2010-08-09,8.265
EG.IBK.BW.ON,2010-08-23,8.264
EG.IBK.BW.ON,2010-09-06,8.263
EG.IBK.BW.ON,2010-09-20,8.261
EG.IBK.BW.ON,2010-10-04,8.258
EG.IBK.BW.ON,2010-10-18,8.258
EG.IBK.BW.ON,2010-11-01,8.261
EG.IBK.BW.ON,2010-11-15,8.264
EG.IBK.BW.ON,2010-11-29,8.261
EG.IBK.BW.ON,2010-12-13,8.261
EG.IBK.BW.ON,2010-12-27,8.262
EG.IBK.BW.ON,2011-01-10,8.262
EG.IBK.BW.ON,2011-01-24,8.262
EG.IBK.BW.ON,2011-02-07,8.414
EG.IBK.BW.ON,2011-02-21,9.075
EG.IBK.BW.ON,2011-03-07,9.179
EG.IBK.BW.ON,2011-03-21,8.911
EG.IBK.BW.ON,2011-04-04,8.85
EG.IBK.BW.ON,2011-04-18,8.827
EG.IBK.BW.ON,2011-05-02,8.975
EG.IBK.BW.ON,2011-05-16,8.963
EG.IBK.BW.ON,2011-05-30,8.936
EG.IBK.BW.ON,2011-06-13,8.982
EG.IBK.BW.ON,2011-06-27,9.064
EG.IBK.BW.ON,2011-07-11,9.088
EG.IBK.BW.ON,2011-07-25,8.855
EG.IBK.BW.ON,2011-08-08,8.938
EG.IBK.BW.ON,2011-08-22,8.885
EG.IBK.BW.ON,2011-09-05,9.109
EG.IBK.BW.ON,2011-09-19,9.111
EG.IBK.BW.ON,2011-10-03,9.026
EG.IBK.BW.ON,2011-10-17,8.764
EG.IBK.BW.ON,2011-10-31,9.019
EG.IBK.BW.ON,2011-11-14,9.103
EG.IBK.BW.ON,2011-11-28,9.229
EG.IBK.BW.ON,2011-12-12,9.696
EG.IBK.BW.ON,2011-12-26,9.698
EG.IBK.BW.ON,2012-01-09,9.655
EG.IBK.BW.ON,2012-01-23,9.657
EG.IBK.BW.ON,2012-02-06,9.667
EG.IBK.BW.ON,2012-02-20,9.646
EG.IBK.BW.ON,2012-03-05,9.64
EG.IBK.BW.ON,2012-03-19,9.632
EG.IBK.BW.ON,2012-04-02,9.676
EG.IBK.BW.ON,2012-04-16,9.721
EG.IBK.BW.ON,2012-04-30,9.74
EG.IBK.BW.ON,2012-05-14,9.683
EG.IBK.BW.ON,2012-05-28,9.651
EG.IBK.BW.ON,2012-06-11,9.787
EG.IBK.BW.ON,2012-06-25,9.764
EG.IBK.BW.ON,2012-07-09,9.727
EG.IBK.BW.ON,2012-07-23,9.64
EG.IBK.BW.ON,2012-08-06,9.623
EG.IBK.BW.ON,2012-08-20,9.68
EG.IBK.BW.ON,2012-09-03,9.614
EG.IBK.BW.ON,2012-09-17,9.675
EG.IBK.BW.ON,2012-10-01,9.638
EG.IBK.BW.ON,2012-10-15,9.673
EG.IBK.BW.ON,2012-10-29,9.65
EG.IBK.BW.ON,2012-11-12,9.587
EG.IBK.BW.ON,2012-11-26,9.638
EG.IBK.BW.ON,2012-12-10,9.7
EG.IBK.BW.ON,2012-12-24,9.673
EG.IBK.BW.ON,2013-01-07,9.771
EG.IBK.BW.ON,2013-01-21,9.71
EG.IBK.BW.ON,2013-02-04,9.633
EG.IBK.BW.ON,2013-02-18,9.576
EG.IBK.BW.ON,2013-03-04,9.477
EG.IBK.BW.ON,2013-03-18,9.546
EG.IBK.BW.ON,2013-04-01,9.806
EG.IBK.BW.ON,2013-04-15,10.075
EG.IBK.BW.ON,2013-04-29,10.053
EG.IBK.BW.ON,2013-05-13,10.157
EG.IBK.BW.ON,2013-05-27,10.204
EG.IBK.BW.ON,2013-06-10,10.219
EG.IBK.BW.ON,2013-06-24,10.084
EG.IBK.BW.ON,2013-07-08,10.054
EG.IBK.BW.ON,2013-07-22,9.947
EG.IBK.BW.ON,2013-08-05,9.787
EG.IBK.BW.ON,2013-08-19,9.428
EG.IBK.BW.ON,2013-09-02,9.457
EG.IBK.BW.ON,2013-09-16,9.402
EG.IBK.BW.ON,2013-09-30,9.085
EG.IBK.BW.ON,2013-10-14,8.859
EG.IBK.BW.ON,2013-10-28,8.808
EG.IBK.BW.ON,2013-11-11,8.807
EG.IBK.BW.ON,2013-11-25,8.804
EG.IBK.BW.ON,2013-12-09,8.711
EG.IBK.BW.ON,2013-12-23,8.315
EG.IBK.BW.ON,2014-01-06,8.365
EG.IBK.BW.ON,2014-01-20,8.317
EG.IBK.BW.ON,2014-02-03,8.298
EG.IBK.BW.ON,2014-02-17,8.316
EG.IBK.BW.ON,2014-03-03,8.326
EG.IBK.BW.ON,2014-03-17,8.341
EG.IBK.BW.ON,2014-03-31,8.341
EG.IBK.BW.ON,2014-04-14,8.365
EG.IBK.BW.ON,2014-04-28,8.377
EG.IBK.BW.ON,2014-05-12,8.37
EG.IBK.BW.ON,2014-05-26,8.393
EG.IBK.BW.ON,2014-06-09,8.421
EG.IBK.BW.ON,2014-06-23,8.396
EG.IBK.BW.ON,2014-07-07,8.385
EG.IBK.BW.ON,2014-07-21,8.662
EG.IBK.BW.ON,2014-08-04,9.443
EG.IBK.BW.ON,2014-08-18,9.432
EG.IBK.BW.ON,2014-09-01,9.386
EG.IBK.BW.ON,2014-09-15,9.451
EG.IBK.BW.ON,2014-09-29,9.407
EG.IBK.BW.ON,2014-10-13,9.434
EG.IBK.BW.ON,2014-10-27,9.415
EG.IBK.BW.ON,2014-11-10,9.441
EG.IBK.BW.ON,2014-11-24,9.381
EG.IBK.BW.ON,2014-12-08,9.369
EG.IBK.BW.ON,2014-12-22,9.352
EG.IBK.BW.ON,2015-01-05,9.381
EG.IBK.BW.ON,2015-01-19,9.218
EG.IBK.BW.ON,2015-02-02,8.845
EG.IBK.BW.ON,2015-02-16,8.844
EG.IBK.BW.ON,2015-03-02,8.855
EG.IBK.BW.ON,2015-03-16,8.867
EG.IBK.BW.ON,2015-03-30,8.881
EG.IBK.BW.ON,2015-04-27,8.894
EG.IBK.BW.ON,2015-05-11,8.944
EG.IBK.BW.ON,2015-05-25,8.922
EG.IBK.BW.ON,2015-06-08,8.946
EG.IBK.BW.ON,2015-06-22,8.969
EG.IBK.BW.ON,2015-07-06,8.972
EG.IBK.BW.ON,2015-08-03,8.897
EG.IBK.BW.ON,2015-08-17,8.898
EG.IBK.BW.ON,2015-08-31,8.891
EG.IBK.BW.ON,2015-09-14,8.897
EG.IBK.BW.ON,2015-09-28,8.858
EG.IBK.BW.ON,2015-10-12,8.881
EG.IBK.BW.ON,2015-10-26,8.863
EG.IBK.BW.ON,2015-11-09,8.892
EG.IBK.BW.ON,2015-11-23,9.03
EG.IBK.BW.ON,2015-12-07,8.872
EG.IBK.BW.ON,2015-12-21,8.909
EG.IBK.BW.ON,2016-01-04,9.63
EG.IBK.BW.ON,2016-01-18,9.485
EG.IBK.BW.ON,2016-02-01,9.487
EG.IBK.BW.ON,2016-02-15,9.394
EG.IBK.BW.ON,2016-02-29,9.63
EG.IBK.BW.ON,2016-03-14,9.534
EG.IBK.BW.ON,2016-03-28,10.77
EG.IBK.BW.ON,2016-04-11,10.896
EG.IBK.BW.ON,2016-04-25,10.923
EG.IBK.BW.ON,2016-05-09,10.886
EG.IBK.BW.ON,2016-05-23,10.9
EG.IBK.BW.ON,2016-06-06,10.906
EG.IBK.BW.ON,2016-06-20,10.874
EG.IBK.BW.ON,2016-07-04,11.915
EG.IBK.BW.ON,2016-07-18,11.89
EG.IBK.BW.ON,2016-08-01,11.844
EG.IBK.BW.ON,2016-08-15,11.838
EG.IBK.BW.ON,2016-08-29,11.817
EG.IBK.BW.ON,2016-09-12,11.871
EG.IBK.BW.ON,2016-09-26,11.906
EG.IBK.BW.ON,2016-10-10,11.854
EG.IBK.BW.ON,2016-10-24,11.9
EG.IBK.BW.ON,2016-11-07,12.919
EG.IBK.BW.ON,2016-11-21,14.959
EG.IBK.BW.ON,2016-12-05,15.043
EG.IBK.BW.ON,2016-12-19,15.001
EG.IBK.BW.ON,2017-01-02,14.973
EG.IBK.BW.ON,2017-01-16,15.081
EG.IBK.BW.ON,2017-01-30,15.172
EG.IBK.BW.ON,2017-02-13,15.311
EG.IBK.BW.ON,2017-02-27,15.369
EG.IBK.BW.ON,2017-03-13,15.451
EG.IBK.BW.ON,2017-03-27,15.448
EG.IBK.BW.ON,2017-04-10,15.493
EG.IBK.BW.ON,2017-04-24,15.204
EG.IBK.BW.ON,2017-05-08,15.618
EG.IBK.BW.ON,2017-05-22,15.872
EG.IBK.BW.ON,2017-06-05,17.639
EG.IBK.BW.ON,2017-06-19,17.614
EG.IBK.BW.ON,2017-07-03,17.777
EG.IBK.BW.ON,2017-07-17,18.68
EG.IBK.BW.ON,2017-07-31,19.495
EG.IBK.BW.ON,2017-08-14,19.072
EG.IBK.BW.ON,2017-08-28,18.95
EG.IBK.BW.ON,2017-09-11,18.954
EG.IBK.BW.ON,2017-09-25,19.014
EG.IBK.BW.ON,2017-10-09,19.001
EG.IBK.BW.ON,2017-10-23,19.062
EG.IBK.BW.ON,2017-11-06,18.917
EG.IBK.BW.ON,2017-11-20,18.868
EG.IBK.BW.ON,2017-12-04,18.948
EG.IBK.BW.ON,2017-12-18,18.929
EG.IBK.BW.ON,2018-01-01,18.948
EG.IBK.BW.ON,2018-01-15,18.944
EG.IBK.BW.ON,2018-01-29,18.935
EG.IBK.BW.ON,2018-02-12,18.874
EG.IBK.BW.ON,2018-02-26,17.984
EG.IBK.BW.ON,2018-03-12,17.905
EG.IBK.BW.ON,2018-03-26,17.883
EG.IBK.BW.ON,2018-04-09,17.39
EG.IBK.BW.ON,2018-04-23,16.807
EG.IBK.BW.ON,2018-05-07,16.897
EG.IBK.BW.ON,2018-05-21,16.998
EG.IBK.BW.ON,2018-06-04,16.989
EG.IBK.BW.ON,2018-06-18,17.122
EG.IBK.BW.ON,2018-07-02,17.051
EG.IBK.BW.ON,2018-07-16,16.924
EG.IBK.BW.ON,2018-07-30,16.926
EG.IBK.BW.ON,2018-08-13,16.938
EG.IBK.BW.ON,2018-08-27,16.987
EG.IBK.BW.ON,2018-09-10,16.982
EG.IBK.BW.ON,2018-09-24,16.938
EG.IBK.BW.ON,2018-10-08,16.955
EG.IBK.BW.ON,2018-10-22,16.91
EG.IBK.BW.ON,2018-11-05,16.902
EG.IBK.BW.ON,2018-11-19,16.861
EG.IBK.BW.ON,2018-12-03,16.863
EG.IBK.BW.ON,2018-12-17,17.035
EG.IBK.BW.ON,2018-12-31,16.89
EG.IBK.BW.ON,2019-01-14,16.881
EG.IBK.BW.ON,2019-01-28,16.918
EG.IBK.BW.ON,2019-02-11,16.978
EG.IBK.BW.ON,2019-02-25,16.221
EG.IBK.BW.ON,2019-03-11,15.99
EG.IBK.BW.ON,2019-03-25,15.992
EG.IBK.BW.ON,2019-04-08,15.95
EG.IBK.BW.ON,2019-04-22,15.921
EG.IBK.BW.ON,2019-05-06,16.028
EG.IBK.BW.ON,2019-05-20,15.9
EG.IBK.BW.ON,2019-06-03,15.926
EG.IBK.BW.ON,2019-06-17,15.888
EG.IBK.BW.ON,2019-07-01,15.857
EG.IBK.BW.ON,2019-07-15,15.81
EG.IBK.BW.ON,2019-07-29,15.833
EG.IBK.BW.ON,2019-08-12,15.845
EG.IBK.BW.ON,2019-08-26,15.461
EG.IBK.BW.ON,2019-09-09,14.388
EG.IBK.BW.ON,2019-09-23,14.375
EG.IBK.BW.ON,2019-10-07,13.602
EG.IBK.BW.ON,2019-10-21,13.344
EG.IBK.BW.ON,2019-11-04,13.379
EG.IBK.BW.ON,2019-11-18,13.301
EG.IBK.BW.ON,2019-12-02,12.466
EG.IBK.BW.ON,2019-12-16,12.477
EG.IBK.BW.ON,2019-12-30,12.448
EG.IBK.BW.ON,2020-01-13,12.471
EG.IBK.BW.ON,2020-01-27,12.478
EG.IBK.BW.ON,2020-02-10,12.513
EG.IBK.BW.ON,2020-02-24,12.44
EG.IBK.BW.ON,2020-03-09,12.439
EG.IBK.BW.ON,2020-03-23,10.828
EG.IBK.BW.ON,2020-04-06,9.662
EG.IBK.BW.ON,2020-04-20,9.7
EG.IBK.BW.ON,2020-05-04,9.512
EG.IBK.BW.ON,2020-05-18,9.735
EG.IBK.BW.ON,2020-06-01,9.725
EG.IBK.BW.ON,2020-06-15,9.701
EG.IBK.BW.ON,2020-06-29,9.73
EG.IBK.BW.ON,2020-07-13,9.934
EG.IBK.BW.ON,2020-07-27,10.058
EG.IBK.BW.ON,2020-08-10,9.911
EG.IBK.BW.ON,2020-08-24,10.061
EG.IBK.BW.ON,2020-09-07,10.031
EG.IBK.BW.ON,2020-09-21,10.155
EG.IBK.BW.ON,2020-10-05,10.102
EG.IBK.BW.ON,2020-10-19,10.034
EG.IBK.BW.ON,2020-11-02,10.089
EG.IBK.BW.ON,2020-11-16,10.049
EG.IBK.BW.ON,2020-11-30,9.61
EG.IBK.BW.ON,2020-12-14,9.831
EG.IBK.BW.ON,2020-12-28,9.968
EG.IBK.BW.ON,2021-01-11,9.956
EG.IBK.BW.ON,2021-01-25,9.311
EG.IBK.BW.ON,2021-02-22,9.573
EG.IBK.BW.ON,2021-03-08,9.831
EG.IBK.BW.ON,2021-03-22,9.747
EG.IBK.BW.ON,2021-04-05,10.26
EG.IBK.BW.ON,2021-04-19,9.153
EG.IBK.BW.ON,2021-05-03,10.396
EG.IBK.BW.ON,2021-05-17,10.249
EG.IBK.BW.ON,2021-05-31,9.993
EG.IBK.BW.ON,2021-06-14,9.286
EG.IBK.BW.ON,2021-06-28,9.152
EG.IBK.BW.ON,2021-07-12,9.509
EG.IBK.BW.ON,2021-07-26,8.981
EG.IBK.BW.ON,2021-08-02,9.505
EG.IBK.BW.ON,2021-08-09,8.606
EG.IBK.BW.ON,2021-08-23,9.06
EG.IBK.BW.ON,2021-09-06,9.017
EG.IBK.BW.ON,2021-09-20,9.427
EG.IBK.BW.ON,2021-10-04,8.858
EG.IBK.BW.ON,2021-10-18,9.092
EG.IBK.BW.ON,2021-11-01,9.029
EG.IBK.BW.ON,2021-11-15,8.949
EG.IBK.BW.ON,2021-11-29,9.068
EG.IBK.BW.ON,2021-12-13,9.041
EG.IBK.BW.ON,2021-12-27,8.613
EG.IBK.BW.ON,2022-01-10,9.504
EG.IBK.BW.ON,2022-01-24,9.415
EG.IBK.BW.ON,2022-02-07,9.644
EG.IBK.BW.ON,2022-02-21,9.42
EG.IBK.BW.ON,2022-03-07,9.125
EG.IBK.BW.ON,2022-03-21,9.052
EG.IBK.BW.ON,2022-04-04,9.927
EG.IBK.BW.ON,2022-04-18,9.681
EG.IBK.BW.ON,2022-05-02,9.752
EG.IBK.BW.ON,2022-05-16,9.731
EG.IBK.BW.ON,2022-05-30,11.233
EG.IBK.BW.ON,2022-06-13,11.481
EG.IBK.BW.ON,2022-06-27,11.671
EG.IBK.BW.ON,2022-07-11,11.479
EG.IBK.BW.ON,2022-07-25,11.574
EG.IBK.BW.ON,2022-08-08,11.474
EG.IBK.BW.ON,2022-08-22,11.361
EG.IBK.BW.ON,2022-09-05,11.375
EG.IBK.BW.ON,2022-09-19,11.316
EG.IBK.BW.ON,2022-10-03,11.318
EG.IBK.BW.ON,2022-10-17,11.366
EG.IBK.BW.ON,2022-10-31,12.425
EG.IBK.BW.ON,2022-11-14,13.445
EG.IBK.BW.ON,2022-11-28,13.411
EG.IBK.BW.ON,2022-12-12,13.374
EG.IBK.BW.ON,2022-12-26,13.692
EG.IBK.BW.ON,2023-01-09,16.339
EG.IBK.BW.ON,2023-01-23,16.406
EG.IBK.BW.ON,2023-02-06,16.626
EG.IBK.BW.ON,2023-02-20,16.476
EG.IBK.BW.ON,2023-03-06,16.394
EG.IBK.BW.ON,2023-03-20,16.391
EG.IBK.BW.ON,2023-04-03,16.629
EG.IBK.BW.ON,2023-04-17,18.321
EG.IBK.BW.ON,2023-05-01,18.322
EG.IBK.BW.ON,2023-05-15,18.347
EG.IBK.BW.ON,2023-05-29,18.345
EG.IBK.BW.ON,2023-06-12,18.331
EG.IBK.BW.ON,2023-06-26,18.337
EG.IBK.BW.ON,2023-07-10,18.35
EG.IBK.BW.ON,2023-07-24,18.375
EG.IBK.BW.ON,2023-08-07,18.469
EG.IBK.BW.ON,2023-08-21,19.332
EG.IBK.BW.ON,2023-09-04,19.404
EG.IBK.BW.ON,2023-09-18,19.334
EG.IBK.BW.ON,2023-10-02,19.424
EG.IBK.BW.ON,2023-10-16,19.391
EG.IBK.BW.ON,2023-10-30,19.359
EG.IBK.BW.ON,2023-11-13,19.393
EG.IBK.BW.ON,2023-11-27,19.395
EG.IBK.BW.ON,2023-12-11,19.349
EG.IBK.BW.ON,2023-12-25,19.29
EG.IBK.BW.ON,2024-01-08,19.343
EG.IBK.BW.ON,2024-01-22,19.316
EG.IBK.BW.ON,2024-02-05,19.578
EG.IBK.BW.ON,2024-02-19,21.272
EG.IBK.BW.ON,2024-03-04,21.289
EG.IBK.BW.ON,2024-03-18,25.738
EG.IBK.BW.ON,2024-04-01,27.317
EG.IBK.BW.ON,2024-04-15,27.298
EG.IBK.BW.ON,2024-04-29,27.269
EG.IBK.BW.ON,2024-05-13,27.319
EG.IBK.BW.ON,2024-05-27,27.326
EG.IBK.BW.ON,2024-06-10,27.321
EG.IBK.BW.ON,2024-06-24,27.282
EG.IBK.BW.ON,2024-07-08,27.301
EG.IBK.BW.ON,2024-07-22,27.281
EG.IBK.BW.ON,2024-08-05,27.271
EG.IBK.BW.ON,2024-08-19,27.302
EG.IBK.BW.ON,2024-09-02,27.302
EG.IBK.BW.ON,2024-09-16,27.322
EG.IBK.BW.ON,2024-09-30,27.342
EG.IBK.BW.ON,2024-10-14,27.38
EG.IBK.BW.ON,2024-10-28,27.413
EG.IBK.BW.ON,2024-11-11,27.455
EG.IBK.BW.ON,2024-11-25,27.458
EG.IBK.BW.ON,2024-12-09,27.441
EG.IBK.BW.ON,2024-12-23,27.395
EG.IBK.BW.ON,2025-01-06,27.359
EG.IBK.BW.ON,2025-01-20,27.52
EG.IBK.BW.ON,2025-02-03,27.569
EG.IBK.BW.ON,2025-02-17,27.558
EG.IBK.BW.ON,2025-03-03,27.437
EG.IBK.BW.ON,2025-03-17,27.463
EG.IBK.BW.ON,2025-03-31,27.43
EG.IBK.BW.ON,2025-04-14,27.439
EG.IBK.BW.ON,2025-04-28,25.883
EG.IBK.BW.ON,2025-05-12,25.32
EG.IBK.BW.ON,2025-05-26,25.028
EG.IBK.BW.ON,2025-06-09,24.419
EG.IBK.BW.ON,2025-06-23,24.28
EG.IBK.BW.ON,2025-07-07,24.351
EG.IBK.BW.ON,2025-07-21,24.339
EG.IBK.BW.ON,2025-08-04,24.344
EG.IBK.BW.ON,2025-08-18,24.326
EG.IBK.BW.ON,2025-09-01,23.697
EG.IBK.BW.ON,2025-09-15,22.409
EG.IBK.BW.ON,2025-09-29,22.347
EG.IBK.BW.ON,2025-10-13,21.666
EG.IBK.BW.ON,2025-10-27,21.415
EG.IBK.BW.ON,2025-11-10,21.383
EG.IBK.BW.ON,2025-11-24,21.419
EG.IBK.BW.ON,2025-12-08,21.447
EG.IBK.BW.ON,2025-12-22,21.5
EG.IBK.BW.ON,2026-01-05,20.709
EG.IBK.BW.ON,2026-01-19,20.421
EG.IBK.BW.ON,2026-02-02,20.46
EG.IBK.BW.ON,2026-02-16,20.249
EG.IBK.BW.ON,2026-03-02,19.471
EG.IBK.BW.ON,2026-03-16,19.501
EG.IBK.BW.ON,2026-03-30,19.488
EG.IBK.BW.ON,2026-04-13,19.682
EG.IBK.BW.ON,2026-04-27,19.483
EG.IBK.BW.ON,2026-05-11,19.507
EG.IBK.BW.ON,2026-05-25,19.703
EG.IBK.BW.ON,2026-06-08,19.73
EG.IBK.BW.ON,2026-06-22,19.799
EG.IBK.BW.ON,2026-07-06,19.81
EG.IBK.BW.ON,2026-07-20,19.767
EG.IBK.BW.ON,2026-08-03,19.774
EG.IBK.BW.ON,2026-08-17,19.396
EG.IBK.BW.VOL.GT1M,2010-07-12,0.0
EG.IBK.BW.VOL.GT1M,2010-07-26,150.0
EG.IBK.BW.VOL.GT1M,2010-08-09,0.0
EG.IBK.BW.VOL.GT1M,2010-08-23,0.0
EG.IBK.BW.VOL.GT1M,2010-09-06,0.0
EG.IBK.BW.VOL.GT1M,2010-09-20,0.0
EG.IBK.BW.VOL.GT1M,2010-10-04,0.0
EG.IBK.BW.VOL.GT1M,2010-10-18,0.0
EG.IBK.BW.VOL.GT1M,2010-11-01,0.0
EG.IBK.BW.VOL.GT1M,2010-11-15,0.0
EG.IBK.BW.VOL.GT1M,2010-11-29,5.0
EG.IBK.BW.VOL.GT1M,2010-12-13,2.0
EG.IBK.BW.VOL.GT1M,2010-12-27,37.0
EG.IBK.BW.VOL.GT1M,2011-01-10,0.0
EG.IBK.BW.VOL.GT1M,2011-01-24,187.0
EG.IBK.BW.VOL.GT1M,2011-02-07,0.0
EG.IBK.BW.VOL.GT1M,2011-02-21,0.0
EG.IBK.BW.VOL.GT1M,2011-03-07,0.0
EG.IBK.BW.VOL.GT1M,2011-03-21,0.0
EG.IBK.BW.VOL.GT1M,2011-04-04,29.0
EG.IBK.BW.VOL.GT1M,2011-04-18,0.0
EG.IBK.BW.VOL.GT1M,2011-05-02,29.0
EG.IBK.BW.VOL.GT1M,2011-05-16,0.0
EG.IBK.BW.VOL.GT1M,2011-05-30,30.0
EG.IBK.BW.VOL.GT1M,2011-06-13,598.0
EG.IBK.BW.VOL.GT1M,2011-06-27,0.0
EG.IBK.BW.VOL.GT1M,2011-07-11,44.0
EG.IBK.BW.VOL.GT1M,2011-07-25,0.0
EG.IBK.BW.VOL.GT1M,2011-08-08,259.0
EG.IBK.BW.VOL.GT1M,2011-08-22,200.0
EG.IBK.BW.VOL.GT1M,2011-09-05,0.0
EG.IBK.BW.VOL.GT1M,2011-09-19,300.0
EG.IBK.BW.VOL.GT1M,2011-10-03,35.0
EG.IBK.BW.VOL.GT1M,2011-10-17,363.0
EG.IBK.BW.VOL.GT1M,2011-10-31,100.0
EG.IBK.BW.VOL.GT1M,2011-11-14,69.0
EG.IBK.BW.VOL.GT1M,2011-11-28,0.0
EG.IBK.BW.VOL.GT1M,2011-12-12,0.0
EG.IBK.BW.VOL.GT1M,2011-12-26,1100.0
EG.IBK.BW.VOL.GT1M,2012-01-09,0.0
EG.IBK.BW.VOL.GT1M,2012-01-23,40.0
EG.IBK.BW.VOL.GT1M,2012-02-06,0.0
EG.IBK.BW.VOL.GT1M,2012-02-20,0.0
EG.IBK.BW.VOL.GT1M,2012-03-05,0.0
EG.IBK.BW.VOL.GT1M,2012-03-19,140.0
EG.IBK.BW.VOL.GT1M,2012-04-02,0.0
EG.IBK.BW.VOL.GT1M,2012-04-16,0.0
EG.IBK.BW.VOL.GT1M,2012-04-30,345.0
EG.IBK.BW.VOL.GT1M,2012-05-14,25.0
EG.IBK.BW.VOL.GT1M,2012-05-28,220.0
EG.IBK.BW.VOL.GT1M,2012-06-11,0.0
EG.IBK.BW.VOL.GT1M,2012-06-25,0.0
EG.IBK.BW.VOL.GT1M,2012-07-09,25.0
EG.IBK.BW.VOL.GT1M,2012-07-23,0.0
EG.IBK.BW.VOL.GT1M,2012-08-06,190.0
EG.IBK.BW.VOL.GT1M,2012-08-20,270.0
EG.IBK.BW.VOL.GT1M,2012-09-03,250.0
EG.IBK.BW.VOL.GT1M,2012-09-17,10.0
EG.IBK.BW.VOL.GT1M,2012-10-01,150.0
EG.IBK.BW.VOL.GT1M,2012-10-15,50.0
EG.IBK.BW.VOL.GT1M,2012-10-29,25.0
EG.IBK.BW.VOL.GT1M,2012-11-12,100.0
EG.IBK.BW.VOL.GT1M,2012-11-26,500.0
EG.IBK.BW.VOL.GT1M,2012-12-10,171.0
EG.IBK.BW.VOL.GT1M,2012-12-24,180.0
EG.IBK.BW.VOL.GT1M,2013-01-07,135.0
EG.IBK.BW.VOL.GT1M,2013-01-21,120.0
EG.IBK.BW.VOL.GT1M,2013-02-04,135.0
EG.IBK.BW.VOL.GT1M,2013-02-18,0.0
EG.IBK.BW.VOL.GT1M,2013-03-04,250.0
EG.IBK.BW.VOL.GT1M,2013-03-18,400.0
EG.IBK.BW.VOL.GT1M,2013-04-01,697.0
EG.IBK.BW.VOL.GT1M,2013-04-15,10.0
EG.IBK.BW.VOL.GT1M,2013-04-29,250.0
EG.IBK.BW.VOL.GT1M,2013-05-13,0.0
EG.IBK.BW.VOL.GT1M,2013-05-27,410.0
EG.IBK.BW.VOL.GT1M,2013-06-10,160.0
EG.IBK.BW.VOL.GT1M,2013-06-24,50.0
EG.IBK.BW.VOL.GT1M,2013-07-08,0.0
EG.IBK.BW.VOL.GT1M,2013-07-22,1293.0
EG.IBK.BW.VOL.GT1M,2013-08-05,502.5
EG.IBK.BW.VOL.GT1M,2013-08-19,0.0
EG.IBK.BW.VOL.GT1M,2013-09-02,0.0
EG.IBK.BW.VOL.GT1M,2013-09-16,0.0
EG.IBK.BW.VOL.GT1M,2013-09-30,0.0
EG.IBK.BW.VOL.GT1M,2013-10-14,0.0
EG.IBK.BW.VOL.GT1M,2013-10-28,0.0
EG.IBK.BW.VOL.GT1M,2013-11-11,0.0
EG.IBK.BW.VOL.GT1M,2013-11-25,0.0
EG.IBK.BW.VOL.GT1M,2013-12-09,0.0
EG.IBK.BW.VOL.GT1M,2013-12-23,0.0
EG.IBK.BW.VOL.GT1M,2014-01-06,0.0
EG.IBK.BW.VOL.GT1M,2014-01-20,0.0
EG.IBK.BW.VOL.GT1M,2014-02-03,0.0
EG.IBK.BW.VOL.GT1M,2014-02-17,0.0
EG.IBK.BW.VOL.GT1M,2014-03-03,0.0
EG.IBK.BW.VOL.GT1M,2014-03-17,0.0
EG.IBK.BW.VOL.GT1M,2014-03-31,0.0
EG.IBK.BW.VOL.GT1M,2014-04-14,0.0
EG.IBK.BW.VOL.GT1M,2014-04-28,0.0
EG.IBK.BW.VOL.GT1M,2014-05-12,0.0
EG.IBK.BW.VOL.GT1M,2014-05-26,0.0
EG.IBK.BW.VOL.GT1M,2014-06-09,0.0
EG.IBK.BW.VOL.GT1M,2014-06-23,0.0
EG.IBK.BW.VOL.GT1M,2014-07-07,0.0
EG.IBK.BW.VOL.GT1M,2014-07-21,0.0
EG.IBK.BW.VOL.GT1M,2014-08-04,0.0
EG.IBK.BW.VOL.GT1M,2014-08-18,0.0
EG.IBK.BW.VOL.GT1M,2014-09-01,0.0
EG.IBK.BW.VOL.GT1M,2014-09-15,0.0
EG.IBK.BW.VOL.GT1M,2014-09-29,0.0
EG.IBK.BW.VOL.GT1M,2014-10-13,0.0
EG.IBK.BW.VOL.GT1M,2014-10-27,0.0
EG.IBK.BW.VOL.GT1M,2014-11-10,0.0
EG.IBK.BW.VOL.GT1M,2014-11-24,0.0
EG.IBK.BW.VOL.GT1M,2014-12-08,0.0
EG.IBK.BW.VOL.GT1M,2014-12-22,0.0
EG.IBK.BW.VOL.GT1M,2015-01-05,0.0
EG.IBK.BW.VOL.GT1M,2015-01-19,0.0
EG.IBK.BW.VOL.GT1M,2015-02-02,0.0
EG.IBK.BW.VOL.GT1M,2015-02-16,45.0
EG.IBK.BW.VOL.GT1M,2015-03-02,500.0
EG.IBK.BW.VOL.GT1M,2015-03-16,500.0
EG.IBK.BW.VOL.GT1M,2015-03-30,0.0
EG.IBK.BW.VOL.GT1M,2015-04-27,0.0
EG.IBK.BW.VOL.GT1M,2015-05-11,0.0
EG.IBK.BW.VOL.GT1M,2015-05-25,0.0
EG.IBK.BW.VOL.GT1M,2015-06-08,0.0
EG.IBK.BW.VOL.GT1M,2015-06-22,0.0
EG.IBK.BW.VOL.GT1M,2015-07-06,0.0
EG.IBK.BW.VOL.GT1M,2015-08-03,0.0
EG.IBK.BW.VOL.GT1M,2015-08-17,0.0
EG.IBK.BW.VOL.GT1M,2015-08-31,0.0
EG.IBK.BW.VOL.GT1M,2015-09-14,0.0
EG.IBK.BW.VOL.GT1M,2015-09-28,0.0
EG.IBK.BW.VOL.GT1M,2015-10-12,0.0
EG.IBK.BW.VOL.GT1M,2015-10-26,0.0
EG.IBK.BW.VOL.GT1M,2015-11-09,0.0
EG.IBK.BW.VOL.GT1M,2015-11-23,0.0
EG.IBK.BW.VOL.GT1M,2015-12-07,0.0
EG.IBK.BW.VOL.GT1M,2015-12-21,0.0
EG.IBK.BW.VOL.GT1M,2016-01-04,0.0
EG.IBK.BW.VOL.GT1M,2016-01-18,0.0
EG.IBK.BW.VOL.GT1M,2016-02-01,0.0
EG.IBK.BW.VOL.GT1M,2016-02-15,0.0
EG.IBK.BW.VOL.GT1M,2016-02-29,500.0
EG.IBK.BW.VOL.GT1M,2016-03-14,500.0
EG.IBK.BW.VOL.GT1M,2016-03-28,1040.0
EG.IBK.BW.VOL.GT1M,2016-04-11,850.0
EG.IBK.BW.VOL.GT1M,2016-04-25,0.0
EG.IBK.BW.VOL.GT1M,2016-05-09,2000.0
EG.IBK.BW.VOL.GT1M,2016-05-23,0.0
EG.IBK.BW.VOL.GT1M,2016-06-06,0.0
EG.IBK.BW.VOL.GT1M,2016-06-20,1000.0
EG.IBK.BW.VOL.GT1M,2016-07-04,2500.0
EG.IBK.BW.VOL.GT1M,2016-07-18,0.0
EG.IBK.BW.VOL.GT1M,2016-08-01,1000.0
EG.IBK.BW.VOL.GT1M,2016-08-15,1700.0
EG.IBK.BW.VOL.GT1M,2016-08-29,0.0
EG.IBK.BW.VOL.GT1M,2016-09-12,0.0
EG.IBK.BW.VOL.GT1M,2016-09-26,0.0
EG.IBK.BW.VOL.GT1M,2016-10-10,2000.0
EG.IBK.BW.VOL.GT1M,2016-10-24,0.0
EG.IBK.BW.VOL.GT1M,2016-11-07,0.0
EG.IBK.BW.VOL.GT1M,2016-11-21,1000.0
EG.IBK.BW.VOL.GT1M,2016-12-05,0.0
EG.IBK.BW.VOL.GT1M,2016-12-19,0.0
EG.IBK.BW.VOL.GT1M,2017-01-02,0.0
EG.IBK.BW.VOL.GT1M,2017-01-16,0.0
EG.IBK.BW.VOL.GT1M,2017-01-30,0.0
EG.IBK.BW.VOL.GT1M,2017-02-13,0.0
EG.IBK.BW.VOL.GT1M,2017-02-27,650.0
EG.IBK.BW.VOL.GT1M,2017-03-13,750.0
EG.IBK.BW.VOL.GT1M,2017-03-27,100.0
EG.IBK.BW.VOL.GT1M,2017-04-10,0.0
EG.IBK.BW.VOL.GT1M,2017-04-24,0.0
EG.IBK.BW.VOL.GT1M,2017-05-08,0.0
EG.IBK.BW.VOL.GT1M,2017-05-22,1000.0
EG.IBK.BW.VOL.GT1M,2017-06-05,0.0
EG.IBK.BW.VOL.GT1M,2017-06-19,0.0
EG.IBK.BW.VOL.GT1M,2017-07-03,0.0
EG.IBK.BW.VOL.GT1M,2017-07-17,1000.0
EG.IBK.BW.VOL.GT1M,2017-07-31,0.0
EG.IBK.BW.VOL.GT1M,2017-08-14,0.0
EG.IBK.BW.VOL.GT1M,2017-08-28,0.0
EG.IBK.BW.VOL.GT1M,2017-09-11,0.0
EG.IBK.BW.VOL.GT1M,2017-09-25,0.0
EG.IBK.BW.VOL.GT1M,2017-10-09,1000.0
EG.IBK.BW.VOL.GT1M,2017-10-23,0.0
EG.IBK.BW.VOL.GT1M,2017-11-06,0.0
EG.IBK.BW.VOL.GT1M,2017-11-20,0.0
EG.IBK.BW.VOL.GT1M,2017-12-04,0.0
EG.IBK.BW.VOL.GT1M,2017-12-18,2083.0
EG.IBK.BW.VOL.GT1M,2018-01-01,1250.0
EG.IBK.BW.VOL.GT1M,2018-01-15,400.0
EG.IBK.BW.VOL.GT1M,2018-01-29,170.0
EG.IBK.BW.VOL.GT1M,2018-02-12,0.0
EG.IBK.BW.VOL.GT1M,2018-02-26,0.0
EG.IBK.BW.VOL.GT1M,2018-03-12,0.0
EG.IBK.BW.VOL.GT1M,2018-03-26,200.0
EG.IBK.BW.VOL.GT1M,2018-04-09,0.0
EG.IBK.BW.VOL.GT1M,2018-04-23,0.0
EG.IBK.BW.VOL.GT1M,2018-05-07,0.0
EG.IBK.BW.VOL.GT1M,2018-05-21,100.0
EG.IBK.BW.VOL.GT1M,2018-06-04,1750.0
EG.IBK.BW.VOL.GT1M,2018-06-18,32.72
EG.IBK.BW.VOL.GT1M,2018-07-02,2550.0
EG.IBK.BW.VOL.GT1M,2018-07-16,0.0
EG.IBK.BW.VOL.GT1M,2018-07-30,0.0
EG.IBK.BW.VOL.GT1M,2018-08-13,7.16
EG.IBK.BW.VOL.GT1M,2018-08-27,0.0
EG.IBK.BW.VOL.GT1M,2018-09-10,0.0
EG.IBK.BW.VOL.GT1M,2018-09-24,0.0
EG.IBK.BW.VOL.GT1M,2018-10-08,2000.0
EG.IBK.BW.VOL.GT1M,2018-10-22,1325.0
EG.IBK.BW.VOL.GT1M,2018-11-05,0.0
EG.IBK.BW.VOL.GT1M,2018-11-19,380.0
EG.IBK.BW.VOL.GT1M,2018-12-03,0.0
EG.IBK.BW.VOL.GT1M,2018-12-17,0.0
EG.IBK.BW.VOL.GT1M,2018-12-31,2400.0
EG.IBK.BW.VOL.GT1M,2019-01-14,0.0
EG.IBK.BW.VOL.GT1M,2019-01-28,0.0
EG.IBK.BW.VOL.GT1M,2019-02-11,0.0
EG.IBK.BW.VOL.GT1M,2019-02-25,0.0
EG.IBK.BW.VOL.GT1M,2019-03-11,0.0
EG.IBK.BW.VOL.GT1M,2019-03-25,0.0
EG.IBK.BW.VOL.GT1M,2019-04-08,2235.0
EG.IBK.BW.VOL.GT1M,2019-04-22,0.0
EG.IBK.BW.VOL.GT1M,2019-05-06,0.0
EG.IBK.BW.VOL.GT1M,2019-05-20,0.0
EG.IBK.BW.VOL.GT1M,2019-06-03,0.0
EG.IBK.BW.VOL.GT1M,2019-06-17,0.0
EG.IBK.BW.VOL.GT1M,2019-07-01,0.0
EG.IBK.BW.VOL.GT1M,2019-07-15,2000.0
EG.IBK.BW.VOL.GT1M,2019-07-29,330.0
EG.IBK.BW.VOL.GT1M,2019-08-12,0.0
EG.IBK.BW.VOL.GT1M,2019-08-26,0.0
EG.IBK.BW.VOL.GT1M,2019-09-09,0.0
EG.IBK.BW.VOL.GT1M,2019-09-23,0.0
EG.IBK.BW.VOL.GT1M,2019-10-07,0.0
EG.IBK.BW.VOL.GT1M,2019-10-21,0.0
EG.IBK.BW.VOL.GT1M,2019-11-04,0.0
EG.IBK.BW.VOL.GT1M,2019-11-18,0.0
EG.IBK.BW.VOL.GT1M,2019-12-02,0.0
EG.IBK.BW.VOL.GT1M,2019-12-16,0.0
EG.IBK.BW.VOL.GT1M,2019-12-30,0.0
EG.IBK.BW.VOL.GT1M,2020-01-13,0.0
EG.IBK.BW.VOL.GT1M,2020-01-27,0.0
EG.IBK.BW.VOL.GT1M,2020-02-10,0.0
EG.IBK.BW.VOL.GT1M,2020-02-24,0.0
EG.IBK.BW.VOL.GT1M,2020-03-09,0.0
EG.IBK.BW.VOL.GT1M,2020-03-23,1000.0
EG.IBK.BW.VOL.GT1M,2020-04-06,0.0
EG.IBK.BW.VOL.GT1M,2020-04-20,0.0
EG.IBK.BW.VOL.GT1M,2020-05-04,0.0
EG.IBK.BW.VOL.GT1M,2020-05-18,650.0
EG.IBK.BW.VOL.GT1M,2020-06-01,200.0
EG.IBK.BW.VOL.GT1M,2020-06-15,0.0
EG.IBK.BW.VOL.GT1M,2020-06-29,2150.0
EG.IBK.BW.VOL.GT1M,2020-07-13,3000.0
EG.IBK.BW.VOL.GT1M,2020-07-27,0.0
EG.IBK.BW.VOL.GT1M,2020-08-10,0.0
EG.IBK.BW.VOL.GT1M,2020-08-24,0.0
EG.IBK.BW.VOL.GT1M,2020-09-07,0.0
EG.IBK.BW.VOL.GT1M,2020-09-21,0.0
EG.IBK.BW.VOL.GT1M,2020-10-05,0.0
EG.IBK.BW.VOL.GT1M,2020-10-19,0.0
EG.IBK.BW.VOL.GT1M,2020-11-02,0.0
EG.IBK.BW.VOL.GT1M,2020-11-16,0.0
EG.IBK.BW.VOL.GT1M,2020-11-30,0.0
EG.IBK.BW.VOL.GT1M,2020-12-14,0.0
EG.IBK.BW.VOL.GT1M,2020-12-28,0.0
EG.IBK.BW.VOL.GT1M,2021-01-11,0.0
EG.IBK.BW.VOL.GT1M,2021-01-25,0.0
EG.IBK.BW.VOL.GT1M,2021-02-08,0.0
EG.IBK.BW.VOL.GT1M,2021-02-22,0.0
EG.IBK.BW.VOL.GT1M,2021-03-08,0.0
EG.IBK.BW.VOL.GT1M,2021-03-22,0.0
EG.IBK.BW.VOL.GT1M,2021-04-05,0.0
EG.IBK.BW.VOL.GT1M,2021-04-19,0.0
EG.IBK.BW.VOL.GT1M,2021-05-03,0.0
EG.IBK.BW.VOL.GT1M,2021-05-17,0.0
EG.IBK.BW.VOL.GT1M,2021-05-31,0.0
EG.IBK.BW.VOL.GT1M,2021-06-14,0.0
EG.IBK.BW.VOL.GT1M,2021-06-28,0.0
EG.IBK.BW.VOL.GT1M,2021-07-12,0.0
EG.IBK.BW.VOL.GT1M,2021-07-26,0.0
EG.IBK.BW.VOL.GT1M,2021-08-09,0.0
EG.IBK.BW.VOL.GT1M,2021-08-23,0.0
EG.IBK.BW.VOL.GT1M,2021-09-06,0.0
EG.IBK.BW.VOL.GT1M,2021-09-20,0.0
EG.IBK.BW.VOL.GT1M,2021-10-04,0.0
EG.IBK.BW.VOL.GT1M,2021-10-18,0.0
EG.IBK.BW.VOL.GT1M,2021-11-01,0.0
EG.IBK.BW.VOL.GT1M,2021-11-15,500.0
EG.IBK.BW.VOL.GT1M,2021-11-29,500.0
EG.IBK.BW.VOL.GT1M,2021-12-13,250.0
EG.IBK.BW.VOL.GT1M,2021-12-27,250.0
EG.IBK.BW.VOL.GT1M,2022-01-10,750.0
EG.IBK.BW.VOL.GT1M,2022-01-24,250.0
EG.IBK.BW.VOL.GT1M,2022-02-07,0.0
EG.IBK.BW.VOL.GT1M,2022-02-21,250.0
EG.IBK.BW.VOL.GT1M,2022-03-07,0.0
EG.IBK.BW.VOL.GT1M,2022-03-21,0.0
EG.IBK.BW.VOL.GT1M,2022-04-04,3300.0
EG.IBK.BW.VOL.GT1M,2022-04-18,200.0
EG.IBK.BW.VOL.GT1M,2022-05-02,0.0
EG.IBK.BW.VOL.GT1M,2022-05-16,0.0
EG.IBK.BW.VOL.GT1M,2022-05-30,0.0
EG.IBK.BW.VOL.GT1M,2022-06-13,0.0
EG.IBK.BW.VOL.GT1M,2022-06-27,1000.0
EG.IBK.BW.VOL.GT1M,2022-07-11,0.0
EG.IBK.BW.VOL.GT1M,2022-07-25,0.0
EG.IBK.BW.VOL.GT1M,2022-08-08,0.0
EG.IBK.BW.VOL.GT1M,2022-08-22,0.0
EG.IBK.BW.VOL.GT1M,2022-09-05,0.0
EG.IBK.BW.VOL.GT1M,2022-09-19,0.0
EG.IBK.BW.VOL.GT1M,2022-10-03,0.0
EG.IBK.BW.VOL.GT1M,2022-10-17,0.0
EG.IBK.BW.VOL.GT1M,2022-10-31,0.0
EG.IBK.BW.VOL.GT1M,2022-11-14,2500.0
EG.IBK.BW.VOL.GT1M,2022-11-28,500.0
EG.IBK.BW.VOL.GT1M,2022-12-12,0.0
EG.IBK.BW.VOL.GT1M,2022-12-26,0.0
EG.IBK.BW.VOL.GT1M,2023-01-09,0.0
EG.IBK.BW.VOL.GT1M,2023-01-23,0.0
EG.IBK.BW.VOL.GT1M,2023-02-06,0.0
EG.IBK.BW.VOL.GT1M,2023-02-20,4000.0
EG.IBK.BW.VOL.GT1M,2023-03-06,0.0
EG.IBK.BW.VOL.GT1M,2023-03-20,3000.0
EG.IBK.BW.VOL.GT1M,2023-04-03,3000.0
EG.IBK.BW.VOL.GT1M,2023-04-17,5000.0
EG.IBK.BW.VOL.GT1M,2023-05-01,0.0
EG.IBK.BW.VOL.GT1M,2023-05-15,2000.0
EG.IBK.BW.VOL.GT1M,2023-05-29,3000.0
EG.IBK.BW.VOL.GT1M,2023-06-12,4000.0
EG.IBK.BW.VOL.GT1M,2023-06-26,9000.0
EG.IBK.BW.VOL.GT1M,2023-07-10,0.0
EG.IBK.BW.VOL.GT1M,2023-07-24,7000.0
EG.IBK.BW.VOL.GT1M,2023-08-07,0.0
EG.IBK.BW.VOL.GT1M,2023-08-21,12000.0
EG.IBK.BW.VOL.GT1M,2023-09-04,4000.0
EG.IBK.BW.VOL.GT1M,2023-09-18,5000.0
EG.IBK.BW.VOL.GT1M,2023-10-02,0.0
EG.IBK.BW.VOL.GT1M,2023-10-16,4000.0
EG.IBK.BW.VOL.GT1M,2023-10-30,619.0
EG.IBK.BW.VOL.GT1M,2023-11-13,3489.0
EG.IBK.BW.VOL.GT1M,2023-11-27,0.0
EG.IBK.BW.VOL.GT1M,2023-12-11,8837.0
EG.IBK.BW.VOL.GT1M,2023-12-25,18000.0
EG.IBK.BW.VOL.GT1M,2024-01-08,12000.0
EG.IBK.BW.VOL.GT1M,2024-01-22,12000.0
EG.IBK.BW.VOL.GT1M,2024-02-05,9895.0
EG.IBK.BW.VOL.GT1M,2024-02-19,12000.0
EG.IBK.BW.VOL.GT1M,2024-03-04,13000.0
EG.IBK.BW.VOL.GT1M,2024-03-18,0.0
EG.IBK.BW.VOL.GT1M,2024-04-01,10500.0
EG.IBK.BW.VOL.GT1M,2024-04-15,21000.0
EG.IBK.BW.VOL.GT1M,2024-04-29,9500.0
EG.IBK.BW.VOL.GT1M,2024-05-13,2000.0
EG.IBK.BW.VOL.GT1M,2024-05-27,0.0
EG.IBK.BW.VOL.GT1M,2024-06-10,4000.0
EG.IBK.BW.VOL.GT1M,2024-06-24,3200.0
EG.IBK.BW.VOL.GT1M,2024-07-08,0.0
EG.IBK.BW.VOL.GT1M,2024-07-22,2000.0
EG.IBK.BW.VOL.GT1M,2024-08-05,4000.0
EG.IBK.BW.VOL.GT1M,2024-08-19,2000.0
EG.IBK.BW.VOL.GT1M,2024-09-02,2000.0
EG.IBK.BW.VOL.GT1M,2024-09-16,2000.0
EG.IBK.BW.VOL.GT1M,2024-09-30,0.0
EG.IBK.BW.VOL.GT1M,2024-10-14,0.0
EG.IBK.BW.VOL.GT1M,2024-10-28,0.0
EG.IBK.BW.VOL.GT1M,2024-11-11,0.0
EG.IBK.BW.VOL.GT1M,2024-11-25,0.0
EG.IBK.BW.VOL.GT1M,2024-12-09,0.0
EG.IBK.BW.VOL.GT1M,2024-12-23,0.0
EG.IBK.BW.VOL.GT1M,2025-01-06,0.0
EG.IBK.BW.VOL.GT1M,2025-01-20,6000.0
EG.IBK.BW.VOL.GT1M,2025-02-03,0.0
EG.IBK.BW.VOL.GT1M,2025-02-17,0.0
EG.IBK.BW.VOL.GT1M,2025-03-03,3000.0
EG.IBK.BW.VOL.GT1M,2025-03-17,0.0
EG.IBK.BW.VOL.GT1M,2025-03-31,3950.0
EG.IBK.BW.VOL.GT1M,2025-04-14,0.0
EG.IBK.BW.VOL.GT1M,2025-04-28,7000.0
EG.IBK.BW.VOL.GT1M,2025-05-12,0.0
EG.IBK.BW.VOL.GT1M,2025-05-26,2000.0
EG.IBK.BW.VOL.GT1M,2025-06-09,10000.0
EG.IBK.BW.VOL.GT1M,2025-06-23,0.0
EG.IBK.BW.VOL.GT1M,2025-07-07,0.0
EG.IBK.BW.VOL.GT1M,2025-07-21,6000.0
EG.IBK.BW.VOL.GT1M,2025-08-04,1000.0
EG.IBK.BW.VOL.GT1M,2025-08-18,0.0
EG.IBK.BW.VOL.GT1M,2025-09-01,0.0
EG.IBK.BW.VOL.GT1M,2025-09-15,12000.0
EG.IBK.BW.VOL.GT1M,2025-09-29,0.0
EG.IBK.BW.VOL.GT1M,2025-10-13,6000.0
EG.IBK.BW.VOL.GT1M,2025-10-27,0.0
EG.IBK.BW.VOL.GT1M,2025-11-10,0.0
EG.IBK.BW.VOL.GT1M,2025-11-24,1250.0
EG.IBK.BW.VOL.GT1M,2025-12-08,7000.0
EG.IBK.BW.VOL.GT1M,2025-12-22,0.0
EG.IBK.BW.VOL.GT1M,2026-01-05,50000.0
EG.IBK.BW.VOL.GT1M,2026-01-19,8800.0
EG.IBK.BW.VOL.GT1M,2026-02-02,0.0
EG.IBK.BW.VOL.GT1M,2026-02-16,2000.0
EG.IBK.BW.VOL.GT1M,2026-03-02,11750.0
EG.IBK.BW.VOL.GT1M,2026-03-16,0.0
EG.IBK.BW.VOL.GT1M,2026-03-30,0.0
EG.IBK.BW.VOL.GT1M,2026-04-13,13850.0
EG.IBK.BW.VOL.GT1M,2026-04-27,0.0
EG.IBK.BW.VOL.GT1M,2026-05-11,1200.0
EG.IBK.BW.VOL.GT1M,2026-05-25,2000.0
EG.IBK.BW.VOL.GT1M,2026-06-08,61000.0
EG.IBK.BW.VOL.GT1M,2026-06-22,0.0
EG.IBK.BW.VOL.GT1M,2026-07-06,0.0
EG.IBK.BW.VOL.GT1M,2026-07-20,13000.0
EG.IBK.BW.VOL.GT1M,2026-08-03,0.0
EG.IBK.BW.VOL.GT1M,2026-08-17,0.0
EG.IBK.BW.VOL.LT1M,2010-07-12,2024.5
EG.IBK.BW.VOL.LT1M,2010-07-26,1240.0
EG.IBK.BW.VOL.LT1M,2010-08-09,1680.0
EG.IBK.BW.VOL.LT1M,2010-08-23,2145.0
EG.IBK.BW.VOL.LT1M,2010-09-06,2382.0
EG.IBK.BW.VOL.LT1M,2010-09-20,1622.0
EG.IBK.BW.VOL.LT1M,2010-10-04,1741.0
EG.IBK.BW.VOL.LT1M,2010-10-18,1435.0
EG.IBK.BW.VOL.LT1M,2010-11-01,1430.0
EG.IBK.BW.VOL.LT1M,2010-11-15,3723.0
EG.IBK.BW.VOL.LT1M,2010-11-29,3029.0
EG.IBK.BW.VOL.LT1M,2010-12-13,3160.0
EG.IBK.BW.VOL.LT1M,2010-12-27,3998.0
EG.IBK.BW.VOL.LT1M,2011-01-10,2930.0
EG.IBK.BW.VOL.LT1M,2011-01-24,5098.0
EG.IBK.BW.VOL.LT1M,2011-02-07,4757.0
EG.IBK.BW.VOL.LT1M,2011-02-21,6339.0
EG.IBK.BW.VOL.LT1M,2011-03-07,5459.0
EG.IBK.BW.VOL.LT1M,2011-03-21,2948.0
EG.IBK.BW.VOL.LT1M,2011-04-04,3744.0
EG.IBK.BW.VOL.LT1M,2011-04-18,6098.8
EG.IBK.BW.VOL.LT1M,2011-05-02,3662.2
EG.IBK.BW.VOL.LT1M,2011-05-16,3077.0
EG.IBK.BW.VOL.LT1M,2011-05-30,4718.0
EG.IBK.BW.VOL.LT1M,2011-06-13,3208.0
EG.IBK.BW.VOL.LT1M,2011-06-27,3339.0
EG.IBK.BW.VOL.LT1M,2011-07-11,3493.0
EG.IBK.BW.VOL.LT1M,2011-07-25,3297.5
EG.IBK.BW.VOL.LT1M,2011-08-08,3354.0
EG.IBK.BW.VOL.LT1M,2011-08-22,6059.0
EG.IBK.BW.VOL.LT1M,2011-09-05,6700.0
EG.IBK.BW.VOL.LT1M,2011-09-19,2020.0
EG.IBK.BW.VOL.LT1M,2011-10-03,3361.0
EG.IBK.BW.VOL.LT1M,2011-10-17,3190.0
EG.IBK.BW.VOL.LT1M,2011-10-31,1758.0
EG.IBK.BW.VOL.LT1M,2011-11-14,6729.0
EG.IBK.BW.VOL.LT1M,2011-11-28,1185.0
EG.IBK.BW.VOL.LT1M,2011-12-12,2529.0
EG.IBK.BW.VOL.LT1M,2011-12-26,2323.0
EG.IBK.BW.VOL.LT1M,2012-01-09,1333.0
EG.IBK.BW.VOL.LT1M,2012-01-23,1166.0
EG.IBK.BW.VOL.LT1M,2012-02-06,2016.0
EG.IBK.BW.VOL.LT1M,2012-02-20,2563.0
EG.IBK.BW.VOL.LT1M,2012-03-05,2117.4
EG.IBK.BW.VOL.LT1M,2012-03-19,3977.0
EG.IBK.BW.VOL.LT1M,2012-04-02,2310.0
EG.IBK.BW.VOL.LT1M,2012-04-16,3858.0
EG.IBK.BW.VOL.LT1M,2012-04-30,6468.0
EG.IBK.BW.VOL.LT1M,2012-05-14,3178.0
EG.IBK.BW.VOL.LT1M,2012-05-28,2477.0
EG.IBK.BW.VOL.LT1M,2012-06-11,2741.0
EG.IBK.BW.VOL.LT1M,2012-06-25,1950.0
EG.IBK.BW.VOL.LT1M,2012-07-09,2767.0
EG.IBK.BW.VOL.LT1M,2012-07-23,3630.0
EG.IBK.BW.VOL.LT1M,2012-08-06,3500.0
EG.IBK.BW.VOL.LT1M,2012-08-20,4140.8
EG.IBK.BW.VOL.LT1M,2012-09-03,3534.0
EG.IBK.BW.VOL.LT1M,2012-09-17,3005.0
EG.IBK.BW.VOL.LT1M,2012-10-01,3263.0
EG.IBK.BW.VOL.LT1M,2012-10-15,2912.0
EG.IBK.BW.VOL.LT1M,2012-10-29,4751.0
EG.IBK.BW.VOL.LT1M,2012-11-12,2768.0
EG.IBK.BW.VOL.LT1M,2012-11-26,4713.0
EG.IBK.BW.VOL.LT1M,2012-12-10,2360.0
EG.IBK.BW.VOL.LT1M,2012-12-24,3078.0
EG.IBK.BW.VOL.LT1M,2013-01-07,3299.0
EG.IBK.BW.VOL.LT1M,2013-01-21,2371.0
EG.IBK.BW.VOL.LT1M,2013-02-04,2319.0
EG.IBK.BW.VOL.LT1M,2013-02-18,1557.0
EG.IBK.BW.VOL.LT1M,2013-03-04,2746.0
EG.IBK.BW.VOL.LT1M,2013-03-18,2444.0
EG.IBK.BW.VOL.LT1M,2013-04-01,2383.6
EG.IBK.BW.VOL.LT1M,2013-04-15,1415.6
EG.IBK.BW.VOL.LT1M,2013-04-29,3372.6
EG.IBK.BW.VOL.LT1M,2013-05-13,2756.6
EG.IBK.BW.VOL.LT1M,2013-05-27,4468.0
EG.IBK.BW.VOL.LT1M,2013-06-10,7700.0
EG.IBK.BW.VOL.LT1M,2013-06-24,6222.0
EG.IBK.BW.VOL.LT1M,2013-07-08,6777.0
EG.IBK.BW.VOL.LT1M,2013-07-22,5588.0
EG.IBK.BW.VOL.LT1M,2013-08-05,5212.0
EG.IBK.BW.VOL.LT1M,2013-08-19,4169.6
EG.IBK.BW.VOL.LT1M,2013-09-02,4829.0
EG.IBK.BW.VOL.LT1M,2013-09-16,4349.0
EG.IBK.BW.VOL.LT1M,2013-09-30,2252.0
EG.IBK.BW.VOL.LT1M,2013-10-14,4042.4
EG.IBK.BW.VOL.LT1M,2013-10-28,2303.0
EG.IBK.BW.VOL.LT1M,2013-11-11,1671.9
EG.IBK.BW.VOL.LT1M,2013-11-25,585.0
EG.IBK.BW.VOL.LT1M,2013-12-09,370.0
EG.IBK.BW.VOL.LT1M,2013-12-23,300.0
EG.IBK.BW.VOL.LT1M,2014-01-06,2089.9
EG.IBK.BW.VOL.LT1M,2014-01-20,1378.9
EG.IBK.BW.VOL.LT1M,2014-02-03,915.0
EG.IBK.BW.VOL.LT1M,2014-02-17,1293.0
EG.IBK.BW.VOL.LT1M,2014-03-03,764.9
EG.IBK.BW.VOL.LT1M,2014-03-17,1215.0
EG.IBK.BW.VOL.LT1M,2014-03-31,710.0
EG.IBK.BW.VOL.LT1M,2014-04-14,1110.0
EG.IBK.BW.VOL.LT1M,2014-04-28,935.0
EG.IBK.BW.VOL.LT1M,2014-05-12,1174.9
EG.IBK.BW.VOL.LT1M,2014-05-26,1483.0
EG.IBK.BW.VOL.LT1M,2014-06-09,2354.9
EG.IBK.BW.VOL.LT1M,2014-06-23,1071.9
EG.IBK.BW.VOL.LT1M,2014-07-07,2524.9
EG.IBK.BW.VOL.LT1M,2014-07-21,2003.9
EG.IBK.BW.VOL.LT1M,2014-08-04,3588.9
EG.IBK.BW.VOL.LT1M,2014-08-18,766.0
EG.IBK.BW.VOL.LT1M,2014-09-01,560.0
EG.IBK.BW.VOL.LT1M,2014-09-15,732.0
EG.IBK.BW.VOL.LT1M,2014-09-29,1098.0
EG.IBK.BW.VOL.LT1M,2014-10-13,3173.0
EG.IBK.BW.VOL.LT1M,2014-10-27,100.0
EG.IBK.BW.VOL.LT1M,2014-11-10,0.0
EG.IBK.BW.VOL.LT1M,2014-11-24,50.0
EG.IBK.BW.VOL.LT1M,2014-12-08,800.0
EG.IBK.BW.VOL.LT1M,2014-12-22,747.0
EG.IBK.BW.VOL.LT1M,2015-01-05,476.0
EG.IBK.BW.VOL.LT1M,2015-01-19,530.0
EG.IBK.BW.VOL.LT1M,2015-02-02,299.0
EG.IBK.BW.VOL.LT1M,2015-02-16,557.0
EG.IBK.BW.VOL.LT1M,2015-03-02,1007.0
EG.IBK.BW.VOL.LT1M,2015-03-16,425.0
EG.IBK.BW.VOL.LT1M,2015-03-30,1282.0
EG.IBK.BW.VOL.LT1M,2015-04-27,275.0
EG.IBK.BW.VOL.LT1M,2015-05-11,1620.0
EG.IBK.BW.VOL.LT1M,2015-05-25,683.0
EG.IBK.BW.VOL.LT1M,2015-06-08,1526.75
EG.IBK.BW.VOL.LT1M,2015-06-22,912.0
EG.IBK.BW.VOL.LT1M,2015-07-06,2321.75
EG.IBK.BW.VOL.LT1M,2015-08-03,1116.0
EG.IBK.BW.VOL.LT1M,2015-08-17,515.75
EG.IBK.BW.VOL.LT1M,2015-08-31,945.5
EG.IBK.BW.VOL.LT1M,2015-09-14,120.0
EG.IBK.BW.VOL.LT1M,2015-09-28,471.0
EG.IBK.BW.VOL.LT1M,2015-10-12,1562.0
EG.IBK.BW.VOL.LT1M,2015-10-26,15.0
EG.IBK.BW.VOL.LT1M,2015-11-09,90.0
EG.IBK.BW.VOL.LT1M,2015-11-23,440.0
EG.IBK.BW.VOL.LT1M,2015-12-07,90.0
EG.IBK.BW.VOL.LT1M,2015-12-21,15.0
EG.IBK.BW.VOL.LT1M,2016-01-04,215.0
EG.IBK.BW.VOL.LT1M,2016-01-18,15.0
EG.IBK.BW.VOL.LT1M,2016-02-01,215.0
EG.IBK.BW.VOL.LT1M,2016-02-15,15.0
EG.IBK.BW.VOL.LT1M,2016-02-29,15.0
EG.IBK.BW.VOL.LT1M,2016-03-14,0.0
EG.IBK.BW.VOL.LT1M,2016-03-28,219.0
EG.IBK.BW.VOL.LT1M,2016-04-11,848.0
EG.IBK.BW.VOL.LT1M,2016-04-25,1230.0
EG.IBK.BW.VOL.LT1M,2016-05-09,150.0
EG.IBK.BW.VOL.LT1M,2016-05-23,640.0
EG.IBK.BW.VOL.LT1M,2016-06-06,320.0
EG.IBK.BW.VOL.LT1M,2016-06-20,675.0
EG.IBK.BW.VOL.LT1M,2016-07-04,895.0
EG.IBK.BW.VOL.LT1M,2016-07-18,1210.0
EG.IBK.BW.VOL.LT1M,2016-08-01,770.0
EG.IBK.BW.VOL.LT1M,2016-08-15,675.0
EG.IBK.BW.VOL.LT1M,2016-08-29,420.0
EG.IBK.BW.VOL.LT1M,2016-09-12,4497.5
EG.IBK.BW.VOL.LT1M,2016-09-26,1000.0
EG.IBK.BW.VOL.LT1M,2016-10-10,500.0
EG.IBK.BW.VOL.LT1M,2016-10-24,1600.0
EG.IBK.BW.VOL.LT1M,2016-11-07,680.0
EG.IBK.BW.VOL.LT1M,2016-11-21,400.0
EG.IBK.BW.VOL.LT1M,2016-12-05,1500.0
EG.IBK.BW.VOL.LT1M,2016-12-19,2400.0
EG.IBK.BW.VOL.LT1M,2017-01-02,3220.0
EG.IBK.BW.VOL.LT1M,2017-01-16,1200.0
EG.IBK.BW.VOL.LT1M,2017-01-30,2050.0
EG.IBK.BW.VOL.LT1M,2017-02-13,4140.0
EG.IBK.BW.VOL.LT1M,2017-02-27,3908.0
EG.IBK.BW.VOL.LT1M,2017-03-13,6900.0
EG.IBK.BW.VOL.LT1M,2017-03-27,6395.0
EG.IBK.BW.VOL.LT1M,2017-04-10,8595.0
EG.IBK.BW.VOL.LT1M,2017-04-24,15553.0
EG.IBK.BW.VOL.LT1M,2017-05-08,7993.0
EG.IBK.BW.VOL.LT1M,2017-05-22,12170.0
EG.IBK.BW.VOL.LT1M,2017-06-05,7815.0
EG.IBK.BW.VOL.LT1M,2017-06-19,2724.0
EG.IBK.BW.VOL.LT1M,2017-07-03,6077.0
EG.IBK.BW.VOL.LT1M,2017-07-17,3223.0
EG.IBK.BW.VOL.LT1M,2017-07-31,2870.0
EG.IBK.BW.VOL.LT1M,2017-08-14,4445.0
EG.IBK.BW.VOL.LT1M,2017-08-28,2685.0
EG.IBK.BW.VOL.LT1M,2017-09-11,1173.0
EG.IBK.BW.VOL.LT1M,2017-09-25,1930.0
EG.IBK.BW.VOL.LT1M,2017-10-09,536.0
EG.IBK.BW.VOL.LT1M,2017-10-23,4780.0
EG.IBK.BW.VOL.LT1M,2017-11-06,1882.0
EG.IBK.BW.VOL.LT1M,2017-11-20,1395.0
EG.IBK.BW.VOL.LT1M,2017-12-04,3550.0
EG.IBK.BW.VOL.LT1M,2017-12-18,1335.0
EG.IBK.BW.VOL.LT1M,2018-01-01,1345.0
EG.IBK.BW.VOL.LT1M,2018-01-15,1690.0
EG.IBK.BW.VOL.LT1M,2018-01-29,4475.0
EG.IBK.BW.VOL.LT1M,2018-02-12,500.0
EG.IBK.BW.VOL.LT1M,2018-02-26,2900.0
EG.IBK.BW.VOL.LT1M,2018-03-12,800.0
EG.IBK.BW.VOL.LT1M,2018-03-26,500.0
EG.IBK.BW.VOL.LT1M,2018-04-09,7435.0
EG.IBK.BW.VOL.LT1M,2018-04-23,0.0
EG.IBK.BW.VOL.LT1M,2018-05-07,4030.0
EG.IBK.BW.VOL.LT1M,2018-05-21,2385.0
EG.IBK.BW.VOL.LT1M,2018-06-04,7245.0
EG.IBK.BW.VOL.LT1M,2018-06-18,6016.65
EG.IBK.BW.VOL.LT1M,2018-07-02,4525.0
EG.IBK.BW.VOL.LT1M,2018-07-16,1925.0
EG.IBK.BW.VOL.LT1M,2018-07-30,1560.0
EG.IBK.BW.VOL.LT1M,2018-08-13,1600.0
EG.IBK.BW.VOL.LT1M,2018-08-27,20600.0
EG.IBK.BW.VOL.LT1M,2018-09-10,12425.0
EG.IBK.BW.VOL.LT1M,2018-09-24,2380.0
EG.IBK.BW.VOL.LT1M,2018-10-08,3000.0
EG.IBK.BW.VOL.LT1M,2018-10-22,1480.0
EG.IBK.BW.VOL.LT1M,2018-11-05,5360.0
EG.IBK.BW.VOL.LT1M,2018-11-19,10835.0
EG.IBK.BW.VOL.LT1M,2018-12-03,4830.0
EG.IBK.BW.VOL.LT1M,2018-12-17,8390.0
EG.IBK.BW.VOL.LT1M,2018-12-31,10710.0
EG.IBK.BW.VOL.LT1M,2019-01-14,2080.0
EG.IBK.BW.VOL.LT1M,2019-01-28,1980.0
EG.IBK.BW.VOL.LT1M,2019-02-11,1300.0
EG.IBK.BW.VOL.LT1M,2019-02-25,2900.0
EG.IBK.BW.VOL.LT1M,2019-03-11,1130.0
EG.IBK.BW.VOL.LT1M,2019-03-25,3310.0
EG.IBK.BW.VOL.LT1M,2019-04-08,4250.0
EG.IBK.BW.VOL.LT1M,2019-04-22,3670.0
EG.IBK.BW.VOL.LT1M,2019-05-06,0.0
EG.IBK.BW.VOL.LT1M,2019-05-20,2230.0
EG.IBK.BW.VOL.LT1M,2019-06-03,4070.0
EG.IBK.BW.VOL.LT1M,2019-06-17,5830.0
EG.IBK.BW.VOL.LT1M,2019-07-01,580.0
EG.IBK.BW.VOL.LT1M,2019-07-15,2750.0
EG.IBK.BW.VOL.LT1M,2019-07-29,9546.0
EG.IBK.BW.VOL.LT1M,2019-08-12,8735.0
EG.IBK.BW.VOL.LT1M,2019-08-26,2450.0
EG.IBK.BW.VOL.LT1M,2019-09-09,1910.0
EG.IBK.BW.VOL.LT1M,2019-09-23,1500.0
EG.IBK.BW.VOL.LT1M,2019-10-07,5825.0
EG.IBK.BW.VOL.LT1M,2019-10-21,2170.0
EG.IBK.BW.VOL.LT1M,2019-11-04,3780.0
EG.IBK.BW.VOL.LT1M,2019-11-18,8905.0
EG.IBK.BW.VOL.LT1M,2019-12-02,4385.0
EG.IBK.BW.VOL.LT1M,2019-12-16,9460.0
EG.IBK.BW.VOL.LT1M,2019-12-30,3645.0
EG.IBK.BW.VOL.LT1M,2020-01-13,17240.0
EG.IBK.BW.VOL.LT1M,2020-01-27,12630.0
EG.IBK.BW.VOL.LT1M,2020-02-10,9955.0
EG.IBK.BW.VOL.LT1M,2020-02-24,6450.0
EG.IBK.BW.VOL.LT1M,2020-03-09,6450.0
EG.IBK.BW.VOL.LT1M,2020-03-23,21015.0
EG.IBK.BW.VOL.LT1M,2020-04-06,37510.0
EG.IBK.BW.VOL.LT1M,2020-04-20,61785.0
EG.IBK.BW.VOL.LT1M,2020-05-04,53234.0
EG.IBK.BW.VOL.LT1M,2020-05-18,30570.0
EG.IBK.BW.VOL.LT1M,2020-06-01,47197.0
EG.IBK.BW.VOL.LT1M,2020-06-15,34895.0
EG.IBK.BW.VOL.LT1M,2020-06-29,38815.0
EG.IBK.BW.VOL.LT1M,2020-07-13,11180.0
EG.IBK.BW.VOL.LT1M,2020-07-27,16180.0
EG.IBK.BW.VOL.LT1M,2020-08-10,6990.0
EG.IBK.BW.VOL.LT1M,2020-08-24,6775.0
EG.IBK.BW.VOL.LT1M,2020-09-07,11130.0
EG.IBK.BW.VOL.LT1M,2020-09-21,15288.0
EG.IBK.BW.VOL.LT1M,2020-10-05,7385.0
EG.IBK.BW.VOL.LT1M,2020-10-19,10367.0
EG.IBK.BW.VOL.LT1M,2020-11-02,13165.0
EG.IBK.BW.VOL.LT1M,2020-11-16,10330.0
EG.IBK.BW.VOL.LT1M,2020-11-30,5050.0
EG.IBK.BW.VOL.LT1M,2020-12-14,10955.0
EG.IBK.BW.VOL.LT1M,2020-12-28,9560.0
EG.IBK.BW.VOL.LT1M,2021-01-11,11895.0
EG.IBK.BW.VOL.LT1M,2021-01-25,10270.0
EG.IBK.BW.VOL.LT1M,2021-02-08,10275.0
EG.IBK.BW.VOL.LT1M,2021-02-22,9420.0
EG.IBK.BW.VOL.LT1M,2021-03-08,10070.0
EG.IBK.BW.VOL.LT1M,2021-03-22,8645.0
EG.IBK.BW.VOL.LT1M,2021-04-05,12765.0
EG.IBK.BW.VOL.LT1M,2021-04-19,10423.0
EG.IBK.BW.VOL.LT1M,2021-05-03,6428.0
EG.IBK.BW.VOL.LT1M,2021-05-17,12430.0
EG.IBK.BW.VOL.LT1M,2021-05-31,11470.0
EG.IBK.BW.VOL.LT1M,2021-06-14,11800.0
EG.IBK.BW.VOL.LT1M,2021-06-28,7478.0
EG.IBK.BW.VOL.LT1M,2021-07-12,9745.0
EG.IBK.BW.VOL.LT1M,2021-07-26,10155.0
EG.IBK.BW.VOL.LT1M,2021-08-09,7192.0
EG.IBK.BW.VOL.LT1M,2021-08-23,3017.0
EG.IBK.BW.VOL.LT1M,2021-09-06,4462.0
EG.IBK.BW.VOL.LT1M,2021-09-20,4295.0
EG.IBK.BW.VOL.LT1M,2021-10-04,380.0
EG.IBK.BW.VOL.LT1M,2021-10-18,6225.0
EG.IBK.BW.VOL.LT1M,2021-11-01,4550.0
EG.IBK.BW.VOL.LT1M,2021-11-15,1950.0
EG.IBK.BW.VOL.LT1M,2021-11-29,2000.0
EG.IBK.BW.VOL.LT1M,2021-12-13,5900.0
EG.IBK.BW.VOL.LT1M,2021-12-27,6610.0
EG.IBK.BW.VOL.LT1M,2022-01-10,6375.0
EG.IBK.BW.VOL.LT1M,2022-01-24,2580.0
EG.IBK.BW.VOL.LT1M,2022-02-07,3400.0
EG.IBK.BW.VOL.LT1M,2022-02-21,7700.0
EG.IBK.BW.VOL.LT1M,2022-03-07,11800.0
EG.IBK.BW.VOL.LT1M,2022-03-21,11850.0
EG.IBK.BW.VOL.LT1M,2022-04-04,9340.0
EG.IBK.BW.VOL.LT1M,2022-04-18,19070.0
EG.IBK.BW.VOL.LT1M,2022-05-02,23830.0
EG.IBK.BW.VOL.LT1M,2022-05-16,33265.0
EG.IBK.BW.VOL.LT1M,2022-05-30,15580.0
EG.IBK.BW.VOL.LT1M,2022-06-13,18372.0
EG.IBK.BW.VOL.LT1M,2022-06-27,11570.0
EG.IBK.BW.VOL.LT1M,2022-07-11,31570.0
EG.IBK.BW.VOL.LT1M,2022-07-25,23925.0
EG.IBK.BW.VOL.LT1M,2022-08-08,18260.0
EG.IBK.BW.VOL.LT1M,2022-08-22,14510.0
EG.IBK.BW.VOL.LT1M,2022-09-05,13640.0
EG.IBK.BW.VOL.LT1M,2022-09-19,10460.0
EG.IBK.BW.VOL.LT1M,2022-10-03,2780.0
EG.IBK.BW.VOL.LT1M,2022-10-17,13480.0
EG.IBK.BW.VOL.LT1M,2022-10-31,27265.0
EG.IBK.BW.VOL.LT1M,2022-11-14,4620.0
EG.IBK.BW.VOL.LT1M,2022-11-28,5370.0
EG.IBK.BW.VOL.LT1M,2022-12-12,15450.0
EG.IBK.BW.VOL.LT1M,2022-12-26,11490.0
EG.IBK.BW.VOL.LT1M,2023-01-09,4500.0
EG.IBK.BW.VOL.LT1M,2023-01-23,19900.0
EG.IBK.BW.VOL.LT1M,2023-02-06,8550.0
EG.IBK.BW.VOL.LT1M,2023-02-20,5300.0
EG.IBK.BW.VOL.LT1M,2023-03-06,4321.0
EG.IBK.BW.VOL.LT1M,2023-03-20,4100.0
EG.IBK.BW.VOL.LT1M,2023-04-03,3550.0
EG.IBK.BW.VOL.LT1M,2023-04-17,6650.0
EG.IBK.BW.VOL.LT1M,2023-05-01,23100.0
EG.IBK.BW.VOL.LT1M,2023-05-15,5100.0
EG.IBK.BW.VOL.LT1M,2023-05-29,8500.0
EG.IBK.BW.VOL.LT1M,2023-06-12,18500.0
EG.IBK.BW.VOL.LT1M,2023-06-26,18250.0
EG.IBK.BW.VOL.LT1M,2023-07-10,2700.0
EG.IBK.BW.VOL.LT1M,2023-07-24,8700.0
EG.IBK.BW.VOL.LT1M,2023-08-07,1200.0
EG.IBK.BW.VOL.LT1M,2023-08-21,0.0
EG.IBK.BW.VOL.LT1M,2023-09-04,7700.0
EG.IBK.BW.VOL.LT1M,2023-09-18,0.0
EG.IBK.BW.VOL.LT1M,2023-10-02,20368.0
EG.IBK.BW.VOL.LT1M,2023-10-16,8200.0
EG.IBK.BW.VOL.LT1M,2023-10-30,1200.0
EG.IBK.BW.VOL.LT1M,2023-11-13,1150.0
EG.IBK.BW.VOL.LT1M,2023-11-27,1000.0
EG.IBK.BW.VOL.LT1M,2023-12-11,7700.0
EG.IBK.BW.VOL.LT1M,2023-12-25,18883.0
EG.IBK.BW.VOL.LT1M,2024-01-08,6600.0
EG.IBK.BW.VOL.LT1M,2024-01-22,14390.0
EG.IBK.BW.VOL.LT1M,2024-02-05,4640.0
EG.IBK.BW.VOL.LT1M,2024-02-19,2000.0
EG.IBK.BW.VOL.LT1M,2024-03-04,1000.0
EG.IBK.BW.VOL.LT1M,2024-03-18,9680.0
EG.IBK.BW.VOL.LT1M,2024-04-01,33800.0
EG.IBK.BW.VOL.LT1M,2024-04-15,33461.0
EG.IBK.BW.VOL.LT1M,2024-04-29,14529.0
EG.IBK.BW.VOL.LT1M,2024-05-13,6950.0
EG.IBK.BW.VOL.LT1M,2024-05-27,12979.0
EG.IBK.BW.VOL.LT1M,2024-06-10,23979.0
EG.IBK.BW.VOL.LT1M,2024-06-24,97281.0
EG.IBK.BW.VOL.LT1M,2024-07-08,21800.0
EG.IBK.BW.VOL.LT1M,2024-07-22,23150.0
EG.IBK.BW.VOL.LT1M,2024-08-05,32520.0
EG.IBK.BW.VOL.LT1M,2024-08-19,36370.0
EG.IBK.BW.VOL.LT1M,2024-09-02,24850.0
EG.IBK.BW.VOL.LT1M,2024-09-16,30150.0
EG.IBK.BW.VOL.LT1M,2024-09-30,42200.0
EG.IBK.BW.VOL.LT1M,2024-10-14,24150.0
EG.IBK.BW.VOL.LT1M,2024-10-28,17550.0
EG.IBK.BW.VOL.LT1M,2024-11-11,20200.0
EG.IBK.BW.VOL.LT1M,2024-11-25,30750.0
EG.IBK.BW.VOL.LT1M,2024-12-09,16400.0
EG.IBK.BW.VOL.LT1M,2024-12-23,28400.0
EG.IBK.BW.VOL.LT1M,2025-01-06,84900.0
EG.IBK.BW.VOL.LT1M,2025-01-20,12525.0
EG.IBK.BW.VOL.LT1M,2025-02-03,13750.0
EG.IBK.BW.VOL.LT1M,2025-02-17,18250.0
EG.IBK.BW.VOL.LT1M,2025-03-03,21200.0
EG.IBK.BW.VOL.LT1M,2025-03-17,16300.0
EG.IBK.BW.VOL.LT1M,2025-03-31,110231.0
EG.IBK.BW.VOL.LT1M,2025-04-14,17500.0
EG.IBK.BW.VOL.LT1M,2025-04-28,19700.0
EG.IBK.BW.VOL.LT1M,2025-05-12,19350.0
EG.IBK.BW.VOL.LT1M,2025-05-26,64264.0
EG.IBK.BW.VOL.LT1M,2025-06-09,21750.0
EG.IBK.BW.VOL.LT1M,2025-06-23,33121.0
EG.IBK.BW.VOL.LT1M,2025-07-07,45816.0
EG.IBK.BW.VOL.LT1M,2025-07-21,31900.0
EG.IBK.BW.VOL.LT1M,2025-08-04,20250.0
EG.IBK.BW.VOL.LT1M,2025-08-18,47230.0
EG.IBK.BW.VOL.LT1M,2025-09-01,52775.0
EG.IBK.BW.VOL.LT1M,2025-09-15,27700.0
EG.IBK.BW.VOL.LT1M,2025-09-29,32600.0
EG.IBK.BW.VOL.LT1M,2025-10-13,15350.0
EG.IBK.BW.VOL.LT1M,2025-10-27,5040.0
EG.IBK.BW.VOL.LT1M,2025-11-10,23370.0
EG.IBK.BW.VOL.LT1M,2025-11-24,25950.0
EG.IBK.BW.VOL.LT1M,2025-12-08,59500.0
EG.IBK.BW.VOL.LT1M,2025-12-22,21310.0
EG.IBK.BW.VOL.LT1M,2026-01-05,25520.0
EG.IBK.BW.VOL.LT1M,2026-01-19,14140.0
EG.IBK.BW.VOL.LT1M,2026-02-02,29190.0
EG.IBK.BW.VOL.LT1M,2026-02-16,40870.0
EG.IBK.BW.VOL.LT1M,2026-03-02,15820.0
EG.IBK.BW.VOL.LT1M,2026-03-16,30600.0
EG.IBK.BW.VOL.LT1M,2026-03-30,13650.0
EG.IBK.BW.VOL.LT1M,2026-04-13,80080.0
EG.IBK.BW.VOL.LT1M,2026-04-27,30000.0
EG.IBK.BW.VOL.LT1M,2026-05-11,83380.0
EG.IBK.BW.VOL.LT1M,2026-05-25,165961.2
EG.IBK.BW.VOL.LT1M,2026-06-08,67650.0
EG.IBK.BW.VOL.LT1M,2026-06-22,38250.0
EG.IBK.BW.VOL.LT1M,2026-07-06,37645.0
EG.IBK.BW.VOL.LT1M,2026-07-20,46850.0
EG.IBK.BW.VOL.LT1M,2026-08-03,11600.0
EG.IBK.BW.VOL.LT1M,2026-08-17,10470.0
EG.IBK.BW.VOL.LT1W,2010-07-12,555.0
EG.IBK.BW.VOL.LT1W,2010-07-26,1650.0
EG.IBK.BW.VOL.LT1W,2010-08-09,150.0
EG.IBK.BW.VOL.LT1W,2010-08-23,250.0
EG.IBK.BW.VOL.LT1W,2010-09-06,489.0
EG.IBK.BW.VOL.LT1W,2010-09-20,105.0
EG.IBK.BW.VOL.LT1W,2010-10-04,320.0
EG.IBK.BW.VOL.LT1W,2010-10-18,668.0
EG.IBK.BW.VOL.LT1W,2010-11-01,0.0
EG.IBK.BW.VOL.LT1W,2010-11-15,940.0
EG.IBK.BW.VOL.LT1W,2010-11-29,1780.0
EG.IBK.BW.VOL.LT1W,2010-12-13,1270.0
EG.IBK.BW.VOL.LT1W,2010-12-27,145.0
EG.IBK.BW.VOL.LT1W,2011-01-10,1015.0
EG.IBK.BW.VOL.LT1W,2011-01-24,997.0
EG.IBK.BW.VOL.LT1W,2011-02-07,2300.0
EG.IBK.BW.VOL.LT1W,2011-02-21,3076.0
EG.IBK.BW.VOL.LT1W,2011-03-07,2223.0
EG.IBK.BW.VOL.LT1W,2011-03-21,1804.0
EG.IBK.BW.VOL.LT1W,2011-04-04,1641.0
EG.IBK.BW.VOL.LT1W,2011-04-18,1226.0
EG.IBK.BW.VOL.LT1W,2011-05-02,1849.0
EG.IBK.BW.VOL.LT1W,2011-05-16,1767.0
EG.IBK.BW.VOL.LT1W,2011-05-30,1949.0
EG.IBK.BW.VOL.LT1W,2011-06-13,1552.7
EG.IBK.BW.VOL.LT1W,2011-06-27,3056.4
EG.IBK.BW.VOL.LT1W,2011-07-11,1526.0
EG.IBK.BW.VOL.LT1W,2011-07-25,260.0
EG.IBK.BW.VOL.LT1W,2011-08-08,875.0
EG.IBK.BW.VOL.LT1W,2011-08-22,175.0
EG.IBK.BW.VOL.LT1W,2011-09-05,3263.0
EG.IBK.BW.VOL.LT1W,2011-09-19,1039.0
EG.IBK.BW.VOL.LT1W,2011-10-03,5104.0
EG.IBK.BW.VOL.LT1W,2011-10-17,535.0
EG.IBK.BW.VOL.LT1W,2011-10-31,1805.0
EG.IBK.BW.VOL.LT1W,2011-11-14,1913.0
EG.IBK.BW.VOL.LT1W,2011-11-28,3022.0
EG.IBK.BW.VOL.LT1W,2011-12-12,597.0
EG.IBK.BW.VOL.LT1W,2011-12-26,1955.0
EG.IBK.BW.VOL.LT1W,2012-01-09,1365.0
EG.IBK.BW.VOL.LT1W,2012-01-23,2136.0
EG.IBK.BW.VOL.LT1W,2012-02-06,1032.0
EG.IBK.BW.VOL.LT1W,2012-02-20,923.0
EG.IBK.BW.VOL.LT1W,2012-03-05,1047.0
EG.IBK.BW.VOL.LT1W,2012-03-19,2751.0
EG.IBK.BW.VOL.LT1W,2012-04-02,2139.0
EG.IBK.BW.VOL.LT1W,2012-04-16,609.0
EG.IBK.BW.VOL.LT1W,2012-04-30,1399.0
EG.IBK.BW.VOL.LT1W,2012-05-14,2867.0
EG.IBK.BW.VOL.LT1W,2012-05-28,3860.0
EG.IBK.BW.VOL.LT1W,2012-06-11,1945.0
EG.IBK.BW.VOL.LT1W,2012-06-25,2570.0
EG.IBK.BW.VOL.LT1W,2012-07-09,2607.0
EG.IBK.BW.VOL.LT1W,2012-07-23,1622.0
EG.IBK.BW.VOL.LT1W,2012-08-06,902.0
EG.IBK.BW.VOL.LT1W,2012-08-20,575.0
EG.IBK.BW.VOL.LT1W,2012-09-03,1618.0
EG.IBK.BW.VOL.LT1W,2012-09-17,2106.0
EG.IBK.BW.VOL.LT1W,2012-10-01,1664.0
EG.IBK.BW.VOL.LT1W,2012-10-15,676.0
EG.IBK.BW.VOL.LT1W,2012-10-29,375.0
EG.IBK.BW.VOL.LT1W,2012-11-12,684.0
EG.IBK.BW.VOL.LT1W,2012-11-26,444.0
EG.IBK.BW.VOL.LT1W,2012-12-10,2591.0
EG.IBK.BW.VOL.LT1W,2012-12-24,1730.0
EG.IBK.BW.VOL.LT1W,2013-01-07,2952.0
EG.IBK.BW.VOL.LT1W,2013-01-21,1229.0
EG.IBK.BW.VOL.LT1W,2013-02-04,852.0
EG.IBK.BW.VOL.LT1W,2013-02-18,455.0
EG.IBK.BW.VOL.LT1W,2013-03-04,12.0
EG.IBK.BW.VOL.LT1W,2013-03-18,944.0
EG.IBK.BW.VOL.LT1W,2013-04-01,2225.0
EG.IBK.BW.VOL.LT1W,2013-04-15,345.0
EG.IBK.BW.VOL.LT1W,2013-04-29,2130.0
EG.IBK.BW.VOL.LT1W,2013-05-13,2674.0
EG.IBK.BW.VOL.LT1W,2013-05-27,1293.0
EG.IBK.BW.VOL.LT1W,2013-06-10,982.0
EG.IBK.BW.VOL.LT1W,2013-06-24,1078.0
EG.IBK.BW.VOL.LT1W,2013-07-08,4286.0
EG.IBK.BW.VOL.LT1W,2013-07-22,1075.0
EG.IBK.BW.VOL.LT1W,2013-08-05,1334.0
EG.IBK.BW.VOL.LT1W,2013-08-19,445.0
EG.IBK.BW.VOL.LT1W,2013-09-02,1470.0
EG.IBK.BW.VOL.LT1W,2013-09-16,2364.0
EG.IBK.BW.VOL.LT1W,2013-09-30,6200.0
EG.IBK.BW.VOL.LT1W,2013-10-14,1220.0
EG.IBK.BW.VOL.LT1W,2013-10-28,175.0
EG.IBK.BW.VOL.LT1W,2013-11-11,530.0
EG.IBK.BW.VOL.LT1W,2013-11-25,570.0
EG.IBK.BW.VOL.LT1W,2013-12-09,904.0
EG.IBK.BW.VOL.LT1W,2013-12-23,440.0
EG.IBK.BW.VOL.LT1W,2014-01-06,1500.0
EG.IBK.BW.VOL.LT1W,2014-01-20,665.0
EG.IBK.BW.VOL.LT1W,2014-02-03,1050.75
EG.IBK.BW.VOL.LT1W,2014-02-17,1137.0
EG.IBK.BW.VOL.LT1W,2014-03-03,1404.0
EG.IBK.BW.VOL.LT1W,2014-03-17,1955.0
EG.IBK.BW.VOL.LT1W,2014-03-31,1641.0
EG.IBK.BW.VOL.LT1W,2014-04-14,1098.0
EG.IBK.BW.VOL.LT1W,2014-04-28,464.0
EG.IBK.BW.VOL.LT1W,2014-05-12,1485.0
EG.IBK.BW.VOL.LT1W,2014-05-26,1476.0
EG.IBK.BW.VOL.LT1W,2014-06-09,2177.0
EG.IBK.BW.VOL.LT1W,2014-06-23,1802.0
EG.IBK.BW.VOL.LT1W,2014-07-07,2727.0
EG.IBK.BW.VOL.LT1W,2014-07-21,3375.0
EG.IBK.BW.VOL.LT1W,2014-08-04,977.0
EG.IBK.BW.VOL.LT1W,2014-08-18,1824.0
EG.IBK.BW.VOL.LT1W,2014-09-01,816.0
EG.IBK.BW.VOL.LT1W,2014-09-15,1170.0
EG.IBK.BW.VOL.LT1W,2014-09-29,4138.5
EG.IBK.BW.VOL.LT1W,2014-10-13,1460.0
EG.IBK.BW.VOL.LT1W,2014-10-27,1070.0
EG.IBK.BW.VOL.LT1W,2014-11-10,889.0
EG.IBK.BW.VOL.LT1W,2014-11-24,846.0
EG.IBK.BW.VOL.LT1W,2014-12-08,639.0
EG.IBK.BW.VOL.LT1W,2014-12-22,810.9
EG.IBK.BW.VOL.LT1W,2015-01-05,2844.0
EG.IBK.BW.VOL.LT1W,2015-01-19,4867.0
EG.IBK.BW.VOL.LT1W,2015-02-02,3746.0
EG.IBK.BW.VOL.LT1W,2015-02-16,3644.0
EG.IBK.BW.VOL.LT1W,2015-03-02,2865.5
EG.IBK.BW.VOL.LT1W,2015-03-16,3260.5
EG.IBK.BW.VOL.LT1W,2015-03-30,3580.3
EG.IBK.BW.VOL.LT1W,2015-04-27,4422.5
EG.IBK.BW.VOL.LT1W,2015-05-11,5963.0
EG.IBK.BW.VOL.LT1W,2015-05-25,1348.0
EG.IBK.BW.VOL.LT1W,2015-06-08,3410.0
EG.IBK.BW.VOL.LT1W,2015-06-22,2871.0
EG.IBK.BW.VOL.LT1W,2015-07-06,3528.5
EG.IBK.BW.VOL.LT1W,2015-08-03,1507.0
EG.IBK.BW.VOL.LT1W,2015-08-17,1732.0
EG.IBK.BW.VOL.LT1W,2015-08-31,3635.0
EG.IBK.BW.VOL.LT1W,2015-09-14,2539.0
EG.IBK.BW.VOL.LT1W,2015-09-28,400.0
EG.IBK.BW.VOL.LT1W,2015-10-12,4349.0
EG.IBK.BW.VOL.LT1W,2015-10-26,3997.0
EG.IBK.BW.VOL.LT1W,2015-11-09,2435.0
EG.IBK.BW.VOL.LT1W,2015-11-23,1512.0
EG.IBK.BW.VOL.LT1W,2015-12-07,1242.0
EG.IBK.BW.VOL.LT1W,2015-12-21,3316.0
EG.IBK.BW.VOL.LT1W,2016-01-04,7389.0
EG.IBK.BW.VOL.LT1W,2016-01-18,1547.0
EG.IBK.BW.VOL.LT1W,2016-02-01,3715.0
EG.IBK.BW.VOL.LT1W,2016-02-15,2299.5
EG.IBK.BW.VOL.LT1W,2016-02-29,1756.0
EG.IBK.BW.VOL.LT1W,2016-03-14,3319.0
EG.IBK.BW.VOL.LT1W,2016-03-28,5612.0
EG.IBK.BW.VOL.LT1W,2016-04-11,1925.0
EG.IBK.BW.VOL.LT1W,2016-04-25,1040.0
EG.IBK.BW.VOL.LT1W,2016-05-09,1185.0
EG.IBK.BW.VOL.LT1W,2016-05-23,2400.0
EG.IBK.BW.VOL.LT1W,2016-06-06,3657.0
EG.IBK.BW.VOL.LT1W,2016-06-20,2067.0
EG.IBK.BW.VOL.LT1W,2016-07-04,3734.0
EG.IBK.BW.VOL.LT1W,2016-07-18,3032.0
EG.IBK.BW.VOL.LT1W,2016-08-01,2882.5
EG.IBK.BW.VOL.LT1W,2016-08-15,1168.0
EG.IBK.BW.VOL.LT1W,2016-08-29,1759.0
EG.IBK.BW.VOL.LT1W,2016-09-12,920.0
EG.IBK.BW.VOL.LT1W,2016-09-26,6997.5
EG.IBK.BW.VOL.LT1W,2016-10-10,400.0
EG.IBK.BW.VOL.LT1W,2016-10-24,4596.0
EG.IBK.BW.VOL.LT1W,2016-11-07,2981.0
EG.IBK.BW.VOL.LT1W,2016-11-21,3490.0
EG.IBK.BW.VOL.LT1W,2016-12-05,2800.0
EG.IBK.BW.VOL.LT1W,2016-12-19,8245.0
EG.IBK.BW.VOL.LT1W,2017-01-02,6275.0
EG.IBK.BW.VOL.LT1W,2017-01-16,8115.0
EG.IBK.BW.VOL.LT1W,2017-01-30,5731.0
EG.IBK.BW.VOL.LT1W,2017-02-13,12200.0
EG.IBK.BW.VOL.LT1W,2017-02-27,10976.0
EG.IBK.BW.VOL.LT1W,2017-03-13,12639.0
EG.IBK.BW.VOL.LT1W,2017-03-27,10391.0
EG.IBK.BW.VOL.LT1W,2017-04-10,13210.0
EG.IBK.BW.VOL.LT1W,2017-04-24,5697.0
EG.IBK.BW.VOL.LT1W,2017-05-08,18719.0
EG.IBK.BW.VOL.LT1W,2017-05-22,14104.0
EG.IBK.BW.VOL.LT1W,2017-06-05,7890.0
EG.IBK.BW.VOL.LT1W,2017-06-19,16250.0
EG.IBK.BW.VOL.LT1W,2017-07-03,12600.0
EG.IBK.BW.VOL.LT1W,2017-07-17,7189.0
EG.IBK.BW.VOL.LT1W,2017-07-31,3726.0
EG.IBK.BW.VOL.LT1W,2017-08-14,5605.0
EG.IBK.BW.VOL.LT1W,2017-08-28,11063.0
EG.IBK.BW.VOL.LT1W,2017-09-11,3255.0
EG.IBK.BW.VOL.LT1W,2017-09-25,3082.0
EG.IBK.BW.VOL.LT1W,2017-10-09,3390.0
EG.IBK.BW.VOL.LT1W,2017-10-23,6975.0
EG.IBK.BW.VOL.LT1W,2017-11-06,5045.0
EG.IBK.BW.VOL.LT1W,2017-11-20,1330.0
EG.IBK.BW.VOL.LT1W,2017-12-04,2155.0
EG.IBK.BW.VOL.LT1W,2017-12-18,4240.0
EG.IBK.BW.VOL.LT1W,2018-01-01,7133.0
EG.IBK.BW.VOL.LT1W,2018-01-15,4840.0
EG.IBK.BW.VOL.LT1W,2018-01-29,12155.0
EG.IBK.BW.VOL.LT1W,2018-02-12,2960.0
EG.IBK.BW.VOL.LT1W,2018-02-26,6069.0
EG.IBK.BW.VOL.LT1W,2018-03-12,10710.0
EG.IBK.BW.VOL.LT1W,2018-03-26,4460.0
EG.IBK.BW.VOL.LT1W,2018-04-09,14440.0
EG.IBK.BW.VOL.LT1W,2018-04-23,4083.0
EG.IBK.BW.VOL.LT1W,2018-05-07,8180.0
EG.IBK.BW.VOL.LT1W,2018-05-21,7605.0
EG.IBK.BW.VOL.LT1W,2018-06-04,2480.0
EG.IBK.BW.VOL.LT1W,2018-06-18,6610.0
EG.IBK.BW.VOL.LT1W,2018-07-02,2995.0
EG.IBK.BW.VOL.LT1W,2018-07-16,3660.0
EG.IBK.BW.VOL.LT1W,2018-07-30,3575.0
EG.IBK.BW.VOL.LT1W,2018-08-13,9990.0
EG.IBK.BW.VOL.LT1W,2018-08-27,3100.0
EG.IBK.BW.VOL.LT1W,2018-09-10,4855.0
EG.IBK.BW.VOL.LT1W,2018-09-24,8295.0
EG.IBK.BW.VOL.LT1W,2018-10-08,3155.0
EG.IBK.BW.VOL.LT1W,2018-10-22,2320.0
EG.IBK.BW.VOL.LT1W,2018-11-05,6665.0
EG.IBK.BW.VOL.LT1W,2018-11-19,1615.0
EG.IBK.BW.VOL.LT1W,2018-12-03,10270.0
EG.IBK.BW.VOL.LT1W,2018-12-17,7605.0
EG.IBK.BW.VOL.LT1W,2018-12-31,6550.0
EG.IBK.BW.VOL.LT1W,2019-01-14,7085.0
EG.IBK.BW.VOL.LT1W,2019-01-28,3295.0
EG.IBK.BW.VOL.LT1W,2019-02-11,13015.0
EG.IBK.BW.VOL.LT1W,2019-02-25,2585.0
EG.IBK.BW.VOL.LT1W,2019-03-11,4630.0
EG.IBK.BW.VOL.LT1W,2019-03-25,4603.0
EG.IBK.BW.VOL.LT1W,2019-04-08,11155.0
EG.IBK.BW.VOL.LT1W,2019-04-22,1190.0
EG.IBK.BW.VOL.LT1W,2019-05-06,4335.0
EG.IBK.BW.VOL.LT1W,2019-05-20,6642.0
EG.IBK.BW.VOL.LT1W,2019-06-03,6640.0
EG.IBK.BW.VOL.LT1W,2019-06-17,3150.0
EG.IBK.BW.VOL.LT1W,2019-07-01,3650.0
EG.IBK.BW.VOL.LT1W,2019-07-15,1575.0
EG.IBK.BW.VOL.LT1W,2019-07-29,3515.0
EG.IBK.BW.VOL.LT1W,2019-08-12,1305.0
EG.IBK.BW.VOL.LT1W,2019-08-26,4500.0
EG.IBK.BW.VOL.LT1W,2019-09-09,9925.0
EG.IBK.BW.VOL.LT1W,2019-09-23,4470.0
EG.IBK.BW.VOL.LT1W,2019-10-07,6065.0
EG.IBK.BW.VOL.LT1W,2019-10-21,4105.0
EG.IBK.BW.VOL.LT1W,2019-11-04,5380.0
EG.IBK.BW.VOL.LT1W,2019-11-18,8330.0
EG.IBK.BW.VOL.LT1W,2019-12-02,3875.0
EG.IBK.BW.VOL.LT1W,2019-12-16,7379.0
EG.IBK.BW.VOL.LT1W,2019-12-30,15335.0
EG.IBK.BW.VOL.LT1W,2020-01-13,19670.0
EG.IBK.BW.VOL.LT1W,2020-01-27,19625.0
EG.IBK.BW.VOL.LT1W,2020-02-10,6440.0
EG.IBK.BW.VOL.LT1W,2020-02-24,10025.0
EG.IBK.BW.VOL.LT1W,2020-03-09,4820.0
EG.IBK.BW.VOL.LT1W,2020-03-23,14275.0
EG.IBK.BW.VOL.LT1W,2020-04-06,7235.0
EG.IBK.BW.VOL.LT1W,2020-04-20,10295.0
EG.IBK.BW.VOL.LT1W,2020-05-04,10221.0
EG.IBK.BW.VOL.LT1W,2020-05-18,10990.0
EG.IBK.BW.VOL.LT1W,2020-06-01,4370.0
EG.IBK.BW.VOL.LT1W,2020-06-15,10885.0
EG.IBK.BW.VOL.LT1W,2020-06-29,13070.0
EG.IBK.BW.VOL.LT1W,2020-07-13,10945.0
EG.IBK.BW.VOL.LT1W,2020-07-27,8740.0
EG.IBK.BW.VOL.LT1W,2020-08-10,9335.0
EG.IBK.BW.VOL.LT1W,2020-08-24,9245.0
EG.IBK.BW.VOL.LT1W,2020-09-07,3350.0
EG.IBK.BW.VOL.LT1W,2020-09-21,13635.0
EG.IBK.BW.VOL.LT1W,2020-10-05,20325.0
EG.IBK.BW.VOL.LT1W,2020-10-19,11962.0
EG.IBK.BW.VOL.LT1W,2020-11-02,8370.0
EG.IBK.BW.VOL.LT1W,2020-11-16,7320.0
EG.IBK.BW.VOL.LT1W,2020-11-30,7880.0
EG.IBK.BW.VOL.LT1W,2020-12-14,4235.0
EG.IBK.BW.VOL.LT1W,2020-12-28,13387.0
EG.IBK.BW.VOL.LT1W,2021-01-11,6195.0
EG.IBK.BW.VOL.LT1W,2021-01-25,4515.0
EG.IBK.BW.VOL.LT1W,2021-02-08,6510.0
EG.IBK.BW.VOL.LT1W,2021-02-22,3710.0
EG.IBK.BW.VOL.LT1W,2021-03-08,4222.0
EG.IBK.BW.VOL.LT1W,2021-03-22,14205.0
EG.IBK.BW.VOL.LT1W,2021-04-05,23035.0
EG.IBK.BW.VOL.LT1W,2021-04-19,6725.0
EG.IBK.BW.VOL.LT1W,2021-05-03,7000.0
EG.IBK.BW.VOL.LT1W,2021-05-17,5410.0
EG.IBK.BW.VOL.LT1W,2021-05-31,14250.0
EG.IBK.BW.VOL.LT1W,2021-06-14,14235.0
EG.IBK.BW.VOL.LT1W,2021-06-28,8395.0
EG.IBK.BW.VOL.LT1W,2021-07-12,5385.0
EG.IBK.BW.VOL.LT1W,2021-07-26,1510.0
EG.IBK.BW.VOL.LT1W,2021-08-09,8090.0
EG.IBK.BW.VOL.LT1W,2021-08-23,3020.0
EG.IBK.BW.VOL.LT1W,2021-09-06,22345.0
EG.IBK.BW.VOL.LT1W,2021-09-20,4995.0
EG.IBK.BW.VOL.LT1W,2021-10-04,7930.0
EG.IBK.BW.VOL.LT1W,2021-10-18,6300.0
EG.IBK.BW.VOL.LT1W,2021-11-01,5435.0
EG.IBK.BW.VOL.LT1W,2021-11-15,6300.0
EG.IBK.BW.VOL.LT1W,2021-11-29,11105.0
EG.IBK.BW.VOL.LT1W,2021-12-13,3600.0
EG.IBK.BW.VOL.LT1W,2021-12-27,3315.0
EG.IBK.BW.VOL.LT1W,2022-01-10,7280.0
EG.IBK.BW.VOL.LT1W,2022-01-24,4625.0
EG.IBK.BW.VOL.LT1W,2022-02-07,3860.0
EG.IBK.BW.VOL.LT1W,2022-02-21,6470.0
EG.IBK.BW.VOL.LT1W,2022-03-07,11260.0
EG.IBK.BW.VOL.LT1W,2022-03-21,12340.0
EG.IBK.BW.VOL.LT1W,2022-04-04,15680.0
EG.IBK.BW.VOL.LT1W,2022-04-18,8480.0
EG.IBK.BW.VOL.LT1W,2022-05-02,1620.0
EG.IBK.BW.VOL.LT1W,2022-05-16,4730.0
EG.IBK.BW.VOL.LT1W,2022-05-30,33430.0
EG.IBK.BW.VOL.LT1W,2022-06-13,10675.0
EG.IBK.BW.VOL.LT1W,2022-06-27,13470.0
EG.IBK.BW.VOL.LT1W,2022-07-11,6400.0
EG.IBK.BW.VOL.LT1W,2022-07-25,11555.0
EG.IBK.BW.VOL.LT1W,2022-08-08,31364.0
EG.IBK.BW.VOL.LT1W,2022-08-22,6280.0
EG.IBK.BW.VOL.LT1W,2022-09-05,19380.0
EG.IBK.BW.VOL.LT1W,2022-09-19,4900.0
EG.IBK.BW.VOL.LT1W,2022-10-03,22737.0
EG.IBK.BW.VOL.LT1W,2022-10-17,7450.0
EG.IBK.BW.VOL.LT1W,2022-10-31,13195.0
EG.IBK.BW.VOL.LT1W,2022-11-14,5910.0
EG.IBK.BW.VOL.LT1W,2022-11-28,14765.0
EG.IBK.BW.VOL.LT1W,2022-12-12,7845.0
EG.IBK.BW.VOL.LT1W,2022-12-26,3516.0
EG.IBK.BW.VOL.LT1W,2023-01-09,13460.0
EG.IBK.BW.VOL.LT1W,2023-01-23,11200.0
EG.IBK.BW.VOL.LT1W,2023-02-06,27424.0
EG.IBK.BW.VOL.LT1W,2023-02-20,8950.0
EG.IBK.BW.VOL.LT1W,2023-03-06,9480.0
EG.IBK.BW.VOL.LT1W,2023-03-20,3650.0
EG.IBK.BW.VOL.LT1W,2023-04-03,18545.0
EG.IBK.BW.VOL.LT1W,2023-04-17,6000.0
EG.IBK.BW.VOL.LT1W,2023-05-01,15051.0
EG.IBK.BW.VOL.LT1W,2023-05-15,5280.0
EG.IBK.BW.VOL.LT1W,2023-05-29,10750.0
EG.IBK.BW.VOL.LT1W,2023-06-12,17710.0
EG.IBK.BW.VOL.LT1W,2023-06-26,6000.0
EG.IBK.BW.VOL.LT1W,2023-07-10,21780.0
EG.IBK.BW.VOL.LT1W,2023-07-24,9400.0
EG.IBK.BW.VOL.LT1W,2023-08-07,7350.0
EG.IBK.BW.VOL.LT1W,2023-08-21,1500.0
EG.IBK.BW.VOL.LT1W,2023-09-04,14500.0
EG.IBK.BW.VOL.LT1W,2023-09-18,10900.0
EG.IBK.BW.VOL.LT1W,2023-10-02,37548.0
EG.IBK.BW.VOL.LT1W,2023-10-16,2753.0
EG.IBK.BW.VOL.LT1W,2023-10-30,8699.0
EG.IBK.BW.VOL.LT1W,2023-11-13,24577.0
EG.IBK.BW.VOL.LT1W,2023-11-27,10407.0
EG.IBK.BW.VOL.LT1W,2023-12-11,13776.0
EG.IBK.BW.VOL.LT1W,2023-12-25,15155.0
EG.IBK.BW.VOL.LT1W,2024-01-08,11150.0
EG.IBK.BW.VOL.LT1W,2024-01-22,4900.0
EG.IBK.BW.VOL.LT1W,2024-02-05,30366.0
EG.IBK.BW.VOL.LT1W,2024-02-19,6000.0
EG.IBK.BW.VOL.LT1W,2024-03-04,9750.0
EG.IBK.BW.VOL.LT1W,2024-03-18,18100.0
EG.IBK.BW.VOL.LT1W,2024-04-01,51417.0
EG.IBK.BW.VOL.LT1W,2024-04-15,25579.0
EG.IBK.BW.VOL.LT1W,2024-04-29,1290.0
EG.IBK.BW.VOL.LT1W,2024-05-13,14450.0
EG.IBK.BW.VOL.LT1W,2024-05-27,7500.0
EG.IBK.BW.VOL.LT1W,2024-06-10,4550.0
EG.IBK.BW.VOL.LT1W,2024-06-24,0.0
EG.IBK.BW.VOL.LT1W,2024-07-08,17850.0
EG.IBK.BW.VOL.LT1W,2024-07-22,14100.0
EG.IBK.BW.VOL.LT1W,2024-08-05,10540.0
EG.IBK.BW.VOL.LT1W,2024-08-19,3300.0
EG.IBK.BW.VOL.LT1W,2024-09-02,6400.0
EG.IBK.BW.VOL.LT1W,2024-09-16,10500.0
EG.IBK.BW.VOL.LT1W,2024-09-30,11400.0
EG.IBK.BW.VOL.LT1W,2024-10-14,5200.0
EG.IBK.BW.VOL.LT1W,2024-10-28,2900.0
EG.IBK.BW.VOL.LT1W,2024-11-11,9150.0
EG.IBK.BW.VOL.LT1W,2024-11-25,10870.0
EG.IBK.BW.VOL.LT1W,2024-12-09,9100.0
EG.IBK.BW.VOL.LT1W,2024-12-23,6050.0
EG.IBK.BW.VOL.LT1W,2025-01-06,7400.0
EG.IBK.BW.VOL.LT1W,2025-01-20,86255.0
EG.IBK.BW.VOL.LT1W,2025-02-03,18900.0
EG.IBK.BW.VOL.LT1W,2025-02-17,8000.0
EG.IBK.BW.VOL.LT1W,2025-03-03,17300.0
EG.IBK.BW.VOL.LT1W,2025-03-17,13300.0
EG.IBK.BW.VOL.LT1W,2025-03-31,2700.0
EG.IBK.BW.VOL.LT1W,2025-04-14,22950.0
EG.IBK.BW.VOL.LT1W,2025-04-28,23600.0
EG.IBK.BW.VOL.LT1W,2025-05-12,17600.0
EG.IBK.BW.VOL.LT1W,2025-05-26,51469.0
EG.IBK.BW.VOL.LT1W,2025-06-09,3200.0
EG.IBK.BW.VOL.LT1W,2025-06-23,6100.0
EG.IBK.BW.VOL.LT1W,2025-07-07,14750.0
EG.IBK.BW.VOL.LT1W,2025-07-21,37505.0
EG.IBK.BW.VOL.LT1W,2025-08-04,2760.0
EG.IBK.BW.VOL.LT1W,2025-08-18,16380.0
EG.IBK.BW.VOL.LT1W,2025-09-01,83300.0
EG.IBK.BW.VOL.LT1W,2025-09-15,12900.0
EG.IBK.BW.VOL.LT1W,2025-09-29,18850.0
EG.IBK.BW.VOL.LT1W,2025-10-13,54830.0
EG.IBK.BW.VOL.LT1W,2025-10-27,21400.0
EG.IBK.BW.VOL.LT1W,2025-11-10,38950.0
EG.IBK.BW.VOL.LT1W,2025-11-24,42000.0
EG.IBK.BW.VOL.LT1W,2025-12-08,23370.0
EG.IBK.BW.VOL.LT1W,2025-12-22,21650.0
EG.IBK.BW.VOL.LT1W,2026-01-05,60300.0
EG.IBK.BW.VOL.LT1W,2026-01-19,17970.0
EG.IBK.BW.VOL.LT1W,2026-02-02,13300.0
EG.IBK.BW.VOL.LT1W,2026-02-16,49750.0
EG.IBK.BW.VOL.LT1W,2026-03-02,47125.0
EG.IBK.BW.VOL.LT1W,2026-03-16,22460.0
EG.IBK.BW.VOL.LT1W,2026-03-30,29900.0
EG.IBK.BW.VOL.LT1W,2026-04-13,97215.0
EG.IBK.BW.VOL.LT1W,2026-04-27,101200.0
EG.IBK.BW.VOL.LT1W,2026-05-11,65065.0
EG.IBK.BW.VOL.LT1W,2026-05-25,210281.2
EG.IBK.BW.VOL.LT1W,2026-06-08,124200.0
EG.IBK.BW.VOL.LT1W,2026-06-22,71650.0
EG.IBK.BW.VOL.LT1W,2026-07-06,148761.75
EG.IBK.BW.VOL.LT1W,2026-07-20,104920.0
EG.IBK.BW.VOL.LT1W,2026-08-03,80860.0
EG.IBK.BW.VOL.LT1W,2026-08-17,87377.34
EG.IBK.BW.VOL.M1,2010-07-12,0.0
EG.IBK.BW.VOL.M1,2010-07-26,0.0
EG.IBK.BW.VOL.M1,2010-08-09,0.0
EG.IBK.BW.VOL.M1,2010-08-23,0.0
EG.IBK.BW.VOL.M1,2010-09-06,0.0
EG.IBK.BW.VOL.M1,2010-09-20,225.0
EG.IBK.BW.VOL.M1,2010-10-04,145.0
EG.IBK.BW.VOL.M1,2010-10-18,95.0
EG.IBK.BW.VOL.M1,2010-11-01,20.0
EG.IBK.BW.VOL.M1,2010-11-15,0.0
EG.IBK.BW.VOL.M1,2010-11-29,0.0
EG.IBK.BW.VOL.M1,2010-12-13,0.0
EG.IBK.BW.VOL.M1,2010-12-27,0.0
EG.IBK.BW.VOL.M1,2011-01-10,35.0
EG.IBK.BW.VOL.M1,2011-01-24,0.0
EG.IBK.BW.VOL.M1,2011-02-07,0.0
EG.IBK.BW.VOL.M1,2011-02-21,0.0
EG.IBK.BW.VOL.M1,2011-03-07,0.0
EG.IBK.BW.VOL.M1,2011-03-21,0.0
EG.IBK.BW.VOL.M1,2011-04-04,0.0
EG.IBK.BW.VOL.M1,2011-04-18,0.0
EG.IBK.BW.VOL.M1,2011-05-02,0.0
EG.IBK.BW.VOL.M1,2011-05-16,0.0
EG.IBK.BW.VOL.M1,2011-05-30,29.0
EG.IBK.BW.VOL.M1,2011-06-13,0.0
EG.IBK.BW.VOL.M1,2011-06-27,30.0
EG.IBK.BW.VOL.M1,2011-07-11,304.0
EG.IBK.BW.VOL.M1,2011-07-25,0.0
EG.IBK.BW.VOL.M1,2011-08-08,17.0
EG.IBK.BW.VOL.M1,2011-08-22,0.0
EG.IBK.BW.VOL.M1,2011-09-05,136.0
EG.IBK.BW.VOL.M1,2011-09-19,200.0
EG.IBK.BW.VOL.M1,2011-10-03,100.0
EG.IBK.BW.VOL.M1,2011-10-17,0.0
EG.IBK.BW.VOL.M1,2011-10-31,0.0
EG.IBK.BW.VOL.M1,2011-11-14,100.0
EG.IBK.BW.VOL.M1,2011-11-28,100.0
EG.IBK.BW.VOL.M1,2011-12-12,69.0
EG.IBK.BW.VOL.M1,2011-12-26,0.0
EG.IBK.BW.VOL.M1,2012-01-09,0.0
EG.IBK.BW.VOL.M1,2012-01-23,229.0
EG.IBK.BW.VOL.M1,2012-02-06,0.0
EG.IBK.BW.VOL.M1,2012-02-20,514.0
EG.IBK.BW.VOL.M1,2012-03-05,100.0
EG.IBK.BW.VOL.M1,2012-03-19,29.0
EG.IBK.BW.VOL.M1,2012-04-02,445.0
EG.IBK.BW.VOL.M1,2012-04-16,0.0
EG.IBK.BW.VOL.M1,2012-04-30,269.0
EG.IBK.BW.VOL.M1,2012-05-14,0.0
EG.IBK.BW.VOL.M1,2012-05-28,29.0
EG.IBK.BW.VOL.M1,2012-06-11,25.0
EG.IBK.BW.VOL.M1,2012-06-25,129.0
EG.IBK.BW.VOL.M1,2012-07-09,150.0
EG.IBK.BW.VOL.M1,2012-07-23,0.0
EG.IBK.BW.VOL.M1,2012-08-06,30.0
EG.IBK.BW.VOL.M1,2012-08-20,0.0
EG.IBK.BW.VOL.M1,2012-09-03,150.0
EG.IBK.BW.VOL.M1,2012-09-17,291.0
EG.IBK.BW.VOL.M1,2012-10-01,0.0
EG.IBK.BW.VOL.M1,2012-10-15,30.0
EG.IBK.BW.VOL.M1,2012-10-29,0.0
EG.IBK.BW.VOL.M1,2012-11-12,250.0
EG.IBK.BW.VOL.M1,2012-11-26,212.0
EG.IBK.BW.VOL.M1,2012-12-10,395.0
EG.IBK.BW.VOL.M1,2012-12-24,140.0
EG.IBK.BW.VOL.M1,2013-01-07,230.0
EG.IBK.BW.VOL.M1,2013-01-21,0.0
EG.IBK.BW.VOL.M1,2013-02-04,0.0
EG.IBK.BW.VOL.M1,2013-02-18,379.0
EG.IBK.BW.VOL.M1,2013-03-04,255.0
EG.IBK.BW.VOL.M1,2013-03-18,332.0
EG.IBK.BW.VOL.M1,2013-04-01,0.0
EG.IBK.BW.VOL.M1,2013-04-15,0.0
EG.IBK.BW.VOL.M1,2013-04-29,540.0
EG.IBK.BW.VOL.M1,2013-05-13,0.0
EG.IBK.BW.VOL.M1,2013-05-27,70.0
EG.IBK.BW.VOL.M1,2013-06-10,0.0
EG.IBK.BW.VOL.M1,2013-06-24,424.0
EG.IBK.BW.VOL.M1,2013-07-08,275.0
EG.IBK.BW.VOL.M1,2013-07-22,126.0
EG.IBK.BW.VOL.M1,2013-08-05,409.0
EG.IBK.BW.VOL.M1,2013-08-19,250.0
EG.IBK.BW.VOL.M1,2013-09-02,70.0
EG.IBK.BW.VOL.M1,2013-09-16,0.0
EG.IBK.BW.VOL.M1,2013-09-30,0.0
EG.IBK.BW.VOL.M1,2013-10-14,138.0
EG.IBK.BW.VOL.M1,2013-10-28,0.0
EG.IBK.BW.VOL.M1,2013-11-11,0.0
EG.IBK.BW.VOL.M1,2013-11-25,0.0
EG.IBK.BW.VOL.M1,2013-12-09,0.0
EG.IBK.BW.VOL.M1,2013-12-23,0.0
EG.IBK.BW.VOL.M1,2014-01-06,0.0
EG.IBK.BW.VOL.M1,2014-01-20,0.0
EG.IBK.BW.VOL.M1,2014-02-03,0.0
EG.IBK.BW.VOL.M1,2014-02-17,0.0
EG.IBK.BW.VOL.M1,2014-03-03,0.0
EG.IBK.BW.VOL.M1,2014-03-17,0.0
EG.IBK.BW.VOL.M1,2014-03-31,0.0
EG.IBK.BW.VOL.M1,2014-04-14,0.0
EG.IBK.BW.VOL.M1,2014-04-28,0.0
EG.IBK.BW.VOL.M1,2014-05-12,0.0
EG.IBK.BW.VOL.M1,2014-05-26,0.0
EG.IBK.BW.VOL.M1,2014-06-09,0.0
EG.IBK.BW.VOL.M1,2014-06-23,0.0
EG.IBK.BW.VOL.M1,2014-07-07,0.0
EG.IBK.BW.VOL.M1,2014-07-21,0.0
EG.IBK.BW.VOL.M1,2014-08-04,0.0
EG.IBK.BW.VOL.M1,2014-08-18,0.0
EG.IBK.BW.VOL.M1,2014-09-01,0.0
EG.IBK.BW.VOL.M1,2014-09-15,0.0
EG.IBK.BW.VOL.M1,2014-09-29,0.0
EG.IBK.BW.VOL.M1,2014-10-13,0.0
EG.IBK.BW.VOL.M1,2014-10-27,0.0
EG.IBK.BW.VOL.M1,2014-11-10,0.0
EG.IBK.BW.VOL.M1,2014-11-24,0.0
EG.IBK.BW.VOL.M1,2014-12-08,0.0
EG.IBK.BW.VOL.M1,2014-12-22,0.0
EG.IBK.BW.VOL.M1,2015-01-05,0.0
EG.IBK.BW.VOL.M1,2015-01-19,0.0
EG.IBK.BW.VOL.M1,2015-02-02,0.0
EG.IBK.BW.VOL.M1,2015-02-16,0.0
EG.IBK.BW.VOL.M1,2015-03-02,415.0
EG.IBK.BW.VOL.M1,2015-03-16,0.0
EG.IBK.BW.VOL.M1,2015-03-30,0.0
EG.IBK.BW.VOL.M1,2015-04-27,0.0
EG.IBK.BW.VOL.M1,2015-05-11,0.0
EG.IBK.BW.VOL.M1,2015-05-25,0.0
EG.IBK.BW.VOL.M1,2015-06-08,0.0
EG.IBK.BW.VOL.M1,2015-06-22,0.0
EG.IBK.BW.VOL.M1,2015-07-06,0.0
EG.IBK.BW.VOL.M1,2015-08-03,0.0
EG.IBK.BW.VOL.M1,2015-08-17,0.0
EG.IBK.BW.VOL.M1,2015-08-31,0.0
EG.IBK.BW.VOL.M1,2015-09-14,0.0
EG.IBK.BW.VOL.M1,2015-09-28,0.0
EG.IBK.BW.VOL.M1,2015-10-12,0.0
EG.IBK.BW.VOL.M1,2015-10-26,0.0
EG.IBK.BW.VOL.M1,2015-11-09,0.0
EG.IBK.BW.VOL.M1,2015-11-23,0.0
EG.IBK.BW.VOL.M1,2015-12-07,0.0
EG.IBK.BW.VOL.M1,2015-12-21,0.0
EG.IBK.BW.VOL.M1,2016-01-04,0.0
EG.IBK.BW.VOL.M1,2016-01-18,0.0
EG.IBK.BW.VOL.M1,2016-02-01,0.0
EG.IBK.BW.VOL.M1,2016-02-15,0.0
EG.IBK.BW.VOL.M1,2016-02-29,0.0
EG.IBK.BW.VOL.M1,2016-03-14,0.0
EG.IBK.BW.VOL.M1,2016-03-28,0.0
EG.IBK.BW.VOL.M1,2016-04-11,0.0
EG.IBK.BW.VOL.M1,2016-04-25,0.0
EG.IBK.BW.VOL.M1,2016-05-09,50.0
EG.IBK.BW.VOL.M1,2016-05-23,0.0
EG.IBK.BW.VOL.M1,2016-06-06,0.0
EG.IBK.BW.VOL.M1,2016-06-20,0.0
EG.IBK.BW.VOL.M1,2016-07-04,0.0
EG.IBK.BW.VOL.M1,2016-07-18,0.0
EG.IBK.BW.VOL.M1,2016-08-01,0.0
EG.IBK.BW.VOL.M1,2016-08-15,0.0
EG.IBK.BW.VOL.M1,2016-08-29,0.0
EG.IBK.BW.VOL.M1,2016-09-12,0.0
EG.IBK.BW.VOL.M1,2016-09-26,0.0
EG.IBK.BW.VOL.M1,2016-10-10,0.0
EG.IBK.BW.VOL.M1,2016-10-24,0.0
EG.IBK.BW.VOL.M1,2016-11-07,0.0
EG.IBK.BW.VOL.M1,2016-11-21,0.0
EG.IBK.BW.VOL.M1,2016-12-05,0.0
EG.IBK.BW.VOL.M1,2016-12-19,0.0
EG.IBK.BW.VOL.M1,2017-01-02,0.0
EG.IBK.BW.VOL.M1,2017-01-16,0.0
EG.IBK.BW.VOL.M1,2017-01-30,0.0
EG.IBK.BW.VOL.M1,2017-02-13,0.0
EG.IBK.BW.VOL.M1,2017-02-27,0.0
EG.IBK.BW.VOL.M1,2017-03-13,0.0
EG.IBK.BW.VOL.M1,2017-03-27,0.0
EG.IBK.BW.VOL.M1,2017-04-10,0.0
EG.IBK.BW.VOL.M1,2017-04-24,0.0
EG.IBK.BW.VOL.M1,2017-05-08,0.0
EG.IBK.BW.VOL.M1,2017-05-22,0.0
EG.IBK.BW.VOL.M1,2017-06-05,0.0
EG.IBK.BW.VOL.M1,2017-06-19,0.0
EG.IBK.BW.VOL.M1,2017-07-03,0.0
EG.IBK.BW.VOL.M1,2017-07-17,0.0
EG.IBK.BW.VOL.M1,2017-07-31,0.0
EG.IBK.BW.VOL.M1,2017-08-14,250.0
EG.IBK.BW.VOL.M1,2017-08-28,0.0
EG.IBK.BW.VOL.M1,2017-09-11,0.0
EG.IBK.BW.VOL.M1,2017-09-25,0.0
EG.IBK.BW.VOL.M1,2017-10-09,0.0
EG.IBK.BW.VOL.M1,2017-10-23,200.0
EG.IBK.BW.VOL.M1,2017-11-06,0.0
EG.IBK.BW.VOL.M1,2017-11-20,0.0
EG.IBK.BW.VOL.M1,2017-12-04,0.0
EG.IBK.BW.VOL.M1,2017-12-18,50.0
EG.IBK.BW.VOL.M1,2018-01-01,0.0
EG.IBK.BW.VOL.M1,2018-01-15,0.0
EG.IBK.BW.VOL.M1,2018-01-29,0.0
EG.IBK.BW.VOL.M1,2018-02-12,0.0
EG.IBK.BW.VOL.M1,2018-02-26,0.0
EG.IBK.BW.VOL.M1,2018-03-12,0.0
EG.IBK.BW.VOL.M1,2018-03-26,1250.0
EG.IBK.BW.VOL.M1,2018-04-09,0.0
EG.IBK.BW.VOL.M1,2018-04-23,200.0
EG.IBK.BW.VOL.M1,2018-05-07,0.0
EG.IBK.BW.VOL.M1,2018-05-21,0.0
EG.IBK.BW.VOL.M1,2018-06-04,0.0
EG.IBK.BW.VOL.M1,2018-06-18,0.0
EG.IBK.BW.VOL.M1,2018-07-02,250.0
EG.IBK.BW.VOL.M1,2018-07-16,0.0
EG.IBK.BW.VOL.M1,2018-07-30,350.0
EG.IBK.BW.VOL.M1,2018-08-13,0.0
EG.IBK.BW.VOL.M1,2018-08-27,0.0
EG.IBK.BW.VOL.M1,2018-09-10,0.0
EG.IBK.BW.VOL.M1,2018-09-24,0.0
EG.IBK.BW.VOL.M1,2018-10-08,0.0
EG.IBK.BW.VOL.M1,2018-10-22,0.0
EG.IBK.BW.VOL.M1,2018-11-05,0.0
EG.IBK.BW.VOL.M1,2018-11-19,210.0
EG.IBK.BW.VOL.M1,2018-12-03,0.0
EG.IBK.BW.VOL.M1,2018-12-17,1000.0
EG.IBK.BW.VOL.M1,2018-12-31,0.0
EG.IBK.BW.VOL.M1,2019-01-14,450.0
EG.IBK.BW.VOL.M1,2019-01-28,660.0
EG.IBK.BW.VOL.M1,2019-02-11,0.0
EG.IBK.BW.VOL.M1,2019-02-25,0.0
EG.IBK.BW.VOL.M1,2019-03-11,0.0
EG.IBK.BW.VOL.M1,2019-03-25,0.0
EG.IBK.BW.VOL.M1,2019-04-08,0.0
EG.IBK.BW.VOL.M1,2019-04-22,1290.0
EG.IBK.BW.VOL.M1,2019-05-06,0.0
EG.IBK.BW.VOL.M1,2019-05-20,0.0
EG.IBK.BW.VOL.M1,2019-06-03,0.0
EG.IBK.BW.VOL.M1,2019-06-17,0.0
EG.IBK.BW.VOL.M1,2019-07-01,0.0
EG.IBK.BW.VOL.M1,2019-07-15,0.0
EG.IBK.BW.VOL.M1,2019-07-29,0.0
EG.IBK.BW.VOL.M1,2019-08-12,0.0
EG.IBK.BW.VOL.M1,2019-08-26,0.0
EG.IBK.BW.VOL.M1,2019-09-09,0.0
EG.IBK.BW.VOL.M1,2019-09-23,0.0
EG.IBK.BW.VOL.M1,2019-10-07,0.0
EG.IBK.BW.VOL.M1,2019-10-21,0.0
EG.IBK.BW.VOL.M1,2019-11-04,0.0
EG.IBK.BW.VOL.M1,2019-11-18,0.0
EG.IBK.BW.VOL.M1,2019-12-02,0.0
EG.IBK.BW.VOL.M1,2019-12-16,0.0
EG.IBK.BW.VOL.M1,2019-12-30,0.0
EG.IBK.BW.VOL.M1,2020-01-13,0.0
EG.IBK.BW.VOL.M1,2020-01-27,0.0
EG.IBK.BW.VOL.M1,2020-02-10,0.0
EG.IBK.BW.VOL.M1,2020-02-24,0.0
EG.IBK.BW.VOL.M1,2020-03-09,0.0
EG.IBK.BW.VOL.M1,2020-03-23,0.0
EG.IBK.BW.VOL.M1,2020-04-06,0.0
EG.IBK.BW.VOL.M1,2020-04-20,0.0
EG.IBK.BW.VOL.M1,2020-05-04,2555.0
EG.IBK.BW.VOL.M1,2020-05-18,2100.0
EG.IBK.BW.VOL.M1,2020-06-01,800.0
EG.IBK.BW.VOL.M1,2020-06-15,940.0
EG.IBK.BW.VOL.M1,2020-06-29,150.0
EG.IBK.BW.VOL.M1,2020-07-13,1310.0
EG.IBK.BW.VOL.M1,2020-07-27,0.0
EG.IBK.BW.VOL.M1,2020-08-10,0.0
EG.IBK.BW.VOL.M1,2020-08-24,3000.0
EG.IBK.BW.VOL.M1,2020-09-07,0.0
EG.IBK.BW.VOL.M1,2020-09-21,0.0
EG.IBK.BW.VOL.M1,2020-10-05,3000.0
EG.IBK.BW.VOL.M1,2020-10-19,0.0
EG.IBK.BW.VOL.M1,2020-11-02,0.0
EG.IBK.BW.VOL.M1,2020-11-16,3000.0
EG.IBK.BW.VOL.M1,2020-11-30,0.0
EG.IBK.BW.VOL.M1,2020-12-14,0.0
EG.IBK.BW.VOL.M1,2020-12-28,3000.0
EG.IBK.BW.VOL.M1,2021-01-11,0.0
EG.IBK.BW.VOL.M1,2021-01-25,0.0
EG.IBK.BW.VOL.M1,2021-02-08,3000.0
EG.IBK.BW.VOL.M1,2021-02-22,0.0
EG.IBK.BW.VOL.M1,2021-03-08,0.0
EG.IBK.BW.VOL.M1,2021-03-22,3000.0
EG.IBK.BW.VOL.M1,2021-04-05,1500.0
EG.IBK.BW.VOL.M1,2021-04-19,0.0
EG.IBK.BW.VOL.M1,2021-05-03,0.0
EG.IBK.BW.VOL.M1,2021-05-17,3000.0
EG.IBK.BW.VOL.M1,2021-05-31,0.0
EG.IBK.BW.VOL.M1,2021-06-14,13000.0
EG.IBK.BW.VOL.M1,2021-06-28,0.0
EG.IBK.BW.VOL.M1,2021-07-12,3000.0
EG.IBK.BW.VOL.M1,2021-07-26,0.0
EG.IBK.BW.VOL.M1,2021-08-09,0.0
EG.IBK.BW.VOL.M1,2021-08-23,0.0
EG.IBK.BW.VOL.M1,2021-09-06,0.0
EG.IBK.BW.VOL.M1,2021-09-20,3000.0
EG.IBK.BW.VOL.M1,2021-10-04,500.0
EG.IBK.BW.VOL.M1,2021-10-18,500.0
EG.IBK.BW.VOL.M1,2021-11-01,0.0
EG.IBK.BW.VOL.M1,2021-11-15,0.0
EG.IBK.BW.VOL.M1,2021-11-29,3000.0
EG.IBK.BW.VOL.M1,2021-12-13,0.0
EG.IBK.BW.VOL.M1,2021-12-27,0.0
EG.IBK.BW.VOL.M1,2022-01-10,0.0
EG.IBK.BW.VOL.M1,2022-01-24,0.0
EG.IBK.BW.VOL.M1,2022-02-07,3000.0
EG.IBK.BW.VOL.M1,2022-02-21,0.0
EG.IBK.BW.VOL.M1,2022-03-07,0.0
EG.IBK.BW.VOL.M1,2022-03-21,0.0
EG.IBK.BW.VOL.M1,2022-04-04,3000.0
EG.IBK.BW.VOL.M1,2022-04-18,350.0
EG.IBK.BW.VOL.M1,2022-05-02,2850.0
EG.IBK.BW.VOL.M1,2022-05-16,0.0
EG.IBK.BW.VOL.M1,2022-05-30,0.0
EG.IBK.BW.VOL.M1,2022-06-13,500.0
EG.IBK.BW.VOL.M1,2022-06-27,7000.0
EG.IBK.BW.VOL.M1,2022-07-11,1000.0
EG.IBK.BW.VOL.M1,2022-07-25,8000.0
EG.IBK.BW.VOL.M1,2022-08-08,0.0
EG.IBK.BW.VOL.M1,2022-08-22,7000.0
EG.IBK.BW.VOL.M1,2022-09-05,0.0
EG.IBK.BW.VOL.M1,2022-09-19,0.0
EG.IBK.BW.VOL.M1,2022-10-03,7000.0
EG.IBK.BW.VOL.M1,2022-10-17,800.0
EG.IBK.BW.VOL.M1,2022-10-31,0.0
EG.IBK.BW.VOL.M1,2022-11-14,7000.0
EG.IBK.BW.VOL.M1,2022-11-28,2500.0
EG.IBK.BW.VOL.M1,2022-12-12,0.0
EG.IBK.BW.VOL.M1,2022-12-26,0.0
EG.IBK.BW.VOL.M1,2023-01-09,0.0
EG.IBK.BW.VOL.M1,2023-01-23,3000.0
EG.IBK.BW.VOL.M1,2023-02-06,7000.0
EG.IBK.BW.VOL.M1,2023-02-20,0.0
EG.IBK.BW.VOL.M1,2023-03-06,7000.0
EG.IBK.BW.VOL.M1,2023-03-20,0.0
EG.IBK.BW.VOL.M1,2023-04-03,9000.0
EG.IBK.BW.VOL.M1,2023-04-17,0.0
EG.IBK.BW.VOL.M1,2023-05-01,3000.0
EG.IBK.BW.VOL.M1,2023-05-15,1600.0
EG.IBK.BW.VOL.M1,2023-05-29,6000.0
EG.IBK.BW.VOL.M1,2023-06-12,2000.0
EG.IBK.BW.VOL.M1,2023-06-26,0.0
EG.IBK.BW.VOL.M1,2023-07-10,0.0
EG.IBK.BW.VOL.M1,2023-07-24,1000.0
EG.IBK.BW.VOL.M1,2023-08-07,11000.0
EG.IBK.BW.VOL.M1,2023-08-21,0.0
EG.IBK.BW.VOL.M1,2023-09-04,0.0
EG.IBK.BW.VOL.M1,2023-09-18,0.0
EG.IBK.BW.VOL.M1,2023-10-02,0.0
EG.IBK.BW.VOL.M1,2023-10-16,4000.0
EG.IBK.BW.VOL.M1,2023-10-30,6883.0
EG.IBK.BW.VOL.M1,2023-11-13,11706.0
EG.IBK.BW.VOL.M1,2023-11-27,6000.0
EG.IBK.BW.VOL.M1,2023-12-11,0.0
EG.IBK.BW.VOL.M1,2023-12-25,0.0
EG.IBK.BW.VOL.M1,2024-01-08,0.0
EG.IBK.BW.VOL.M1,2024-01-22,0.0
EG.IBK.BW.VOL.M1,2024-02-05,12000.0
EG.IBK.BW.VOL.M1,2024-02-19,0.0
EG.IBK.BW.VOL.M1,2024-03-04,12000.0
EG.IBK.BW.VOL.M1,2024-03-18,0.0
EG.IBK.BW.VOL.M1,2024-04-01,500.0
EG.IBK.BW.VOL.M1,2024-04-15,0.0
EG.IBK.BW.VOL.M1,2024-04-29,18500.0
EG.IBK.BW.VOL.M1,2024-05-13,4000.0
EG.IBK.BW.VOL.M1,2024-05-27,12000.0
EG.IBK.BW.VOL.M1,2024-06-10,2000.0
EG.IBK.BW.VOL.M1,2024-06-24,12000.0
EG.IBK.BW.VOL.M1,2024-07-08,2000.0
EG.IBK.BW.VOL.M1,2024-07-22,12000.0
EG.IBK.BW.VOL.M1,2024-08-05,0.0
EG.IBK.BW.VOL.M1,2024-08-19,0.0
EG.IBK.BW.VOL.M1,2024-09-02,0.0
EG.IBK.BW.VOL.M1,2024-09-16,0.0
EG.IBK.BW.VOL.M1,2024-09-30,4000.0
EG.IBK.BW.VOL.M1,2024-10-14,2000.0
EG.IBK.BW.VOL.M1,2024-10-28,18000.0
EG.IBK.BW.VOL.M1,2024-11-11,4000.0
EG.IBK.BW.VOL.M1,2024-11-25,6000.0
EG.IBK.BW.VOL.M1,2024-12-09,4700.0
EG.IBK.BW.VOL.M1,2024-12-23,4800.0
EG.IBK.BW.VOL.M1,2025-01-06,12000.0
EG.IBK.BW.VOL.M1,2025-01-20,0.0
EG.IBK.BW.VOL.M1,2025-02-03,13400.0
EG.IBK.BW.VOL.M1,2025-02-17,4700.0
EG.IBK.BW.VOL.M1,2025-03-03,4000.0
EG.IBK.BW.VOL.M1,2025-03-17,0.0
EG.IBK.BW.VOL.M1,2025-03-31,4000.0
EG.IBK.BW.VOL.M1,2025-04-14,0.0
EG.IBK.BW.VOL.M1,2025-04-28,1000.0
EG.IBK.BW.VOL.M1,2025-05-12,0.0
EG.IBK.BW.VOL.M1,2025-05-26,0.0
EG.IBK.BW.VOL.M1,2025-06-09,0.0
EG.IBK.BW.VOL.M1,2025-06-23,12000.0
EG.IBK.BW.VOL.M1,2025-07-07,0.0
EG.IBK.BW.VOL.M1,2025-07-21,14000.0
EG.IBK.BW.VOL.M1,2025-08-04,3000.0
EG.IBK.BW.VOL.M1,2025-08-18,1000.0
EG.IBK.BW.VOL.M1,2025-09-01,0.0
EG.IBK.BW.VOL.M1,2025-09-15,0.0
EG.IBK.BW.VOL.M1,2025-09-29,0.0
EG.IBK.BW.VOL.M1,2025-10-13,0.0
EG.IBK.BW.VOL.M1,2025-10-27,0.0
EG.IBK.BW.VOL.M1,2025-11-10,1250.0
EG.IBK.BW.VOL.M1,2025-11-24,750.0
EG.IBK.BW.VOL.M1,2025-12-08,450.0
EG.IBK.BW.VOL.M1,2025-12-22,1000.0
EG.IBK.BW.VOL.M1,2026-01-05,1250.0
EG.IBK.BW.VOL.M1,2026-01-19,1650.0
EG.IBK.BW.VOL.M1,2026-02-02,1000.0
EG.IBK.BW.VOL.M1,2026-02-16,0.0
EG.IBK.BW.VOL.M1,2026-03-02,1650.0
EG.IBK.BW.VOL.M1,2026-03-16,0.0
EG.IBK.BW.VOL.M1,2026-03-30,0.0
EG.IBK.BW.VOL.M1,2026-04-13,1650.0
EG.IBK.BW.VOL.M1,2026-04-27,0.0
EG.IBK.BW.VOL.M1,2026-05-11,0.0
EG.IBK.BW.VOL.M1,2026-05-25,1650.0
EG.IBK.BW.VOL.M1,2026-06-08,100000.0
EG.IBK.BW.VOL.M1,2026-06-22,0.0
EG.IBK.BW.VOL.M1,2026-07-06,0.0
EG.IBK.BW.VOL.M1,2026-07-20,0.0
EG.IBK.BW.VOL.M1,2026-08-03,0.0
EG.IBK.BW.VOL.M1,2026-08-17,0.0
EG.IBK.BW.VOL.ON,2010-07-12,8048.0
EG.IBK.BW.VOL.ON,2010-07-26,5076.0
EG.IBK.BW.VOL.ON,2010-08-09,7277.0
EG.IBK.BW.VOL.ON,2010-08-23,1110.0
EG.IBK.BW.VOL.ON,2010-09-06,2937.0
EG.IBK.BW.VOL.ON,2010-09-20,3332.0
EG.IBK.BW.VOL.ON,2010-10-04,4218.0
EG.IBK.BW.VOL.ON,2010-10-18,2488.0
EG.IBK.BW.VOL.ON,2010-11-01,575.0
EG.IBK.BW.VOL.ON,2010-11-15,658.0
EG.IBK.BW.VOL.ON,2010-11-29,4010.0
EG.IBK.BW.VOL.ON,2010-12-13,1401.0
EG.IBK.BW.VOL.ON,2010-12-27,7093.0
EG.IBK.BW.VOL.ON,2011-01-10,6030.0
EG.IBK.BW.VOL.ON,2011-01-24,7887.0
EG.IBK.BW.VOL.ON,2011-02-07,13677.0
EG.IBK.BW.VOL.ON,2011-02-21,28645.0
EG.IBK.BW.VOL.ON,2011-03-07,50250.0
EG.IBK.BW.VOL.ON,2011-03-21,30244.0
EG.IBK.BW.VOL.ON,2011-04-04,22205.0
EG.IBK.BW.VOL.ON,2011-04-18,15978.0
EG.IBK.BW.VOL.ON,2011-05-02,9206.2
EG.IBK.BW.VOL.ON,2011-05-16,13229.8
EG.IBK.BW.VOL.ON,2011-05-30,15561.0
EG.IBK.BW.VOL.ON,2011-06-13,13821.2
EG.IBK.BW.VOL.ON,2011-06-27,10629.8
EG.IBK.BW.VOL.ON,2011-07-11,15308.0
EG.IBK.BW.VOL.ON,2011-07-25,6864.0
EG.IBK.BW.VOL.ON,2011-08-08,11363.0
EG.IBK.BW.VOL.ON,2011-08-22,5499.0
EG.IBK.BW.VOL.ON,2011-09-05,10982.0
EG.IBK.BW.VOL.ON,2011-09-19,15343.0
EG.IBK.BW.VOL.ON,2011-10-03,11774.0
EG.IBK.BW.VOL.ON,2011-10-17,6511.0
EG.IBK.BW.VOL.ON,2011-10-31,10881.0
EG.IBK.BW.VOL.ON,2011-11-14,6739.0
EG.IBK.BW.VOL.ON,2011-11-28,10633.0
EG.IBK.BW.VOL.ON,2011-12-12,11836.0
EG.IBK.BW.VOL.ON,2011-12-26,8529.0
EG.IBK.BW.VOL.ON,2012-01-09,10900.0
EG.IBK.BW.VOL.ON,2012-01-23,12197.4
EG.IBK.BW.VOL.ON,2012-02-06,7577.4
EG.IBK.BW.VOL.ON,2012-02-20,9783.0
EG.IBK.BW.VOL.ON,2012-03-05,10433.4
EG.IBK.BW.VOL.ON,2012-03-19,10400.0
EG.IBK.BW.VOL.ON,2012-04-02,9429.0
EG.IBK.BW.VOL.ON,2012-04-16,9877.0
EG.IBK.BW.VOL.ON,2012-04-30,13699.0
EG.IBK.BW.VOL.ON,2012-05-14,10946.0
EG.IBK.BW.VOL.ON,2012-05-28,11432.0
EG.IBK.BW.VOL.ON,2012-06-11,9456.0
EG.IBK.BW.VOL.ON,2012-06-25,8217.0
EG.IBK.BW.VOL.ON,2012-07-09,8865.0
EG.IBK.BW.VOL.ON,2012-07-23,9468.0
EG.IBK.BW.VOL.ON,2012-08-06,7344.0
EG.IBK.BW.VOL.ON,2012-08-20,8681.0
EG.IBK.BW.VOL.ON,2012-09-03,8195.0
EG.IBK.BW.VOL.ON,2012-09-17,8115.0
EG.IBK.BW.VOL.ON,2012-10-01,9047.0
EG.IBK.BW.VOL.ON,2012-10-15,4370.0
EG.IBK.BW.VOL.ON,2012-10-29,9601.0
EG.IBK.BW.VOL.ON,2012-11-12,7960.0
EG.IBK.BW.VOL.ON,2012-11-26,8883.0
EG.IBK.BW.VOL.ON,2012-12-10,7559.0
EG.IBK.BW.VOL.ON,2012-12-24,9663.0
EG.IBK.BW.VOL.ON,2013-01-07,8431.0
EG.IBK.BW.VOL.ON,2013-01-21,13776.0
EG.IBK.BW.VOL.ON,2013-02-04,7897.0
EG.IBK.BW.VOL.ON,2013-02-18,6431.0
EG.IBK.BW.VOL.ON,2013-03-04,8012.0
EG.IBK.BW.VOL.ON,2013-03-18,12880.0
EG.IBK.BW.VOL.ON,2013-04-01,11161.0
EG.IBK.BW.VOL.ON,2013-04-15,7981.0
EG.IBK.BW.VOL.ON,2013-04-29,8930.0
EG.IBK.BW.VOL.ON,2013-05-13,8744.56
EG.IBK.BW.VOL.ON,2013-05-27,9877.0
EG.IBK.BW.VOL.ON,2013-06-10,7563.12
EG.IBK.BW.VOL.ON,2013-06-24,6882.78
EG.IBK.BW.VOL.ON,2013-07-08,7684.5
EG.IBK.BW.VOL.ON,2013-07-22,7890.0
EG.IBK.BW.VOL.ON,2013-08-05,13431.0
EG.IBK.BW.VOL.ON,2013-08-19,3976.79
EG.IBK.BW.VOL.ON,2013-09-02,3204.0
EG.IBK.BW.VOL.ON,2013-09-16,3368.0
EG.IBK.BW.VOL.ON,2013-09-30,6902.0
EG.IBK.BW.VOL.ON,2013-10-14,6016.5
EG.IBK.BW.VOL.ON,2013-10-28,4256.5
EG.IBK.BW.VOL.ON,2013-11-11,7938.0
EG.IBK.BW.VOL.ON,2013-11-25,7529.0
EG.IBK.BW.VOL.ON,2013-12-09,5706.0
EG.IBK.BW.VOL.ON,2013-12-23,8611.0
EG.IBK.BW.VOL.ON,2014-01-06,14237.0
EG.IBK.BW.VOL.ON,2014-01-20,8119.0
EG.IBK.BW.VOL.ON,2014-02-03,7677.0
EG.IBK.BW.VOL.ON,2014-02-17,11535.0
EG.IBK.BW.VOL.ON,2014-03-03,12986.2
EG.IBK.BW.VOL.ON,2014-03-17,16852.0
EG.IBK.BW.VOL.ON,2014-03-31,15681.0
EG.IBK.BW.VOL.ON,2014-04-14,16813.0
EG.IBK.BW.VOL.ON,2014-04-28,15019.0
EG.IBK.BW.VOL.ON,2014-05-12,19294.3
EG.IBK.BW.VOL.ON,2014-05-26,33317.0
EG.IBK.BW.VOL.ON,2014-06-09,24026.0
EG.IBK.BW.VOL.ON,2014-06-23,19070.0
EG.IBK.BW.VOL.ON,2014-07-07,18027.5
EG.IBK.BW.VOL.ON,2014-07-21,28065.0
EG.IBK.BW.VOL.ON,2014-08-04,15399.0
EG.IBK.BW.VOL.ON,2014-08-18,22019.0
EG.IBK.BW.VOL.ON,2014-09-01,23618.0
EG.IBK.BW.VOL.ON,2014-09-15,27303.5
EG.IBK.BW.VOL.ON,2014-09-29,19851.0
EG.IBK.BW.VOL.ON,2014-10-13,14083.5
EG.IBK.BW.VOL.ON,2014-10-27,30319.5
EG.IBK.BW.VOL.ON,2014-11-10,31203.0
EG.IBK.BW.VOL.ON,2014-11-24,21972.4
EG.IBK.BW.VOL.ON,2014-12-08,21226.0
EG.IBK.BW.VOL.ON,2014-12-22,17333.0
EG.IBK.BW.VOL.ON,2015-01-05,23730.0
EG.IBK.BW.VOL.ON,2015-01-19,22223.5
EG.IBK.BW.VOL.ON,2015-02-02,15665.0
EG.IBK.BW.VOL.ON,2015-02-16,23326.0
EG.IBK.BW.VOL.ON,2015-03-02,20608.0
EG.IBK.BW.VOL.ON,2015-03-16,22661.5
EG.IBK.BW.VOL.ON,2015-03-30,18677.8
EG.IBK.BW.VOL.ON,2015-04-27,18762.0
EG.IBK.BW.VOL.ON,2015-05-11,25439.0
EG.IBK.BW.VOL.ON,2015-05-25,29309.0
EG.IBK.BW.VOL.ON,2015-06-08,25031.0
EG.IBK.BW.VOL.ON,2015-06-22,18138.0
EG.IBK.BW.VOL.ON,2015-07-06,14705.0
EG.IBK.BW.VOL.ON,2015-08-03,17550.0
EG.IBK.BW.VOL.ON,2015-08-17,14379.0
EG.IBK.BW.VOL.ON,2015-08-31,19826.0
EG.IBK.BW.VOL.ON,2015-09-14,18970.0
EG.IBK.BW.VOL.ON,2015-09-28,8451.0
EG.IBK.BW.VOL.ON,2015-10-12,17911.0
EG.IBK.BW.VOL.ON,2015-10-26,11133.0
EG.IBK.BW.VOL.ON,2015-11-09,22025.0
EG.IBK.BW.VOL.ON,2015-11-23,22757.0
EG.IBK.BW.VOL.ON,2015-12-07,15784.0
EG.IBK.BW.VOL.ON,2015-12-21,18752.0
EG.IBK.BW.VOL.ON,2016-01-04,21797.0
EG.IBK.BW.VOL.ON,2016-01-18,17015.0
EG.IBK.BW.VOL.ON,2016-02-01,18084.0
EG.IBK.BW.VOL.ON,2016-02-15,16867.5
EG.IBK.BW.VOL.ON,2016-02-29,25167.0
EG.IBK.BW.VOL.ON,2016-03-14,15538.5
EG.IBK.BW.VOL.ON,2016-03-28,9651.0
EG.IBK.BW.VOL.ON,2016-04-11,21767.0
EG.IBK.BW.VOL.ON,2016-04-25,25255.0
EG.IBK.BW.VOL.ON,2016-05-09,14126.0
EG.IBK.BW.VOL.ON,2016-05-23,29283.0
EG.IBK.BW.VOL.ON,2016-06-06,25376.0
EG.IBK.BW.VOL.ON,2016-06-20,10425.0
EG.IBK.BW.VOL.ON,2016-07-04,21955.0
EG.IBK.BW.VOL.ON,2016-07-18,15434.5
EG.IBK.BW.VOL.ON,2016-08-01,16979.5
EG.IBK.BW.VOL.ON,2016-08-15,24643.0
EG.IBK.BW.VOL.ON,2016-08-29,22943.0
EG.IBK.BW.VOL.ON,2016-09-12,20817.0
EG.IBK.BW.VOL.ON,2016-09-26,10495.0
EG.IBK.BW.VOL.ON,2016-10-10,14412.0
EG.IBK.BW.VOL.ON,2016-10-24,15019.0
EG.IBK.BW.VOL.ON,2016-11-07,21453.0
EG.IBK.BW.VOL.ON,2016-11-21,18616.0
EG.IBK.BW.VOL.ON,2016-12-05,22295.0
EG.IBK.BW.VOL.ON,2016-12-19,20357.0
EG.IBK.BW.VOL.ON,2017-01-02,26651.0
EG.IBK.BW.VOL.ON,2017-01-16,35114.0
EG.IBK.BW.VOL.ON,2017-01-30,21681.0
EG.IBK.BW.VOL.ON,2017-02-13,31696.0
EG.IBK.BW.VOL.ON,2017-02-27,45584.0
EG.IBK.BW.VOL.ON,2017-03-13,34317.0
EG.IBK.BW.VOL.ON,2017-03-27,47198.0
EG.IBK.BW.VOL.ON,2017-04-10,45540.0
EG.IBK.BW.VOL.ON,2017-04-24,29978.0
EG.IBK.BW.VOL.ON,2017-05-08,45984.8
EG.IBK.BW.VOL.ON,2017-05-22,43348.0
EG.IBK.BW.VOL.ON,2017-06-05,62574.0
EG.IBK.BW.VOL.ON,2017-06-19,48748.0
EG.IBK.BW.VOL.ON,2017-07-03,58417.0
EG.IBK.BW.VOL.ON,2017-07-17,69162.0
EG.IBK.BW.VOL.ON,2017-07-31,43550.0
EG.IBK.BW.VOL.ON,2017-08-14,42036.0
EG.IBK.BW.VOL.ON,2017-08-28,38183.0
EG.IBK.BW.VOL.ON,2017-09-11,33726.0
EG.IBK.BW.VOL.ON,2017-09-25,47034.0
EG.IBK.BW.VOL.ON,2017-10-09,36241.0
EG.IBK.BW.VOL.ON,2017-10-23,24714.0
EG.IBK.BW.VOL.ON,2017-11-06,26183.0
EG.IBK.BW.VOL.ON,2017-11-20,36483.0
EG.IBK.BW.VOL.ON,2017-12-04,41999.0
EG.IBK.BW.VOL.ON,2017-12-18,49454.0
EG.IBK.BW.VOL.ON,2018-01-01,48242.0
EG.IBK.BW.VOL.ON,2018-01-15,46944.0
EG.IBK.BW.VOL.ON,2018-01-29,49564.0
EG.IBK.BW.VOL.ON,2018-02-12,47395.0
EG.IBK.BW.VOL.ON,2018-02-26,60129.0
EG.IBK.BW.VOL.ON,2018-03-12,52454.0
EG.IBK.BW.VOL.ON,2018-03-26,44200.0
EG.IBK.BW.VOL.ON,2018-04-09,82433.0
EG.IBK.BW.VOL.ON,2018-04-23,82524.0
EG.IBK.BW.VOL.ON,2018-05-07,98311.0
EG.IBK.BW.VOL.ON,2018-05-21,101532.0
EG.IBK.BW.VOL.ON,2018-06-04,82020.0
EG.IBK.BW.VOL.ON,2018-06-18,62651.0
EG.IBK.BW.VOL.ON,2018-07-02,60560.0
EG.IBK.BW.VOL.ON,2018-07-16,60250.0
EG.IBK.BW.VOL.ON,2018-07-30,67522.0
EG.IBK.BW.VOL.ON,2018-08-13,85875.0
EG.IBK.BW.VOL.ON,2018-08-27,47978.0
EG.IBK.BW.VOL.ON,2018-09-10,80660.0
EG.IBK.BW.VOL.ON,2018-09-24,72565.0
EG.IBK.BW.VOL.ON,2018-10-08,92467.0
EG.IBK.BW.VOL.ON,2018-10-22,114930.0
EG.IBK.BW.VOL.ON,2018-11-05,149238.0
EG.IBK.BW.VOL.ON,2018-11-19,146340.0
EG.IBK.BW.VOL.ON,2018-12-03,145045.0
EG.IBK.BW.VOL.ON,2018-12-17,129475.0
EG.IBK.BW.VOL.ON,2018-12-31,110300.0
EG.IBK.BW.VOL.ON,2019-01-14,61445.0
EG.IBK.BW.VOL.ON,2019-01-28,76980.0
EG.IBK.BW.VOL.ON,2019-02-11,116859.0
EG.IBK.BW.VOL.ON,2019-02-25,92610.0
EG.IBK.BW.VOL.ON,2019-03-11,145143.0
EG.IBK.BW.VOL.ON,2019-03-25,120722.0
EG.IBK.BW.VOL.ON,2019-04-08,118409.0
EG.IBK.BW.VOL.ON,2019-04-22,84291.0
EG.IBK.BW.VOL.ON,2019-05-06,77066.0
EG.IBK.BW.VOL.ON,2019-05-20,69060.0
EG.IBK.BW.VOL.ON,2019-06-03,126268.0
EG.IBK.BW.VOL.ON,2019-06-17,67760.0
EG.IBK.BW.VOL.ON,2019-07-01,56730.0
EG.IBK.BW.VOL.ON,2019-07-15,130605.0
EG.IBK.BW.VOL.ON,2019-07-29,88980.0
EG.IBK.BW.VOL.ON,2019-08-12,99155.0
EG.IBK.BW.VOL.ON,2019-08-26,140262.0
EG.IBK.BW.VOL.ON,2019-09-09,158155.0
EG.IBK.BW.VOL.ON,2019-09-23,123640.0
EG.IBK.BW.VOL.ON,2019-10-07,102799.0
EG.IBK.BW.VOL.ON,2019-10-21,120353.0
EG.IBK.BW.VOL.ON,2019-11-04,120161.0
EG.IBK.BW.VOL.ON,2019-11-18,134924.0
EG.IBK.BW.VOL.ON,2019-12-02,113390.0
EG.IBK.BW.VOL.ON,2019-12-16,125371.0
EG.IBK.BW.VOL.ON,2019-12-30,117255.0
EG.IBK.BW.VOL.ON,2020-01-13,126248.0
EG.IBK.BW.VOL.ON,2020-01-27,125948.0
EG.IBK.BW.VOL.ON,2020-02-10,139468.0
EG.IBK.BW.VOL.ON,2020-02-24,127760.0
EG.IBK.BW.VOL.ON,2020-03-09,153835.0
EG.IBK.BW.VOL.ON,2020-03-23,141430.0
EG.IBK.BW.VOL.ON,2020-04-06,111305.0
EG.IBK.BW.VOL.ON,2020-04-20,74448.0
EG.IBK.BW.VOL.ON,2020-05-04,117673.0
EG.IBK.BW.VOL.ON,2020-05-18,126146.0
EG.IBK.BW.VOL.ON,2020-06-01,39345.0
EG.IBK.BW.VOL.ON,2020-06-15,80935.0
EG.IBK.BW.VOL.ON,2020-06-29,109665.0
EG.IBK.BW.VOL.ON,2020-07-13,115460.0
EG.IBK.BW.VOL.ON,2020-07-27,106800.0
EG.IBK.BW.VOL.ON,2020-08-10,80700.0
EG.IBK.BW.VOL.ON,2020-08-24,88281.0
EG.IBK.BW.VOL.ON,2020-09-07,158884.0
EG.IBK.BW.VOL.ON,2020-09-21,149509.56
EG.IBK.BW.VOL.ON,2020-10-05,166651.0
EG.IBK.BW.VOL.ON,2020-10-19,137346.0
EG.IBK.BW.VOL.ON,2020-11-02,124338.0
EG.IBK.BW.VOL.ON,2020-11-16,111674.0
EG.IBK.BW.VOL.ON,2020-11-30,145358.0
EG.IBK.BW.VOL.ON,2020-12-14,180513.0
EG.IBK.BW.VOL.ON,2020-12-28,159788.0
EG.IBK.BW.VOL.ON,2021-01-11,66239.0
EG.IBK.BW.VOL.ON,2021-01-25,107508.0
EG.IBK.BW.VOL.ON,2021-02-08,142801.0
EG.IBK.BW.VOL.ON,2021-02-22,129193.0
EG.IBK.BW.VOL.ON,2021-03-08,194545.0
EG.IBK.BW.VOL.ON,2021-03-22,196807.0
EG.IBK.BW.VOL.ON,2021-04-05,237111.0
EG.IBK.BW.VOL.ON,2021-04-19,173388.0
EG.IBK.BW.VOL.ON,2021-05-03,149526.0
EG.IBK.BW.VOL.ON,2021-05-17,151080.0
EG.IBK.BW.VOL.ON,2021-05-31,202697.0
EG.IBK.BW.VOL.ON,2021-06-14,133198.0
EG.IBK.BW.VOL.ON,2021-06-28,106891.0
EG.IBK.BW.VOL.ON,2021-07-12,122640.0
EG.IBK.BW.VOL.ON,2021-07-26,75502.0
EG.IBK.BW.VOL.ON,2021-08-09,154275.0
EG.IBK.BW.VOL.ON,2021-08-23,96048.0
EG.IBK.BW.VOL.ON,2021-09-06,132774.0
EG.IBK.BW.VOL.ON,2021-09-20,166478.0
EG.IBK.BW.VOL.ON,2021-10-04,118812.0
EG.IBK.BW.VOL.ON,2021-10-18,157510.0
EG.IBK.BW.VOL.ON,2021-11-01,150733.0
EG.IBK.BW.VOL.ON,2021-11-15,150788.0
EG.IBK.BW.VOL.ON,2021-11-29,165122.0
EG.IBK.BW.VOL.ON,2021-12-13,148095.0
EG.IBK.BW.VOL.ON,2021-12-27,142094.0
EG.IBK.BW.VOL.ON,2022-01-10,146696.0
EG.IBK.BW.VOL.ON,2022-01-24,197775.0
EG.IBK.BW.VOL.ON,2022-02-07,160986.0
EG.IBK.BW.VOL.ON,2022-02-21,163100.0
EG.IBK.BW.VOL.ON,2022-03-07,217238.0
EG.IBK.BW.VOL.ON,2022-03-21,237916.0
EG.IBK.BW.VOL.ON,2022-04-04,332102.0
EG.IBK.BW.VOL.ON,2022-04-18,337519.0
EG.IBK.BW.VOL.ON,2022-05-02,142659.0
EG.IBK.BW.VOL.ON,2022-05-16,154168.0
EG.IBK.BW.VOL.ON,2022-05-30,199047.0
EG.IBK.BW.VOL.ON,2022-06-13,190956.0
EG.IBK.BW.VOL.ON,2022-06-27,190039.0
EG.IBK.BW.VOL.ON,2022-07-11,111091.0
EG.IBK.BW.VOL.ON,2022-07-25,134402.0
EG.IBK.BW.VOL.ON,2022-08-08,165140.0
EG.IBK.BW.VOL.ON,2022-08-22,149366.0
EG.IBK.BW.VOL.ON,2022-09-05,133519.0
EG.IBK.BW.VOL.ON,2022-09-19,110603.0
EG.IBK.BW.VOL.ON,2022-10-03,80156.0
EG.IBK.BW.VOL.ON,2022-10-17,147539.0
EG.IBK.BW.VOL.ON,2022-10-31,213579.0
EG.IBK.BW.VOL.ON,2022-11-14,162095.0
EG.IBK.BW.VOL.ON,2022-11-28,125730.0
EG.IBK.BW.VOL.ON,2022-12-12,114196.0
EG.IBK.BW.VOL.ON,2022-12-26,132265.0
EG.IBK.BW.VOL.ON,2023-01-09,105832.0
EG.IBK.BW.VOL.ON,2023-01-23,263273.0
EG.IBK.BW.VOL.ON,2023-02-06,190485.0
EG.IBK.BW.VOL.ON,2023-02-20,208461.0
EG.IBK.BW.VOL.ON,2023-03-06,202239.0
EG.IBK.BW.VOL.ON,2023-03-20,210516.0
EG.IBK.BW.VOL.ON,2023-04-03,259913.0
EG.IBK.BW.VOL.ON,2023-04-17,187485.0
EG.IBK.BW.VOL.ON,2023-05-01,113810.0
EG.IBK.BW.VOL.ON,2023-05-15,166002.0
EG.IBK.BW.VOL.ON,2023-05-29,237341.0
EG.IBK.BW.VOL.ON,2023-06-12,229136.0
EG.IBK.BW.VOL.ON,2023-06-26,279709.0
EG.IBK.BW.VOL.ON,2023-07-10,121530.0
EG.IBK.BW.VOL.ON,2023-07-24,186734.0
EG.IBK.BW.VOL.ON,2023-08-07,193000.0
EG.IBK.BW.VOL.ON,2023-08-21,253004.0
EG.IBK.BW.VOL.ON,2023-09-04,272214.0
EG.IBK.BW.VOL.ON,2023-09-18,166185.0
EG.IBK.BW.VOL.ON,2023-10-02,214992.0
EG.IBK.BW.VOL.ON,2023-10-16,246112.0
EG.IBK.BW.VOL.ON,2023-10-30,214700.0
EG.IBK.BW.VOL.ON,2023-11-13,239811.0
EG.IBK.BW.VOL.ON,2023-11-27,264437.0
EG.IBK.BW.VOL.ON,2023-12-11,221068.0
EG.IBK.BW.VOL.ON,2023-12-25,210953.0
EG.IBK.BW.VOL.ON,2024-01-08,219450.0
EG.IBK.BW.VOL.ON,2024-01-22,202514.0
EG.IBK.BW.VOL.ON,2024-02-05,185727.0
EG.IBK.BW.VOL.ON,2024-02-19,134075.0
EG.IBK.BW.VOL.ON,2024-03-04,230945.0
EG.IBK.BW.VOL.ON,2024-03-18,509741.0
EG.IBK.BW.VOL.ON,2024-04-01,338180.0
EG.IBK.BW.VOL.ON,2024-04-15,159690.0
EG.IBK.BW.VOL.ON,2024-04-29,263010.0
EG.IBK.BW.VOL.ON,2024-05-13,178050.0
EG.IBK.BW.VOL.ON,2024-05-27,278370.0
EG.IBK.BW.VOL.ON,2024-06-10,209285.0
EG.IBK.BW.VOL.ON,2024-06-24,89572.0
EG.IBK.BW.VOL.ON,2024-07-08,137515.0
EG.IBK.BW.VOL.ON,2024-07-22,198520.0
EG.IBK.BW.VOL.ON,2024-08-05,145474.0
EG.IBK.BW.VOL.ON,2024-08-19,189944.0
EG.IBK.BW.VOL.ON,2024-09-02,208920.0
EG.IBK.BW.VOL.ON,2024-09-16,178730.0
EG.IBK.BW.VOL.ON,2024-09-30,266982.0
EG.IBK.BW.VOL.ON,2024-10-14,151065.0
EG.IBK.BW.VOL.ON,2024-10-28,257525.0
EG.IBK.BW.VOL.ON,2024-11-11,288900.0
EG.IBK.BW.VOL.ON,2024-11-25,251175.0
EG.IBK.BW.VOL.ON,2024-12-09,251890.0
EG.IBK.BW.VOL.ON,2024-12-23,166053.0
EG.IBK.BW.VOL.ON,2025-01-06,166170.0
EG.IBK.BW.VOL.ON,2025-01-20,321561.0
EG.IBK.BW.VOL.ON,2025-02-03,217810.0
EG.IBK.BW.VOL.ON,2025-02-17,294370.0
EG.IBK.BW.VOL.ON,2025-03-03,240940.0
EG.IBK.BW.VOL.ON,2025-03-17,281470.0
EG.IBK.BW.VOL.ON,2025-03-31,301680.0
EG.IBK.BW.VOL.ON,2025-04-14,326992.0
EG.IBK.BW.VOL.ON,2025-04-28,212375.0
EG.IBK.BW.VOL.ON,2025-05-12,211040.0
EG.IBK.BW.VOL.ON,2025-05-26,327155.0
EG.IBK.BW.VOL.ON,2025-06-09,219990.0
EG.IBK.BW.VOL.ON,2025-06-23,246610.0
EG.IBK.BW.VOL.ON,2025-07-07,259137.0
EG.IBK.BW.VOL.ON,2025-07-21,292200.0
EG.IBK.BW.VOL.ON,2025-08-04,258199.0
EG.IBK.BW.VOL.ON,2025-08-18,292543.0
EG.IBK.BW.VOL.ON,2025-09-01,317418.0
EG.IBK.BW.VOL.ON,2025-09-15,328650.0
EG.IBK.BW.VOL.ON,2025-09-29,245398.0
EG.IBK.BW.VOL.ON,2025-10-13,291525.0
EG.IBK.BW.VOL.ON,2025-10-27,412931.0
EG.IBK.BW.VOL.ON,2025-11-10,281650.0
EG.IBK.BW.VOL.ON,2025-11-24,241860.0
EG.IBK.BW.VOL.ON,2025-12-08,297856.0
EG.IBK.BW.VOL.ON,2025-12-22,483585.0
EG.IBK.BW.VOL.ON,2026-01-05,339278.0
EG.IBK.BW.VOL.ON,2026-01-19,252055.0
EG.IBK.BW.VOL.ON,2026-02-02,213465.0
EG.IBK.BW.VOL.ON,2026-02-16,347259.0
EG.IBK.BW.VOL.ON,2026-03-02,188277.0
EG.IBK.BW.VOL.ON,2026-03-16,350050.0
EG.IBK.BW.VOL.ON,2026-03-30,277670.0
EG.IBK.BW.VOL.ON,2026-04-13,316105.0
EG.IBK.BW.VOL.ON,2026-04-27,296325.0
EG.IBK.BW.VOL.ON,2026-05-11,367845.0
EG.IBK.BW.VOL.ON,2026-05-25,428141.0
EG.IBK.BW.VOL.ON,2026-06-08,346867.0
EG.IBK.BW.VOL.ON,2026-06-22,399493.0
EG.IBK.BW.VOL.ON,2026-07-06,474350.0
EG.IBK.BW.VOL.ON,2026-07-20,472292.0
EG.IBK.BW.VOL.ON,2026-08-03,540866.0
EG.IBK.BW.VOL.ON,2026-08-17,190422.0
EG.IBK.BW.VOL.TOTAL,2010-07-12,18753.0
EG.IBK.BW.VOL.TOTAL,2010-07-26,13456.0
EG.IBK.BW.VOL.TOTAL,2010-08-09,13238.0
EG.IBK.BW.VOL.TOTAL,2010-08-23,6291.0
EG.IBK.BW.VOL.TOTAL,2010-09-06,8151.5
EG.IBK.BW.VOL.TOTAL,2010-09-20,7408.0
EG.IBK.BW.VOL.TOTAL,2010-10-04,7912.0
EG.IBK.BW.VOL.TOTAL,2010-10-18,6092.0
EG.IBK.BW.VOL.TOTAL,2010-11-01,4324.0
EG.IBK.BW.VOL.TOTAL,2010-11-15,6266.0
EG.IBK.BW.VOL.TOTAL,2010-11-29,12549.0
EG.IBK.BW.VOL.TOTAL,2010-12-13,8725.0
EG.IBK.BW.VOL.TOTAL,2010-12-27,16953.0
EG.IBK.BW.VOL.TOTAL,2011-01-10,17108.0
EG.IBK.BW.VOL.TOTAL,2011-01-24,18453.0
EG.IBK.BW.VOL.TOTAL,2011-02-07,24242.0
EG.IBK.BW.VOL.TOTAL,2011-02-21,44204.0
EG.IBK.BW.VOL.TOTAL,2011-03-07,67259.0
EG.IBK.BW.VOL.TOTAL,2011-03-21,45280.0
EG.IBK.BW.VOL.TOTAL,2011-04-04,40430.0
EG.IBK.BW.VOL.TOTAL,2011-04-18,31919.8
EG.IBK.BW.VOL.TOTAL,2011-05-02,22927.4
EG.IBK.BW.VOL.TOTAL,2011-05-16,25994.7
EG.IBK.BW.VOL.TOTAL,2011-05-30,30160.0
EG.IBK.BW.VOL.TOTAL,2011-06-13,29149.9
EG.IBK.BW.VOL.TOTAL,2011-06-27,22940.2
EG.IBK.BW.VOL.TOTAL,2011-07-11,26434.5
EG.IBK.BW.VOL.TOTAL,2011-07-25,17024.5
EG.IBK.BW.VOL.TOTAL,2011-08-08,25148.0
EG.IBK.BW.VOL.TOTAL,2011-08-22,20038.0
EG.IBK.BW.VOL.TOTAL,2011-09-05,22917.0
EG.IBK.BW.VOL.TOTAL,2011-09-19,26874.0
EG.IBK.BW.VOL.TOTAL,2011-10-03,29045.0
EG.IBK.BW.VOL.TOTAL,2011-10-17,19667.0
EG.IBK.BW.VOL.TOTAL,2011-10-31,26612.0
EG.IBK.BW.VOL.TOTAL,2011-11-14,18346.0
EG.IBK.BW.VOL.TOTAL,2011-11-28,22836.0
EG.IBK.BW.VOL.TOTAL,2011-12-12,25231.0
EG.IBK.BW.VOL.TOTAL,2011-12-26,23151.0
EG.IBK.BW.VOL.TOTAL,2012-01-09,23922.0
EG.IBK.BW.VOL.TOTAL,2012-01-23,24525.4
EG.IBK.BW.VOL.TOTAL,2012-02-06,19108.4
EG.IBK.BW.VOL.TOTAL,2012-02-20,22834.8
EG.IBK.BW.VOL.TOTAL,2012-03-05,24369.6
EG.IBK.BW.VOL.TOTAL,2012-03-19,26534.8
EG.IBK.BW.VOL.TOTAL,2012-04-02,24255.8
EG.IBK.BW.VOL.TOTAL,2012-04-16,20368.0
EG.IBK.BW.VOL.TOTAL,2012-04-30,27207.0
EG.IBK.BW.VOL.TOTAL,2012-05-14,23865.0
EG.IBK.BW.VOL.TOTAL,2012-05-28,24192.0
EG.IBK.BW.VOL.TOTAL,2012-06-11,20776.0
EG.IBK.BW.VOL.TOTAL,2012-06-25,17988.0
EG.IBK.BW.VOL.TOTAL,2012-07-09,19440.6
EG.IBK.BW.VOL.TOTAL,2012-07-23,18881.8
EG.IBK.BW.VOL.TOTAL,2012-08-06,18723.8
EG.IBK.BW.VOL.TOTAL,2012-08-20,17497.8
EG.IBK.BW.VOL.TOTAL,2012-09-03,20531.6
EG.IBK.BW.VOL.TOTAL,2012-09-17,21063.3
EG.IBK.BW.VOL.TOTAL,2012-10-01,19005.8
EG.IBK.BW.VOL.TOTAL,2012-10-15,14187.0
EG.IBK.BW.VOL.TOTAL,2012-10-29,19377.0
EG.IBK.BW.VOL.TOTAL,2012-11-12,17222.0
EG.IBK.BW.VOL.TOTAL,2012-11-26,19115.0
EG.IBK.BW.VOL.TOTAL,2012-12-10,17334.8
EG.IBK.BW.VOL.TOTAL,2012-12-24,19844.8
EG.IBK.BW.VOL.TOTAL,2013-01-07,17631.8
EG.IBK.BW.VOL.TOTAL,2013-01-21,23611.0
EG.IBK.BW.VOL.TOTAL,2013-02-04,17496.0
EG.IBK.BW.VOL.TOTAL,2013-02-18,13299.0
EG.IBK.BW.VOL.TOTAL,2013-03-04,15858.0
EG.IBK.BW.VOL.TOTAL,2013-03-18,22875.48
EG.IBK.BW.VOL.TOTAL,2013-04-01,21688.1
EG.IBK.BW.VOL.TOTAL,2013-04-15,15364.6
EG.IBK.BW.VOL.TOTAL,2013-04-29,21147.6
EG.IBK.BW.VOL.TOTAL,2013-05-13,23583.01
EG.IBK.BW.VOL.TOTAL,2013-05-27,25893.0
EG.IBK.BW.VOL.TOTAL,2013-06-10,25006.12
EG.IBK.BW.VOL.TOTAL,2013-06-24,23728.78
EG.IBK.BW.VOL.TOTAL,2013-07-08,22512.5
EG.IBK.BW.VOL.TOTAL,2013-07-22,20709.0
EG.IBK.BW.VOL.TOTAL,2013-08-05,25289.3
EG.IBK.BW.VOL.TOTAL,2013-08-19,15768.39
EG.IBK.BW.VOL.TOTAL,2013-09-02,14304.0
EG.IBK.BW.VOL.TOTAL,2013-09-16,16589.0
EG.IBK.BW.VOL.TOTAL,2013-09-30,21684.0
EG.IBK.BW.VOL.TOTAL,2013-10-14,14560.9
EG.IBK.BW.VOL.TOTAL,2013-10-28,7684.4
EG.IBK.BW.VOL.TOTAL,2013-11-11,11848.9
EG.IBK.BW.VOL.TOTAL,2013-11-25,9822.0
EG.IBK.BW.VOL.TOTAL,2013-12-09,8488.0
EG.IBK.BW.VOL.TOTAL,2013-12-23,12613.0
EG.IBK.BW.VOL.TOTAL,2014-01-06,20667.9
EG.IBK.BW.VOL.TOTAL,2014-01-20,13735.8
EG.IBK.BW.VOL.TOTAL,2014-02-03,12802.75
EG.IBK.BW.VOL.TOTAL,2014-02-17,17281.0
EG.IBK.BW.VOL.TOTAL,2014-03-03,18521.1
EG.IBK.BW.VOL.TOTAL,2014-03-17,22212.0
EG.IBK.BW.VOL.TOTAL,2014-03-31,21525.0
EG.IBK.BW.VOL.TOTAL,2014-04-14,23368.0
EG.IBK.BW.VOL.TOTAL,2014-04-28,19253.0
EG.IBK.BW.VOL.TOTAL,2014-05-12,24450.1
EG.IBK.BW.VOL.TOTAL,2014-05-26,40013.0
EG.IBK.BW.VOL.TOTAL,2014-06-09,31997.9
EG.IBK.BW.VOL.TOTAL,2014-06-23,24903.9
EG.IBK.BW.VOL.TOTAL,2014-07-07,24589.4
EG.IBK.BW.VOL.TOTAL,2014-07-21,36786.9
EG.IBK.BW.VOL.TOTAL,2014-08-04,22194.9
EG.IBK.BW.VOL.TOTAL,2014-08-18,29057.8
EG.IBK.BW.VOL.TOTAL,2014-09-01,28429.9
EG.IBK.BW.VOL.TOTAL,2014-09-15,32393.4
EG.IBK.BW.VOL.TOTAL,2014-09-29,29080.5
EG.IBK.BW.VOL.TOTAL,2014-10-13,20212.0
EG.IBK.BW.VOL.TOTAL,2014-10-27,34026.4
EG.IBK.BW.VOL.TOTAL,2014-11-10,36152.0
EG.IBK.BW.VOL.TOTAL,2014-11-24,25942.4
EG.IBK.BW.VOL.TOTAL,2014-12-08,26120.0
EG.IBK.BW.VOL.TOTAL,2014-12-22,23890.9
EG.IBK.BW.VOL.TOTAL,2015-01-05,31053.0
EG.IBK.BW.VOL.TOTAL,2015-01-19,29344.5
EG.IBK.BW.VOL.TOTAL,2015-02-02,22027.0
EG.IBK.BW.VOL.TOTAL,2015-02-16,32019.0
EG.IBK.BW.VOL.TOTAL,2015-03-02,33834.2
EG.IBK.BW.VOL.TOTAL,2015-03-16,32966.75
EG.IBK.BW.VOL.TOTAL,2015-03-30,27761.85
EG.IBK.BW.VOL.TOTAL,2015-04-27,27232.0
EG.IBK.BW.VOL.TOTAL,2015-05-11,40446.0
EG.IBK.BW.VOL.TOTAL,2015-05-25,37503.25
EG.IBK.BW.VOL.TOTAL,2015-06-08,35596.25
EG.IBK.BW.VOL.TOTAL,2015-06-22,27759.25
EG.IBK.BW.VOL.TOTAL,2015-07-06,23591.75
EG.IBK.BW.VOL.TOTAL,2015-08-03,24498.5
EG.IBK.BW.VOL.TOTAL,2015-08-17,20214.75
EG.IBK.BW.VOL.TOTAL,2015-08-31,27501.5
EG.IBK.BW.VOL.TOTAL,2015-09-14,26257.0
EG.IBK.BW.VOL.TOTAL,2015-09-28,12667.5
EG.IBK.BW.VOL.TOTAL,2015-10-12,25289.0
EG.IBK.BW.VOL.TOTAL,2015-10-26,18506.0
EG.IBK.BW.VOL.TOTAL,2015-11-09,27671.0
EG.IBK.BW.VOL.TOTAL,2015-11-23,28839.0
EG.IBK.BW.VOL.TOTAL,2015-12-07,19739.0
EG.IBK.BW.VOL.TOTAL,2015-12-21,24156.0
EG.IBK.BW.VOL.TOTAL,2016-01-04,32628.0
EG.IBK.BW.VOL.TOTAL,2016-01-18,22459.0
EG.IBK.BW.VOL.TOTAL,2016-02-01,27327.0
EG.IBK.BW.VOL.TOTAL,2016-02-15,23992.0
EG.IBK.BW.VOL.TOTAL,2016-02-29,32281.0
EG.IBK.BW.VOL.TOTAL,2016-03-14,24269.5
EG.IBK.BW.VOL.TOTAL,2016-03-28,21427.0
EG.IBK.BW.VOL.TOTAL,2016-04-11,28265.0
EG.IBK.BW.VOL.TOTAL,2016-04-25,32053.0
EG.IBK.BW.VOL.TOTAL,2016-05-09,22672.0
EG.IBK.BW.VOL.TOTAL,2016-05-23,40122.0
EG.IBK.BW.VOL.TOTAL,2016-06-06,32903.0
EG.IBK.BW.VOL.TOTAL,2016-06-20,17575.0
EG.IBK.BW.VOL.TOTAL,2016-07-04,35250.0
EG.IBK.BW.VOL.TOTAL,2016-07-18,24415.0
EG.IBK.BW.VOL.TOTAL,2016-08-01,27192.0
EG.IBK.BW.VOL.TOTAL,2016-08-15,37136.0
EG.IBK.BW.VOL.TOTAL,2016-08-29,33066.0
EG.IBK.BW.VOL.TOTAL,2016-09-12,30861.0
EG.IBK.BW.VOL.TOTAL,2016-09-26,21629.0
EG.IBK.BW.VOL.TOTAL,2016-10-10,23656.0
EG.IBK.BW.VOL.TOTAL,2016-10-24,26252.0
EG.IBK.BW.VOL.TOTAL,2016-11-07,30195.0
EG.IBK.BW.VOL.TOTAL,2016-11-21,27475.5
EG.IBK.BW.VOL.TOTAL,2016-12-05,37361.0
EG.IBK.BW.VOL.TOTAL,2016-12-19,41857.0
EG.IBK.BW.VOL.TOTAL,2017-01-02,44961.0
EG.IBK.BW.VOL.TOTAL,2017-01-16,53024.0
EG.IBK.BW.VOL.TOTAL,2017-01-30,42306.0
EG.IBK.BW.VOL.TOTAL,2017-02-13,65776.0
EG.IBK.BW.VOL.TOTAL,2017-02-27,74010.5
EG.IBK.BW.VOL.TOTAL,2017-03-13,83920.0
EG.IBK.BW.VOL.TOTAL,2017-03-27,88192.0
EG.IBK.BW.VOL.TOTAL,2017-04-10,96540.0
EG.IBK.BW.VOL.TOTAL,2017-04-24,68381.0
EG.IBK.BW.VOL.TOTAL,2017-05-08,92125.8
EG.IBK.BW.VOL.TOTAL,2017-05-22,97147.5
EG.IBK.BW.VOL.TOTAL,2017-06-05,99839.0
EG.IBK.BW.VOL.TOTAL,2017-06-19,93562.0
EG.IBK.BW.VOL.TOTAL,2017-07-03,81599.0
EG.IBK.BW.VOL.TOTAL,2017-07-17,94825.0
EG.IBK.BW.VOL.TOTAL,2017-07-31,61396.0
EG.IBK.BW.VOL.TOTAL,2017-08-14,64084.0
EG.IBK.BW.VOL.TOTAL,2017-08-28,61555.0
EG.IBK.BW.VOL.TOTAL,2017-09-11,40838.0
EG.IBK.BW.VOL.TOTAL,2017-09-25,55198.0
EG.IBK.BW.VOL.TOTAL,2017-10-09,47140.0
EG.IBK.BW.VOL.TOTAL,2017-10-23,60503.0
EG.IBK.BW.VOL.TOTAL,2017-11-06,44858.0
EG.IBK.BW.VOL.TOTAL,2017-11-20,47620.0
EG.IBK.BW.VOL.TOTAL,2017-12-04,50834.0
EG.IBK.BW.VOL.TOTAL,2017-12-18,62276.0
EG.IBK.BW.VOL.TOTAL,2018-01-01,65269.0
EG.IBK.BW.VOL.TOTAL,2018-01-15,64364.0
EG.IBK.BW.VOL.TOTAL,2018-01-29,68736.0
EG.IBK.BW.VOL.TOTAL,2018-02-12,56382.0
EG.IBK.BW.VOL.TOTAL,2018-02-26,71943.0
EG.IBK.BW.VOL.TOTAL,2018-03-12,67679.0
EG.IBK.BW.VOL.TOTAL,2018-03-26,52795.0
EG.IBK.BW.VOL.TOTAL,2018-04-09,110218.0
EG.IBK.BW.VOL.TOTAL,2018-04-23,100382.0
EG.IBK.BW.VOL.TOTAL,2018-05-07,111471.0
EG.IBK.BW.VOL.TOTAL,2018-05-21,138512.0
EG.IBK.BW.VOL.TOTAL,2018-06-04,111535.0
EG.IBK.BW.VOL.TOTAL,2018-06-18,94890.37
EG.IBK.BW.VOL.TOTAL,2018-07-02,91960.0
EG.IBK.BW.VOL.TOTAL,2018-07-16,77165.0
EG.IBK.BW.VOL.TOTAL,2018-07-30,89257.0
EG.IBK.BW.VOL.TOTAL,2018-08-13,112292.16
EG.IBK.BW.VOL.TOTAL,2018-08-27,71678.0
EG.IBK.BW.VOL.TOTAL,2018-09-10,110750.0
EG.IBK.BW.VOL.TOTAL,2018-09-24,93865.0
EG.IBK.BW.VOL.TOTAL,2018-10-08,114467.0
EG.IBK.BW.VOL.TOTAL,2018-10-22,130260.0
EG.IBK.BW.VOL.TOTAL,2018-11-05,171133.0
EG.IBK.BW.VOL.TOTAL,2018-11-19,173070.0
EG.IBK.BW.VOL.TOTAL,2018-12-03,170175.0
EG.IBK.BW.VOL.TOTAL,2018-12-17,167120.0
EG.IBK.BW.VOL.TOTAL,2018-12-31,145265.0
EG.IBK.BW.VOL.TOTAL,2019-01-14,76260.0
EG.IBK.BW.VOL.TOTAL,2019-01-28,88390.0
EG.IBK.BW.VOL.TOTAL,2019-02-11,142779.0
EG.IBK.BW.VOL.TOTAL,2019-02-25,107115.0
EG.IBK.BW.VOL.TOTAL,2019-03-11,159783.0
EG.IBK.BW.VOL.TOTAL,2019-03-25,139920.0
EG.IBK.BW.VOL.TOTAL,2019-04-08,147754.0
EG.IBK.BW.VOL.TOTAL,2019-04-22,101511.0
EG.IBK.BW.VOL.TOTAL,2019-05-06,89141.0
EG.IBK.BW.VOL.TOTAL,2019-05-20,86807.0
EG.IBK.BW.VOL.TOTAL,2019-06-03,143068.0
EG.IBK.BW.VOL.TOTAL,2019-06-17,79540.0
EG.IBK.BW.VOL.TOTAL,2019-07-01,73265.0
EG.IBK.BW.VOL.TOTAL,2019-07-15,145900.0
EG.IBK.BW.VOL.TOTAL,2019-07-29,102841.0
EG.IBK.BW.VOL.TOTAL,2019-08-12,116493.0
EG.IBK.BW.VOL.TOTAL,2019-08-26,150887.0
EG.IBK.BW.VOL.TOTAL,2019-09-09,179295.0
EG.IBK.BW.VOL.TOTAL,2019-09-23,142755.0
EG.IBK.BW.VOL.TOTAL,2019-10-07,121594.0
EG.IBK.BW.VOL.TOTAL,2019-10-21,139901.0
EG.IBK.BW.VOL.TOTAL,2019-11-04,141476.0
EG.IBK.BW.VOL.TOTAL,2019-11-18,169369.0
EG.IBK.BW.VOL.TOTAL,2019-12-02,139345.0
EG.IBK.BW.VOL.TOTAL,2019-12-16,163309.0
EG.IBK.BW.VOL.TOTAL,2019-12-30,160615.0
EG.IBK.BW.VOL.TOTAL,2020-01-13,166058.0
EG.IBK.BW.VOL.TOTAL,2020-01-27,179668.0
EG.IBK.BW.VOL.TOTAL,2020-02-10,181568.0
EG.IBK.BW.VOL.TOTAL,2020-02-24,164527.0
EG.IBK.BW.VOL.TOTAL,2020-03-09,191755.0
EG.IBK.BW.VOL.TOTAL,2020-03-23,206510.0
EG.IBK.BW.VOL.TOTAL,2020-04-06,182495.0
EG.IBK.BW.VOL.TOTAL,2020-04-20,184609.0
EG.IBK.BW.VOL.TOTAL,2020-05-04,207086.0
EG.IBK.BW.VOL.TOTAL,2020-05-18,224507.0
EG.IBK.BW.VOL.TOTAL,2020-06-01,91942.0
EG.IBK.BW.VOL.TOTAL,2020-06-15,151704.0
EG.IBK.BW.VOL.TOTAL,2020-06-29,191332.0
EG.IBK.BW.VOL.TOTAL,2020-07-13,174770.0
EG.IBK.BW.VOL.TOTAL,2020-07-27,154215.0
EG.IBK.BW.VOL.TOTAL,2020-08-10,138195.0
EG.IBK.BW.VOL.TOTAL,2020-08-24,148376.0
EG.IBK.BW.VOL.TOTAL,2020-09-07,208284.0
EG.IBK.BW.VOL.TOTAL,2020-09-21,205171.56
EG.IBK.BW.VOL.TOTAL,2020-10-05,217106.0
EG.IBK.BW.VOL.TOTAL,2020-10-19,174595.0
EG.IBK.BW.VOL.TOTAL,2020-11-02,175922.0
EG.IBK.BW.VOL.TOTAL,2020-11-16,158304.0
EG.IBK.BW.VOL.TOTAL,2020-11-30,178768.0
EG.IBK.BW.VOL.TOTAL,2020-12-14,230466.0
EG.IBK.BW.VOL.TOTAL,2020-12-28,204105.0
EG.IBK.BW.VOL.TOTAL,2021-01-11,98475.0
EG.IBK.BW.VOL.TOTAL,2021-01-25,133179.0
EG.IBK.BW.VOL.TOTAL,2021-02-08,173037.0
EG.IBK.BW.VOL.TOTAL,2021-02-22,163174.0
EG.IBK.BW.VOL.TOTAL,2021-03-08,229842.0
EG.IBK.BW.VOL.TOTAL,2021-03-22,233898.0
EG.IBK.BW.VOL.TOTAL,2021-04-05,299087.0
EG.IBK.BW.VOL.TOTAL,2021-04-19,202829.0
EG.IBK.BW.VOL.TOTAL,2021-05-03,176539.0
EG.IBK.BW.VOL.TOTAL,2021-05-17,186996.0
EG.IBK.BW.VOL.TOTAL,2021-05-31,249883.0
EG.IBK.BW.VOL.TOTAL,2021-06-14,192054.0
EG.IBK.BW.VOL.TOTAL,2021-06-28,131570.0
EG.IBK.BW.VOL.TOTAL,2021-07-12,147770.0
EG.IBK.BW.VOL.TOTAL,2021-07-26,87167.0
EG.IBK.BW.VOL.TOTAL,2021-08-09,174207.0
EG.IBK.BW.VOL.TOTAL,2021-08-23,107587.0
EG.IBK.BW.VOL.TOTAL,2021-09-06,166041.0
EG.IBK.BW.VOL.TOTAL,2021-09-20,184723.0
EG.IBK.BW.VOL.TOTAL,2021-10-04,134207.0
EG.IBK.BW.VOL.TOTAL,2021-10-18,174965.0
EG.IBK.BW.VOL.TOTAL,2021-11-01,163978.0
EG.IBK.BW.VOL.TOTAL,2021-11-15,165493.0
EG.IBK.BW.VOL.TOTAL,2021-11-29,188012.0
EG.IBK.BW.VOL.TOTAL,2021-12-13,166350.0
EG.IBK.BW.VOL.TOTAL,2021-12-27,159869.0
EG.IBK.BW.VOL.TOTAL,2022-01-10,172081.0
EG.IBK.BW.VOL.TOTAL,2022-01-24,211660.0
EG.IBK.BW.VOL.TOTAL,2022-02-07,180091.0
EG.IBK.BW.VOL.TOTAL,2022-02-21,183520.0
EG.IBK.BW.VOL.TOTAL,2022-03-07,247598.0
EG.IBK.BW.VOL.TOTAL,2022-03-21,276306.0
EG.IBK.BW.VOL.TOTAL,2022-04-04,381612.0
EG.IBK.BW.VOL.TOTAL,2022-04-18,380399.0
EG.IBK.BW.VOL.TOTAL,2022-05-02,189729.0
EG.IBK.BW.VOL.TOTAL,2022-05-16,201418.0
EG.IBK.BW.VOL.TOTAL,2022-05-30,259892.0
EG.IBK.BW.VOL.TOTAL,2022-06-13,239005.0
EG.IBK.BW.VOL.TOTAL,2022-06-27,241209.0
EG.IBK.BW.VOL.TOTAL,2022-07-11,163376.0
EG.IBK.BW.VOL.TOTAL,2022-07-25,193262.0
EG.IBK.BW.VOL.TOTAL,2022-08-08,224896.0
EG.IBK.BW.VOL.TOTAL,2022-08-22,184746.0
EG.IBK.BW.VOL.TOTAL,2022-09-05,171689.0
EG.IBK.BW.VOL.TOTAL,2022-09-19,139663.0
EG.IBK.BW.VOL.TOTAL,2022-10-03,115013.0
EG.IBK.BW.VOL.TOTAL,2022-10-17,180546.0
EG.IBK.BW.VOL.TOTAL,2022-10-31,262234.0
EG.IBK.BW.VOL.TOTAL,2022-11-14,193173.0
EG.IBK.BW.VOL.TOTAL,2022-11-28,159658.0
EG.IBK.BW.VOL.TOTAL,2022-12-12,145217.0
EG.IBK.BW.VOL.TOTAL,2022-12-26,160966.0
EG.IBK.BW.VOL.TOTAL,2023-01-09,133111.0
EG.IBK.BW.VOL.TOTAL,2023-01-23,307328.0
EG.IBK.BW.VOL.TOTAL,2023-02-06,245159.0
EG.IBK.BW.VOL.TOTAL,2023-02-20,247189.0
EG.IBK.BW.VOL.TOTAL,2023-03-06,236596.0
EG.IBK.BW.VOL.TOTAL,2023-03-20,245216.0
EG.IBK.BW.VOL.TOTAL,2023-04-03,299908.0
EG.IBK.BW.VOL.TOTAL,2023-04-17,211685.0
EG.IBK.BW.VOL.TOTAL,2023-05-01,154961.0
EG.IBK.BW.VOL.TOTAL,2023-05-15,190982.0
EG.IBK.BW.VOL.TOTAL,2023-05-29,278626.0
EG.IBK.BW.VOL.TOTAL,2023-06-12,280479.0
EG.IBK.BW.VOL.TOTAL,2023-06-26,316959.0
EG.IBK.BW.VOL.TOTAL,2023-07-10,154340.0
EG.IBK.BW.VOL.TOTAL,2023-07-24,221794.0
EG.IBK.BW.VOL.TOTAL,2023-08-07,226080.0
EG.IBK.BW.VOL.TOTAL,2023-08-21,272284.0
EG.IBK.BW.VOL.TOTAL,2023-09-04,312294.0
EG.IBK.BW.VOL.TOTAL,2023-09-18,201266.0
EG.IBK.BW.VOL.TOTAL,2023-10-02,286408.0
EG.IBK.BW.VOL.TOTAL,2023-10-16,296701.0
EG.IBK.BW.VOL.TOTAL,2023-10-30,260958.0
EG.IBK.BW.VOL.TOTAL,2023-11-13,300956.0
EG.IBK.BW.VOL.TOTAL,2023-11-27,313373.0
EG.IBK.BW.VOL.TOTAL,2023-12-11,287946.0
EG.IBK.BW.VOL.TOTAL,2023-12-25,284645.0
EG.IBK.BW.VOL.TOTAL,2024-01-08,260863.0
EG.IBK.BW.VOL.TOTAL,2024-01-22,265395.0
EG.IBK.BW.VOL.TOTAL,2024-02-05,262535.2
EG.IBK.BW.VOL.TOTAL,2024-02-19,199241.0
EG.IBK.BW.VOL.TOTAL,2024-03-04,301321.0
EG.IBK.BW.VOL.TOTAL,2024-03-18,602959.0
EG.IBK.BW.VOL.TOTAL,2024-04-01,532497.0
EG.IBK.BW.VOL.TOTAL,2024-04-15,239730.0
EG.IBK.BW.VOL.TOTAL,2024-04-29,360968.0
EG.IBK.BW.VOL.TOTAL,2024-05-13,290917.0
EG.IBK.BW.VOL.TOTAL,2024-05-27,454112.0
EG.IBK.BW.VOL.TOTAL,2024-06-10,411489.0
EG.IBK.BW.VOL.TOTAL,2024-06-24,202053.0
EG.IBK.BW.VOL.TOTAL,2024-07-08,351276.0
EG.IBK.BW.VOL.TOTAL,2024-07-22,414660.0
EG.IBK.BW.VOL.TOTAL,2024-08-05,365770.0
EG.IBK.BW.VOL.TOTAL,2024-08-19,421078.0
EG.IBK.BW.VOL.TOTAL,2024-09-02,429569.0
EG.IBK.BW.VOL.TOTAL,2024-09-16,429583.0
EG.IBK.BW.VOL.TOTAL,2024-09-30,481063.0
EG.IBK.BW.VOL.TOTAL,2024-10-14,309521.0
EG.IBK.BW.VOL.TOTAL,2024-10-28,435936.0
EG.IBK.BW.VOL.TOTAL,2024-11-11,449946.0
EG.IBK.BW.VOL.TOTAL,2024-11-25,435988.0
EG.IBK.BW.VOL.TOTAL,2024-12-09,414518.0
EG.IBK.BW.VOL.TOTAL,2024-12-23,343406.0
EG.IBK.BW.VOL.TOTAL,2025-01-06,344974.0
EG.IBK.BW.VOL.TOTAL,2025-01-20,498685.0
EG.IBK.BW.VOL.TOTAL,2025-02-03,420671.0
EG.IBK.BW.VOL.TOTAL,2025-02-17,488961.0
EG.IBK.BW.VOL.TOTAL,2025-03-03,464705.0
EG.IBK.BW.VOL.TOTAL,2025-03-17,487146.0
EG.IBK.BW.VOL.TOTAL,2025-03-31,514954.0
EG.IBK.BW.VOL.TOTAL,2025-04-14,467920.0
EG.IBK.BW.VOL.TOTAL,2025-04-28,467575.0
EG.IBK.BW.VOL.TOTAL,2025-05-12,461652.0
EG.IBK.BW.VOL.TOTAL,2025-05-26,633274.0
EG.IBK.BW.VOL.TOTAL,2025-06-09,439990.0
EG.IBK.BW.VOL.TOTAL,2025-06-23,473281.0
EG.IBK.BW.VOL.TOTAL,2025-07-07,508853.0
EG.IBK.BW.VOL.TOTAL,2025-07-21,579205.0
EG.IBK.BW.VOL.TOTAL,2025-08-04,480759.0
EG.IBK.BW.VOL.TOTAL,2025-08-18,517563.0
EG.IBK.BW.VOL.TOTAL,2025-09-01,593043.0
EG.IBK.BW.VOL.TOTAL,2025-09-15,595500.0
EG.IBK.BW.VOL.TOTAL,2025-09-29,554773.0
EG.IBK.BW.VOL.TOTAL,2025-10-13,567205.0
EG.IBK.BW.VOL.TOTAL,2025-10-27,681961.0
EG.IBK.BW.VOL.TOTAL,2025-11-10,574765.0
EG.IBK.BW.VOL.TOTAL,2025-11-24,560130.0
EG.IBK.BW.VOL.TOTAL,2025-12-08,593616.0
EG.IBK.BW.VOL.TOTAL,2025-12-22,741585.0
EG.IBK.BW.VOL.TOTAL,2026-01-05,686188.0
EG.IBK.BW.VOL.TOTAL,2026-01-19,504675.0
EG.IBK.BW.VOL.TOTAL,2026-02-02,453395.0
EG.IBK.BW.VOL.TOTAL,2026-02-16,670959.0
EG.IBK.BW.VOL.TOTAL,2026-03-02,619222.0
EG.IBK.BW.VOL.TOTAL,2026-03-16,572260.0
EG.IBK.BW.VOL.TOTAL,2026-03-30,611235.0
EG.IBK.BW.VOL.TOTAL,2026-04-13,720685.0
EG.IBK.BW.VOL.TOTAL,2026-04-27,729520.0
EG.IBK.BW.VOL.TOTAL,2026-05-11,884332.4
EG.IBK.BW.VOL.TOTAL,2026-05-25,1078929.6
EG.IBK.BW.VOL.TOTAL,2026-06-08,866108.75
EG.IBK.BW.VOL.TOTAL,2026-06-22,885246.5
EG.IBK.BW.VOL.TOTAL,2026-07-06,989878.5
EG.IBK.BW.VOL.TOTAL,2026-07-20,883386.68
EG.IBK.BW.VOL.TOTAL,2026-08-03,864795.68
EG.IBK.BW.VOL.TOTAL,2026-08-17,530736.84
EG.IBK.BW.VOL.W1,2010-07-12,8125.5
EG.IBK.BW.VOL.W1,2010-07-26,5340.0
EG.IBK.BW.VOL.W1,2010-08-09,4131.0
EG.IBK.BW.VOL.W1,2010-08-23,2786.0
EG.IBK.BW.VOL.W1,2010-09-06,2343.5
EG.IBK.BW.VOL.W1,2010-09-20,2124.0
EG.IBK.BW.VOL.W1,2010-10-04,1488.0
EG.IBK.BW.VOL.W1,2010-10-18,1406.0
EG.IBK.BW.VOL.W1,2010-11-01,2299.0
EG.IBK.BW.VOL.W1,2010-11-15,945.0
EG.IBK.BW.VOL.W1,2010-11-29,3725.0
EG.IBK.BW.VOL.W1,2010-12-13,2892.0
EG.IBK.BW.VOL.W1,2010-12-27,5680.0
EG.IBK.BW.VOL.W1,2011-01-10,7098.0
EG.IBK.BW.VOL.W1,2011-01-24,4284.0
EG.IBK.BW.VOL.W1,2011-02-07,3508.0
EG.IBK.BW.VOL.W1,2011-02-21,6144.0
EG.IBK.BW.VOL.W1,2011-03-07,9327.0
EG.IBK.BW.VOL.W1,2011-03-21,10284.0
EG.IBK.BW.VOL.W1,2011-04-04,12811.0
EG.IBK.BW.VOL.W1,2011-04-18,8617.0
EG.IBK.BW.VOL.W1,2011-05-02,8181.0
EG.IBK.BW.VOL.W1,2011-05-16,7920.9
EG.IBK.BW.VOL.W1,2011-05-30,7873.0
EG.IBK.BW.VOL.W1,2011-06-13,9970.0
EG.IBK.BW.VOL.W1,2011-06-27,5885.0
EG.IBK.BW.VOL.W1,2011-07-11,5759.5
EG.IBK.BW.VOL.W1,2011-07-25,6603.0
EG.IBK.BW.VOL.W1,2011-08-08,9280.0
EG.IBK.BW.VOL.W1,2011-08-22,8105.0
EG.IBK.BW.VOL.W1,2011-09-05,1836.0
EG.IBK.BW.VOL.W1,2011-09-19,7972.0
EG.IBK.BW.VOL.W1,2011-10-03,8671.0
EG.IBK.BW.VOL.W1,2011-10-17,9068.0
EG.IBK.BW.VOL.W1,2011-10-31,12068.0
EG.IBK.BW.VOL.W1,2011-11-14,2796.0
EG.IBK.BW.VOL.W1,2011-11-28,7896.0
EG.IBK.BW.VOL.W1,2011-12-12,10200.0
EG.IBK.BW.VOL.W1,2011-12-26,9244.0
EG.IBK.BW.VOL.W1,2012-01-09,10324.0
EG.IBK.BW.VOL.W1,2012-01-23,8757.0
EG.IBK.BW.VOL.W1,2012-02-06,8483.0
EG.IBK.BW.VOL.W1,2012-02-20,9051.8
EG.IBK.BW.VOL.W1,2012-03-05,10671.8
EG.IBK.BW.VOL.W1,2012-03-19,9237.8
EG.IBK.BW.VOL.W1,2012-04-02,9932.8
EG.IBK.BW.VOL.W1,2012-04-16,6024.0
EG.IBK.BW.VOL.W1,2012-04-30,5027.0
EG.IBK.BW.VOL.W1,2012-05-14,6849.0
EG.IBK.BW.VOL.W1,2012-05-28,6174.0
EG.IBK.BW.VOL.W1,2012-06-11,6609.0
EG.IBK.BW.VOL.W1,2012-06-25,5122.0
EG.IBK.BW.VOL.W1,2012-07-09,5026.6
EG.IBK.BW.VOL.W1,2012-07-23,4161.8
EG.IBK.BW.VOL.W1,2012-08-06,6757.8
EG.IBK.BW.VOL.W1,2012-08-20,3831.0
EG.IBK.BW.VOL.W1,2012-09-03,6784.6
EG.IBK.BW.VOL.W1,2012-09-17,7536.3
EG.IBK.BW.VOL.W1,2012-10-01,4881.8
EG.IBK.BW.VOL.W1,2012-10-15,6149.0
EG.IBK.BW.VOL.W1,2012-10-29,4625.0
EG.IBK.BW.VOL.W1,2012-11-12,5460.0
EG.IBK.BW.VOL.W1,2012-11-26,4363.0
EG.IBK.BW.VOL.W1,2012-12-10,4258.8
EG.IBK.BW.VOL.W1,2012-12-24,5053.8
EG.IBK.BW.VOL.W1,2013-01-07,2584.8
EG.IBK.BW.VOL.W1,2013-01-21,6115.0
EG.IBK.BW.VOL.W1,2013-02-04,6293.0
EG.IBK.BW.VOL.W1,2013-02-18,4477.0
EG.IBK.BW.VOL.W1,2013-03-04,4583.0
EG.IBK.BW.VOL.W1,2013-03-18,5875.48
EG.IBK.BW.VOL.W1,2013-04-01,5221.5
EG.IBK.BW.VOL.W1,2013-04-15,5613.0
EG.IBK.BW.VOL.W1,2013-04-29,5925.0
EG.IBK.BW.VOL.W1,2013-05-13,9407.85
EG.IBK.BW.VOL.W1,2013-05-27,9775.0
EG.IBK.BW.VOL.W1,2013-06-10,8601.0
EG.IBK.BW.VOL.W1,2013-06-24,9072.0
EG.IBK.BW.VOL.W1,2013-07-08,3490.0
EG.IBK.BW.VOL.W1,2013-07-22,4737.0
EG.IBK.BW.VOL.W1,2013-08-05,4400.8
EG.IBK.BW.VOL.W1,2013-08-19,6927.0
EG.IBK.BW.VOL.W1,2013-09-02,4731.0
EG.IBK.BW.VOL.W1,2013-09-16,6508.0
EG.IBK.BW.VOL.W1,2013-09-30,6330.0
EG.IBK.BW.VOL.W1,2013-10-14,3144.0
EG.IBK.BW.VOL.W1,2013-10-28,949.9
EG.IBK.BW.VOL.W1,2013-11-11,1709.0
EG.IBK.BW.VOL.W1,2013-11-25,1138.0
EG.IBK.BW.VOL.W1,2013-12-09,1508.0
EG.IBK.BW.VOL.W1,2013-12-23,3262.0
EG.IBK.BW.VOL.W1,2014-01-06,2841.0
EG.IBK.BW.VOL.W1,2014-01-20,3572.9
EG.IBK.BW.VOL.W1,2014-02-03,3160.0
EG.IBK.BW.VOL.W1,2014-02-17,3316.0
EG.IBK.BW.VOL.W1,2014-03-03,3366.0
EG.IBK.BW.VOL.W1,2014-03-17,2190.0
EG.IBK.BW.VOL.W1,2014-03-31,3493.0
EG.IBK.BW.VOL.W1,2014-04-14,4347.0
EG.IBK.BW.VOL.W1,2014-04-28,2835.0
EG.IBK.BW.VOL.W1,2014-05-12,2495.9
EG.IBK.BW.VOL.W1,2014-05-26,3737.0
EG.IBK.BW.VOL.W1,2014-06-09,3440.0
EG.IBK.BW.VOL.W1,2014-06-23,2960.0
EG.IBK.BW.VOL.W1,2014-07-07,1310.0
EG.IBK.BW.VOL.W1,2014-07-21,3343.0
EG.IBK.BW.VOL.W1,2014-08-04,2230.0
EG.IBK.BW.VOL.W1,2014-08-18,4448.8
EG.IBK.BW.VOL.W1,2014-09-01,3435.9
EG.IBK.BW.VOL.W1,2014-09-15,3187.9
EG.IBK.BW.VOL.W1,2014-09-29,3993.0
EG.IBK.BW.VOL.W1,2014-10-13,1495.5
EG.IBK.BW.VOL.W1,2014-10-27,2536.9
EG.IBK.BW.VOL.W1,2014-11-10,4060.0
EG.IBK.BW.VOL.W1,2014-11-24,3074.0
EG.IBK.BW.VOL.W1,2014-12-08,3455.0
EG.IBK.BW.VOL.W1,2014-12-22,5000.0
EG.IBK.BW.VOL.W1,2015-01-05,4003.0
EG.IBK.BW.VOL.W1,2015-01-19,1724.0
EG.IBK.BW.VOL.W1,2015-02-02,2317.0
EG.IBK.BW.VOL.W1,2015-02-16,4447.0
EG.IBK.BW.VOL.W1,2015-03-02,8438.7
EG.IBK.BW.VOL.W1,2015-03-16,6119.75
EG.IBK.BW.VOL.W1,2015-03-30,4221.75
EG.IBK.BW.VOL.W1,2015-04-27,3772.5
EG.IBK.BW.VOL.W1,2015-05-11,7424.0
EG.IBK.BW.VOL.W1,2015-05-25,6163.25
EG.IBK.BW.VOL.W1,2015-06-08,5628.5
EG.IBK.BW.VOL.W1,2015-06-22,5838.25
EG.IBK.BW.VOL.W1,2015-07-06,3036.5
EG.IBK.BW.VOL.W1,2015-08-03,4325.5
EG.IBK.BW.VOL.W1,2015-08-17,3588.0
EG.IBK.BW.VOL.W1,2015-08-31,3095.0
EG.IBK.BW.VOL.W1,2015-09-14,4628.0
EG.IBK.BW.VOL.W1,2015-09-28,3345.5
EG.IBK.BW.VOL.W1,2015-10-12,1467.0
EG.IBK.BW.VOL.W1,2015-10-26,3361.0
EG.IBK.BW.VOL.W1,2015-11-09,3121.0
EG.IBK.BW.VOL.W1,2015-11-23,4130.0
EG.IBK.BW.VOL.W1,2015-12-07,2623.0
EG.IBK.BW.VOL.W1,2015-12-21,2073.0
EG.IBK.BW.VOL.W1,2016-01-04,3227.0
EG.IBK.BW.VOL.W1,2016-01-18,3882.0
EG.IBK.BW.VOL.W1,2016-02-01,5313.0
EG.IBK.BW.VOL.W1,2016-02-15,4810.0
EG.IBK.BW.VOL.W1,2016-02-29,4843.0
EG.IBK.BW.VOL.W1,2016-03-14,4912.0
EG.IBK.BW.VOL.W1,2016-03-28,4905.0
EG.IBK.BW.VOL.W1,2016-04-11,2875.0
EG.IBK.BW.VOL.W1,2016-04-25,4528.0
EG.IBK.BW.VOL.W1,2016-05-09,5161.0
EG.IBK.BW.VOL.W1,2016-05-23,7799.0
EG.IBK.BW.VOL.W1,2016-06-06,3550.0
EG.IBK.BW.VOL.W1,2016-06-20,3408.0
EG.IBK.BW.VOL.W1,2016-07-04,6166.0
EG.IBK.BW.VOL.W1,2016-07-18,4738.5
EG.IBK.BW.VOL.W1,2016-08-01,5560.0
EG.IBK.BW.VOL.W1,2016-08-15,8950.0
EG.IBK.BW.VOL.W1,2016-08-29,7944.0
EG.IBK.BW.VOL.W1,2016-09-12,4626.5
EG.IBK.BW.VOL.W1,2016-09-26,3136.5
EG.IBK.BW.VOL.W1,2016-10-10,6344.0
EG.IBK.BW.VOL.W1,2016-10-24,5037.0
EG.IBK.BW.VOL.W1,2016-11-07,5081.0
EG.IBK.BW.VOL.W1,2016-11-21,3969.5
EG.IBK.BW.VOL.W1,2016-12-05,10766.0
EG.IBK.BW.VOL.W1,2016-12-19,10855.0
EG.IBK.BW.VOL.W1,2017-01-02,8815.0
EG.IBK.BW.VOL.W1,2017-01-16,8595.0
EG.IBK.BW.VOL.W1,2017-01-30,12844.0
EG.IBK.BW.VOL.W1,2017-02-13,17740.0
EG.IBK.BW.VOL.W1,2017-02-27,12892.5
EG.IBK.BW.VOL.W1,2017-03-13,29314.0
EG.IBK.BW.VOL.W1,2017-03-27,24108.0
EG.IBK.BW.VOL.W1,2017-04-10,29195.0
EG.IBK.BW.VOL.W1,2017-04-24,17153.0
EG.IBK.BW.VOL.W1,2017-05-08,19429.0
EG.IBK.BW.VOL.W1,2017-05-22,26525.5
EG.IBK.BW.VOL.W1,2017-06-05,21560.0
EG.IBK.BW.VOL.W1,2017-06-19,25840.0
EG.IBK.BW.VOL.W1,2017-07-03,4505.0
EG.IBK.BW.VOL.W1,2017-07-17,14251.0
EG.IBK.BW.VOL.W1,2017-07-31,11250.0
EG.IBK.BW.VOL.W1,2017-08-14,11748.0
EG.IBK.BW.VOL.W1,2017-08-28,9624.0
EG.IBK.BW.VOL.W1,2017-09-11,2684.0
EG.IBK.BW.VOL.W1,2017-09-25,3152.0
EG.IBK.BW.VOL.W1,2017-10-09,5973.0
EG.IBK.BW.VOL.W1,2017-10-23,23834.0
EG.IBK.BW.VOL.W1,2017-11-06,11748.0
EG.IBK.BW.VOL.W1,2017-11-20,8412.0
EG.IBK.BW.VOL.W1,2017-12-04,3130.0
EG.IBK.BW.VOL.W1,2017-12-18,5114.0
EG.IBK.BW.VOL.W1,2018-01-01,7299.0
EG.IBK.BW.VOL.W1,2018-01-15,10490.0
EG.IBK.BW.VOL.W1,2018-01-29,2372.0
EG.IBK.BW.VOL.W1,2018-02-12,5527.0
EG.IBK.BW.VOL.W1,2018-02-26,2845.0
EG.IBK.BW.VOL.W1,2018-03-12,3715.0
EG.IBK.BW.VOL.W1,2018-03-26,2185.0
EG.IBK.BW.VOL.W1,2018-04-09,5910.0
EG.IBK.BW.VOL.W1,2018-04-23,13575.0
EG.IBK.BW.VOL.W1,2018-05-07,950.0
EG.IBK.BW.VOL.W1,2018-05-21,26890.0
EG.IBK.BW.VOL.W1,2018-06-04,18040.0
EG.IBK.BW.VOL.W1,2018-06-18,19580.0
EG.IBK.BW.VOL.W1,2018-07-02,21080.0
EG.IBK.BW.VOL.W1,2018-07-16,11330.0
EG.IBK.BW.VOL.W1,2018-07-30,16250.0
EG.IBK.BW.VOL.W1,2018-08-13,14820.0
EG.IBK.BW.VOL.W1,2018-08-27,0.0
EG.IBK.BW.VOL.W1,2018-09-10,12810.0
EG.IBK.BW.VOL.W1,2018-09-24,10625.0
EG.IBK.BW.VOL.W1,2018-10-08,13845.0
EG.IBK.BW.VOL.W1,2018-10-22,10205.0
EG.IBK.BW.VOL.W1,2018-11-05,9870.0
EG.IBK.BW.VOL.W1,2018-11-19,13690.0
EG.IBK.BW.VOL.W1,2018-12-03,10030.0
EG.IBK.BW.VOL.W1,2018-12-17,20650.0
EG.IBK.BW.VOL.W1,2018-12-31,15305.0
EG.IBK.BW.VOL.W1,2019-01-14,5200.0
EG.IBK.BW.VOL.W1,2019-01-28,5475.0
EG.IBK.BW.VOL.W1,2019-02-11,11605.0
EG.IBK.BW.VOL.W1,2019-02-25,9020.0
EG.IBK.BW.VOL.W1,2019-03-11,8880.0
EG.IBK.BW.VOL.W1,2019-03-25,11285.0
EG.IBK.BW.VOL.W1,2019-04-08,11705.0
EG.IBK.BW.VOL.W1,2019-04-22,11070.0
EG.IBK.BW.VOL.W1,2019-05-06,7740.0
EG.IBK.BW.VOL.W1,2019-05-20,8875.0
EG.IBK.BW.VOL.W1,2019-06-03,6090.0
EG.IBK.BW.VOL.W1,2019-06-17,2800.0
EG.IBK.BW.VOL.W1,2019-07-01,12305.0
EG.IBK.BW.VOL.W1,2019-07-15,8970.0
EG.IBK.BW.VOL.W1,2019-07-29,470.0
EG.IBK.BW.VOL.W1,2019-08-12,7298.0
EG.IBK.BW.VOL.W1,2019-08-26,3675.0
EG.IBK.BW.VOL.W1,2019-09-09,9305.0
EG.IBK.BW.VOL.W1,2019-09-23,13145.0
EG.IBK.BW.VOL.W1,2019-10-07,6905.0
EG.IBK.BW.VOL.W1,2019-10-21,13273.0
EG.IBK.BW.VOL.W1,2019-11-04,12155.0
EG.IBK.BW.VOL.W1,2019-11-18,17210.0
EG.IBK.BW.VOL.W1,2019-12-02,17695.0
EG.IBK.BW.VOL.W1,2019-12-16,21099.0
EG.IBK.BW.VOL.W1,2019-12-30,24380.0
EG.IBK.BW.VOL.W1,2020-01-13,2900.0
EG.IBK.BW.VOL.W1,2020-01-27,21465.0
EG.IBK.BW.VOL.W1,2020-02-10,25705.0
EG.IBK.BW.VOL.W1,2020-02-24,20292.0
EG.IBK.BW.VOL.W1,2020-03-09,26650.0
EG.IBK.BW.VOL.W1,2020-03-23,28790.0
EG.IBK.BW.VOL.W1,2020-04-06,26445.0
EG.IBK.BW.VOL.W1,2020-04-20,38081.0
EG.IBK.BW.VOL.W1,2020-05-04,23403.0
EG.IBK.BW.VOL.W1,2020-05-18,54051.0
EG.IBK.BW.VOL.W1,2020-06-01,30.0
EG.IBK.BW.VOL.W1,2020-06-15,24049.0
EG.IBK.BW.VOL.W1,2020-06-29,27482.0
EG.IBK.BW.VOL.W1,2020-07-13,32875.0
EG.IBK.BW.VOL.W1,2020-07-27,22495.0
EG.IBK.BW.VOL.W1,2020-08-10,41170.0
EG.IBK.BW.VOL.W1,2020-08-24,41075.0
EG.IBK.BW.VOL.W1,2020-09-07,34920.0
EG.IBK.BW.VOL.W1,2020-09-21,26739.0
EG.IBK.BW.VOL.W1,2020-10-05,19745.0
EG.IBK.BW.VOL.W1,2020-10-19,14920.0
EG.IBK.BW.VOL.W1,2020-11-02,30049.0
EG.IBK.BW.VOL.W1,2020-11-16,25980.0
EG.IBK.BW.VOL.W1,2020-11-30,20480.0
EG.IBK.BW.VOL.W1,2020-12-14,34763.0
EG.IBK.BW.VOL.W1,2020-12-28,18370.0
EG.IBK.BW.VOL.W1,2021-01-11,14146.0
EG.IBK.BW.VOL.W1,2021-01-25,10886.0
EG.IBK.BW.VOL.W1,2021-02-08,10451.0
EG.IBK.BW.VOL.W1,2021-02-22,20851.0
EG.IBK.BW.VOL.W1,2021-03-08,21005.0
EG.IBK.BW.VOL.W1,2021-03-22,11241.0
EG.IBK.BW.VOL.W1,2021-04-05,24676.0
EG.IBK.BW.VOL.W1,2021-04-19,12293.0
EG.IBK.BW.VOL.W1,2021-05-03,13585.0
EG.IBK.BW.VOL.W1,2021-05-17,15076.0
EG.IBK.BW.VOL.W1,2021-05-31,21466.0
EG.IBK.BW.VOL.W1,2021-06-14,19821.0
EG.IBK.BW.VOL.W1,2021-06-28,8806.0
EG.IBK.BW.VOL.W1,2021-07-12,7000.0
EG.IBK.BW.VOL.W1,2021-07-26,0.0
EG.IBK.BW.VOL.W1,2021-08-09,4650.0
EG.IBK.BW.VOL.W1,2021-08-23,5502.0
EG.IBK.BW.VOL.W1,2021-09-06,6460.0
EG.IBK.BW.VOL.W1,2021-09-20,5955.0
EG.IBK.BW.VOL.W1,2021-10-04,6585.0
EG.IBK.BW.VOL.W1,2021-10-18,4430.0
EG.IBK.BW.VOL.W1,2021-11-01,3260.0
EG.IBK.BW.VOL.W1,2021-11-15,5955.0
EG.IBK.BW.VOL.W1,2021-11-29,6285.0
EG.IBK.BW.VOL.W1,2021-12-13,8505.0
EG.IBK.BW.VOL.W1,2021-12-27,7600.0
EG.IBK.BW.VOL.W1,2022-01-10,10980.0
EG.IBK.BW.VOL.W1,2022-01-24,6430.0
EG.IBK.BW.VOL.W1,2022-02-07,8845.0
EG.IBK.BW.VOL.W1,2022-02-21,6000.0
EG.IBK.BW.VOL.W1,2022-03-07,7300.0
EG.IBK.BW.VOL.W1,2022-03-21,14200.0
EG.IBK.BW.VOL.W1,2022-04-04,18190.0
EG.IBK.BW.VOL.W1,2022-04-18,14780.0
EG.IBK.BW.VOL.W1,2022-05-02,18770.0
EG.IBK.BW.VOL.W1,2022-05-16,9255.0
EG.IBK.BW.VOL.W1,2022-05-30,11835.0
EG.IBK.BW.VOL.W1,2022-06-13,18502.0
EG.IBK.BW.VOL.W1,2022-06-27,18130.0
EG.IBK.BW.VOL.W1,2022-07-11,13315.0
EG.IBK.BW.VOL.W1,2022-07-25,15380.0
EG.IBK.BW.VOL.W1,2022-08-08,10132.0
EG.IBK.BW.VOL.W1,2022-08-22,7590.0
EG.IBK.BW.VOL.W1,2022-09-05,5150.0
EG.IBK.BW.VOL.W1,2022-09-19,13700.0
EG.IBK.BW.VOL.W1,2022-10-03,2340.0
EG.IBK.BW.VOL.W1,2022-10-17,11277.0
EG.IBK.BW.VOL.W1,2022-10-31,8195.0
EG.IBK.BW.VOL.W1,2022-11-14,11048.0
EG.IBK.BW.VOL.W1,2022-11-28,10793.0
EG.IBK.BW.VOL.W1,2022-12-12,7726.0
EG.IBK.BW.VOL.W1,2022-12-26,13695.0
EG.IBK.BW.VOL.W1,2023-01-09,9319.0
EG.IBK.BW.VOL.W1,2023-01-23,9955.0
EG.IBK.BW.VOL.W1,2023-02-06,11700.0
EG.IBK.BW.VOL.W1,2023-02-20,20478.0
EG.IBK.BW.VOL.W1,2023-03-06,13556.0
EG.IBK.BW.VOL.W1,2023-03-20,23950.0
EG.IBK.BW.VOL.W1,2023-04-03,5900.0
EG.IBK.BW.VOL.W1,2023-04-17,6550.0
EG.IBK.BW.VOL.W1,2023-05-01,0.0
EG.IBK.BW.VOL.W1,2023-05-15,11000.0
EG.IBK.BW.VOL.W1,2023-05-29,13035.0
EG.IBK.BW.VOL.W1,2023-06-12,9133.0
EG.IBK.BW.VOL.W1,2023-06-26,4000.0
EG.IBK.BW.VOL.W1,2023-07-10,8330.0
EG.IBK.BW.VOL.W1,2023-07-24,8960.0
EG.IBK.BW.VOL.W1,2023-08-07,13530.0
EG.IBK.BW.VOL.W1,2023-08-21,5780.0
EG.IBK.BW.VOL.W1,2023-09-04,13880.0
EG.IBK.BW.VOL.W1,2023-09-18,19181.0
EG.IBK.BW.VOL.W1,2023-10-02,13500.0
EG.IBK.BW.VOL.W1,2023-10-16,31636.0
EG.IBK.BW.VOL.W1,2023-10-30,28857.0
EG.IBK.BW.VOL.W1,2023-11-13,20223.0
EG.IBK.BW.VOL.W1,2023-11-27,31529.0
EG.IBK.BW.VOL.W1,2023-12-11,36565.0
EG.IBK.BW.VOL.W1,2023-12-25,21654.0
EG.IBK.BW.VOL.W1,2024-01-08,11663.0
EG.IBK.BW.VOL.W1,2024-01-22,31591.0
EG.IBK.BW.VOL.W1,2024-02-05,19907.2
EG.IBK.BW.VOL.W1,2024-02-19,45166.0
EG.IBK.BW.VOL.W1,2024-03-04,34626.0
EG.IBK.BW.VOL.W1,2024-03-18,65438.0
EG.IBK.BW.VOL.W1,2024-04-01,98100.0
EG.IBK.BW.VOL.W1,2024-04-15,0.0
EG.IBK.BW.VOL.W1,2024-04-29,54139.0
EG.IBK.BW.VOL.W1,2024-05-13,85467.0
EG.IBK.BW.VOL.W1,2024-05-27,143263.0
EG.IBK.BW.VOL.W1,2024-06-10,167675.0
EG.IBK.BW.VOL.W1,2024-06-24,0.0
EG.IBK.BW.VOL.W1,2024-07-08,172111.0
EG.IBK.BW.VOL.W1,2024-07-22,164890.0
EG.IBK.BW.VOL.W1,2024-08-05,173236.0
EG.IBK.BW.VOL.W1,2024-08-19,189464.0
EG.IBK.BW.VOL.W1,2024-09-02,187399.0
EG.IBK.BW.VOL.W1,2024-09-16,208203.0
EG.IBK.BW.VOL.W1,2024-09-30,156481.0
EG.IBK.BW.VOL.W1,2024-10-14,127106.0
EG.IBK.BW.VOL.W1,2024-10-28,139961.0
EG.IBK.BW.VOL.W1,2024-11-11,127696.0
EG.IBK.BW.VOL.W1,2024-11-25,137193.0
EG.IBK.BW.VOL.W1,2024-12-09,132428.0
EG.IBK.BW.VOL.W1,2024-12-23,138103.0
EG.IBK.BW.VOL.W1,2025-01-06,74504.0
EG.IBK.BW.VOL.W1,2025-01-20,72344.0
EG.IBK.BW.VOL.W1,2025-02-03,156811.0
EG.IBK.BW.VOL.W1,2025-02-17,163641.0
EG.IBK.BW.VOL.W1,2025-03-03,178265.0
EG.IBK.BW.VOL.W1,2025-03-17,176076.0
EG.IBK.BW.VOL.W1,2025-03-31,92393.0
EG.IBK.BW.VOL.W1,2025-04-14,100478.0
EG.IBK.BW.VOL.W1,2025-04-28,203900.0
EG.IBK.BW.VOL.W1,2025-05-12,213662.0
EG.IBK.BW.VOL.W1,2025-05-26,188386.0
EG.IBK.BW.VOL.W1,2025-06-09,185050.0
EG.IBK.BW.VOL.W1,2025-06-23,175450.0
EG.IBK.BW.VOL.W1,2025-07-07,189150.0
EG.IBK.BW.VOL.W1,2025-07-21,197600.0
EG.IBK.BW.VOL.W1,2025-08-04,195550.0
EG.IBK.BW.VOL.W1,2025-08-18,160410.0
EG.IBK.BW.VOL.W1,2025-09-01,139550.0
EG.IBK.BW.VOL.W1,2025-09-15,214250.0
EG.IBK.BW.VOL.W1,2025-09-29,257925.0
EG.IBK.BW.VOL.W1,2025-10-13,199500.0
EG.IBK.BW.VOL.W1,2025-10-27,242590.0
EG.IBK.BW.VOL.W1,2025-11-10,229545.0
EG.IBK.BW.VOL.W1,2025-11-24,248320.0
EG.IBK.BW.VOL.W1,2025-12-08,205440.0
EG.IBK.BW.VOL.W1,2025-12-22,214040.0
EG.IBK.BW.VOL.W1,2026-01-05,209840.0
EG.IBK.BW.VOL.W1,2026-01-19,210060.0
EG.IBK.BW.VOL.W1,2026-02-02,196440.0
EG.IBK.BW.VOL.W1,2026-02-16,231080.0
EG.IBK.BW.VOL.W1,2026-03-02,354600.0
EG.IBK.BW.VOL.W1,2026-03-16,169150.0
EG.IBK.BW.VOL.W1,2026-03-30,290015.0
EG.IBK.BW.VOL.W1,2026-04-13,211785.0
EG.IBK.BW.VOL.W1,2026-04-27,301995.0
EG.IBK.BW.VOL.W1,2026-05-11,366842.4
EG.IBK.BW.VOL.W1,2026-05-25,270896.2
EG.IBK.BW.VOL.W1,2026-06-08,166391.75
EG.IBK.BW.VOL.W1,2026-06-22,375853.5
EG.IBK.BW.VOL.W1,2026-07-06,329121.75
EG.IBK.BW.VOL.W1,2026-07-20,246324.68
EG.IBK.BW.VOL.W1,2026-08-03,231469.68
EG.IBK.BW.VOL.W1,2026-08-17,242467.5
EG.IBK.BW.W1,2010-07-12,8.277
EG.IBK.BW.W1,2010-07-26,8.275
EG.IBK.BW.W1,2010-08-09,8.271
EG.IBK.BW.W1,2010-08-23,8.277
EG.IBK.BW.W1,2010-09-06,8.277
EG.IBK.BW.W1,2010-09-20,8.271
EG.IBK.BW.W1,2010-10-04,8.27
EG.IBK.BW.W1,2010-10-18,8.266
EG.IBK.BW.W1,2010-11-01,8.258
EG.IBK.BW.W1,2010-11-15,8.257
EG.IBK.BW.W1,2010-11-29,8.268
EG.IBK.BW.W1,2010-12-13,8.271
EG.IBK.BW.W1,2010-12-27,8.267
EG.IBK.BW.W1,2011-01-10,8.269
EG.IBK.BW.W1,2011-01-24,8.268
EG.IBK.BW.W1,2011-02-07,8.558
EG.IBK.BW.W1,2011-02-21,9.153
EG.IBK.BW.W1,2011-03-07,9.34
EG.IBK.BW.W1,2011-03-21,9.13
EG.IBK.BW.W1,2011-04-04,9.013
EG.IBK.BW.W1,2011-04-18,9.031
EG.IBK.BW.W1,2011-05-02,9.051
EG.IBK.BW.W1,2011-05-16,9.12
EG.IBK.BW.W1,2011-05-30,9.086
EG.IBK.BW.W1,2011-06-13,9.101
EG.IBK.BW.W1,2011-06-27,9.146
EG.IBK.BW.W1,2011-07-11,9.168
EG.IBK.BW.W1,2011-07-25,9.099
EG.IBK.BW.W1,2011-08-08,9.154
EG.IBK.BW.W1,2011-08-22,9.163
EG.IBK.BW.W1,2011-09-05,9.176
EG.IBK.BW.W1,2011-09-19,9.249
EG.IBK.BW.W1,2011-10-03,9.243
EG.IBK.BW.W1,2011-10-17,9.185
EG.IBK.BW.W1,2011-10-31,9.205
EG.IBK.BW.W1,2011-11-14,9.25
EG.IBK.BW.W1,2011-11-28,9.287
EG.IBK.BW.W1,2011-12-12,9.834
EG.IBK.BW.W1,2011-12-26,9.833
EG.IBK.BW.W1,2012-01-09,9.805
EG.IBK.BW.W1,2012-01-23,9.807
EG.IBK.BW.W1,2012-02-06,9.821
EG.IBK.BW.W1,2012-02-20,9.778
EG.IBK.BW.W1,2012-03-05,9.755
EG.IBK.BW.W1,2012-03-19,9.763
EG.IBK.BW.W1,2012-04-02,9.843
EG.IBK.BW.W1,2012-04-16,9.805
EG.IBK.BW.W1,2012-04-30,9.823
EG.IBK.BW.W1,2012-05-14,9.814
EG.IBK.BW.W1,2012-05-28,9.838
EG.IBK.BW.W1,2012-06-11,9.966
EG.IBK.BW.W1,2012-06-25,9.925
EG.IBK.BW.W1,2012-07-09,9.892
EG.IBK.BW.W1,2012-07-23,9.814
EG.IBK.BW.W1,2012-08-06,9.811
EG.IBK.BW.W1,2012-08-20,9.788
EG.IBK.BW.W1,2012-09-03,9.801
EG.IBK.BW.W1,2012-09-17,9.83
EG.IBK.BW.W1,2012-10-01,9.823
EG.IBK.BW.W1,2012-10-15,9.822
EG.IBK.BW.W1,2012-10-29,9.79
EG.IBK.BW.W1,2012-11-12,9.784
EG.IBK.BW.W1,2012-11-26,9.799
EG.IBK.BW.W1,2012-12-10,9.867
EG.IBK.BW.W1,2012-12-24,9.864
EG.IBK.BW.W1,2013-01-07,9.927
EG.IBK.BW.W1,2013-01-21,9.874
EG.IBK.BW.W1,2013-02-04,9.848
EG.IBK.BW.W1,2013-02-18,9.78
EG.IBK.BW.W1,2013-03-04,9.718
EG.IBK.BW.W1,2013-03-18,9.789
EG.IBK.BW.W1,2013-04-01,10.066
EG.IBK.BW.W1,2013-04-15,10.336
EG.IBK.BW.W1,2013-04-29,10.283
EG.IBK.BW.W1,2013-05-13,10.332
EG.IBK.BW.W1,2013-05-27,10.353
EG.IBK.BW.W1,2013-06-10,10.438
EG.IBK.BW.W1,2013-06-24,10.324
EG.IBK.BW.W1,2013-07-08,10.336
EG.IBK.BW.W1,2013-07-22,10.314
EG.IBK.BW.W1,2013-08-05,10.204
EG.IBK.BW.W1,2013-08-19,9.706
EG.IBK.BW.W1,2013-09-02,9.652
EG.IBK.BW.W1,2013-09-16,9.541
EG.IBK.BW.W1,2013-09-30,9.225
EG.IBK.BW.W1,2013-10-14,9.101
EG.IBK.BW.W1,2013-10-28,9.182
EG.IBK.BW.W1,2013-11-11,9.085
EG.IBK.BW.W1,2013-11-25,9.022
EG.IBK.BW.W1,2013-12-09,9.15
EG.IBK.BW.W1,2013-12-23,8.67
EG.IBK.BW.W1,2014-01-06,8.622
EG.IBK.BW.W1,2014-01-20,8.642
EG.IBK.BW.W1,2014-02-03,8.587
EG.IBK.BW.W1,2014-02-17,8.552
EG.IBK.BW.W1,2014-03-03,8.589
EG.IBK.BW.W1,2014-03-17,8.568
EG.IBK.BW.W1,2014-03-31,8.646
EG.IBK.BW.W1,2014-04-14,8.667
EG.IBK.BW.W1,2014-04-28,8.634
EG.IBK.BW.W1,2014-05-12,8.709
EG.IBK.BW.W1,2014-05-26,8.687
EG.IBK.BW.W1,2014-06-09,8.703
EG.IBK.BW.W1,2014-06-23,8.728
EG.IBK.BW.W1,2014-07-07,8.772
EG.IBK.BW.W1,2014-07-21,8.694
EG.IBK.BW.W1,2014-08-04,9.777
EG.IBK.BW.W1,2014-08-18,9.596
EG.IBK.BW.W1,2014-09-01,9.648
EG.IBK.BW.W1,2014-09-15,9.655
EG.IBK.BW.W1,2014-09-29,9.686
EG.IBK.BW.W1,2014-10-13,9.666
EG.IBK.BW.W1,2014-10-27,9.614
EG.IBK.BW.W1,2014-11-10,9.612
EG.IBK.BW.W1,2014-11-24,9.644
EG.IBK.BW.W1,2014-12-08,9.662
EG.IBK.BW.W1,2014-12-22,9.612
EG.IBK.BW.W1,2015-01-05,9.632
EG.IBK.BW.W1,2015-01-19,9.689
EG.IBK.BW.W1,2015-02-02,9.212
EG.IBK.BW.W1,2015-02-16,9.148
EG.IBK.BW.W1,2015-03-02,9.217
EG.IBK.BW.W1,2015-03-16,9.183
EG.IBK.BW.W1,2015-03-30,9.144
EG.IBK.BW.W1,2015-04-27,9.059
EG.IBK.BW.W1,2015-05-11,9.148
EG.IBK.BW.W1,2015-05-25,9.223
EG.IBK.BW.W1,2015-06-08,9.216
EG.IBK.BW.W1,2015-06-22,9.224
EG.IBK.BW.W1,2015-07-06,9.24
EG.IBK.BW.W1,2015-08-03,9.234
EG.IBK.BW.W1,2015-08-17,9.253
EG.IBK.BW.W1,2015-08-31,9.214
EG.IBK.BW.W1,2015-09-14,9.165
EG.IBK.BW.W1,2015-09-28,9.078
EG.IBK.BW.W1,2015-10-12,8.977
EG.IBK.BW.W1,2015-10-26,8.913
EG.IBK.BW.W1,2015-11-09,8.939
EG.IBK.BW.W1,2015-11-23,9.016
EG.IBK.BW.W1,2015-12-07,8.917
EG.IBK.BW.W1,2015-12-21,8.908
EG.IBK.BW.W1,2016-01-04,9.478
EG.IBK.BW.W1,2016-01-18,9.449
EG.IBK.BW.W1,2016-02-01,9.526
EG.IBK.BW.W1,2016-02-15,9.497
EG.IBK.BW.W1,2016-02-29,9.461
EG.IBK.BW.W1,2016-03-14,9.448
EG.IBK.BW.W1,2016-03-28,10.867
EG.IBK.BW.W1,2016-04-11,11.09
EG.IBK.BW.W1,2016-04-25,11.188
EG.IBK.BW.W1,2016-05-09,11.111
EG.IBK.BW.W1,2016-05-23,11.179
EG.IBK.BW.W1,2016-06-06,10.947
EG.IBK.BW.W1,2016-06-20,10.934
EG.IBK.BW.W1,2016-07-04,12.018
EG.IBK.BW.W1,2016-07-18,12.017
EG.IBK.BW.W1,2016-08-01,12.0
EG.IBK.BW.W1,2016-08-15,11.963
EG.IBK.BW.W1,2016-08-29,11.945
EG.IBK.BW.W1,2016-09-12,11.954
EG.IBK.BW.W1,2016-09-26,11.933
EG.IBK.BW.W1,2016-10-10,11.972
EG.IBK.BW.W1,2016-10-24,11.921
EG.IBK.BW.W1,2016-11-07,11.94
EG.IBK.BW.W1,2016-11-21,15.027
EG.IBK.BW.W1,2016-12-05,15.223
EG.IBK.BW.W1,2016-12-19,15.281
EG.IBK.BW.W1,2017-01-02,15.283
EG.IBK.BW.W1,2017-01-16,15.298
EG.IBK.BW.W1,2017-01-30,15.369
EG.IBK.BW.W1,2017-02-13,15.413
EG.IBK.BW.W1,2017-02-27,15.434
EG.IBK.BW.W1,2017-03-13,15.739
EG.IBK.BW.W1,2017-03-27,15.743
EG.IBK.BW.W1,2017-04-10,15.812
EG.IBK.BW.W1,2017-04-24,15.716
EG.IBK.BW.W1,2017-05-08,15.722
EG.IBK.BW.W1,2017-05-22,15.817
EG.IBK.BW.W1,2017-06-05,17.844
EG.IBK.BW.W1,2017-06-19,17.847
EG.IBK.BW.W1,2017-07-03,18.067
EG.IBK.BW.W1,2017-07-17,18.879
EG.IBK.BW.W1,2017-07-31,19.774
EG.IBK.BW.W1,2017-08-14,19.539
EG.IBK.BW.W1,2017-08-28,19.3
EG.IBK.BW.W1,2017-09-11,19.147
EG.IBK.BW.W1,2017-09-25,19.206
EG.IBK.BW.W1,2017-10-09,19.261
EG.IBK.BW.W1,2017-10-23,19.385
EG.IBK.BW.W1,2017-11-06,19.235
EG.IBK.BW.W1,2017-11-20,19.162
EG.IBK.BW.W1,2017-12-04,19.19
EG.IBK.BW.W1,2017-12-18,19.214
EG.IBK.BW.W1,2018-01-01,19.228
EG.IBK.BW.W1,2018-01-15,19.213
EG.IBK.BW.W1,2018-01-29,19.206
EG.IBK.BW.W1,2018-02-12,19.202
EG.IBK.BW.W1,2018-02-26,18.138
EG.IBK.BW.W1,2018-03-12,18.111
EG.IBK.BW.W1,2018-03-26,18.09
EG.IBK.BW.W1,2018-04-09,17.238
EG.IBK.BW.W1,2018-04-23,17.219
EG.IBK.BW.W1,2018-05-07,17.129
EG.IBK.BW.W1,2018-05-21,17.228
EG.IBK.BW.W1,2018-06-04,17.241
EG.IBK.BW.W1,2018-06-18,17.244
EG.IBK.BW.W1,2018-07-02,17.247
EG.IBK.BW.W1,2018-07-16,17.233
EG.IBK.BW.W1,2018-07-30,17.242
EG.IBK.BW.W1,2018-08-13,17.245
EG.IBK.BW.W1,2018-09-10,17.226
EG.IBK.BW.W1,2018-09-24,17.246
EG.IBK.BW.W1,2018-10-08,17.24
EG.IBK.BW.W1,2018-10-22,17.239
EG.IBK.BW.W1,2018-11-05,17.203
EG.IBK.BW.W1,2018-11-19,17.209
EG.IBK.BW.W1,2018-12-03,17.239
EG.IBK.BW.W1,2018-12-17,17.255
EG.IBK.BW.W1,2018-12-31,17.226
EG.IBK.BW.W1,2019-01-14,17.234
EG.IBK.BW.W1,2019-01-28,17.211
EG.IBK.BW.W1,2019-02-11,17.237
EG.IBK.BW.W1,2019-02-25,16.883
EG.IBK.BW.W1,2019-03-11,16.211
EG.IBK.BW.W1,2019-03-25,16.231
EG.IBK.BW.W1,2019-04-08,16.225
EG.IBK.BW.W1,2019-04-22,16.197
EG.IBK.BW.W1,2019-05-06,16.192
EG.IBK.BW.W1,2019-05-20,16.186
EG.IBK.BW.W1,2019-06-03,16.142
EG.IBK.BW.W1,2019-06-17,16.131
EG.IBK.BW.W1,2019-07-01,16.131
EG.IBK.BW.W1,2019-07-15,16.209
EG.IBK.BW.W1,2019-07-29,15.924
EG.IBK.BW.W1,2019-08-12,16.044
EG.IBK.BW.W1,2019-08-26,16.179
EG.IBK.BW.W1,2019-09-09,14.668
EG.IBK.BW.W1,2019-09-23,14.697
EG.IBK.BW.W1,2019-10-07,13.908
EG.IBK.BW.W1,2019-10-21,13.621
EG.IBK.BW.W1,2019-11-04,13.58
EG.IBK.BW.W1,2019-11-18,13.689
EG.IBK.BW.W1,2019-12-02,12.745
EG.IBK.BW.W1,2019-12-16,12.721
EG.IBK.BW.W1,2019-12-30,12.73
EG.IBK.BW.W1,2020-01-13,12.681
EG.IBK.BW.W1,2020-01-27,12.743
EG.IBK.BW.W1,2020-02-10,12.697
EG.IBK.BW.W1,2020-02-24,12.726
EG.IBK.BW.W1,2020-03-09,12.702
EG.IBK.BW.W1,2020-03-23,11.822
EG.IBK.BW.W1,2020-04-06,9.988
EG.IBK.BW.W1,2020-04-20,9.95
EG.IBK.BW.W1,2020-05-04,9.835
EG.IBK.BW.W1,2020-05-18,9.923
EG.IBK.BW.W1,2020-06-01,9.25
EG.IBK.BW.W1,2020-06-15,9.867
EG.IBK.BW.W1,2020-06-29,9.996
EG.IBK.BW.W1,2020-07-13,10.254
EG.IBK.BW.W1,2020-07-27,10.196
EG.IBK.BW.W1,2020-08-10,10.256
EG.IBK.BW.W1,2020-08-24,10.312
EG.IBK.BW.W1,2020-09-07,10.332
EG.IBK.BW.W1,2020-09-21,10.397
EG.IBK.BW.W1,2020-10-05,10.302
EG.IBK.BW.W1,2020-10-19,10.211
EG.IBK.BW.W1,2020-11-02,10.499
EG.IBK.BW.W1,2020-11-16,10.5
EG.IBK.BW.W1,2020-11-30,10.397
EG.IBK.BW.W1,2020-12-14,10.494
EG.IBK.BW.W1,2020-12-28,10.5
EG.IBK.BW.W1,2021-01-11,10.421
EG.IBK.BW.W1,2021-01-25,10.106
EG.IBK.BW.W1,2021-02-22,10.516
EG.IBK.BW.W1,2021-03-08,10.475
EG.IBK.BW.W1,2021-03-22,10.434
EG.IBK.BW.W1,2021-04-05,10.487
EG.IBK.BW.W1,2021-04-19,10.271
EG.IBK.BW.W1,2021-05-03,10.495
EG.IBK.BW.W1,2021-05-17,10.587
EG.IBK.BW.W1,2021-05-31,10.095
EG.IBK.BW.W1,2021-06-14,9.94
EG.IBK.BW.W1,2021-06-28,9.777
EG.IBK.BW.W1,2021-07-12,9.718
EG.IBK.BW.W1,2021-08-02,10.62
EG.IBK.BW.W1,2021-08-09,9.177
EG.IBK.BW.W1,2021-08-23,9.767
EG.IBK.BW.W1,2021-09-06,9.424
EG.IBK.BW.W1,2021-09-20,9.701
EG.IBK.BW.W1,2021-10-04,9.442
EG.IBK.BW.W1,2021-10-18,9.687
EG.IBK.BW.W1,2021-11-01,9.412
EG.IBK.BW.W1,2021-11-15,9.568
EG.IBK.BW.W1,2021-11-29,9.712
EG.IBK.BW.W1,2021-12-13,9.363
EG.IBK.BW.W1,2021-12-27,9.307
EG.IBK.BW.W1,2022-01-10,9.727
EG.IBK.BW.W1,2022-01-24,9.905
EG.IBK.BW.W1,2022-02-07,10.093
EG.IBK.BW.W1,2022-02-21,10.169
EG.IBK.BW.W1,2022-03-07,9.929
EG.IBK.BW.W1,2022-03-21,9.844
EG.IBK.BW.W1,2022-04-04,10.438
EG.IBK.BW.W1,2022-04-18,9.858
EG.IBK.BW.W1,2022-05-02,9.861
EG.IBK.BW.W1,2022-05-16,9.916
EG.IBK.BW.W1,2022-05-30,10.619
EG.IBK.BW.W1,2022-06-13,11.803
EG.IBK.BW.W1,2022-06-27,11.849
EG.IBK.BW.W1,2022-07-11,11.793
EG.IBK.BW.W1,2022-07-25,11.782
EG.IBK.BW.W1,2022-08-08,11.729
EG.IBK.BW.W1,2022-08-22,11.587
EG.IBK.BW.W1,2022-09-05,11.632
EG.IBK.BW.W1,2022-09-19,11.355
EG.IBK.BW.W1,2022-10-03,11.432
EG.IBK.BW.W1,2022-10-17,11.609
EG.IBK.BW.W1,2022-10-31,11.539
EG.IBK.BW.W1,2022-11-14,13.644
EG.IBK.BW.W1,2022-11-28,13.648
EG.IBK.BW.W1,2022-12-12,13.603
EG.IBK.BW.W1,2022-12-26,13.598
EG.IBK.BW.W1,2023-01-09,16.513
EG.IBK.BW.W1,2023-01-23,16.576
EG.IBK.BW.W1,2023-02-06,16.746
EG.IBK.BW.W1,2023-02-20,16.642
EG.IBK.BW.W1,2023-03-06,16.63
EG.IBK.BW.W1,2023-03-20,16.572
EG.IBK.BW.W1,2023-04-03,16.592
EG.IBK.BW.W1,2023-04-17,18.435
EG.IBK.BW.W1,2023-05-15,18.478
EG.IBK.BW.W1,2023-05-29,18.45
EG.IBK.BW.W1,2023-06-12,18.393
EG.IBK.BW.W1,2023-06-26,18.508
EG.IBK.BW.W1,2023-07-10,18.597
EG.IBK.BW.W1,2023-07-24,18.578
EG.IBK.BW.W1,2023-08-07,18.447
EG.IBK.BW.W1,2023-08-21,19.514
EG.IBK.BW.W1,2023-09-04,19.62
EG.IBK.BW.W1,2023-09-18,19.512
EG.IBK.BW.W1,2023-10-02,19.622
EG.IBK.BW.W1,2023-10-16,19.36
EG.IBK.BW.W1,2023-10-30,19.363
EG.IBK.BW.W1,2023-11-13,19.412
EG.IBK.BW.W1,2023-11-27,19.346
EG.IBK.BW.W1,2023-12-11,19.362
EG.IBK.BW.W1,2023-12-25,19.372
EG.IBK.BW.W1,2024-01-08,19.252
EG.IBK.BW.W1,2024-01-22,19.337
EG.IBK.BW.W1,2024-02-05,19.369
EG.IBK.BW.W1,2024-02-19,21.317
EG.IBK.BW.W1,2024-03-04,21.327
EG.IBK.BW.W1,2024-03-18,25.972
EG.IBK.BW.W1,2024-04-01,27.677
EG.IBK.BW.W1,2024-04-29,27.339
EG.IBK.BW.W1,2024-05-13,27.425
EG.IBK.BW.W1,2024-05-27,27.459
EG.IBK.BW.W1,2024-06-10,27.467
EG.IBK.BW.W1,2024-07-08,27.491
EG.IBK.BW.W1,2024-07-22,27.52
EG.IBK.BW.W1,2024-08-05,27.537
EG.IBK.BW.W1,2024-08-19,27.526
EG.IBK.BW.W1,2024-09-02,27.528
EG.IBK.BW.W1,2024-09-16,27.515
EG.IBK.BW.W1,2024-09-30,27.531
EG.IBK.BW.W1,2024-10-14,27.524
EG.IBK.BW.W1,2024-10-28,27.512
EG.IBK.BW.W1,2024-11-11,27.529
EG.IBK.BW.W1,2024-11-25,27.511
EG.IBK.BW.W1,2024-12-09,27.529
EG.IBK.BW.W1,2024-12-23,27.519
EG.IBK.BW.W1,2025-01-06,27.517
EG.IBK.BW.W1,2025-01-20,27.547
EG.IBK.BW.W1,2025-02-03,27.583
EG.IBK.BW.W1,2025-02-17,27.597
EG.IBK.BW.W1,2025-03-03,27.592
EG.IBK.BW.W1,2025-03-17,27.569
EG.IBK.BW.W1,2025-03-31,27.57
EG.IBK.BW.W1,2025-04-14,27.577
EG.IBK.BW.W1,2025-04-28,26.791
EG.IBK.BW.W1,2025-05-12,25.396
EG.IBK.BW.W1,2025-05-26,25.449
EG.IBK.BW.W1,2025-06-09,24.496
EG.IBK.BW.W1,2025-06-23,24.479
EG.IBK.BW.W1,2025-07-07,24.462
EG.IBK.BW.W1,2025-07-21,24.421
EG.IBK.BW.W1,2025-08-04,24.427
EG.IBK.BW.W1,2025-08-18,24.487
EG.IBK.BW.W1,2025-09-01,24.426
EG.IBK.BW.W1,2025-09-15,22.447
EG.IBK.BW.W1,2025-09-29,22.46
EG.IBK.BW.W1,2025-10-13,22.015
EG.IBK.BW.W1,2025-10-27,21.456
EG.IBK.BW.W1,2025-11-10,21.471
EG.IBK.BW.W1,2025-11-24,21.498
EG.IBK.BW.W1,2025-12-08,21.496
EG.IBK.BW.W1,2025-12-22,21.553
EG.IBK.BW.W1,2026-01-05,21.165
EG.IBK.BW.W1,2026-01-19,20.638
EG.IBK.BW.W1,2026-02-02,20.574
EG.IBK.BW.W1,2026-02-16,20.621
EG.IBK.BW.W1,2026-03-02,19.704
EG.IBK.BW.W1,2026-03-16,19.661
EG.IBK.BW.W1,2026-03-30,19.697
EG.IBK.BW.W1,2026-04-13,19.724
EG.IBK.BW.W1,2026-04-27,19.749
EG.IBK.BW.W1,2026-05-11,19.668
EG.IBK.BW.W1,2026-05-25,19.745
EG.IBK.BW.W1,2026-06-08,19.758
EG.IBK.BW.W1,2026-06-22,19.761
EG.IBK.BW.W1,2026-07-06,19.782
EG.IBK.BW.W1,2026-07-20,19.795
EG.IBK.BW.W1,2026-08-03,19.775
EG.IBK.BW.W1,2026-08-17,19.747
