Tenor (days),ISIN,Issue Date,Maturity Date,Required Amount,Submitted Amount,Accepted Amount,Min. Yield (%),Max. Yield (%),Weighted Avg. Yield (%)
89,EGT998065219,15/01/2004,13/04/2004,"1,700,000,000","2,761,200,000","2,081,200,000",6.533,6.88,6.766
89,EGT998065110,08/01/2004,06/04/2004,"2,000,000,000","3,572,725,000","2,000,225,000",6.499,6.838,6.768
89,EGT998065011,01/01/2004,30/03/2004,"1,000,000,000","2,735,000,000","1,000,000,000",6.601,6.851,6.729
89,EGT9980S3414,25/12/2003,23/03/2004,"1,400,000,000","3,424,975,000","1,400,975,000",6.732,6.902,6.854
89,EGT9980L3411,18/12/2003,16/03/2004,"1,800,000,000","2,725,000,000","1,800,000,000",6.732,6.991,6.905
89,EGT998064915,11/12/2003,09/03/2004,"1,100,000,000","4,146,000,000","1,100,000,000",6.834,6.999,6.914
89,EGT998064816,04/12/2003,02/03/2004,"1,500,000,000","3,975,150,000","2,980,000,000",6.936,7.228,7.116
89,EGT998064618,20/11/2003,17/02/2004,"1,900,000,000","2,075,000,000","1,915,000,000",6.834,7.228,7.141
89,EGT9980A2416,13/11/2003,10/02/2004,"1,900,000,000","3,610,000,000","1,905,000,000",6.732,7.19,7.128
89,EGT998032417,06/11/2003,03/02/2004,"1,900,000,000","2,825,400,000","1,900,400,000",6.732,7.199,7.059
91,EGT9980HBQ14,18/08/2026,17/11/2026,"35,000,000,000","126,264,825,000","39,791,050,000",24.001,24.24,24.191
91,EGT9980ABQ11,11/08/2026,10/11/2026,"40,000,000,000","117,988,875,000","43,935,025,000",24.299,24.642,24.631
91,EGT99803BQ12,04/08/2026,03/11/2026,"35,000,000,000","93,495,950,000","43,781,425,000",24.398,24.8,24.756
91,EGT9980RAQ13,28/07/2026,27/10/2026,"40,000,000,000","103,477,225,000","45,579,950,000",24.001,24.8,24.733
91,EGT9980KAQ10,21/07/2026,20/10/2026,"35,000,000,000","80,477,225,000","41,633,350,000",24.199,24.8,24.731
91,EGT9980DAQ19,14/07/2026,13/10/2026,"40,000,000,000","99,725,950,000","40,121,950,000",23.502,24.57,24.402
91,EGT99806AQ10,07/07/2026,06/10/2026,"35,000,000,000","68,399,475,000","44,813,375,000",23.502,24.348,24.23
91,EGT9980T9Q18,30/06/2026,29/09/2026,"20,000,000,000","63,870,100,000","43,637,125,000",22.999,24.299,24.135
91,EGT9980M9Q13,23/06/2026,22/09/2026,"20,000,000,000","73,471,250,000","52,711,425,000",22.999,23.992,23.689
91,EGT9980F9Q17,16/06/2026,15/09/2026,"15,000,000,000","164,988,775,000","105,706,575,000",23.902,24.38,24.149
91,EGT998089Q10,09/06/2026,08/09/2026,"15,000,000,000","70,296,275,000","50,077,125,000",22.999,24.692,24.459
91,EGT998019Q15,02/06/2026,01/09/2026,"15,000,000,000","72,011,275,000","57,293,875,000",23.601,24.439,24.281
91,EGT9980P8Q17,26/05/2026,25/08/2026,"20,000,000,000","75,155,250,000","35,141,450,000",23.502,24.29,24.034
91,EGT9980I8Q12,19/05/2026,18/08/2026,"35,000,000,000","76,238,125,000","29,851,850,000",22.999,24.29,24.14
91,EGT9980B8Q17,12/05/2026,11/08/2026,"30,000,000,000","101,740,375,000","56,367,475,000",22.999,23.992,23.874
91,EGT998048Q10,05/05/2026,04/08/2026,"30,000,000,000","75,626,225,000","17,781,750,000",22.999,24.348,24.255
91,EGT9980S7Q12,28/04/2026,28/07/2026,"50,000,000,000","83,074,975,000","19,664,150,000",22.502,23.848,23.637
91,EGT9980L7Q17,21/04/2026,21/07/2026,"50,000,000,000","174,534,475,000","63,450,025,000",22.041,23.25,23.083
91,EGT9980E7Q12,14/04/2026,14/07/2026,"45,000,000,000","181,489,475,000","67,116,475,000",22.502,24.502,24.466
91,EGT998077Q14,07/04/2026,07/07/2026,"50,000,000,000","88,184,100,000","9,580,125,000",22.999,25.298,25.160
91,EGT9980Y6Q11,31/03/2026,30/06/2026,"25,000,000,000","41,163,275,000","3,002,050,000",24.001,25.099,25.094
91,EGT9980N6Q14,24/03/2026,23/06/2026,"25,000,000,000","44,704,750,000","24,036,700,000",24.001,25.099,24.872
91,EGT9980G6Q18,17/03/2026,16/06/2026,"25,000,000,000","84,984,675,000","24,425,125,000",22.582,24.389,24.389
91,EGT998096Q11,10/03/2026,09/06/2026,"25,000,000,000","36,184,225,000","11,856,750,000",22.999,24.488,24.372
91,EGT998026Q16,03/03/2026,02/06/2026,"25,000,000,000","37,936,075,000","20,403,075,000",22.001,24.348,24.157
91,EGT9980Q5Q18,24/02/2026,26/05/2026,"25,000,000,000","34,930,375,000","7,485,550,000",22.999,23.799,23.768
91,EGT9980J5Q13,17/02/2026,19/05/2026,"25,000,000,000","84,349,800,000","31,606,525,000",22.001,23.799,23.649
91,EGT9980C5Q18,10/02/2026,12/05/2026,"25,000,000,000","75,469,300,000","48,245,650,000",23.389,24.276,24.177
91,EGT998055Q10,03/02/2026,05/05/2026,"25,000,000,000","99,855,825,000","48,165,350,000",24.199,24.538,24.446
91,EGT9980S4Q15,27/01/2026,28/04/2026,"25,000,000,000","113,884,425,000","32,780,800,000",24.502,24.9,24.871
91,EGT9980L4Q10,20/01/2026,21/04/2026,"25,000,000,000","99,543,875,000","43,115,775,000",19.998,25.18,25.143
91,EGT9980E4Q15,13/01/2026,14/04/2026,"25,000,000,000","100,517,550,000","66,207,300,000",24.9,25.289,25.203
91,EGT998074Q17,06/01/2026,07/04/2026,"25,000,000,000","94,861,100,000","48,507,725,000",24.999,25.389,25.294
91,EGT9980V3Q10,30/12/2025,31/03/2026,"20,000,000,000","72,195,775,000","33,328,675,000",24.999,25.552,25.459
91,EGT9980O3Q15,23/12/2025,24/03/2026,"25,000,000,000","135,589,400,000","73,234,875,000",24.999,25.802,25.699
91,EGT9980H3Q19,16/12/2025,17/03/2026,"25,000,000,000","144,995,850,000","52,893,175,000",24.85,26.348,26.258
91,EGT9980A3Q14,09/12/2025,10/03/2026,"25,000,000,000","122,214,500,000","66,090,550,000",25.902,26.539,26.461
91,EGT998033Q17,02/12/2025,03/03/2026,"25,000,000,000","98,578,000,000","50,239,475,000",25.502,26.521,26.478
91,EGT9980O2Q16,25/11/2025,24/02/2026,"25,000,000,000","77,502,250,000","41,551,975,000",25.502,26.521,26.428
91,EGT9980H2Q10,18/11/2025,17/02/2026,"30,000,000,000","107,162,275,000","39,330,350,000",24.999,26.521,26.48
91,EGT9980A2Q15,11/11/2025,10/02/2026,"25,000,000,000","110,133,950,000","42,651,375,000",26.002,26.64,26.602
91,EGT998032Q18,04/11/2025,03/02/2026,"25,000,000,000","101,025,775,000","43,702,875,000",19.998,26.799,26.763
91,EGT9980R1Q10,28/10/2025,27/01/2026,"35,000,000,000","137,341,400,000","68,991,350,000",26.252,26.900,26.861
91,EGT9980K1Q15,21/10/2025,20/01/2026,"30,000,000,000","112,005,075,000","70,579,550,000",26.002,26.900,26.790
91,EGT9980D1Q10,14/10/2025,13/01/2026,"30,000,000,000","95,813,025,000","63,237,650,000",26.002,26.799,26.659
91,EGT998061Q12,07/10/2025,06/01/2026,"30,000,000,000","134,064,825,000","57,185,425,000",26.239,26.599,26.516
91,EGT9980YCP13,30/09/2025,30/12/2025,"20,000,000,000","103,511,700,000","62,036,675,000",26.002,27.339,27.258
91,EGT9980NCP16,23/09/2025,23/12/2025,"25,000,000,000","89,707,650,000","60,138,750,000",26.498,27.192,27.094
91,EGT9980GCP15,16/09/2025,16/12/2025,"20,000,000,000","86,003,750,000","61,914,250,000",26.38,27.041,26.911
91,EGT99809CP16,09/09/2025,09/12/2025,"25,000,000,000","114,442,550,000","69,559,750,000",26.002,27.101,26.984
91,EGT99802CP13,02/09/2025,02/12/2025,"20,000,000,000","69,922,600,000","26,714,250,000",25.988,27.398,27.176
91,EGT9980PBP15,26/08/2025,25/11/2025,"25,000,000,000","108,071,600,000","60,175,475,000",27,27.852,27.677
91,EGT9980IBP14,19/08/2025,18/11/2025,"20,000,000,000","124,918,275,000","41,254,400,000",27.999,28.458,28.35
91,EGT9980BBP11,12/08/2025,11/11/2025,"25,000,000,000","102,223,400,000","26,615,075,000",27,29.089,28.998
91,EGT99804BP12,05/08/2025,04/11/2025,"20,000,000,000","70,239,550,000","36,207,550,000",27.151,29.251,29.165
91,EGT9980SAP13,29/07/2025,28/10/2025,"27,500,000,000","127,155,800,000","110,962,475,000",27.682,29.002,28.779
91,EGT9980LAP10,22/07/2025,21/10/2025,"30,000,000,000","102,670,800,000","68,480,450,000",27.751,28.748,28.586
91,EGT9980EAP19,15/07/2025,14/10/2025,"27,500,000,000","82,232,350,000","47,706,200,000",26.913,28.251,27.977
91,EGT99807AP10,08/07/2025,07/10/2025,"30,000,000,000","92,748,425,000","55,466,275,000",26.002,27.902,27.558
91,EGT9980Y9P19,01/07/2025,30/09/2025,"25,000,000,000","235,471,150,000","115,591,150,000",26.498,27.192,26.914
91,EGT9980N9P12,24/06/2025,23/09/2025,"45,000,000,000","143,491,625,000","15,010,175,000",27.902,29.389,29.108
91,EGT9980G9P16,17/06/2025,16/09/2025,"20,000,000,000","60,268,575,000","39,883,575,000",27.801,29.002,28.619
91,EGT998099P19,10/06/2025,09/09/2025,"25,000,000,000","109,144,250,000","34,877,875,000",27.600,27.999,27.888
91,EGT998029P14,03/06/2025,02/09/2025,"40,000,000,000","120,905,075,000","48,667,950,000",24.999,28.100,27.918
91,EGT9980Q8P16,27/05/2025,26/08/2025,"30,000,000,000","100,979,425,000","32,235,875,000",27.590,28.150,28.025
91,EGT9980J8P11,20/05/2025,19/08/2025,"35,000,000,000","137,936,775,000","29,003,500,000",28.192,28.739,28.569
91,EGT9980C8P16,13/05/2025,12/08/2025,"30,000,000,000","58,781,950,000","21,571,775,000",27.999,29.039,28.827
91,EGT998058P18,06/05/2025,05/08/2025,"35,000,000,000","63,444,475,000","35,351,975,000",27.499,28.449,28.186
91,EGT9980T7P11,29/04/2025,29/07/2025,"30,000,000,000","71,169,050,000","35,466,625,000",27.201,28.008,27.828
91,EGT9980M7P16,22/04/2025,22/07/2025,"35,000,000,000","76,996,950,000","40,014,700,000",27.792,28.458,28.357
91,EGT9980F7P10,15/04/2025,15/07/2025,"30,000,000,000","70,554,050,000","31,230,750,000",27.948,28.449,28.353
91,EGT998087P13,08/04/2025,08/07/2025,"35,000,000,000","39,657,275,000","2,771,875,000",27.999,28.398,28.244
91,EGT998017P18,01/04/2025,01/07/2025,"30,000,000,000","53,625,350,000","6,217,800,000",27.000,28.141,28.017
91,EGT9980O6P13,25/03/2025,24/06/2025,"60,000,000,000","138,102,550,000","48,253,050,000",26.599,27.742,27.350
91,EGT9980H6P17,18/03/2025,17/06/2025,"60,000,000,000","271,618,500,000","92,398,625,000",27.398,28.196,27.971
91,EGT9980A6P12,11/03/2025,10/06/2025,"60,000,000,000","215,417,625,000","66,719,500,000",26.002,30.878,30.619
91,EGT998036P15,04/03/2025,03/06/2025,"30,000,000,000","84,491,250,000","64,006,250,000",29.002,30.399,30.073
91,EGT9980R5P17,25/02/2025,27/05/2025,"30,000,000,000","59,292,800,000","31,994,550,000",27.000,29.399,29.193
91,EGT9980K5P12,18/02/2025,20/05/2025,"25,000,000,000","56,452,375,000","29,861,625,000",24.999,28.748,28.343
91,EGT9980D5P17,11/02/2025,13/05/2025,"30,000,000,000","51,827,975,000","22,482,975,000",26.900,27.751,27.541
91,EGT998065P19,04/02/2025,06/05/2025,"25,000,000,000","85,880,675,000","5,162,675,000",26.699,27.000,26.892
91,EGT9980T4P14,28/01/2025,29/04/2025,"20,000,000,000","87,793,200,000","15,378,200,000",26.498,26.900,26.842
91,EGT9980M4P19,21/01/2025,22/04/2025,"25,000,000,000","87,698,750,000","11,791,425,000",26.480,26.900,26.779
91,EGT9980F4P13,14/01/2025,15/04/2025,"20,000,000,000","84,989,475,000","21,607,475,000",26.002,27.000,26.821
91,EGT998084P16,07/01/2025,08/04/2025,"25,000,000,000","132,796,825,000","27,658,325,000",26.289,27.101,26.948
91,EGT998014P11,31/12/2024,01/04/2025,"25,000,000,000","186,201,300,000","25,000,000,000",27.751,28.790,28.720
91,EGT9980P3P13,24/12/2024,25/03/2025,"25,000,000,000","154,043,100,000","27,893,250,000",27.000,31.241,31.217
91,EGT9980I3P18,17/12/2024,18/03/2025,"40,000,000,000","111,874,050,000","41,647,950,000",31.301,31.698,31.637
91,EGT9980B3P13,10/12/2024,11/03/2025,"35,000,000,000","78,561,325,000","52,752,125,000",30.102,31.549,31.419
91,EGT998043P16,03/12/2024,04/03/2025,"40,000,000,000","98,361,550,000","60,426,550,000",26.002,31.301,31.200
91,EGT9980P2P14,26/11/2024,25/02/2025,"45,000,000,000","83,248,000,000","45,444,500,000",30.650,30.999,30.922
91,EGT9980I2P19,19/11/2024,18/02/2025,"45,000,000,000","70,934,050,000","24,885,925,000",30.399,30.738,30.653
91,EGT9980B2P14,12/11/2024,11/02/2025,"40,000,000,000","68,584,925,000","46,939,925,000",29.002,30.501,30.412
91,EGT998042P17,05/11/2024,04/02/2025,"35,000,000,000","74,075,950,000","15,821,750,000",30.000,30.269,30.198
91,EGT9980S1P19,29/10/2024,28/01/2025,"30,000,000,000","79,131,125,000","52,356,125,000",29.852,30.149,30.004
91,EGT9980L1P14,22/10/2024,21/01/2025,"30,000,000,000","65,459,750,000","29,275,100,000",29.500,29.968,29.908
91,EGT9980E1P19,15/10/2024,14/01/2025,"30,000,000,000","51,586,475,000","30,336,475,000",29.500,29.852,29.665
91,EGT998071P11,08/10/2024,07/01/2025,"30,000,000,000","44,978,225,000","17,597,725,000",28.601,29.630,29.601
91,EGT9980VCO17,01/10/2024,31/12/2024,"30,000,000,000","81,216,950,000","61,029,150,000",29.302,29.634,29.597
91,EGT9980OCO16,24/09/2024,24/12/2024,"40,000,000,000","113,359,525,000","62,896,075,000",29.491,29.639,29.601
91,EGT9980HCO15,17/09/2024,17/12/2024,"35,000,000,000","147,141,475,000","63,591,100,000",29.602,29.750,29.725
91,EGT9980ACO12,10/09/2024,10/12/2024,"40,000,000,000","159,310,550,000","87,160,800,000",27.000,29.852,29.809
91,EGT99803CO13,03/09/2024,03/12/2024,"35,000,000,000","140,822,650,000","68,341,525,000",29.002,29.852,29.748
91,EGT9980QBO15,27/08/2024,26/11/2024,"40,000,000,000","117,333,750,000","54,055,575,000",26.002,29.750,29.621
91,EGT9980JBO14,20/08/2024,19/11/2024,"35,000,000,000","94,418,800,000","42,920,925,000",26.950,29.348,29.060
91,EGT9980CBO11,13/08/2024,12/11/2024,"40,000,000,000","71,448,700,000","50,308,700,000",27.751,28.748,28.336
91,EGT99805BO12,06/08/2024,05/11/2024,"35,000,000,000","61,966,750,000","22,552,750,000",27.201,27.801,27.656
91,EGT9980TAO13,30/07/2024,29/10/2024,"40,000,000,000","69,958,750,000","32,261,725,000",26.202,27.252,27.150
91,EGT9980MAO10,23/07/2024,22/10/2024,"40,000,000,000","68,801,075,000","47,051,075,000",26.239,27.000,26.809
91,EGT9980FAO19,16/07/2024,15/10/2024,"40,000,000,000","74,658,825,000","42,658,825,000",26.002,26.749,26.536
91,EGT99808AO10,09/07/2024,08/10/2024,"40,000,000,000","78,811,350,000","21,936,350,000",24.999,26.302,26.186
91,EGT99801AO17,02/07/2024,01/10/2024,"40,000,000,000","81,048,625,000","11,850,625,000",25.752,25.820,25.797
91,EGT9980O9O11,25/06/2024,24/09/2024,"30,000,000,000","25,316,650,000","13,143,350,000",24.999,25.820,25.758
91,EGT9980H9O15,18/06/2024,17/09/2024,"30,000,000,000","28,040,525,000","22,505,525,000",24.999,25.802,25.673
91,EGT9980A9O10,11/06/2024,10/09/2024,"30,000,000,000","54,845,675,000","46,985,350,000",22.999,25.802,25.732
91,EGT998039O13,04/06/2024,03/09/2024,"30,000,000,000","78,770,100,000","47,890,050,000",24.502,25.802,25.760
91,EGT9980R8O15,28/05/2024,27/08/2024,"30,000,000,000","86,693,175,000","39,592,050,000",25.702,25.902,25.857
91,EGT9980K8O10,21/05/2024,20/08/2024,"30,000,000,000","91,023,325,000","33,307,350,000",22.999,25.979,25.939
91,EGT9980D8O15,14/05/2024,13/08/2024,"30,000,000,000","65,555,625,000","48,465,800,000",22.999,26.002,25.969
91,EGT998068O17,07/05/2024,06/08/2024,"30,000,000,000","57,354,600,000","30,753,400,000",24.999,26.002,25.966
91,EGT9980Y7O12,30/04/2024,30/07/2024,"30,000,000,000","81,813,575,000","53,355,475,000",25.198,26.002,25.946
91,EGT9980N7O15,23/04/2024,23/07/2024,"30,000,000,000","49,579,125,000","29,371,325,000",24.001,26.002,25.910
91,EGT9980G7O19,16/04/2024,16/07/2024,"30,000,000,000","34,209,875,000","13,785,875,000",24.502,26.002,25.931
91,EGT998097O12,09/04/2024,09/07/2024,"30,000,000,000","41,187,500,000","22,457,500,000",24.001,26.002,25.675
91,EGT998027O17,02/04/2024,02/07/2024,"40,000,000,000","64,105,350,000","40,312,775,000",22.001,25.752,24.984
91,EGT9980P6O11,26/03/2024,25/06/2024,"25,000,000,000","117,475,675,000","25,000,000,000",24.999,25.829,25.596
91,EGT9980I6O16,19/03/2024,18/06/2024,"25,000,000,000","149,810,175,000","25,000,000,000",27.490,27.994,27.826
91,EGT9980B6O11,12/03/2024,11/06/2024,"25,000,000,000","101,480,725,000","25,000,000,000",27.018,30.738,30.205
91,EGT998046O14,05/03/2024,04/06/2024,"25,000,000,000","118,334,825,000","98,907,650,000",26.302,27.801,27.681
91,EGT9980S5O16,27/02/2024,28/05/2024,"35,000,000,000","134,570,750,000","65,310,400,000",24.999,27.600,27.456
91,EGT9980L5O11,20/02/2024,21/05/2024,"35,000,000,000","232,751,325,000","162,612,750,000",24.999,27.398,27.323
91,EGT9980E5O16,13/02/2024,14/05/2024,"35,000,000,000","209,868,100,000","81,348,700,000",20.999,27.302,27.178
91,EGT998075O18,06/02/2024,07/05/2024,"35,000,000,000","98,788,825,000","7,991,075,000",22.001,27.000,26.607
91,EGT9980Y4O15,30/01/2024,30/04/2024,"40,000,000,000","85,215,375,000","60,074,975,000",24.999,26.252,26.144
91,EGT9980N4O18,23/01/2024,23/04/2024,"40,000,000,000","135,200,275,000","116,680,775,000",24.001,26.088,25.977
91,EGT9980G4O12,16/01/2024,16/04/2024,"40,000,000,000","135,144,200,000","128,291,825,000",24.001,25.902,25.822
91,EGT998094O15,09/01/2024,09/04/2024,"40,000,000,000","116,205,025,000","107,663,825,000",24.502,25.802,25.713
91,EGT998024O10,02/01/2024,02/04/2024,"40,000,000,000","63,106,925,000","42,437,500,000",22.502,25.702,25.682
91,EGT9980Q3O12,26/12/2023,26/03/2024,"22,500,000,000","107,081,450,000","95,376,800,000",22.001,25.702,25.625
91,EGT9980J3O17,19/12/2023,19/03/2024,"23,000,000,000","90,918,125,000","49,909,175,000",22.999,25.702,25.669
91,EGT9980C3O12,12/12/2023,12/03/2024,"22,500,000,000","98,103,575,000","28,183,975,000",24.999,25.729,25.705
91,EGT998053O14,05/12/2023,05/03/2024,"23,000,000,000","95,512,900,000","45,059,700,000",24.502,25.702,25.668
91,EGT9980R2O11,28/11/2023,27/02/2024,"22,500,000,000","127,360,250,000","113,318,050,000",24.001,25.652,25.602
91,EGT9980K2O16,21/11/2023,20/02/2024,"23,000,000,000","94,017,275,000","38,193,725,000",20.999,25.602,25.578
91,EGT9980D2O11,14/11/2023,13/02/2024,"22,500,000,000","115,391,475,000","87,359,900,000",20.999,25.588,25.564
91,EGT998062O13,07/11/2023,06/02/2024,"23,000,000,000","124,526,825,000","101,636,025,000",22.999,25.539,25.503
91,EGT9980Y1O18,31/10/2023,30/01/2024,"22,500,000,000","57,390,775,000","30,683,950,000",24.601,25.489,25.468
91,EGT9980N1O11,24/10/2023,23/01/2024,"23,000,000,000","130,458,000,000","120,360,250,000",24.001,25.439,25.389
91,EGT9980G1O15,17/10/2023,16/01/2024,"22,500,000,000","105,903,175,000","53,634,875,000",22.001,25.389,25.360
91,EGT998091O18,10/10/2023,09/01/2024,"23,000,000,000","95,843,250,000","66,436,050,000",22.999,25.348,25.322
91,EGT998021O13,03/10/2023,02/01/2024,"22,500,000,000","83,958,325,000","35,486,475,000",24.001,25.298,25.270
91,EGT9980QCN15,26/09/2023,26/12/2023,"22,500,000,000","68,599,825,000","22,112,250,000",22.001,25.248,25.217
91,EGT9980JCN14,19/09/2023,19/12/2023,"23,000,000,000","63,965,500,000","48,342,300,000",22.001,25.149,25.092
91,EGT9980CCN11,12/09/2023,12/12/2023,"22,500,000,000","93,067,950,000","73,077,325,000",22.502,24.999,24.980
91,EGT99805CN12,05/09/2023,05/12/2023,"23,000,000,000","82,578,875,000","50,469,125,000",22.001,24.900,24.873
91,EGT9980SBN14,29/08/2023,28/11/2023,"22,500,000,000","67,239,975,000","59,904,200,000",20.401,24.800,24.771
91,EGT9980LBN11,22/08/2023,21/11/2023,"23,000,000,000","72,209,175,000","58,286,925,000",24.001,24.701,24.658
91,EGT9980EBN10,15/08/2023,14/11/2023,"22,500,000,000","81,127,875,000","46,894,025,000",22.999,24.601,24.522
91,EGT99807BN11,08/08/2023,07/11/2023,"23,000,000,000","43,761,725,000","38,246,925,000",22.999,24.502,24.190
91,EGT9980VAN10,01/08/2023,31/10/2023,"22,500,000,000","68,900,725,000","63,797,950,000",22.748,23.601,23.553
91,EGT9980OAN19,25/07/2023,24/10/2023,"23,000,000,000","46,326,550,000","35,494,550,000",22.748,23.551,23.511
91,EGT9980HAN18,18/07/2023,17/10/2023,"22,500,000,000","63,206,350,000","38,084,125,000",20.999,23.502,23.461
91,EGT9980AAN15,11/07/2023,10/10/2023,"23,000,000,000","59,812,950,000","41,277,350,000",20.999,23.461,23.405
91,EGT99803AN16,04/07/2023,03/10/2023,"22,500,000,000","42,866,725,000","21,822,225,000",22.001,23.398,23.343
91,EGT9980Q9N17,27/06/2023,26/09/2023,"22,500,000,000","24,417,950,000","3,702,725,000",21.502,23.349,23.290
91,EGT9980J9N12,20/06/2023,19/09/2023,"23,000,000,000","49,605,050,000","30,969,275,000",19.989,23.299,23.248
91,EGT9980C9N17,13/06/2023,12/09/2023,"22,500,000,000","51,756,575,000","22,752,775,000",20.999,23.201,23.161
91,EGT998059N19,06/06/2023,05/09/2023,"23,000,000,000","54,020,500,000","32,565,450,000",19.998,23.102,23.047
91,EGT9980T8N12,30/05/2023,29/08/2023,"22,500,000,000","52,590,975,000","37,167,750,000",20.999,22.999,22.901
91,EGT9980M8N17,23/05/2023,22/08/2023,"23,000,000,000","69,512,925,000","40,990,425,000",19.998,22.802,22.704
91,EGT9980F8N11,16/05/2023,15/08/2023,"22,500,000,000","62,619,050,000","34,219,050,000",19.498,22.698,22.623
91,EGT998088N14,09/05/2023,08/08/2023,"23,000,000,000","72,511,825,000","50,424,625,000",19.998,22.502,22.394
91,EGT998018N19,02/05/2023,01/08/2023,"22,500,000,000","70,792,400,000","35,293,925,000",19.998,22.300,22.184
91,EGT9980P7N11,25/04/2023,25/07/2023,"23,000,000,000","55,833,950,000","24,914,700,000",19.998,22.099,21.858
91,EGT9980I7N16,18/04/2023,18/07/2023,"22,500,000,000","75,650,550,000","40,598,525,000",19.998,21.800,21.546
91,EGT9980B7N11,11/04/2023,11/07/2023,"23,000,000,000","58,546,950,000","4,473,250,000",19.001,21.502,21.297
91,EGT998047N14,04/04/2023,04/07/2023,"22,500,000,000","42,178,550,000","324,050,000",20.498,21.039,20.924
91,EGT9980R6N18,28/03/2023,27/06/2023,"13,000,000,000","15,073,075,000","2,019,825,000",18.000,21.048,20.968
91,EGT9980K6N13,21/03/2023,20/06/2023,"13,500,000,000","22,478,725,000","14,852,425,000",18.101,21.048,20.870
91,EGT9980D6N18,14/03/2023,13/06/2023,"13,000,000,000","26,559,500,000","16,167,175,000",19.998,20.702,20.516
91,EGT998066N10,07/03/2023,06/06/2023,"13,500,000,000","32,620,825,000","18,099,475,000",18.000,20.401,20.325
91,EGT9980Y5N15,28/02/2023,30/05/2023,"13,000,000,000","96,546,975,000","56,518,775,000",19.499,20.401,20.290
91,EGT9980N5N18,21/02/2023,23/05/2023,"13,500,000,000","90,042,600,000","13,500,000,000",19.001,20.560,20.502
91,EGT9980G5N12,14/02/2023,16/05/2023,"13,000,000,000","82,146,175,000","29,820,975,000",19.001,20.671,20.649
91,EGT998095N15,07/02/2023,09/05/2023,"13,500,000,000","96,174,400,000","38,303,150,000",19.998,20.680,20.653
91,EGT998025N10,31/01/2023,02/05/2023,"13,000,000,000","38,444,525,000","15,371,225,000",18.000,20.702,20.671
91,EGT9980P4N14,24/01/2023,25/04/2023,"13,500,000,000","99,301,075,000","50,693,050,000",18.048,20.702,20.649
91,EGT9980I4N19,17/01/2023,18/04/2023,"13,000,000,000","140,079,025,000","87,073,400,000",18.000,20.702,20.520
91,EGT9980B4N14,10/01/2023,11/04/2023,"13,500,000,000","76,243,950,000","14,669,025,000",18.202,20.600,20.281
91,EGT998044N17,03/01/2023,04/04/2023,"13,500,000,000","47,611,550,000","1,303,900,000",18.000,19.001,18.329
91,EGT9980S3N19,27/12/2022,28/03/2023,"8,000,000,000","30,414,300,000","1,553,525,000",17.900,18.149,18.088
91,EGT9980L3N14,20/12/2022,21/03/2023,"7,500,000,000","33,498,350,000","23,229,650,000",16.100,18.149,18.070
91,EGT9980E3N19,13/12/2022,14/03/2023,"8,000,000,000","42,594,450,000","28,002,500,000",15.000,18.070,18.035
91,EGT998073N11,06/12/2022,07/03/2023,"7,500,000,000","57,975,675,000","10,881,350,000",17.502,18.070,18.031
91,EGT9980S2N10,29/11/2022,28/02/2023,"8,000,000,000","110,062,125,000","67,000,425,000",16.000,18.097,18.031
91,EGT9980L2N15,22/11/2022,21/02/2023,"7,500,000,000","65,569,500,000","1,648,875,000",16.000,18.101,18.000
91,EGT9980E2N10,15/11/2022,14/02/2023,"8,000,000,000","76,446,925,000","70,530,625,000",15.900,18.101,17.908
91,EGT998072N12,08/11/2022,07/02/2023,"7,500,000,000","83,423,500,000","71,379,300,000",15.251,17.650,17.406
91,EGT9980V1N15,01/11/2022,31/01/2023,"8,000,000,000","32,334,575,000","8,000,000,000",15.748,17.292,16.782
91,EGT9980O1N10,25/10/2022,24/01/2023,"7,500,000,000","71,220,975,000","38,740,550,000",15.251,16.239,16.182
91,EGT9980H1N14,18/10/2022,17/01/2023,"8,000,000,000","62,546,375,000","43,563,850,000",15.251,16.100,16.026
91,EGT9980A1N19,11/10/2022,10/01/2023,"7,500,000,000","61,679,900,000","35,612,000,000",15.000,15.978,15.891
91,EGT998031N12,04/10/2022,03/01/2023,"8,000,000,000","86,235,100,000","44,958,400,000",15.000,15.900,15.874
91,EGT9980RCM15,27/09/2022,27/12/2022,"14,000,000,000","58,932,350,000","20,295,275,000",15.000,15.978,15.891
91,EGT9980KCM12,20/09/2022,20/12/2022,"15,000,000,000","37,343,475,000","21,695,400,000",15.000,15.679,15.597
91,EGT9980DCM11,13/09/2022,13/12/2022,"14,000,000,000","80,805,000,000","58,735,300,000",15.000,15.601,15.454
91,EGT99806CM12,06/09/2022,06/12/2022,"15,000,000,000","170,858,600,000","61,841,250,000",15.502,15.905,15.857
91,EGT9980TBM14,30/08/2022,29/11/2022,"14,000,000,000","88,343,675,000","38,193,975,000",15.948,16.100,16.065
91,EGT9980MBM11,23/08/2022,22/11/2022,"15,000,000,000","105,048,000,000","59,400,950,000",13.191,16.152,16.113
91,EGT9980FBM10,16/08/2022,15/11/2022,"14,000,000,000","59,738,600,000","39,804,950,000",15.800,16.152,16.108
91,EGT99808BM11,09/08/2022,08/11/2022,"15,000,000,000","42,373,025,000","31,610,075,000",15.000,16.108,16.026
91,EGT99801BM18,02/08/2022,01/11/2022,"14,000,000,000","49,802,900,000","24,751,225,000",15.199,15.922,15.861
91,EGT9980PAM19,26/07/2022,25/10/2022,"15,000,000,000","31,546,475,000","18,941,125,000",15.298,15.848,15.779
91,EGT9980IAM18,19/07/2022,18/10/2022,"14,000,000,000","35,157,950,000","25,152,225,000",15.000,15.701,15.649
91,EGT9980BAM15,12/07/2022,11/10/2022,"15,000,000,000","26,684,275,000","21,921,700,000",14.949,15.649,15.562
91,EGT99804AM16,05/07/2022,04/10/2022,"14,000,000,000","37,852,175,000","31,291,175,000",14.345,15.398,15.285
91,EGT9980R9M16,28/06/2022,27/09/2022,"14,000,000,000","61,861,475,000","58,097,175,000",14.992,15.350,15.268
91,EGT9980K9M11,21/06/2022,20/09/2022,"13,000,000,000","41,269,100,000","26,854,800,000",14.949,15.298,15.203
91,EGT9980D9M16,14/06/2022,13/09/2022,"14,000,000,000","69,982,200,000","53,397,650,000",14.001,15.100,15.061
91,EGT998069M18,07/06/2022,06/09/2022,"13,000,000,000","60,249,700,000","26,596,900,000",14.500,15.100,15.013
91,EGT9980Y8M13,31/05/2022,30/08/2022,"13,000,000,000","34,895,725,000","16,483,275,000",12.751,14.901,14.664
91,EGT9980N8M16,24/05/2022,23/08/2022,"14,000,000,000","26,084,325,000","301,425,000",12.499,13.800,13.131
91,EGT9980G8M10,17/05/2022,16/08/2022,"13,000,000,000","21,405,750,000","5,727,150,000",12.951,13.238,13.195
91,EGT998098M13,10/05/2022,09/08/2022,"14,000,000,000","24,598,200,000","5,678,400,000",12.990,13.101,13.084
91,EGT998028M18,03/05/2022,02/08/2022,"13,000,000,000","26,999,475,000","547,450,000",12.299,13.101,12.999
91,EGT9980Q7M10,26/04/2022,26/07/2022,"14,000,000,000","28,476,025,000","22,727,025,000",12.098,13.101,13.020
91,EGT9980J7M15,19/04/2022,19/07/2022,"13,000,000,000","23,316,175,000","13,626,175,000",11.801,12.499,12.401
91,EGT9980C7M10,12/04/2022,12/07/2022,"14,000,000,000","21,861,875,000","2,838,575,000",11.351,12.179,11.983
91,EGT998057M12,05/04/2022,05/07/2022,"13,000,000,000","20,392,075,000","6,294,050,000",11.300,12.081,11.856
91,EGT9980S6M17,29/03/2022,28/06/2022,"2,500,000,000","4,553,675,000","344,350,000",11.300,11.830,11.490
91,EGT9980L6M12,22/03/2022,21/06/2022,"3,000,000,000","9,506,850,000","5,142,700,000",11.101,11.351,11.334
91,EGT9980E6M17,15/03/2022,14/06/2022,"2,500,000,000","4,398,625,000","934,075,000",10.990,11.334,11.295
91,EGT998076M19,08/03/2022,07/06/2022,"3,000,000,000","4,255,850,000","833,325,000",10.999,11.338,11.300
91,EGT9980V5M12,01/03/2022,31/05/2022,"2,500,000,000","6,644,100,000","3,960,850,000",10.999,11.346,11.325
91,EGT9980O5M17,22/02/2022,24/05/2022,"3,000,000,000","10,210,575,000","3,152,825,000",10.999,11.346,11.325
91,EGT9980H5M11,15/02/2022,17/05/2022,"2,500,000,000","8,987,225,000","5,470,075,000",10.999,11.355,11.342
91,EGT9980A5M16,08/02/2022,10/05/2022,"3,000,000,000","11,162,150,000","7,037,150,000",10.999,11.355,11.342
91,EGT998035M19,01/02/2022,03/05/2022,"2,500,000,000","6,279,475,000","2,357,600,000",10.902,11.359,11.338
91,EGT9980Q4M13,25/01/2022,26/04/2022,"3,000,000,000","5,232,200,000","2,618,725,000",10.999,11.359,11.295
91,EGT9980J4M18,18/01/2022,19/04/2022,"2,500,000,000","5,911,175,000","2,704,675,000",10.999,11.359,11.329
91,EGT9980C4M13,11/01/2022,12/04/2022,"3,000,000,000","10,126,950,000","3,134,675,000",10.999,11.389,11.308
91,EGT998054M15,04/01/2022,05/04/2022,"2,500,000,000","6,931,925,000","2,500,000,000",10.999,11.499,11.397
91,EGT9980T3M18,28/12/2021,29/03/2022,"3,500,000,000","9,202,750,000","3,500,000,000",10.999,11.601,11.580
91,EGT9980M3M13,21/12/2021,22/03/2022,"4,000,000,000","16,791,150,000","4,000,000,000",10.999,11.869,11.830
91,EGT9980F3M17,14/12/2021,15/03/2022,"3,500,000,000","25,033,675,000","3,500,000,000",11.949,12.069,12.056
91,EGT998083M10,07/12/2021,08/03/2022,"4,000,000,000","29,350,200,000","4,000,000,000",12.001,12.247,12.247
91,EGT998013M15,30/11/2021,01/03/2022,"3,500,000,000","19,991,900,000","3,500,000,000",12.299,12.409,12.405
91,EGT9980M2M14,23/11/2021,22/02/2022,"4,000,000,000","24,555,625,000","4,000,000,000",12.299,12.469,12.461
91,EGT9980F2M18,16/11/2021,15/02/2022,"3,500,000,000","21,745,975,000","5,384,525,000",12.201,12.499,12.452
91,EGT998082M11,09/11/2021,08/02/2022,"4,000,000,000","20,284,100,000","14,969,100,000",12.196,12.529,12.495
91,EGT998012M16,02/11/2021,01/02/2022,"3,500,000,000","13,054,950,000","10,177,450,000",11.898,12.478,12.443
91,EGT9980P1M18,26/10/2021,25/01/2022,"4,000,000,000","20,526,975,000","14,829,050,000",12.150,12.439,12.384
91,EGT9980I1M13,19/10/2021,18/01/2022,"3,500,000,000","14,651,475,000","6,534,575,000",12.098,12.409,12.384
91,EGT9980B1M18,12/10/2021,11/01/2022,"4,000,000,000","12,746,075,000","9,341,075,000",12.001,12.401,12.337
91,EGT998041M11,05/10/2021,04/01/2022,"3,500,000,000","10,216,825,000","5,561,125,000",10.999,12.328,12.256
91,EGT9980SCL15,28/09/2021,28/12/2021,"6,000,000,000","14,073,300,000","6,402,925,000",12.098,12.341,12.316
91,EGT9980LCL12,21/09/2021,21/12/2021,"6,500,000,000","22,792,350,000","6,500,000,000",12.001,12.341,12.341
91,EGT9980ECL11,14/09/2021,14/12/2021,"6,000,000,000","13,436,175,000","6,857,175,000",11.499,12.512,12.477
91,EGT99807CL12,07/09/2021,07/12/2021,"6,500,000,000","18,382,150,000","6,500,000,000",12.252,12.469,12.448
91,EGT9980YBL18,31/08/2021,30/11/2021,"6,000,000,000","27,737,575,000","6,000,000,000",12.098,12.640,12.627
91,EGT9980NBL11,24/08/2021,23/11/2021,"6,500,000,000","20,213,025,000","6,500,000,000",12.499,12.870,12.840
91,EGT9980GBL10,17/08/2021,16/11/2021,"6,000,000,000","26,560,350,000","16,841,350,000",12.751,13.028,13.011
91,EGT99809BL11,10/08/2021,09/11/2021,"6,500,000,000","25,914,475,000","12,675,175,000",12.499,13.028,12.990
91,EGT99802BL18,03/08/2021,02/11/2021,"6,000,000,000","32,124,125,000","14,337,225,000",12.802,12.990,12.956
91,EGT9980QAL19,27/07/2021,26/10/2021,"6,500,000,000","22,867,175,000","11,688,075,000",12.802,13.144,13.127
91,EGT9980JAL18,20/07/2021,19/10/2021,"6,000,000,000","10,925,650,000","7,815,650,000",11.101,13.148,13.114
91,EGT9980CAL15,13/07/2021,12/10/2021,"6,500,000,000","24,769,925,000","17,142,325,000",12.900,13.148,13.122
91,EGT99805AL16,06/07/2021,05/10/2021,"6,000,000,000","16,293,625,000","7,935,425,000",12.499,13.191,13.178
91,EGT9980S9L15,29/06/2021,28/09/2021,"10,500,000,000","17,114,350,000","11,472,350,000",12.751,13.191,13.165
91,EGT9980L9L10,22/06/2021,21/09/2021,"11,000,000,000","14,821,925,000","9,110,925,000",12.999,13.148,13.135
91,EGT9980E9L15,15/06/2021,14/09/2021,"10,500,000,000","22,676,000,000","16,142,775,000",12.999,13.148,13.118
91,EGT998079L17,08/06/2021,07/09/2021,"11,000,000,000","15,609,950,000","11,234,650,000",12.999,13.170,13.165
91,EGT9980V8L10,01/06/2021,31/08/2021,"10,500,000,000","13,818,350,000","8,655,275,000",12.999,13.170,13.165
91,EGT9980O8L15,25/05/2021,24/08/2021,"11,000,000,000","15,547,025,000","10,650,725,000",12.999,13.170,13.165
91,EGT9980H8L19,18/05/2021,17/08/2021,"10,500,000,000","16,029,275,000","12,219,275,000",12.990,13.170,13.161
91,EGT9980A8L14,11/05/2021,10/08/2021,"11,000,000,000","16,255,450,000","11,095,700,000",12.999,13.170,13.161
91,EGT998038L17,04/05/2021,03/08/2021,"10,500,000,000","14,751,225,000","8,325,975,000",12.819,13.170,13.148
91,EGT9980R7L19,27/04/2021,27/07/2021,"11,000,000,000","13,415,150,000","7,860,150,000",12.900,13.170,13.135
91,EGT9980K7L14,20/04/2021,20/07/2021,"10,500,000,000","18,964,275,000","14,609,275,000",12.699,13.131,13.105
91,EGT9980D7L19,13/04/2021,13/07/2021,"11,000,000,000","21,513,200,000","13,382,350,000",12.499,13.131,13.114
91,EGT998067L11,06/04/2021,06/07/2021,"10,500,000,000","21,893,300,000","10,500,000,000",12.499,13.148,13.131
91,EGT9980T6L16,30/03/2021,29/06/2021,"11,500,000,000","17,938,100,000","10,490,050,000",12.900,13.140,13.105
91,EGT9980M6L11,23/03/2021,22/06/2021,"11,000,000,000","17,759,375,000","8,953,925,000",12.499,13.088,13.080
91,EGT9980F6L15,16/03/2021,15/06/2021,"11,500,000,000","20,112,875,000","12,107,225,000",12.499,13.088,13.045
91,EGT998086L18,09/03/2021,08/06/2021,"11,000,000,000","19,668,875,000","7,621,875,000",12.499,13.028,12.990
91,EGT998016L13,02/03/2021,01/06/2021,"11,500,000,000","16,585,350,000","9,141,875,000",12.201,12.999,12.964
91,EGT9980P5L15,23/02/2021,25/05/2021,"4,500,000,000","10,714,425,000","4,500,000,000",12.499,12.862,12.793
91,EGT9980I5L10,16/02/2021,18/05/2021,"5,000,000,000","11,348,400,000","6,973,075,000",12.001,12.789,12.733
91,EGT9980B5L15,09/02/2021,11/05/2021,"4,500,000,000","13,259,100,000","6,295,000,000",12.499,12.819,12.751
91,EGT998045L18,02/02/2021,04/05/2021,"5,000,000,000","13,287,325,000","5,000,000,000",12.001,12.862,12.840
91,EGT9980R4L12,26/01/2021,27/04/2021,"4,500,000,000","12,507,300,000","7,602,300,000",12.001,12.862,12.678
91,EGT9980K4L17,19/01/2021,20/04/2021,"5,000,000,000","16,248,400,000","13,070,025,000",12.201,12.529,12.482
91,EGT9980D4L12,12/01/2021,13/04/2021,"4,500,000,000","16,019,275,000","7,187,525,000",12.401,12.580,12.546
91,EGT998064L14,05/01/2021,06/04/2021,"5,000,000,000","10,603,450,000","5,000,000,000",12.001,12.802,12.725
91,EGT9980Y3L19,29/12/2020,30/03/2021,"6,500,000,000","6,447,875,000","1,836,775,000",12.001,12.708,12.627
91,EGT9980N3L12,22/12/2020,23/03/2021,"6,000,000,000","8,511,750,000","6,000,000,000",12.350,12.512,12.461
91,EGT9980G3L16,15/12/2020,16/03/2021,"6,500,000,000","14,266,950,000","6,500,000,000",12.499,12.802,12.755
91,EGT998093L19,08/12/2020,09/03/2021,"8,000,000,000","20,873,600,000","8,000,000,000",12.900,13.028,13.011
91,EGT998023L14,01/12/2020,02/03/2021,"8,500,000,000","27,327,850,000","8,500,000,000",12.001,13.097,13.075
91,EGT9980N2L13,24/11/2020,23/02/2021,"8,000,000,000","16,047,825,000","6,240,625,000",12.499,13.161,13.135
91,EGT9980G2L17,17/11/2020,16/02/2021,"8,500,000,000","19,127,575,000","4,375,725,000",12.849,13.191,13.127
91,EGT998092L10,10/11/2020,09/02/2021,"8,000,000,000","23,366,275,000","8,000,000,000",12.999,13.401,13.371
91,EGT998022L15,03/11/2020,02/02/2021,"8,500,000,000","18,447,875,000","10,199,875,000",12.999,13.491,13.461
91,EGT9980Q1L17,27/10/2020,26/01/2021,"8,000,000,000","13,429,425,000","6,690,425,000",12.900,13.439,13.388
91,EGT9980J1L12,20/10/2020,19/01/2021,"8,500,000,000","13,462,325,000","8,500,000,000",12.999,13.349,13.298
91,EGT9980C1L17,13/10/2020,12/01/2021,"8,000,000,000","19,652,450,000","15,790,650,000",12.999,13.259,13.212
91,EGT998051L19,06/10/2020,05/01/2021,"8,500,000,000","11,376,650,000","6,451,725,000",12.999,13.281,13.246
91,EGT9980TCK15,29/09/2020,29/12/2020,"8,000,000,000","9,350,575,000","4,629,750,000",12.001,13.281,13.152
91,EGT9980MCK12,22/09/2020,22/12/2020,"8,500,000,000","17,305,100,000","5,927,050,000",12.999,13.491,13.456
91,EGT9980FCK11,15/09/2020,15/12/2020,"8,000,000,000","11,237,425,000","5,552,425,000",13.200,13.491,13.431
91,EGT99808CK12,08/09/2020,08/12/2020,"8,500,000,000","12,795,275,000","6,259,300,000",13.148,13.388,13.302
91,EGT99801CK19,01/09/2020,01/12/2020,"8,000,000,000","12,695,550,000","8,000,000,000",13.200,13.529,13.499
91,EGT9980OBK11,25/08/2020,24/11/2020,"8,500,000,000","20,067,300,000","8,500,000,000",13.101,13.551,13.525
91,EGT9980HBK10,18/08/2020,17/11/2020,"8,000,000,000","21,652,375,000","8,000,000,000",13.041,13.581,13.521
91,EGT9980ABK17,11/08/2020,10/11/2020,"8,500,000,000","19,155,450,000","9,137,450,000",13.251,13.619,13.598
91,EGT99803BK18,04/08/2020,03/11/2020,"8,000,000,000","13,081,525,000","9,621,525,000",13.101,13.628,13.551
91,EGT9980RAK19,28/07/2020,27/10/2020,"8,500,000,000","13,141,225,000","10,593,475,000",12.999,13.478,13.418
91,EGT9980KAK16,21/07/2020,20/10/2020,"8,000,000,000","13,740,475,000","8,000,000,000",13.140,13.358,13.298
91,EGT9980DAK15,14/07/2020,13/10/2020,"8,500,000,000","26,746,650,000","8,500,000,000",12.999,13.478,13.448
91,EGT99806AK16,07/07/2020,06/10/2020,"8,000,000,000","12,590,100,000","12,035,100,000",12.499,13.641,13.499
91,EGT9980T9K14,30/06/2020,29/09/2020,"6,500,000,000","14,230,125,000","6,500,000,000",12.341,13.349,13.294
91,EGT9980M9K19,23/06/2020,22/09/2020,"6,000,000,000","10,886,675,000","6,000,000,000",12.252,13.050,12.917
91,EGT9980F9K13,16/06/2020,15/09/2020,"6,500,000,000","16,830,825,000","11,986,875,000",12.001,12.482,12.337
91,EGT998089K16,09/06/2020,08/09/2020,"6,000,000,000","10,394,125,000","9,379,325,000",12.001,12.418,12.358
91,EGT998019K11,02/06/2020,01/09/2020,"9,500,000,000","12,988,650,000","7,381,500,000",12.252,12.401,12.362
91,EGT9980P8K13,26/05/2020,25/08/2020,"8,500,000,000","13,487,000,000","3,635,350,000",12.201,12.401,12.371
91,EGT9980I8K18,19/05/2020,18/08/2020,"8,500,000,000","14,959,525,000","8,500,000,000",12.001,12.452,12.422
91,EGT9980B8K13,12/05/2020,11/08/2020,"8,500,000,000","12,659,675,000","4,303,800,000",12.001,12.559,12.542
91,EGT998048K16,05/05/2020,04/08/2020,"8,500,000,000","15,453,525,000","8,500,000,000",12.201,12.618,12.584
91,EGT9980S7K18,28/04/2020,28/07/2020,"8,500,000,000","14,353,100,000","7,318,600,000",12.001,12.499,12.439
91,EGT9980L7K13,21/04/2020,21/07/2021,"8,500,000,000","11,531,400,000","6,176,375,000",11.750,12.371,12.311
91,EGT9980E7K18,14/04/2020,14/07/2020,"8,500,000,000","10,171,700,000","545,375,000",11.750,12.201,12.111
91,EGT998077K10,07/04/2020,07/07/2020,"8,500,000,000","12,808,850,000","2,865,300,000",12.001,12.699,12.546
91,EGT9980Y6K17,31/03/2020,30/06/2020,"4,000,000,000","9,126,850,000","24,850,000",12.469,12.802,12.533
91,EGT9980N6K10,24/03/2020,23/06/2020,"4,000,000,000","5,685,175,000","71,975,000",12.401,12.900,12.610
91,EGT9980G6K14,17/03/2020,16/06/2020,"4,000,000,000","2,225,500,000","92,300,000",12.699,12.900,12.892
91,EGT998096K17,10/03/2020,09/06/2020,"4,000,000,000","3,853,000,000","243,300,000",12.648,12.909,12.904
91,EGT998026K12,03/03/2020,02/06/2020,"4,000,000,000","2,621,125,000","45,450,000",12.900,12.999,12.981
91,EGT9980J5K19,18/02/2020,19/05/2020,"4,000,000,000","2,781,050,000","56,300,000",12.999,13.200,13.157
91,EGT9980C5K14,11/02/2020,12/05/2020,"4,000,000,000","3,316,925,000","46,675,000",13.401,13.598,13.555
91,EGT998055K16,04/02/2020,05/05/2020,"4,000,000,000","3,649,250,000","269,675,000",12.999,13.800,13.799
91,EGT9980S4K11,28/01/2020,28/04/2020,"4,000,000,000","7,214,625,000","1,573,200,000",13.701,13.980,13.980
91,EGT9980L4K16,21/01/2020,21/04/2020,"4,000,000,000","6,310,050,000","533,500,000",12.981,14.139,14.023
91,EGT9980E4K11,14/01/2020,14/04/2020,"4,000,000,000","15,302,600,000","1,094,725,000",14.298,14.561,14.548
91,EGT998074K13,07/01/2020,07/04/2020,"4,000,000,000","10,402,700,000","2,153,025,000",14.500,14.841,14.823
91,EGT9980V3K16,31/12/2019,31/03/2020,"9,250,000,000","12,853,450,000","6,655,050,000",14.750,15.100,15.065
91,EGT9980O3K11,24/12/2019,24/03/2020,"9,000,000,000","14,673,925,000","6,903,750,000",15.000,15.225,15.190
91,EGT9980H3K15,17/12/2019,17/03/2020,"9,250,000,000","12,918,250,000","9,222,125,000",15.251,15.519,15.489
91,EGT9980A3K10,10/12/2019,10/03/2020,"9,000,000,000","9,738,950,000","7,092,250,000",15.000,15.580,15.540
91,EGT998033K13,03/12/2019,03/03/2020,"9,250,000,000","6,928,250,000","3,197,450,000",15.000,15.549,15.484
91,EGT9980P2K19,26/11/2019,25/02/2020,"9,000,000,000","7,691,500,000","854,425,000",14.750,15.398,15.350
91,EGT9980I2K14,19/11/2019,18/02/2020,"9,250,000,000","9,853,250,000","9,250,000,000",14.500,15.502,15.380
91,EGT9980B2K19,12/11/2019,11/02/2020,"9,000,000,000","6,492,525,000","4,438,725,000",15.710,15.909,15.878
91,EGT998042K12,05/11/2019,04/02/2020,"9,250,000,000","7,538,925,000","2,843,700,000",15.502,15.931,15.861
91,EGT9980S1K14,29/10/2019,28/01/2020,"9,250,000,000","15,080,175,000","9,250,000,000",15.779,15.931,15.905
91,EGT9980L1K19,22/10/2019,21/01/2020,"9,000,000,000","11,125,550,000","8,455,550,000",15.502,15.991,15.944
91,EGT9980E1K14,15/10/2019,14/01/2020,"9,250,000,000","7,746,225,000","7,076,225,000",15.502,15.991,15.891
91,EGT998071K16,08/10/2019,07/01/2020,"9,000,000,000","7,612,050,000","3,535,800,000",15.502,15.991,15.931
91,EGT9980VCJ14,01/10/2019,31/12/2019,"9,250,000,000","8,606,400,000","6,046,400,000",15.000,15.800,15.605
91,EGT9980OCJ13,24/09/2019,24/12/2019,"9,000,000,000","11,049,000,000","8,266,250,000",15.000,15.800,15.627
91,EGT9980HCJ12,17/09/2019,17/12/2019,"9,250,000,000","16,010,600,000","9,229,700,000",16.100,16.299,16.221
91,EGT9980ACJ19,10/09/2019,10/12/2019,"9,000,000,000","7,985,950,000","3,886,600,000",16.000,16.669,16.608
91,EGT99803CJ10,03/09/2019,03/12/2019,"9,250,000,000","7,187,500,000","1,007,525,000",16.000,16.599,16.503
91,EGT9980QBJ12,27/08/2019,26/11/2019,"9,000,000,000","12,265,250,000","5,004,425,000",16.252,16.482,16.443
91,EGT9980JBJ11,20/08/2019,19/11/2019,"9,250,000,000","11,145,225,000","5,965,925,000",17.000,17.987,17.904
91,EGT9980CBJ18,13/08/2019,12/11/2019,"9,000,000,000","7,411,425,000","5,833,425,000",17.698,17.939,17.878
91,EGT99805BJ19,06/08/2019,05/11/2019,"9,250,000,000","10,066,000,000","5,228,000,000",17.000,17.939,17.899
91,EGT9980TAJ10,30/07/2019,29/10/2019,"9,250,000,000","10,243,525,000","7,306,525,000",17.441,17.961,17.895
91,EGT9980MAJ17,23/07/2019,22/10/2019,"9,000,000,000","8,625,100,000","7,203,050,000",17.441,17.891,17.742
91,EGT9980FAJ16,16/07/2019,15/10/2019,"9,250,000,000","9,863,225,000","8,393,125,000",17.248,17.908,17.724
91,EGT99808AJ17,09/07/2019,08/10/2019,"9,000,000,000","9,092,425,000","4,930,600,000",17.401,17.939,17.908
91,EGT99801AJ14,02/07/2019,01/10/2019,"9,250,000,000","10,813,275,000","9,250,000,000",17.301,17.851,17.786
91,EGT9980O9J18,25/06/2019,24/09/2019,"8,500,000,000","14,389,400,000","10,461,900,000",17.401,17.768,17.724
91,EGT9980H9J12,18/06/2019,17/09/2019,"8,750,000,000","15,195,725,000","11,954,400,000",17.401,17.720,17.646
91,EGT9980A9J17,11/06/2019,10/09/2019,"8,000,000,000","10,707,200,000","6,684,400,000",17.301,17.768,17.690
91,EGT998039J10,04/06/2019,03/09/2019,"8,750,000,000","12,570,100,000","8,750,000,000",16.000,17.760,17.729
91,EGT9980R8J12,28/05/2019,27/08/2019,"8,500,000,000","12,072,700,000","8,500,000,000",17.248,17.690,17.593
91,EGT9980K8J17,21/05/2019,20/08/2019,"8,500,000,000","12,860,400,000","8,378,800,000",17.301,17.642,17.567
91,EGT9980D8J12,14/05/2019,13/08/2019,"8,500,000,000","14,677,550,000","8,500,000,000",17.200,17.598,17.528
91,EGT998068J14,07/05/2019,06/08/2019,"8,750,000,000","11,253,700,000","8,750,000,000",16.900,17.589,17.497
91,EGT9980Y7J19,30/04/2019,30/07/2019,"8,000,000,000","8,745,875,000","8,000,000,000",17.000,17.480,17.375
91,EGT9980N7J12,23/04/2019,23/07/2019,"8,500,000,000","13,100,025,000","8,500,000,000",17.100,17.349,17.235
91,EGT9980G7J16,16/04/2019,16/07/2019,"8,500,000,000","14,794,500,000","8,500,000,000",17.248,17.572,17.528
91,EGT998097J19,09/04/2019,09/07/2019,"8,750,000,000","11,501,175,000","10,189,175,000",17.231,17.650,17.524
91,EGT998027J14,02/04/2019,02/07/2019,"8,750,000,000","6,611,550,000","5,856,550,000",16.852,17.598,17.392
91,EGT9980P6J18,26/03/2019,25/06/2019,"8,500,000,000","11,494,900,000","6,253,450,000",16.499,17.318,17.248
91,EGT9980I6J13,19/03/2019,18/06/2019,"8,500,000,000","14,638,450,000","8,500,000,000",17.000,17.519,17.462
91,EGT9980B6J18,12/03/2019,11/06/2019,"8,500,000,000","14,295,500,000","8,747,375,000",17.000,17.690,17.631
91,EGT998046J11,05/03/2019,04/06/2019,"8,500,000,000","11,817,900,000","4,762,275,000",17.148,17.851,17.781
91,EGT9980S5J13,26/02/2019,28/05/2019,"8,500,000,000","10,368,950,000","519,275,000",16.451,17.851,17.663
91,EGT9980L5J18,19/02/2019,21/05/2019,"8,500,000,000","16,294,625,000","102,950,000",17.248,17.528,17.453
91,EGT9980E5J13,12/02/2019,14/05/2019,"8,500,000,000","10,857,425,000","5,325,125,000",17.900,18.360,18.202
91,EGT998075J15,05/02/2019,07/05/2019,"8,500,000,000","14,026,250,000","8,678,750,000",17.502,18.228,18.132
91,EGT9980Y4J12,29/01/2019,30/04/2019,"8,500,000,000","15,835,250,000","10,181,050,000",17.978,18.250,18.114
91,EGT9980N4J15,22/01/2019,23/04/2019,"8,500,000,000","14,968,375,000","8,500,000,000",18.101,18.579,18.478
91,EGT9980G4J19,15/01/2019,16/04/2019,"8,500,000,000","25,350,550,000","8,500,000,000",18.588,18.781,18.715
91,EGT998094J12,08/01/2019,09/04/2019,"8,500,000,000","32,241,700,000","8,500,000,000",19.001,19.252,19.190
91,EGT998024J17,01/01/2019,02/04/2019,"8,500,000,000","22,540,725,000","8,500,000,000",19.499,19.728,19.715
91,EGT9980Q3J19,25/12/2018,26/03/2019,"9,750,000,000","17,179,300,000","9,554,675,000",19.402,19.879,19.848
91,EGT9980J3J14,18/12/2018,19/03/2019,"9,500,000,000","13,420,800,000","9,500,000,000",19.199,19.901,19.781
91,EGT9980C3J19,11/12/2018,12/03/2019,"9,500,000,000","14,123,375,000","9,500,000,000",19.001,19.781,19.599
91,EGT998053J11,04/12/2018,05/03/2019,"9,750,000,000","10,336,500,000","6,187,150,000",19.001,19.649,19.475
91,EGT9980Q2J10,27/11/2018,26/02/2019,"9,750,000,000","10,880,800,000","79,100,000",19.001,19.499,19.359
91,EGT9980J2J15,20/11/2018,19/02/2019,"9,500,000,000","7,807,850,000","1,216,425,000",19.252,19.499,19.461
91,EGT9980C2J10,13/11/2018,12/02/2019,"9,750,000,000","16,639,550,000","13,567,900,000",19.001,19.450,19.363
91,EGT998052J12,06/11/2018,05/02/2019,"9,500,000,000","20,326,675,000","9,500,000,000",19.001,19.468,19.419
91,EGT9980T1J15,30/10/2018,29/01/2019,"9,750,000,000","24,763,025,000","6,574,075,000",19.001,19.724,19.709
91,EGT9980M1J10,23/10/2018,22/01/2019,"9,500,000,000","21,296,350,000","9,869,475,000",19.499,19.909,19.893
91,EGT9980F1J14,16/10/2018,15/01/2019,"9,750,000,000","13,631,300,000","9,750,000,000",19.600,19.940,19.859
91,EGT998081J17,09/10/2018,08/01/2019,"9,500,000,000","13,795,725,000","9,500,000,000",19.292,19.821,19.747
91,EGT998011J12,02/10/2018,01/01/2019,"9,750,000,000","16,428,100,000","10,606,950,000",19.349,19.768,19.711
91,EGT9980PCI13,25/09/2018,25/12/2018,"8,250,000,000","15,049,975,000","9,598,000,000",19.349,19.675,19.620
91,EGT9980ICI12,18/09/2018,18/12/2018,"8,250,000,000","9,766,325,000","8,250,000,000",19.001,19.578,19.435
91,EGT9980BCI19,11/09/2018,11/12/2018,"8,500,000,000","8,772,225,000","5,632,625,000",18.948,19.380,19.313
91,EGT99804CI10,04/09/2018,04/12/2018,"8,250,000,000","13,696,550,000","8,661,550,000",18.988,19.279,19.179
91,EGT9980RBI12,28/08/2018,27/11/2018,"8,500,000,000","18,359,625,000","9,196,325,000",18.250,19.120,19.059
91,EGT9980KBI19,21/08/2018,20/11/2018,"8,250,000,000","10,227,650,000","8,250,000,000",18.250,19.089,18.845
91,EGT9980DBI18,14/08/2018,13/11/2018,"8,250,000,000","11,215,000,000","8,037,200,000",18.250,18.711,18.615
91,EGT99806BI19,07/08/2018,06/11/2018,"8,500,000,000","18,567,750,000","9,358,575,000",18.250,18.649,18.596
91,EGT9980YAI14,31/07/2018,30/10/2018,"8,250,000,000","17,912,125,000","8,513,400,000",18.478,18.742,18.713
91,EGT9980NAI17,24/07/2018,23/10/2018,"8,250,000,000","22,676,975,000","8,250,000,000",18.500,19.019,18.973
91,EGT9980GAI16,17/07/2018,16/10/2018,"8,250,000,000","25,703,275,000","8,453,525,000",19.001,19.393,19.364
91,EGT99809AI17,10/07/2018,09/10/2018,"8,500,000,000","18,090,025,000","6,923,150,000",19.001,19.759,19.690
91,EGT99802AI14,03/07/2018,02/10/2018,"8,250,000,000","15,505,900,000","11,912,075,000",18.439,19.600,19.531
91,EGT9980P9I16,26/06/2018,25/09/2018,"7,750,000,000","14,472,600,000","8,102,125,000",18.649,19.539,19.468
91,EGT9980I9I11,19/06/2018,18/09/2018,"7,750,000,000","11,803,025,000","7,812,425,000",18.500,18.970,18.841
91,EGT9980C3J19,12/06/2018,12/03/2019,"9,500,000,000","14,123,375,000","9,500,000,000",19.001,19.781,19.599
91,EGT998049I19,05/06/2018,04/09/2018,"7,750,000,000","16,457,250,000","7,805,375,000",18.799,19.080,18.977
91,EGT9980S8I11,29/05/2018,28/08/2018,"7,500,000,000","11,568,750,000","7,127,400,000",18.500,19.279,19.158
91,EGT9980L8I16,22/05/2018,21/08/2018,"7,250,000,000","10,030,300,000","5,166,800,000",17.900,19.221,19.125
91,EGT9980K8J17,21/05/2018,20/08/2019,"8,500,000,000","12,860,400,000","8,378,800,000",17.301,17.642,17.567
91,EGT9980E8I11,15/05/2018,14/08/2018,"7,500,000,000","9,406,775,000","2,525,475,000",17.401,18.250,18.127
91,EGT998078I13,08/05/2018,07/08/2018,"7,750,000,000","13,155,400,000","8,832,775,000",15.649,17.550,17.476
91,EGT9980V7I16,01/05/2018,31/07/2018,"7,000,000,000","16,027,675,000","8,736,675,000",17.000,17.528,17.450
91,EGT9980O7I11,24/04/2018,24/07/2018,"7,250,000,000","18,005,950,000","7,434,025,000",17.200,17.711,17.651
91,EGT9980H7I15,17/04/2018,17/07/2018,"7,250,000,000","19,481,875,000","8,228,375,000",17.000,17.908,17.824
91,EGT9980A7I10,10/04/2018,10/07/2018,"7,250,000,000","12,981,350,000","8,403,475,000",17.401,18.000,17.749
91,EGT998037I13,03/04/2018,03/07/2018,"7,500,000,000","11,150,875,000","8,730,575,000",17.248,17.882,17.628
91,EGT9980Q6I17,27/03/2018,26/06/2018,"6,750,000,000","12,261,050,000","6,715,100,000",17.502,18.070,17.999
91,EGT9980J6I12,20/03/2018,19/06/2018,"6,750,000,000","14,247,375,000","7,433,425,000",17.248,18.000,17.896
91,EGT9980C6I17,13/03/2018,12/06/2018,"7,250,000,000","17,547,075,000","8,748,625,000",17.502,17.992,17.888
91,EGT998056I19,06/03/2018,05/06/2018,"7,250,000,000","17,982,825,000","8,309,875,000",17.690,18.088,17.989
91,EGT9980T5I12,27/02/2018,29/05/2018,"7,500,000,000","11,187,150,000","6,499,650,000",17.449,18.140,17.989
91,EGT9980M5I17,20/02/2018,22/05/2018,"7,000,000,000","8,595,875,000","6,990,875,000",17.000,17.992,17.746
91,EGT9980F5I11,13/02/2018,15/05/2018,"7,250,000,000","11,543,600,000","6,685,775,000",17.248,17.838,17.635
91,EGT998085I14,06/02/2018,08/05/2018,"7,000,000,000","12,499,875,000","8,992,000,000",17.349,17.930,17.652
91,EGT998015I19,30/01/2018,01/05/2018,"6,500,000,000","13,366,650,000","7,167,300,000",17.799,18.101,18.006
91,EGT9980O4I14,23/01/2018,24/04/2018,"6,500,000,000","15,687,275,000","6,589,250,000",18.000,18.452,18.362
91,EGT9980H4I18,16/01/2018,17/04/2018,"6,750,000,000","22,511,950,000","7,908,225,000",17.952,18.579,18.394
91,EGT9980A4I13,09/01/2018,10/04/2018,"6,500,000,000","13,009,000,000","6,500,000,000",18.900,19.301,19.202
91,EGT998034I16,02/01/2018,03/04/2018,"6,500,000,000","8,715,100,000","6,500,000,000",18.500,19.349,19.223
91,EGT9980R3I18,26/12/2017,27/03/2018,"6,500,000,000","8,181,625,000","6,500,000,000",18.000,19.050,18.770
91,EGT9980K3I13,19/12/2017,20/03/2018,"6,500,000,000","14,240,075,000","7,279,325,000",18.399,18.988,18.919
91,EGT9980D3I18,12/12/2017,13/03/2018,"6,750,000,000","12,902,475,000","6,865,125,000",18.430,19.331,19.257
91,EGT998063I10,05/12/2017,06/03/2018,"7,250,000,000","12,670,550,000","9,920,550,000",18.500,19.301,19.171
91,EGT9980R2I19,28/11/2017,27/02/2018,"6,500,000,000","11,723,350,000","9,483,350,000",18.399,19.010,18.869
91,EGT9980K2I14,21/11/2017,20/02/2018,"6,750,000,000","9,625,775,000","8,680,775,000",18.101,18.720,18.625
91,EGT9980D2I19,14/11/2017,13/02/2018,"7,500,000,000","10,600,825,000","9,293,075,000",18.000,18.570,18.470
91,EGT998062I11,07/11/2017,06/02/2018,"6,750,000,000","13,001,075,000","7,741,675,000",18.000,18.439,18.387
91,EGT9980Y1I16,31/10/2017,30/01/2018,"6,500,000,000","22,040,275,000","6,500,000,000",18.399,18.658,18.571
91,EGT9980N1I19,24/10/2017,23/01/2018,"6,500,000,000","17,171,875,000","7,519,925,000",17.970,18.878,18.821
91,EGT9980G1I13,17/10/2017,16/01/2018,"6,500,000,000","17,070,100,000","9,018,300,000",18.500,19.001,18.948
91,EGT998091I16,10/10/2017,09/01/2018,"6,750,000,000","15,340,050,000","8,164,550,000",18.202,19.190,19.092
91,EGT998021I11,03/10/2017,02/01/2018,"6,500,000,000","13,435,025,000","8,541,025,000",18.000,18.948,18.826
91,EGT9980QCH13,26/09/2017,26/12/2017,"6,250,000,000","12,457,675,000","7,688,825,000",17.900,18.601,18.460
91,EGT9980JCH12,19/09/2017,19/12/2017,"6,500,000,000","15,830,050,000","7,726,675,000",18.000,18.962,18.864
91,EGT9980CCH19,12/09/2017,12/12/2017,"6,250,000,000","17,183,650,000","7,304,975,000",18.202,19.058,18.976
91,EGT99805CH10,05/09/2017,05/12/2017,"5,750,000,000","8,901,275,000","5,919,725,000",18.298,19.649,19.501
91,EGT9980SBH12,29/08/2017,28/11/2017,"6,500,000,000","9,097,275,000","7,155,275,000",18.500,19.481,19.379
91,EGT9980LBH19,22/08/2017,21/11/2017,"6,750,000,000","13,065,900,000","8,131,350,000",17.698,19.151,19.059
91,EGT9980EBH18,15/08/2017,14/11/2017,"7,000,000,000","10,153,200,000","8,745,750,000",17.799,19.252,19.080
91,EGT99807BH19,08/08/2017,07/11/2017,"7,250,000,000","15,522,600,000","8,844,325,000",18.298,19.389,19.131
91,EGT9980VAH18,01/08/2017,31/10/2017,"6,500,000,000","14,169,400,000","7,897,075,000",20.201,20.919,20.767
91,EGT9980OAH17,25/07/2017,24/10/2017,"6,250,000,000","16,801,600,000","6,704,875,000",20.498,21.698,21.564
91,EGT9980HAH16,18/07/2017,17/10/2017,"6,250,000,000","20,463,775,000","7,111,550,000",20.999,22.001,21.920
91,EGT9980AAH13,11/07/2017,10/10/2017,"6,500,000,000","10,648,450,000","6,500,000,000",18.562,22.990,22.523
91,EGT99803AH14,04/07/2017,03/10/2017,"6,250,000,000","11,548,175,000","7,105,550,000",19.998,21.102,20.970
91,EGT9980Q9H15,27/06/2017,26/09/2017,"6,250,000,000","7,744,475,000","5,533,475,000",19.998,20.782,20.375
91,EGT9980J9H10,20/06/2017,19/09/2017,"6,250,000,000","9,958,600,000","6,889,600,000",19.799,20.312,20.244
91,EGT9980C9H15,13/06/2017,12/09/2017,"6,500,000,000","13,815,500,000","6,500,000,000",18.799,20.334,20.263
91,EGT998059H17,06/06/2017,05/09/2017,"6,250,000,000","14,425,550,000","6,250,000,000",19.998,20.418,20.338
91,EGT9980T8H10,30/05/2017,29/08/2017,"6,500,000,000","14,885,075,000","6,500,000,000",19.001,20.671,20.519
91,EGT9980M8H15,23/05/2017,22/08/2017,"6,250,000,000","10,963,750,000","7,413,100,000",16.652,19.539,19.493
91,EGT9980F8H19,16/05/2017,15/08/2017,"6,250,000,000","11,363,250,000","6,768,600,000",19.001,19.389,19.332
91,EGT998088H12,09/05/2017,08/08/2017,"6,250,000,000","14,776,475,000","8,528,475,000",19.001,19.301,19.224
91,EGT998018H17,02/05/2017,01/08/2017,"6,250,000,000","14,089,400,000","9,116,600,000",18.838,19.301,19.273
91,EGT9980P7H19,25/04/2017,25/07/2017,"6,250,000,000","14,177,975,000","7,592,900,000",19.001,19.389,19.350
91,EGT9980I7H14,18/04/2017,18/07/2017,"6,250,000,000","11,571,350,000","8,379,225,000",19.001,19.428,19.397
91,EGT9980B7H19,11/04/2017,11/07/2017,"6,500,000,000","13,246,975,000","6,928,200,000",18.500,19.450,19.413
91,EGT998047H12,04/04/2017,04/07/2017,"6,250,000,000","11,958,800,000","6,736,500,000",18.500,19.468,19.418
91,EGT9980R6H16,28/03/2017,27/06/2017,"6,000,000,000","11,489,100,000","6,000,000,000",19.076,19.442,19.375
91,EGT9980K6H11,21/03/2017,20/06/2017,"5,750,000,000","10,779,575,000","5,750,000,000",19.001,19.468,19.431
91,EGT9980D6H16,14/03/2017,13/06/2017,"5,750,000,000","10,642,250,000","5,750,000,000",18.250,19.569,19.388
91,EGT998066H18,07/03/2017,06/06/2017,"6,250,000,000","6,316,300,000","6,106,300,000",18.461,19.998,19.704
91,EGT9980Y5H13,28/02/2017,30/05/2017,"5,750,000,000","9,062,025,000","5,750,000,000",16.699,19.239,19.094
91,EGT9980N5H16,21/02/2017,23/05/2017,"6,000,000,000","9,133,800,000","6,000,000,000",16.200,18.636,18.493
91,EGT9980G5H10,14/02/2017,16/05/2017,"5,750,000,000","15,784,825,000","6,117,425,000",16.752,17.200,17.050
91,EGT998095H13,07/02/2017,09/05/2017,"5,750,000,000","10,334,150,000","5,750,000,000",18.000,18.860,18.621
91,EGT998025H18,31/01/2017,02/05/2017,"5,750,000,000","9,534,500,000","5,750,000,000",18.702,19.001,18.938
91,EGT9980P4H12,24/01/2017,25/04/2017,"5,750,000,000","12,266,525,000","6,400,175,000",18.500,19.019,18.956
91,EGT9980I4H17,17/01/2017,18/04/2017,"6,000,000,000","14,336,925,000","6,000,000,000",18.000,19.058,19.017
91,EGT9980B4H12,10/01/2017,11/04/2017,"6,000,000,000","18,099,725,000","6,410,525,000",18.737,18.948,18.889
91,EGT998044H15,03/01/2017,04/04/2017,"5,750,000,000","9,551,125,000","5,750,000,000",19.001,19.252,19.155
91,EGT9980S3H17,27/12/2016,28/03/2017,"4,500,000,000","10,250,425,000","4,500,000,000",18.250,19.120,19.036
91,EGT9980L3H12,20/12/2016,21/03/2017,"4,500,000,000","9,699,625,000","4,500,000,000",18.500,18.979,18.917
91,EGT9980E3H17,13/12/2016,14/03/2017,"4,500,000,000","8,281,100,000","4,500,000,000",18.000,18.768,18.513
91,EGT998073H19,06/12/2016,07/03/2017,"4,500,000,000","9,843,625,000","4,500,000,000",17.000,18.298,18.240
91,EGT9980S2H18,29/11/2016,28/02/2017,"4,500,000,000","9,434,975,000","5,226,100,000",16.900,18.290,18.186
91,EGT9980L2H13,22/11/2016,21/02/2017,"5,750,000,000","10,061,000,000","5,750,000,000",16.852,17.851,17.744
91,EGT9980E2H18,15/11/2016,14/02/2017,"6,000,000,000","12,978,950,000","6,000,000,000",17.000,18.500,18.028
91,EGT9980O1H18,25/10/2016,24/01/2017,"5,750,000,000","7,890,100,000","5,848,100,000",14.401,14.681,14.594
91,EGT9980H1H12,18/10/2016,17/01/2017,"5,500,000,000","11,503,050,000","6,260,975,000",14.380,14.539,14.504
91,EGT9980A1H17,11/10/2016,10/01/2017,"5,750,000,000","13,396,550,000","5,750,000,000",14.401,14.552,14.507
91,EGT998031H10,04/10/2016,03/01/2017,"5,500,000,000","14,216,725,000","5,500,000,000",14.500,14.608,14.593
91,EGT9980RCG13,27/09/2016,27/12/2016,"6,000,000,000","14,736,000,000","6,000,000,000",14.251,14.841,14.775
91,EGT9980KCG10,20/09/2016,20/12/2016,"5,750,000,000","8,139,400,000","5,750,000,000",14.001,14.992,14.921
91,EGT9980DCG19,13/09/2016,13/12/2016,"6,000,000,000","9,841,650,000","6,000,000,000",14.001,14.979,14.908
91,EGT99806CG10,06/09/2016,06/12/2016,"5,750,000,000","10,023,950,000","5,750,000,000",13.898,14.569,14.482
91,EGT9980TBG12,30/08/2016,29/11/2016,"4,750,000,000","9,742,025,000","4,750,000,000",13.499,14.096,14.030
91,EGT9980MBG19,23/08/2016,22/11/2016,"4,750,000,000","14,652,475,000","4,750,000,000",13.950,14.053,14.035
91,EGT9980FBG18,16/08/2016,15/11/2016,"4,750,000,000","13,514,625,000","4,750,000,000",13.950,14.169,14.154
91,EGT99808BG19,09/08/2016,08/11/2016,"4,750,000,000","12,405,775,000","4,750,000,000",13.851,14.130,14.089
91,EGT99801BG16,02/08/2016,01/11/2016,"4,750,000,000","11,461,425,000","4,750,000,000",14.083,14.268,14.212
91,EGT9980PAG17,26/07/2016,25/10/2016,"4,750,000,000","8,261,000,000","4,750,000,000",14.001,14.341,14.272
91,EGT9980IAG16,19/07/2016,18/10/2016,"4,750,000,000","8,804,950,000","4,750,000,000",13.988,14.199,14.149
91,EGT9980BAG13,12/07/2016,11/10/2016,"4,750,000,000","8,048,250,000","4,750,000,000",13.800,14.169,14.093
91,EGT99804AG14,05/07/2016,04/10/2016,"4,750,000,000","8,368,425,000","4,750,000,000",13.898,14.019,13.974
91,EGT9980R9G14,28/06/2016,27/09/2016,"4,500,000,000","9,613,975,000","4,500,000,000",13.890,13.997,13.960
91,EGT9980K9G19,21/06/2016,20/09/2016,"4,500,000,000","8,226,600,000","4,500,000,000",12.900,14.100,14.051
91,EGT9980D9G14,14/06/2016,13/09/2016,"4,500,000,000","8,879,050,000","4,500,000,000",12.802,13.101,13.062
91,EGT998069G16,07/06/2016,06/09/2016,"4,500,000,000","8,774,725,000","4,500,000,000",12.499,12.999,12.955
91,EGT9980Y8G11,31/05/2016,30/08/2016,"4,500,000,000","8,732,225,000","4,500,000,000",12.751,12.909,12.858
91,EGT9980N8G14,24/05/2016,23/08/2016,"4,500,000,000","8,207,700,000","4,500,000,000",12.789,12.990,12.949
91,EGT9980G8G18,17/05/2016,16/08/2016,"4,500,000,000","8,657,825,000","4,500,000,000",12.751,12.862,12.836
91,EGT998098G11,10/05/2016,09/08/2016,"4,500,000,000","9,680,325,000","4,500,000,000",12.699,12.870,12.839
91,EGT998057G10,04/05/2016,07/05/2016,"4,500,000,000","10,892,625,000","4,500,000,000",12.887,12.999,12.950
91,EGT998028G16,03/05/2016,02/08/2016,"4,500,000,000","7,904,900,000","4,500,000,000",12.981,12.999,12.994
91,EGT9980J7G13,19/04/2016,19/07/2016,"4,500,000,000","8,000,225,000","4,500,000,000",12.601,12.990,12.914
91,EGT9980C7G18,12/04/2016,07/12/2016,"4,500,000,000","10,312,075,000","4,500,000,000",12.699,12.810,12.770
91,EGT998076G17,08/03/2016,07/06/2016,"3,500,000,000","9,220,875,000","3,500,000,000",11.300,11.618,11.596
91,EGT998096F14,03/10/2015,06/09/2015,"2,500,000,000","5,318,025,000","2,500,000,000",10.999,11.219,11.186
91,EGT9980V3F13,30/12/2014,31/03/2015,"2,500,000,000","6,245,925,000","2,500,000,000",11.402,11.69,11.652
91,EGT9980O3F18,23/12/2014,24/03/2015,"2,500,000,000","4,246,675,000","2,500,000,000",11.249,11.571,11.459
91,EGT9980H3F12,16/12/2014,17/03/2015,"2,500,000,000","5,158,125,000","2,500,000,000",11.3,11.444,11.419
91,EGT9980A3F17,09/12/2014,10/03/2015,"2,500,000,000","6,842,700,000","2,500,000,000",11.402,11.478,11.446
91,EGT998033F10,02/12/2014,03/03/2015,"2,500,000,000","5,772,350,000","2,500,000,000",11.448,11.588,11.568
91,EGT9980O2F19,25/11/2014,24/02/2015,"2,500,000,000","8,297,375,000","2,500,000,000",11.486,11.597,11.573
91,EGT9980H2F13,18/11/2014,17/02/2015,"2,500,000,000","5,930,350,000","2,500,000,000",11.601,11.741,11.703
91,EGT9980A2F18,11/11/2014,10/02/2015,"2,500,000,000","3,625,125,000","2,500,000,000",11.478,11.72,11.611
91,EGT998032F11,04/11/2014,03/02/2015,"2,500,000,000","4,624,850,000","2,500,000,000",11.491,11.601,11.589
91,EGT9980R1F13,28/10/2014,27/01/2015,"2,500,000,000","3,951,725,000","2,500,000,000",11.499,11.652,11.579
91,EGT9980K1F18,21/10/2014,20/01/2015,"2,500,000,000","4,397,725,000","2,500,000,000",11.499,11.609,11.58
91,EGT9980D1F13,14/10/2014,13/01/2015,"2,500,000,000","4,295,500,000","2,500,000,000",11.44,11.609,11.564
91,EGT998061F15,07/10/2014,06/01/2015,"2,500,000,000","4,903,600,000","2,500,000,000",11.249,11.584,11.55
91,EGT9980YCE16,30/09/2014,30/12/2014,"2,500,000,000","4,965,425,000","2,500,000,000",11.499,11.631,11.605
91,EGT9980NCE19,23/09/2014,23/12/2014,"2,500,000,000","5,986,075,000","2,500,000,000",11.682,11.779,11.758
91,EGT9980GCE18,16/09/2014,16/12/2014,"2,500,000,000","4,165,350,000","2,500,000,000",11.652,11.869,11.828
91,EGT99809CE19,09/09/2014,09/12/2014,"2,500,000,000","6,427,625,000","2,500,000,000",11.499,11.788,11.765
91,EGT99802CE16,02/09/2014,02/12/2014,"2,500,000,000","4,826,700,000","2,500,000,000",11.491,11.822,11.788
91,EGT9980PBE18,26/08/2014,25/11/2014,"2,500,000,000","4,416,975,000","938,225,000",11.402,11.75,11.683
91,EGT9980IBE17,19/08/2014,18/11/2014,"2,500,000,000","5,563,900,000","2,500,000,000",11.351,11.601,11.558
91,EGT9980BBE14,12/08/2014,11/11/2014,"2,500,000,000","6,987,325,000","2,500,000,000",11.652,11.728,11.697
91,EGT99804BE15,05/08/2014,04/11/2014,"2,500,000,000","5,498,700,000","2,500,000,000",11.72,11.949,11.932
91,EGT9980SAE16,29/07/2014,28/10/2014,"2,500,000,000","5,590,900,000","2,500,000,000",11.699,11.979,11.912
91,EGT9980LAE13,22/07/2014,21/10/2014,"2,500,000,000","3,197,450,000","2,500,000,000",10.749,11.979,11.826
91,EGT9980EAE12,15/07/2014,14/10/2014,"2,000,000,000","4,969,700,000","2,000,000,000",10.251,10.804,10.781
91,EGT99807AE13,08/07/2014,07/10/2014,"2,500,000,000","5,125,875,000","2,500,000,000",10.551,10.808,10.753
91,EGT9980Y9E12,01/07/2014,30/09/2014,"2,000,000,000","3,842,350,000","2,000,000,000",10.601,10.698,10.672
91,EGT9980N9E15,24/06/2014,23/09/2014,"2,500,000,000","4,591,625,000","2,500,000,000",10.589,10.669,10.636
91,EGT9980G9E19,17/06/2014,16/09/2014,"2,500,000,000","4,791,050,000","2,500,000,000",9.733,10.72,10.677
91,EGT998099E12,10/06/2014,09/09/2014,"2,000,000,000","3,254,150,000","2,000,000,000",10.479,10.72,10.57
91,EGT998029E17,03/06/2014,02/09/2014,"2,000,000,000","2,725,825,000","2,000,000,000",10.352,10.631,10.515
91,EGT9980Q8E19,27/05/2014,26/08/2014,"2,000,000,000","3,615,400,000","2,000,000,000",10.352,10.475,10.423
91,EGT9980J8E14,20/05/2014,19/08/2014,"2,000,000,000","4,246,100,000","2,000,000,000",10.382,10.491,10.449
91,EGT9980C8E19,13/05/2014,12/08/2014,"2,000,000,000","5,579,250,000","2,000,000,000",10.065,10.61,10.564
91,EGT998058E11,06/05/2014,05/08/2014,"2,000,000,000","3,088,450,000","2,000,000,000",10.352,10.741,10.637
91,EGT9980T7E14,29/04/2014,29/07/2014,"2,000,000,000","3,199,975,000","2,000,000,000",10.382,10.449,10.423
91,EGT9980M7E19,22/04/2014,22/07/2014,"2,000,000,000","3,504,275,000","2,000,000,000",10.361,10.428,10.393
91,EGT9980F7E13,15/04/2014,15/07/2014,"2,000,000,000","3,448,625,000","2,000,000,000",10.318,10.415,10.388
91,EGT998087E16,08/04/2014,08/07/2014,"2,000,000,000","3,522,825,000","2,000,000,000",10.2,10.449,10.417
91,EGT998017E11,01/04/2014,01/07/2014,"2,000,000,000","2,735,450,000","1,406,500,000",10.15,10.42,10.372
91,EGT9980O6E16,25/03/2014,24/06/2014,"2,000,000,000","3,625,750,000","2,000,000,000",10.179,10.331,10.226
91,EGT9980H6E10,18/03/2014,17/06/2014,"2,000,000,000","4,822,575,000","2,000,000,000",10.192,10.272,10.244
91,EGT9980A6E15,11/03/2014,10/06/2014,"2,000,000,000","4,981,850,000","2,000,000,000",10.15,10.301,10.269
91,EGT998036E18,04/03/2014,03/06/2014,"2,000,000,000","4,671,900,000","2,000,000,000",10.048,10.289,10.206
91,EGT9980R5E10,25/02/2014,27/05/2014,"2,000,000,000","5,762,075,000","2,000,000,000",10.112,10.158,10.151
91,EGT9980K5E15,18/02/2014,20/05/2014,"2,000,000,000","4,398,675,000","2,000,000,000",10.15,10.221,10.195
91,EGT9980D5E10,11/02/2014,13/05/2014,"2,000,000,000","5,409,925,000","2,000,000,000",10.15,10.259,10.22
91,EGT998065E12,04/02/2014,06/05/2014,"2,000,000,000","5,132,750,000","2,000,000,000",10.272,10.352,10.317
91,EGT9980T4E17,28/01/2014,29/04/2014,"2,000,000,000","5,960,075,000","2,000,000,000",10.2,10.399,10.373
91,EGT9980M4E12,21/01/2014,22/04/2014,"2,000,000,000","4,245,275,000","2,000,000,000",10.002,10.42,10.377
91,EGT9980F4E16,14/01/2014,15/04/2014,"2,000,000,000","5,301,900,000","2,000,000,000",10.28,10.39,10.342
91,EGT998084E19,07/01/2014,08/04/2014,"2,000,000,000","4,400,650,000","2,000,000,000",10.301,10.441,10.392
91,EGT998014E14,31/12/2013,01/04/2014,"1,500,000,000","4,338,300,000","1,500,000,000",10.002,10.58,10.533
91,EGT9980P3E16,24/12/2013,25/03/2014,"2,000,000,000","5,471,675,000","2,000,000,000",10.251,10.601,10.571
91,EGT9980I3E11,17/12/2013,18/03/2014,"2,000,000,000","3,094,675,000","2,000,000,000",10.002,10.441,10.347
91,EGT9980B3E16,10/12/2013,11/03/2014,"2,000,000,000","5,653,950,000","2,000,000,000",10.099,10.272,10.217
91,EGT998043E19,03/12/2013,04/03/2014,"2,000,000,000","5,345,025,000","2,000,000,000",10.5,10.652,10.624
91,EGT9980P2E17,26/11/2013,25/02/2014,"2,000,000,000","5,645,350,000","2,000,000,000",10.5,10.69,10.662
91,EGT9980I2E12,19/11/2013,18/02/2014,"2,000,000,000","7,441,650,000","2,000,000,000",10.69,10.838,10.799
91,EGT9980B2E17,12/11/2013,11/02/2014,"2,000,000,000","7,836,225,000","2,000,000,000",10.902,11.012,10.993
91,EGT998042E10,05/11/2013,04/02/2014,"2,000,000,000","4,918,100,000","2,000,000,000",10.749,11.041,11.013
91,EGT9980S1E12,29/10/2013,28/01/2014,"2,000,000,000","5,506,125,000","2,000,000,000",10.902,11.02,11.003
91,EGT9980L1E17,22/10/2013,21/01/2014,"2,000,000,000","3,649,950,000","2,000,000,000",10.77,10.948,10.904
91,EGT9980E1E12,15/10/2013,14/01/2014,"2,000,000,000","3,584,500,000","2,000,000,000",10.491,10.931,10.758
91,EGT998071E14,08/10/2013,07/01/2014,"2,000,000,000","3,976,400,000","2,000,000,000",10.601,10.931,10.844
91,EGT9980VCD10,01/10/2013,31/12/2013,"2,000,000,000","4,744,975,000","2,000,000,000",10.5,11.092,11.037
91,EGT9980OCD19,24/09/2013,24/12/2013,"2,000,000,000","3,632,325,000","2,000,000,000",10.5,11.168,10.949
91,EGT9980HCD18,17/09/2013,17/12/2013,"2,000,000,000","3,292,500,000","2,000,000,000",10.5,10.88,10.688
91,EGT9980ACD15,10/09/2013,10/12/2013,"2,000,000,000","3,201,975,000","2,000,000,000",10.999,11.542,11.498
91,EGT99803CD16,03/09/2013,03/12/2013,"2,000,000,000","3,324,675,000","2,000,000,000",11.372,11.55,11.473
91,EGT9980QBD18,27/08/2013,26/11/2013,"2,000,000,000","4,293,875,000","2,000,000,000",11.249,11.652,11.613
91,EGT9980JBD17,20/08/2013,19/11/2013,"2,000,000,000","2,701,450,000","2,000,000,000",10.002,11.639,11.444
91,EGT9980CBD14,13/08/2013,12/11/2013,"2,000,000,000","4,343,050,000","2,000,000,000",11.198,11.41,11.261
91,EGT99805BD15,06/08/2013,05/11/2013,"2,000,000,000","6,273,150,000","2,000,000,000",11.55,11.66,11.607
91,EGT9980TAD16,30/07/2013,29/10/2013,"2,000,000,000","6,032,500,000","2,000,000,000",12.452,12.58,12.513
91,EGT9980MAD13,23/07/2013,22/10/2013,"2,000,000,000","4,892,150,000","2,000,000,000",12.601,12.951,12.851
91,EGT9980FAD12,16/07/2013,15/10/2013,"2,000,000,000","4,877,150,000","2,000,000,000",12.951,13.298,13.237
91,EGT99808AD13,09/07/2013,08/10/2013,"2,000,000,000","4,426,750,000","2,000,000,000",13.491,13.89,13.741
91,EGT99801AD10,02/07/2013,01/10/2013,"2,000,000,000","2,955,775,000","2,000,000,000",14.199,14.569,14.371
91,EGT9980O9D14,25/06/2013,24/09/2013,"2,500,000,000","4,525,050,000","2,500,000,000",13.499,14.35,14.211
91,EGT9980H9D18,18/06/2013,17/09/2013,"3,000,000,000","4,618,075,000","3,000,000,000",13.8,14.16,14.025
91,EGT9980A9D13,11/06/2013,10/09/2013,"3,000,000,000","4,242,000,000","2,251,000,000",13.8,14.139,13.992
91,EGT998039D16,04/06/2013,03/09/2013,"3,000,000,000","3,809,075,000","2,437,675,000",13.748,14.139,13.963
91,EGT9980R8D18,28/05/2013,27/08/2013,"3,000,000,000","5,808,800,000","3,000,000,000",13.748,14.152,14.008
91,EGT9980K8D13,21/05/2013,20/08/2013,"3,000,000,000","3,743,475,000","1,500,000,000",13.748,14.552,14.288
91,EGT9980D8D18,14/05/2013,13/08/2013,"2,000,000,000","3,515,525,000","2,000,000,000",13.02,14.04,13.927
91,EGT9980Y7D15,30/04/2013,30/07/2013,"3,000,000,000","4,628,800,000","3,000,000,000",12.849,13.148,13.018
91,EGT9980N7D18,23/04/2013,23/07/2013,"3,000,000,000","7,012,275,000","3,000,000,000",13.208,13.371,13.317
91,EGT9980G7D12,16/04/2013,16/07/2013,"3,000,000,000","8,147,625,000","3,000,000,000",13.628,13.731,13.707
91,EGT998097D15,09/04/2013,09/07/2013,"3,000,000,000","5,656,300,000","3,000,000,000",13.298,13.95,13.805
91,EGT998027D10,02/04/2013,02/07/2013,"1,500,000,000","3,539,250,000","1,500,000,000",12.401,13.379,13.26
91,EGT9980P6D14,26/03/2013,25/06/2013,"1,500,000,000","1,579,400,000","1,000,000,000",12.252,12.999,12.868
91,EGT9980I6D19,19/03/2013,18/06/2013,"1,500,000,000","4,222,200,000","1,500,000,000",12.401,12.499,12.471
91,EGT9980B6D14,12/03/2013,11/06/2013,"1,500,000,000","3,944,450,000","1,500,000,000",12.55,12.64,12.616
91,EGT998046D17,05/03/2013,04/06/2013,"1,500,000,000","2,987,425,000","1,500,000,000",12.601,12.738,12.711
91,EGT9980S5D19,26/02/2013,28/05/2013,"1,500,000,000","4,030,725,000","1,500,000,000",12.252,12.781,12.723
91,EGT9980L5D14,19/02/2013,21/05/2013,"1,500,000,000","4,072,825,000","1,500,000,000",12.601,12.819,12.776
91,EGT9980E5D19,12/02/2013,14/05/2013,"1,500,000,000","4,292,925,000","1,500,000,000",12.499,12.909,12.872
91,EGT998075D11,05/02/2013,07/05/2013,"1,000,000,000","3,346,450,000","1,000,000,000",12.648,12.956,12.914
91,EGT9980Y4D18,29/01/2013,30/04/2013,"500,000,000","1,162,825,000","500,000,000",12.252,13.016,12.825
91,EGT9980N4D11,22/01/2013,23/04/2013,"500,000,000","1,219,050,000","500,000,000",12.648,12.981,12.884
91,EGT9980G4D15,15/01/2013,16/04/2013,"1,000,000,000","3,221,325,000","1,000,000,000",12.499,13.469,13.441
91,EGT998094D18,08/01/2013,09/04/2013,"1,000,000,000","1,924,800,000","1,000,000,000",12.999,13.8,13.581
91,EGT9980Q3D15,25/12/2012,26/03/2013,"1,000,000,000","1,555,625,000","1,000,000,000",12.751,13.037,12.964
91,EGT9980J3D10,18/12/2012,19/03/2013,"1,500,000,000","4,069,025,000","1,500,000,000",12.9,13.02,12.978
91,EGT9980C3D15,11/12/2012,12/03/2013,"1,500,000,000","2,835,875,000","1,500,000,000",12.999,13.328,13.239
91,EGT998053D17,04/12/2012,05/03/2013,"1,500,000,000","1,989,875,000","750,000,000",12.252,13.499,13.025
91,EGT9980Q2D16,27/11/2012,26/02/2013,"1,500,000,000","1,842,625,000","1,500,000,000",12.141,12.81,12.494
91,EGT9980J2D11,20/11/2012,19/02/2013,"1,000,000,000","1,993,950,000","1,000,000,000",12.098,12.328,12.299
91,EGT9980C2D16,13/11/2012,12/02/2013,"1,000,000,000","2,993,825,000","1,000,000,000",12.001,12.371,12.333
91,EGT998052D18,06/11/2012,05/02/2013,"1,000,000,000","1,666,425,000","900,000,000",12.001,12.482,12.438
91,EGT9980T1D11,30/10/2012,29/01/2013,"1,000,000,000","1,669,975,000","750,000,000",12.324,12.49,12.414
91,EGT9980M1D16,23/10/2012,22/01/2013,"1,000,000,000","2,884,875,000","1,000,000,000",12.175,12.49,12.361
91,EGT9980F1D10,16/10/2012,15/01/2013,"1,000,000,000","3,079,725,000","1,000,000,000",12.601,12.751,12.714
91,EGT998011D18,02/10/2012,01/01/2013,"1,000,000,000","1,241,225,000","1,000,000,000",12.001,13.238,12.941
91,EGT9980PCC19,25/09/2012,25/12/2012,"1,000,000,000","2,087,025,000","1,000,000,000",12.15,12.635,12.396
91,EGT9980BCC15,11/09/2012,11/12/2012,"1,000,000,000","3,596,500,000","1,000,000,000",13.701,13.769,13.747
91,EGT99804CC16,04/09/2012,04/12/2012,"1,000,000,000","2,443,600,000","1,000,000,000",14.1,14.169,14.15
91,EGT9980RBC18,28/08/2012,27/11/2012,"1,000,000,000","2,457,925,000","1,000,000,000",14.19,14.246,14.227
91,EGT9980KBC15,21/08/2012,20/11/2012,"1,000,000,000","2,145,825,000","1,000,000,000",14.19,14.264,14.241
91,EGT9980DBC14,14/08/2012,13/11/2012,"1,000,000,000","2,268,100,000","1,000,000,000",14.001,14.276,14.196
91,EGT99806BC15,07/08/2012,06/11/2012,"1,000,000,000","1,958,050,000","1,000,000,000",14.001,14.221,14.193
91,EGT9980YAC10,31/07/2012,30/10/2012,"2,500,000,000","5,354,375,000","2,500,000,000",14.001,14.242,14.196
91,EGT9980NAC13,24/07/2012,23/10/2012,"1,000,000,000","2,674,825,000","1,000,000,000",14.1,14.289,14.243
91,EGT9980GAC12,17/07/2012,16/10/2012,"2,500,000,000","5,484,600,000","2,500,000,000",14.255,14.431,14.372
91,EGT99809AC13,10/07/2012,09/10/2012,"2,500,000,000","5,323,025,000","2,500,000,000",14.251,14.629,14.498
91,EGT9980I9C17,19/06/2012,18/09/2012,"1,000,000,000","1,469,750,000","1,000,000,000",13.8,14.949,14.753
91,EGT998049C15,05/06/2012,04/09/2012,"1,000,000,000","1,206,525,000","1,000,000,000",14.298,14.69,14.45
91,EGT9980S8C17,29/05/2012,28/08/2012,"1,000,000,000","2,271,825,000","1,000,000,000",14.199,14.414,14.388
91,EGT9980E8C17,15/05/2012,14/08/2012,"1,000,000,000","1,406,325,000","1,000,000,000",13.8,14.44,14.314
91,EGT998078C19,08/05/2012,07/08/2012,"1,000,000,000","1,364,425,000","1,000,000,000",13.898,14.289,14.161
91,EGT9980O7C17,24/04/2012,24/07/2012,"2,000,000,000","2,760,075,000","2,000,000,000",13.701,14.049,13.938
91,EGT9980H7C11,17/04/2012,17/07/2012,"1,000,000,000","2,536,075,000","1,000,000,000",13.834,13.92,13.905
91,EGT9980A7C16,03/04/2012,03/07/2012,"2,000,000,000","3,566,975,000","2,000,000,000",13.769,14.079,14.008
91,EGT9980A4C19,10/01/2012,10/04/2012,"2,000,000,000","6,072,800,000","2,707,450,000",9.56,13.86,13.834
91,EGT9980R3C14,27/12/2011,27/03/2012,"2,000,000,000","5,621,600,000","3,000,000,000",13.8,13.984,13.95
91,EGT9980K3C19,20/12/2011,20/03/2012,"2,000,000,000","5,273,650,000","2,000,000,000",13.499,14.049,13.95
91,EGT9980D3C14,13/12/2011,13/03/2012,"1,500,000,000","6,195,875,000","1,500,000,000",13.98,14.1,14.057
91,EGT998063C16,06/12/2011,06/03/2012,"2,000,000,000","5,480,625,000","2,000,000,000",13.499,14.44,14.348
91,EGT9980S2C13,29/11/2011,28/02/2012,"2,000,000,000","2,730,450,000","2,000,000,000",12.648,14.599,14.258
91,EGT9980L2C18,22/11/2011,21/02/2012,"1,500,000,000","2,323,175,000","1,500,000,000",12.38,13.89,13.491
91,EGT9980E2C13,15/11/2011,14/02/2012,"2,000,000,000","3,132,800,000","2,000,000,000",12.15,12.892,12.781
91,EGT998072C15,08/11/2011,07/02/2012,"2,500,000,000","4,200,175,000","2,500,000,000",12.201,12.52,12.385
91,EGT9980V1C18,01/11/2011,31/01/2012,"1,500,000,000","2,986,500,000","1,500,000,000",12.098,12.35,12.298
91,EGT9980O1C13,25/10/2011,24/01/2012,"1,000,000,000","2,944,225,000","1,000,000,000",12.081,12.316,12.242
91,EGT9980H1C17,18/10/2011,17/01/2012,"1,500,000,000","5,509,925,000","1,500,000,000",12.299,12.469,12.431
91,EGT9980A1C12,11/10/2011,10/01/2012,"3,000,000,000","8,642,600,000","3,000,000,000",12.542,12.67,12.609
91,EGT998031C15,04/10/2011,03/01/2012,"3,000,000,000","8,168,200,000","3,000,000,000",12.699,12.862,12.794
91,EGT9980RCB18,27/09/2011,27/12/2011,"3,000,000,000","6,890,875,000","3,000,000,000",12.499,13.08,13.024
91,EGT9980KCB15,20/09/2011,20/12/2011,"2,000,000,000","3,492,500,000","2,000,000,000",12.001,13.101,12.93
91,EGT99806CB15,06/09/2011,06/12/2011,"1,500,000,000","3,032,775,000","1,500,000,000",11.949,12.111,12.053
91,EGT9980TBB17,30/08/2011,29/11/2011,"2,000,000,000","2,999,200,000","2,000,000,000",11.75,12.09,11.995
91,EGT9980MBB14,23/08/2011,22/11/2011,"1,500,000,000","3,230,050,000","1,500,000,000",11.75,11.949,11.928
91,EGT9980FBB13,16/08/2011,15/11/2011,"1,000,000,000","2,770,675,000","1,000,000,000",11.75,11.949,11.907
91,EGT99808BB14,09/08/2011,08/11/2011,"2,500,000,000","4,198,750,000","2,500,000,000",11.699,12.09,11.995
91,EGT99801BB11,02/08/2011,01/11/2011,"1,500,000,000","2,416,275,000","1,500,000,000",11.499,11.949,11.874
91,EGT9980PAB12,26/07/2011,25/10/2011,"2,000,000,000","3,046,175,000","2,000,000,000",10.999,11.83,11.756
91,EGT9980IAB11,19/07/2011,18/10/2011,"2,000,000,000","4,643,550,000","2,000,000,000",11.699,11.873,11.839
91,EGT9980BAB18,12/07/2011,11/10/2011,"2,000,000,000","3,706,550,000","2,000,000,000",11.75,11.992,11.934
91,EGT99804AB19,05/07/2011,04/10/2011,"2,000,000,000","3,041,100,000","1,000,000,000",12.001,12.15,12.112
91,EGT9980R9B19,28/06/2011,27/09/2011,"3,500,000,000","4,751,500,000","3,500,000,000",11.499,12.439,12.095
91,EGT9980K9B14,21/06/2011,20/09/2011,"3,000,000,000","4,217,225,000","3,000,000,000",11.631,11.949,11.761
91,EGT9980D9B19,14/06/2011,13/09/2011,"2,500,000,000","4,214,900,000","2,500,000,000",11.512,11.682,11.602
91,EGT998069B11,07/06/2011,06/09/2011,"2,000,000,000","3,625,075,000","2,000,000,000",11.55,11.639,11.598
91,EGT9980Y8B16,31/05/2011,30/08/2011,"2,000,000,000","4,289,000,000","2,500,000,000",11.486,11.652,11.561
91,EGT9980N8B19,24/05/2011,23/08/2011,"2,000,000,000","2,995,850,000","1,500,000,000",11.499,11.66,11.616
91,EGT9980G8B13,17/05/2011,16/08/2011,"2,000,000,000","3,934,475,000","2,000,000,000",11.38,11.66,11.603
91,EGT998098B16,10/05/2011,09/08/2011,"1,500,000,000","3,354,225,000","1,500,000,000",11.249,11.66,11.564
91,EGT998028B11,03/05/2011,02/08/2011,"1,500,000,000","2,792,450,000","1,500,000,000",11.151,11.669,11.445
91,EGT9980Q7B13,26/04/2011,26/07/2011,"1,500,000,000","2,190,450,000","1,500,000,000",11.13,11.469,11.348
91,EGT9980J7B18,19/04/2011,19/07/2011,"1,500,000,000","2,748,400,000","1,500,000,000",11.02,11.291,11.185
91,EGT9980C7B13,12/04/2011,12/07/2011,"1,500,000,000","2,748,425,000","1,500,000,000",10.99,11.198,11.079
91,EGT998057B15,05/04/2011,05/07/2011,"1,500,000,000","3,590,250,000","1,500,000,000",10.999,11.151,11.103
91,EGT9980S6B10,29/03/2011,28/06/2011,"1,500,000,000","3,593,950,000","1,500,000,000",11.134,11.24,11.201
91,EGT9980L6B15,22/03/2011,21/06/2011,"1,500,000,000","3,575,800,000","1,500,000,000",11.101,11.418,11.349
91,EGT9980E6B10,15/03/2011,14/06/2011,"1,000,000,000","2,834,300,000","1,000,000,000",11.334,11.529,11.456
91,EGT998076B12,08/03/2011,07/06/2011,"1,000,000,000","2,048,825,000","1,000,000,000",10.999,11.58,11.487
91,EGT9980V5B15,01/03/2011,31/05/2011,"2,000,000,000","2,650,000,000","2,000,000,000",10.8,11.351,11.097
91,EGT9980O5B10,22/02/2011,24/05/2011,"1,000,000,000","1,845,100,000","1,000,000,000",10.601,10.982,10.941
91,EGT9980H5B14,15/02/2011,17/05/2011,"3,000,000,000","4,920,125,000","3,000,000,000",10.698,10.999,10.949
91,EGT9980A5B19,08/02/2011,10/05/2011,"8,000,000,000","11,188,050,000","7,000,000,000",10.872,10.999,10.972
91,EGT9980Q4B16,25/01/2011,26/04/2011,"1,000,000,000","2,785,950,000","1,000,000,000",9.199,9.619,9.499
91,EGT9980J4B11,18/01/2011,19/04/2011,"1,000,000,000","4,004,250,000","1,000,000,000",9.09,9.308,9.203
91,EGT9980C4B16,11/01/2011,12/04/2011,"1,500,000,000","5,141,800,000","1,500,000,000",9.451,9.539,9.515
91,EGT998054B18,04/01/2011,05/04/2011,"1,000,000,000","2,910,150,000","1,000,000,000",9.501,9.8,9.751
91,EGT9980M3B16,21/12/2010,22/03/2011,"1,000,000,000","1,237,000,000","975,000,000",9.002,9.598,9.277
91,EGT998083B13,07/12/2010,08/03/2011,"1,500,000,000","2,340,500,000","500,000,000",8.801,9.098,9.031
91,EGT9980F2B11,16/11/2010,15/02/2011,"500,000,000","1,554,075,000","500,000,000",8.549,8.742,8.681
91,EGT998082B14,09/11/2010,08/02/2011,"1,000,000,000","3,851,875,000","1,000,000,000",8.901,9.086,9.059
91,EGT998012B19,02/11/2010,01/02/2011,"1,000,000,000","3,074,875,000","1,000,000,000",9.279,9.379,9.292
91,EGT9980P1B11,26/10/2010,25/01/2011,"2,000,000,000","4,296,775,000","2,000,000,000",8.88,9.459,9.348
91,EGT9980I1B16,19/10/2010,18/01/2011,"1,000,000,000","2,781,175,000","1,000,000,000",8.75,8.939,8.823
91,EGT9980B1B11,12/10/2010,11/01/2011,"2,000,000,000","5,747,875,000","2,000,000,000",8.801,8.964,8.916
91,EGT998041B14,05/10/2010,04/01/2011,"1,000,000,000","3,747,850,000","1,000,000,000",9.052,9.186,9.144
91,EGT9980SCA18,28/09/2010,28/12/2010,"2,500,000,000","6,583,925,000","2,500,000,000",9.375,9.438,9.422
91,EGT9980LCA15,21/09/2010,21/12/2010,"2,000,000,000","8,256,100,000","2,000,000,000",9.476,9.527,9.499
91,EGT9980ECA14,14/09/2010,14/12/2010,"1,500,000,000","4,736,625,000","1,500,000,000",9.564,9.623,9.583
91,EGT99807CA15,07/09/2010,07/12/2010,"1,000,000,000","3,555,925,000","1,000,000,000",9.501,9.648,9.637
91,EGT9980YBA11,31/08/2010,30/11/2010,"1,500,000,000","4,345,000,000","1,500,000,000",9.552,9.699,9.662
91,EGT9980NBA14,24/08/2010,23/11/2010,"1,500,000,000","4,761,425,000","1,500,000,000",9.569,9.699,9.656
91,EGT9980GBA13,17/08/2010,16/11/2010,"1,000,000,000","2,769,325,000","1,000,000,000",9.4,9.8,9.708
91,EGT99809BA14,10/08/2010,09/11/2010,"2,000,000,000","8,231,775,000","2,000,000,000",9.468,9.552,9.501
91,EGT9980KBA17,03/08/2010,02/11/2010,"1,000,000,000","3,909,800,000","1,000,000,000",9.985,10.078,10.013
91,EGT9980QAA12,27/07/2010,26/10/2010,"1,500,000,000","2,601,650,000","1,500,000,000",10.002,10.192,10.159
91,EGT9980JAA11,20/07/2010,19/10/2010,"1,000,000,000","2,396,025,000","1,000,000,000",10.002,10.192,10.146
91,EGT9980CAA18,13/07/2010,12/10/2010,"1,500,000,000","2,911,450,000","1,500,000,000",10.091,10.2,10.162
91,EGT99805AA19,06/07/2010,05/10/2010,"1,000,000,000","2,166,900,000","1,000,000,000",10.048,10.192,10.146
91,EGT9980S9A18,29/06/2010,28/09/2010,"1,000,000,000","1,975,200,000","1,000,000,000",10.002,10.209,10.179
91,EGT9980L9A13,22/06/2010,21/09/2010,"1,000,000,000","2,654,325,000","1,000,000,000",10.002,10.251,10.222
91,EGT9980E9A18,15/06/2010,14/09/2010,"1,000,000,000","2,186,000,000","1,000,000,000",9.989,10.301,10.27
91,EGT998079A10,08/06/2010,07/09/2010,"1,000,000,000","2,753,050,000","1,000,000,000",10.23,10.339,10.295
91,EGT9980V8A13,01/06/2010,31/08/2010,"1,000,000,000","2,502,750,000","1,000,000,000",10.15,10.301,10.24
91,EGT9980O8A18,25/05/2010,24/08/2010,"1,000,000,000","1,868,725,000","1,000,000,000",9.901,10.28,10.208
91,EGT9980H8A12,18/05/2010,17/08/2010,"1,000,000,000","2,226,450,000","1,000,000,000",9.952,10.171,10.074
91,EGT9980A8A17,11/05/2010,10/08/2010,"1,000,000,000","2,510,650,000","1,000,000,000",9.8,10.238,10.091
91,EGT998038A10,04/05/2010,03/08/2010,"1,000,000,000","2,275,850,000","1,000,000,000",9.8,10.019,9.936
91,EGT9980R7A12,27/04/2010,27/07/2010,"1,000,000,000","1,546,125,000","1,000,000,000",9.501,9.952,9.743
91,EGT9980K7A17,20/04/2010,20/07/2010,"1,000,000,000","1,783,425,000","1,000,000,000",9.539,9.669,9.604
91,EGT9980D7A12,13/04/2010,13/07/2010,"1,000,000,000","3,014,650,000","1,000,000,000",9.527,9.678,9.604
91,EGT998067A14,06/04/2010,06/07/2010,"1,000,000,000","2,925,175,000","1,000,000,000",9.619,9.779,9.666
91,EGT9980T6A19,30/03/2010,29/06/2010,"1,000,000,000","2,069,200,000","1,000,000,000",9.4,9.93,9.707
91,EGT9980M6A14,23/03/2010,22/06/2010,"2,000,000,000","2,698,625,000","2,000,000,000",9.35,10.002,9.682
91,EGT9980F6A18,16/03/2010,15/06/2010,"2,000,000,000","3,560,200,000","2,000,000,000",9.451,9.636,9.585
91,EGT998086A11,09/03/2010,08/06/2010,"2,000,000,000","3,977,350,000","2,000,000,000",9.451,9.665,9.597
91,EGT998016A16,02/03/2010,01/06/2010,"1,000,000,000","2,779,450,000","1,000,000,000",9.421,9.632,9.558
91,EGT9980P5A18,23/02/2010,25/05/2010,"1,500,000,000","3,708,250,000","1,500,000,000",9.4,9.703,9.629
91,EGT9980I5A13,16/02/2010,18/05/2010,"1,500,000,000","3,444,950,000","1,500,000,000",9.598,9.779,9.7
91,EGT9980B5A18,09/02/2010,11/05/2010,"2,000,000,000","3,637,425,000","2,000,000,000",9.501,9.88,9.774
91,EGT998045A11,02/02/2010,04/05/2010,"2,000,000,000","4,079,575,000","2,000,000,000",9.648,9.88,9.799
91,EGT9980R4A15,26/01/2010,27/04/2010,"1,000,000,000","3,311,050,000","1,000,000,000",9.48,9.77,9.708
91,EGT9980D4A15,12/01/2010,13/04/2010,"2,000,000,000","4,618,500,000","2,000,000,000",9.884,10.019,9.983
91,EGT998064A17,05/01/2010,06/04/2010,"2,000,000,000","4,398,975,000","2,000,000,000",9.85,10.032,9.987
91,EGT9980Y3A12,29/12/2009,30/03/2010,"500,000,000","1,720,900,000","500,000,000",9.741,9.884,9.842
91,EGT9980N3A15,22/12/2009,23/03/2010,"1,500,000,000","3,714,650,000","1,500,000,000",9.699,9.952,9.902
91,EGT9980G3A19,15/12/2009,16/03/2010,"500,000,000","2,551,175,000","500,000,000",9.691,9.888,9.841
91,EGT998093A12,08/12/2009,09/03/2010,"1,000,000,000","6,129,075,000","1,000,000,000",10.002,10.091,10.073
91,EGT998023A17,01/12/2009,02/03/2010,"1,500,000,000","3,880,175,000","1,500,000,000",10.04,10.399,10.171
91,EGT9980N2A16,24/11/2009,23/02/2010,"1,000,000,000","4,544,200,000","1,000,000,000",10.048,10.141,10.116
91,EGT9980G2A10,17/11/2009,16/02/2010,"1,500,000,000","4,302,000,000","1,000,000,000",9.981,10.15,10.06
91,EGT998092A13,10/11/2009,09/02/2010,"1,000,000,000","3,512,300,000","533,200,000",9.59,9.77,9.695
91,EGT998051A12,06/10/2009,05/01/2010,"1,000,000,000","2,062,525,000","946,525,000",9.598,9.749,9.715
91,EGT9980TC913,29/09/2009,29/12/2009,"2,000,000,000","3,739,550,000","2,000,000,000",9.501,9.64,9.611
91,EGT9980FC912,15/09/2009,15/12/2009,"2,500,000,000","3,660,425,000","2,500,000,000",9.48,9.669,9.617
91,EGT99808C915,08/09/2009,08/12/2009,"1,500,000,000","3,074,425,000","1,500,000,000",9.531,9.619,9.592
91,EGT99801C910,01/09/2009,01/12/2009,"1,000,000,000","2,881,250,000","1,000,000,000",9.451,9.619,9.576
91,EGT9980HB910,18/08/2009,17/11/2009,"500,000,000","1,610,500,000","500,000,000",9.598,9.669,9.629
91,EGT99803B918,04/08/2009,03/11/2009,"1,000,000,000","3,150,550,000","1,000,000,000",9.678,10.002,9.888
91,EGT9980RA911,28/07/2009,27/10/2009,"1,000,000,000","2,144,200,000","1,000,000,000",10.141,10.2,10.179
91,EGT9980KA916,21/07/2009,20/10/2009,"1,000,000,000","2,636,575,000","1,000,000,000",10.15,10.23,10.209
91,EGT9980DA911,14/07/2009,13/10/2009,"500,000,000","1,558,750,000","500,000,000",10.2,10.263,10.242
91,EGT9980M9912,23/06/2009,22/09/2009,"1,000,000,000","1,504,700,000","1,000,000,000",9.8,10.39,10.156
91,EGT9980F9911,16/06/2009,15/09/2009,"1,000,000,000","1,827,950,000","1,000,000,000",10.002,10.428,10.289
91,EGT998019919,02/06/2009,01/09/2009,"1,000,000,000","1,781,550,000","1,000,000,000",10.002,10.491,10.316
91,EGT9980P8911,26/05/2009,25/08/2009,"1,000,000,000","1,864,475,000","1,000,000,000",9.85,10.399,10.176
91,EGT9980B8917,12/05/2009,11/08/2009,"1,000,000,000","1,806,950,000","1,000,000,000",10.301,10.5,10.428
91,EGT9980S7910,28/04/2009,28/07/2009,"1,000,000,000","1,482,225,000","784,225,000",10.301,10.5,10.413
91,EGT998077917,07/04/2009,07/07/2009,"1,000,000,000","908,425,000","236,425,000",10.2,10.5,10.465
91,EGT9980Y6914,31/03/2009,30/06/2009,"500,000,000","815,225,000","500,000,000",10.048,10.449,10.259
91,EGT9980G6916,17/03/2009,16/06/2009,"500,000,000","962,500,000","500,000,000",10.39,10.551,10.518
91,EGT998096917,10/03/2009,09/06/2009,"1,000,000,000","1,119,350,000","1,000,000,000",10.301,11.13,10.701
91,EGT998026914,03/03/2009,02/06/2009,"500,000,000","1,047,100,000","500,000,000",10.099,10.5,10.355
91,EGT9980Q5916,24/02/2009,26/05/2009,"1,000,000,000","1,687,275,000","1,000,000,000",10.449,10.859,10.511
91,EGT9980J5915,17/02/2009,19/05/2009,"1,000,000,000","1,964,975,000","1,000,000,000",10.5,10.982,10.792
91,EGT9980C5912,10/02/2009,12/05/2009,"500,000,000","1,045,025,000","500,000,000",11.351,11.669,11.463
91,EGT998055913,03/02/2009,05/05/2009,"1,000,000,000","1,262,600,000","1,000,000,000",11.249,11.699,11.475
91,EGT9980S4917,27/01/2009,28/04/2009,"1,000,000,000","1,644,625,000","1,000,000,000",11.249,11.431,11.369
91,EGT9980L4914,20/01/2009,21/04/2009,"500,000,000","1,198,225,000","500,000,000",11.291,11.41,11.352
91,EGT9980E4913,13/01/2009,14/04/2009,"1,000,000,000","2,613,750,000","1,000,000,000",11.211,11.542,11.512
91,EGT998074914,06/01/2009,07/04/2009,"1,000,000,000","1,975,750,000","1,000,000,000",11.249,11.958,11.863
91,EGT9980V3914,30/12/2008,31/03/2009,"1,500,000,000","1,992,700,000","1,500,000,000",11.402,11.83,11.629
91,EGT9980O3913,23/12/2008,24/03/2009,"1,500,000,000","2,544,625,000","1,500,000,000",10.999,11.512,11.437
91,EGT9980H3912,16/12/2008,17/03/2009,"1,000,000,000","2,374,700,000","1,000,000,000",11.351,11.601,11.542
91,EGT998033910,02/12/2008,03/03/2009,"1,000,000,000","2,213,900,000","1,000,000,000",10.999,11.788,11.699
91,EGT9980O2915,25/11/2008,24/02/2009,"1,500,000,000","2,948,800,000","1,500,000,000",11.699,12.039,11.901
91,EGT9980H2914,18/11/2008,17/02/2009,"2,000,000,000","2,710,200,000","2,000,000,000",11.249,12.299,11.899
91,EGT9980A2911,11/11/2008,10/02/2009,"2,000,000,000","3,896,850,000","2,000,000,000",12.001,12.252,12.217
91,EGT9980R1914,28/10/2008,27/01/2009,"1,500,000,000","2,430,550,000","1,500,000,000",12.328,12.939,12.762
91,EGT9980K1911,21/10/2008,20/01/2009,"1,500,000,000","3,981,750,000","1,500,000,000",12.601,12.977,12.858
91,EGT9980D1910,14/10/2008,13/01/2009,"1,000,000,000","3,144,075,000","1,000,000,000",13.2,13.551,13.475
91,EGT9980YC814,30/09/2008,30/12/2008,"1,500,000,000","5,173,850,000","1,500,000,000",13.289,13.598,13.497
91,EGT9980NC817,23/09/2008,23/12/2008,"1,500,000,000","3,225,625,000","1,500,000,000",13.2,14.16,14.03
91,EGT9980GC811,16/09/2008,16/12/2008,"1,500,000,000","3,868,875,000","1,500,000,000",12.9,13.401,13.223
91,EGT99809C814,09/09/2008,09/12/2008,"1,500,000,000","3,503,775,000","1,500,000,000",12.299,13.041,12.871
91,EGT9980PB814,26/08/2008,25/11/2008,"1,000,000,000","1,259,975,000","1,000,000,000",11.249,12.29,12.115
91,EGT9980IB819,19/08/2008,18/11/2008,"2,000,000,000","3,025,325,000","2,000,000,000",11.3,11.788,11.587
91,EGT9980BB814,12/08/2008,11/11/2008,"2,000,000,000","3,857,000,000","2,000,000,000",10.99,11.469,11.343
91,EGT99804B817,05/08/2008,04/11/2008,"2,000,000,000","3,342,650,000","2,000,000,000",10.652,10.99,10.877
91,EGT9980SA810,29/07/2008,28/10/2008,"2,000,000,000","2,955,600,000","2,000,000,000",9.85,10.652,10.306
91,EGT9980LA815,22/07/2008,21/10/2008,"1,000,000,000","1,865,050,000","1,000,000,000",9.291,10.032,9.862
91,EGT9980EA810,15/07/2008,14/10/2008,"500,000,000","1,402,250,000","500,000,000",9.888,10.15,10.012
91,EGT99807A812,08/07/2008,07/10/2008,"500,000,000","1,763,325,000","500,000,000",9.998,10.23,10.106
91,EGT9980Y9819,01/07/2008,30/09/2008,"500,000,000","1,427,500,000","500,000,000",9.501,10.251,10.077
91,EGT9980N9812,24/06/2008,23/09/2008,"900,000,000","2,194,650,000","900,000,000",9.501,9.8,9.675
91,EGT9980G9811,17/06/2008,16/09/2008,"900,000,000","2,863,025,000","900,000,000",9.615,9.762,9.704
91,EGT998099812,10/06/2008,09/09/2008,"1,000,000,000","3,429,725,000","1,000,000,000",9.501,9.821,9.74
91,EGT998029819,03/06/2008,02/09/2008,"1,000,000,000","2,406,850,000","1,000,000,000",9.002,9.872,9.66
91,EGT9980J8810,20/05/2008,19/08/2008,"1,000,000,000","3,146,500,000","1,000,000,000",9.052,9.451,9.21
91,EGT998058818,06/05/2008,05/08/2008,"500,000,000","845,725,000","500,000,000",5.501,6.05,5.868
91,EGT9980T7810,29/04/2008,29/07/2008,"500,000,000","2,080,625,000","500,000,000",5.918,6.021,5.943
91,EGT9980M7817,22/04/2008,22/07/2008,"500,000,000","2,361,350,000","500,000,000",6.626,6.837,6.724
91,EGT998087817,08/04/2008,08/07/2008,"500,000,000","2,120,125,000","500,000,000",6.001,7.198,6.745
91,EGT9980O6817,25/03/2008,24/06/2008,"2,000,000,000","2,264,225,000","2,000,000,000",5.09,6.501,5.733
91,EGT9980H6816,18/03/2008,17/06/2008,"2,000,000,000","3,712,125,000","2,000,000,000",5.04,5.221,5.164
91,EGT9980A6813,11/03/2008,10/06/2008,"500,000,000","1,573,125,000","500,000,000",4.789,4.995,4.906
91,EGT998036814,04/03/2008,03/06/2008,"500,000,000","2,031,475,000","500,000,000",4.999,5.188,5.104
91,EGT9980R5816,26/02/2008,27/05/2008,"500,000,000","2,349,875,000","500,000,000",5.069,5.456,5.258
91,EGT9980K5813,19/02/2008,20/05/2008,"500,000,000","1,755,125,000","500,000,000",5.501,6.001,5.841
91,EGT9980D5812,12/02/2008,13/05/2008,"1,000,000,000","2,502,000,000","1,000,000,000",5.398,6.001,5.783
91,EGT998065813,05/02/2008,06/05/2008,"1,000,000,000","3,130,125,000","1,000,000,000",4.999,5.188,5.148
91,EGT9980T4817,29/01/2008,29/04/2008,"1,000,000,000","3,077,275,000","1,000,000,000",5.976,6.001,5.993
91,EGT9980M4814,22/01/2008,22/04/2008,"500,000,000","1,955,475,000","500,000,000",6.141,6.476,6.336
91,EGT998084814,08/01/2008,08/04/2008,"500,000,000","1,625,675,000","500,000,000",6.7,6.841,6.777
91,EGT998014811,01/01/2008,01/04/2008,"500,000,000","1,652,125,000","500,000,000",6.737,6.912,6.804
91,EGT9980P3813,25/12/2007,25/03/2008,"500,000,000","1,345,750,000","500,000,000",6.696,6.991,6.852
91,EGT9980I3812,18/12/2007,18/03/2008,"500,000,000","1,768,075,000","500,000,000",6.92,6.999,6.983
91,EGT998043810,04/12/2007,04/03/2008,"500,000,000","1,351,000,000","500,000,000",6.999,7.182,7.132
91,EGT9980Q2814,27/11/2007,26/02/2008,"1,000,000,000","2,987,325,000","1,000,000,000",6.999,7.198,7.124
91,EGT9980J2813,20/11/2007,19/02/2008,"1,000,000,000","3,497,175,000","1,000,000,000",6.999,7.219,7.149
91,EGT9980C2810,13/11/2007,12/02/2008,"1,500,000,000","2,520,950,000","1,500,000,000",6.001,6.999,6.709
91,EGT998052811,06/11/2007,05/02/2008,"1,000,000,000","3,494,700,000","1,000,000,000",5.885,6.149,6.008
91,EGT9980T1813,30/10/2007,29/01/2008,"1,500,000,000","6,237,100,000","1,500,000,000",6.899,6.966,6.924
91,EGT9980M1810,23/10/2007,22/01/2008,"1,500,000,000","4,164,625,000","1,500,000,000",7.099,7.348,7.301
91,EGT998081810,09/10/2007,08/01/2008,"1,500,000,000","3,868,000,000","1,500,000,000",7.148,7.402,7.294
91,EGT998011817,02/10/2007,01/01/2008,"1,500,000,000","2,963,200,000","1,500,000,000",6.7,7.369,7.207
91,EGT9980IC718,18/09/2007,18/12/2007,"500,000,000","2,629,000,000","500,000,000",7.099,7.269,7.203
91,EGT9980BC713,11/09/2007,11/12/2007,"500,000,000","2,422,275,000","500,000,000",7.402,7.639,7.593
91,EGT99804C716,04/09/2007,04/12/2007,"1,500,000,000","3,586,000,000","1,500,000,000",7.752,7.881,7.851
91,EGT9980RB711,28/08/2007,27/11/2007,"1,000,000,000","2,869,725,000","1,000,000,000",7.602,7.885,7.817
91,EGT9980KB716,21/08/2007,20/11/2007,"1,500,000,000","2,869,200,000","1,500,000,000",7.39,7.739,7.601
91,EGT9980DB711,14/08/2007,13/11/2007,"1,500,000,000","3,203,075,000","1,500,000,000",7.29,7.489,7.392
91,EGT99806B713,07/08/2007,06/11/2007,"500,000,000","666,175,000","500,000,000",7.09,7.319,7.196
91,EGT9980YA719,31/07/2007,30/10/2007,"500,000,000","903,100,000","500,000,000",6.82,7.049,6.976
91,EGT9980GA716,17/07/2007,16/10/2007,"500,000,000","1,055,200,000","500,000,000",6.75,6.949,6.879
91,EGT99809A719,10/07/2007,09/10/2007,"500,000,000","1,252,575,000","500,000,000",6.501,6.849,6.8
91,EGT9980P9711,26/06/2007,25/09/2007,"500,000,000","1,228,000,000","500,000,000",6.501,6.849,6.781
91,EGT9980I9710,19/06/2007,18/09/2007,"500,000,000","1,670,600,000","500,000,000",6.402,6.841,6.726
91,EGT9980B9717,12/06/2007,11/09/2007,"1,000,000,000","3,380,775,000","1,000,000,000",6.696,6.899,6.738
91,EGT9980S8710,29/05/2007,28/08/2007,"500,000,000","2,045,150,000","500,000,000",6.991,7.165,7.12
91,EGT9980L8717,22/05/2007,21/08/2007,"500,000,000","1,510,850,000","500,000,000",6.7,7.261,7.116
91,EGT9980E8716,15/05/2007,14/08/2007,"500,000,000","1,464,575,000","500,000,000",6.779,6.999,6.897
91,EGT998078717,08/05/2007,07/08/2007,"1,500,000,000","4,644,775,000","1,500,000,000",6.849,7.04,6.959
91,EGT9980V7717,01/05/2007,31/07/2007,"1,500,000,000","6,462,675,000","1,500,000,000",7.219,7.281,7.25
91,EGT9980O7716,24/04/2007,24/07/2007,"1,000,000,000","5,581,800,000","1,000,000,000",7.485,7.631,7.531
91,EGT9980H7715,17/04/2007,17/07/2007,"500,000,000","2,606,300,000","500,000,000",7.985,8.09,8.041
91,EGT998037713,03/04/2007,03/07/2007,"1,000,000,000","3,041,200,000","1,000,000,000",8.198,8.307,8.289
91,EGT9980Q6716,27/03/2007,26/06/2007,"1,000,000,000","2,964,925,000","1,000,000,000",8.207,8.349,8.285
91,EGT9980J6715,20/03/2007,19/06/2007,"1,500,000,000","3,271,700,000","1,500,000,000",8.182,8.332,8.259
91,EGT9980C6712,13/03/2007,12/06/2007,"500,000,000","2,359,825,000","500,000,000",8.002,8.344,8.296
91,EGT9980T5715,27/02/2007,29/05/2007,"500,000,000","2,109,575,000","500,000,000",8.248,8.403,8.372
91,EGT9980M5712,20/02/2007,22/05/2007,"500,000,000","1,974,725,000","500,000,000",8.248,8.591,8.471
91,EGT9980F5711,13/02/2007,15/05/2007,"1,000,000,000","4,015,100,000","1,000,000,000",8.248,8.759,8.642
91,EGT998085712,06/02/2007,08/05/2007,"1,000,000,000","4,585,300,000","1,000,000,000",9.002,9.186,9.158
91,EGT998015719,30/01/2007,01/05/2007,"1,000,000,000","3,705,050,000","1,000,000,000",9.371,9.497,9.442
91,EGT9980O4713,23/01/2007,24/04/2007,"1,000,000,000","1,978,350,000","1,000,000,000",9.552,9.699,9.648
91,EGT9980H4712,16/01/2007,17/04/2007,"1,000,000,000","2,674,250,000","1,000,000,000",8.901,9.712,9.671
91,EGT9980A4719,09/01/2007,10/04/2007,"1,000,000,000","2,636,400,000","1,000,000,000",9.501,9.728,9.705
91,EGT998034710,02/01/2007,03/04/2007,"1,000,000,000","2,066,925,000","1,000,000,000",9.48,9.8,9.756
91,EGT9980D3718,12/12/2006,13/03/2007,"700,000,000","1,724,025,000","700,000,000",9.199,9.636,9.534
91,EGT9980R2714,28/11/2006,27/02/2007,"500,000,000","1,358,300,000","500,000,000",9.4,9.501,9.473
91,EGT9980K2711,21/11/2006,20/02/2007,"1,000,000,000","2,261,425,000","1,000,000,000",9.4,9.484,9.457
91,EGT9980D2710,14/11/2006,13/02/2007,"1,000,000,000","2,864,350,000","1,000,000,000",9.249,9.518,9.488
91,EGT998062711,07/11/2006,06/02/2007,"1,000,000,000","2,914,575,000","1,000,000,000",9.392,9.501,9.453
91,EGT9980Y1717,31/10/2006,30/01/2007,"500,000,000","1,453,500,000","500,000,000",9.249,9.459,9.415
91,EGT9980N1710,24/10/2006,23/01/2007,"1,000,000,000","2,231,475,000","1,000,000,000",9.199,9.648,9.556
91,EGT9980G1719,17/10/2006,16/01/2007,"1,000,000,000","1,566,550,000","1,000,000,000",9.199,9.762,9.608
91,EGT998091710,10/10/2006,09/01/2007,"1,000,000,000","1,840,825,000","1,000,000,000",9.241,9.371,9.317
91,EGT998021717,03/10/2006,02/01/2007,"500,000,000","1,574,650,000","500,000,000",9.249,9.321,9.288
91,EGT9980QC612,26/09/2006,26/12/2006,"2,000,000,000","3,504,625,000","2,000,000,000",9.052,9.43,9.327
91,EGT9980JC617,19/09/2006,19/12/2006,"1,000,000,000","2,627,550,000","1,000,000,000",8.34,9.3,9.21
91,EGT9980CC612,12/09/2006,12/12/2006,"1,500,000,000","3,224,675,000","1,500,000,000",8.901,9.149,9.056
91,EGT9980SB610,29/08/2006,28/11/2006,"1,000,000,000","1,959,075,000","1,000,000,000",8.801,8.901,8.846
91,EGT9980EB610,15/08/2006,14/11/2006,"500,000,000","1,746,750,000","500,000,000",8.801,8.838,8.822
91,EGT99807B612,08/08/2006,07/11/2006,"500,000,000","2,005,975,000","499,975,000",8.801,8.851,8.831
91,EGT9980VA616,01/08/2006,31/10/2006,"500,000,000","1,546,700,000","500,000,000",8.796,8.88,8.845
91,EGT9980O2618,25/07/2006,24/10/2006,"1,000,000,000","2,147,125,000","1,000,000,000",8.6,8.901,8.861
91,EGT9980HA615,18/07/2006,17/10/2006,"1,000,000,000","3,106,125,000","1,000,000,000",8.851,8.893,8.876
91,EGT9980AA610,11/07/2006,10/10/2006,"500,000,000","1,883,450,000","500,000,000",8.801,8.88,8.858
91,EGT99803A613,04/07/2006,03/10/2006,"1,000,000,000","2,520,125,000","400,000,000",8.847,8.901,8.855
91,EGT9980Q9611,27/06/2006,26/09/2006,"1,600,000,000","2,633,125,000","1,600,000,000",8.499,8.96,8.843
91,EGT9980J9610,20/06/2006,19/09/2006,"1,500,000,000","2,651,200,000","1,500,000,000",8.658,8.775,8.725
91,EGT9980C9617,13/06/2006,12/09/2006,"500,000,000","1,376,075,000","500,000,000",8.6,8.738,8.706
91,EGT998059618,06/06/2006,05/09/2006,"1,500,000,000","2,490,100,000","1,500,000,000",8.499,8.742,8.676
91,EGT9980F8616,16/05/2006,15/08/2006,"500,000,000","1,056,375,000","500,000,000",8.499,8.7,8.662
91,EGT998088617,09/05/2006,08/08/2006,"500,000,000","1,379,350,000","500,000,000",8.499,8.7,8.625
91,EGT9980B7612,11/04/2006,11/07/2006,"1,000,000,000","1,687,600,000","1,000,000,000",8.298,8.65,8.563
91,EGT9980R6616,28/03/2006,27/06/2006,"1,000,000,000","2,216,400,000","1,000,000,000",8.499,8.667,8.613
91,EGT9980K6613,21/03/2006,20/06/2006,"1,000,000,000","1,837,200,000","1,000,000,000",8.399,8.692,8.556
91,EGT998066613,07/03/2006,06/06/2006,"1,500,000,000","2,231,200,000","1,500,000,000",7.952,8.119,8.066
91,EGT9980N5612,21/02/2006,23/05/2006,"1,000,000,000","1,976,600,000","1,000,000,000",7.989,8.09,8.05
91,EGT998095612,07/02/2006,09/05/2006,"500,000,000","1,178,425,000","500,000,000",8.002,8.111,8.091
91,EGT998025619,31/01/2006,02/05/2006,"500,000,000","1,422,225,000","500,000,000",8.04,8.14,8.095
91,EGT9980I4612,17/01/2006,18/04/2006,"500,000,000","1,940,400,000","500,000,000",8.399,8.587,8.542
91,EGT9980L3619,20/12/2005,21/03/2006,"600,000,000","2,519,850,000","600,000,000",8.491,8.65,8.572
91,EGT998073619,06/12/2005,07/03/2006,"1,000,000,000","3,957,525,000","1,000,000,000",8.7,8.889,8.809
91,EGT9980S2614,29/11/2005,28/02/2006,"1,000,000,000","2,999,175,000","1,000,000,000",8.901,9.161,9.104
91,EGT9980V1611,01/11/2005,31/01/2006,"1,000,000,000","1,825,475,000","1,000,000,000",9.002,9.329,9.234
91,EGT9980A1616,11/10/2005,10/01/2006,"900,000,000","2,073,650,000","900,000,000",9.002,9.421,9.316
91,EGT998031617,04/10/2005,03/01/2006,"1,000,000,000","2,476,400,000","1,000,000,000",9.052,9.489,9.353
91,EGT9980RC511,27/09/2005,27/12/2005,"1,500,000,000","1,761,225,000","1,500,000,000",8.792,9.745,9.187
91,EGT9980KC516,20/09/2005,20/12/2005,"2,000,000,000","2,489,425,000","2,000,000,000",8.298,9.182,8.94
91,EGT99806C513,06/09/2005,06/12/2005,"1,000,000,000","2,295,975,000","1,000,000,000",8.989,9.342,9.204
91,EGT9980TB519,30/08/2005,29/11/2005,"1,000,000,000","2,286,725,000","1,000,000,000",9.002,9.501,9.319
91,EGT99801B516,02/08/2005,01/11/2005,"500,000,000","1,536,450,000","500,000,000",9.002,9.501,9.396
91,EGT9980IA514,19/07/2005,18/10/2005,"1,000,000,000","2,288,575,000","1,000,000,000",8.499,9.279,8.971
91,EGT9980BA519,12/07/2005,11/10/2005,"900,000,000","1,549,200,000","900,000,000",7.348,9.249,8.576
91,EGT99804A512,05/07/2005,04/10/2005,"1,000,000,000","2,960,650,000","1,000,000,000",7.643,7.944,7.856
91,EGT9980K9518,21/06/2005,20/09/2005,"500,000,000","1,771,000,000","500,000,000",8.851,9.241,9.064
91,EGT9980N8517,24/05/2005,23/08/2005,"500,000,000","1,436,600,000","500,000,000",9.648,9.842,9.779
91,EGT998028514,03/05/2005,02/08/2005,"500,000,000","1,412,325,000","500,000,000",9.85,10.133,9.959
91,EGT9980J7515,19/04/2005,19/07/2005,"750,000,000","1,774,825,000","750,000,000",9.901,10.344,10.19
91,EGT9980C7512,12/04/2005,12/07/2005,"500,000,000","1,439,850,000","500,000,000",9.598,10.399,10.137
91,EGT9980T3512,28/12/2004,29/03/2005,"500,000,000","851,100,000","500,000,000",9.699,10.04,9.895
91,EGT9980M3519,21/12/2004,22/03/2005,"1,000,000,000","1,911,900,000","1,000,000,000",9.598,10.044,9.94
91,EGT9980F3518,14/12/2004,15/03/2005,"500,000,000","1,455,325,000","500,000,000",9.876,10.048,9.97
91,EGT998083519,07/12/2004,08/03/2005,"700,000,000","1,495,700,000","700,000,000",10.002,10.23,10.108
91,EGT998013516,30/11/2004,01/03/2005,"1,000,000,000","2,280,275,000","1,000,000,000",10.002,10.352,10.235
91,EGT9980M2511,23/11/2004,22/02/2005,"500,000,000","1,713,475,000","500,000,000",10.251,10.453,10.396
91,EGT998082511,09/11/2004,08/02/2005,"500,000,000","1,804,475,000","500,000,000",10.251,10.698,10.557
91,EGT998012518,02/11/2004,01/02/2005,"1,000,000,000","2,777,975,000","1,000,000,000",10.2,10.948,10.716
91,EGT9980P1510,26/10/2004,25/01/2005,"500,000,000","1,148,600,000","500,000,000",10.698,11.05,10.946
91,EGT9980B1516,12/10/2004,11/01/2005,"1,900,000,000","3,107,150,000","1,900,000,000",10.5,11.101,10.924
91,EGT998041517,05/10/2004,04/01/2005,"500,000,000","1,079,275,000","500,000,000",10.5,10.999,10.73
91,EGT9980SC519,28/09/2004,28/12/2004,"1,500,000,000","2,383,800,000","1,500,000,000",10.5,10.999,10.735
91,EGT9980LC415,21/09/2004,21/12/2004,"500,000,000","855,800,000","500,000,000",10.5,10.889,10.713
91,EGT9980EC410,14/09/2004,14/12/2004,"1,000,000,000","1,749,075,000","1,000,000,000",10.002,10.902,10.714
91,EGT99807C412,07/09/2004,07/12/2004,"1,000,000,000","2,342,975,000","1,000,000,000",10.5,10.851,10.731
91,EGT9980UB418,31/08/2004,30/11/2004,"1,000,000,000","2,430,475,000","1,000,000,000",10.825,10.999,10.926
91,EGT9980NB413,24/08/2004,23/11/2004,"500,000,000","1,832,525,000","500,000,000",10.931,11.122,11.043
91,EGT9980GB417,17/08/2004,16/11/2004,"1,000,000,000","2,285,400,000","1,000,000,000",10.8,11.198,11.131
91,EGT99809B410,10/08/2004,09/11/2004,"500,000,000","1,985,900,000","500,000,000",10.5,11.198,11.016
91,EGT99802B415,03/08/2004,02/11/2004,"1,000,000,000","2,357,850,000","1,000,000,000",10.5,11.3,11.248
91,EGT9980QA418,27/07/2004,26/10/2004,"1,000,000,000","2,445,600,000","1,000,000,000",10.999,11.338,11.235
91,EGT9980CA418,13/07/2004,12/10/2004,"1,500,000,000","2,675,550,000","1,500,000,000",10.002,11.249,11.078
91,EGT99805A410,06/07/2004,05/10/2004,"500,000,000","1,656,200,000","500,000,000",10.999,11.151,11.03
91,EGT9980S9411,29/06/2004,28/09/2004,"1,500,000,000","1,487,325,000","1,267,325,000",10.749,11.499,11.279
91,EGT9980L9418,22/06/2004,21/09/2004,"1,900,000,000","1,736,225,000","1,569,225,000",10.002,11.351,11.148
91,EGT9980E9417,15/06/2004,14/09/2004,"2,000,000,000","1,712,675,000","1,420,675,000",10.601,11.249,10.973
91,EGT998079418,08/06/2004,07/09/2004,"1,600,000,000","2,375,725,000","1,664,000,000",10.5,10.99,10.888
91,EGT9980V8418,01/06/2004,31/08/2004,"3,000,000,000","3,355,000,000","2,950,000,000",10.002,10.999,10.605
91,EGT9980H8416,18/05/2004,17/08/2004,"1,600,000,000","4,154,700,000","1,617,250,000",9.4,10.61,10.502
91,EGT9980A8413,11/05/2004,10/08/2004,"1,800,000,000","3,040,650,000","1,870,350,000",9.749,10.749,10.556
91,EGT998038414,04/05/2004,03/08/2004,"1,900,000,000","2,769,775,000","2,002,150,000",8.499,10.749,10.147
91,EGT9980D7412,13/04/2004,13/07/2004,"2,100,000,000","2,166,675,000","2,101,675,000",8.399,9.85,9.488
91,EGT998067413,06/04/2004,06/07/2004,"2,000,000,000","2,218,025,000","2,000,025,000",7.852,9.451,8.497
91,EGT9980T6416,30/03/2004,29/06/2004,"1,500,000,000","2,094,050,000","1,504,050,000",7.602,8.499,7.892
91,EGT9980M6413,23/03/2004,22/06/2004,"1,900,000,000","3,170,050,000","1,900,050,000",6.584,7.86,7.807
91,EGT9980F6412,16/03/2004,15/06/2004,"1,800,000,000","3,299,500,000","2,004,500,000",7.402,7.877,7.73
91,EGT998086413,09/03/2004,08/06/2004,"1,600,000,000","2,675,750,000","1,600,000,000",7.377,7.752,7.649
91,EGT998016410,02/03/2004,01/06/2004,"3,000,000,000","5,015,000,000","3,000,000,000",7.248,7.752,7.503
91,EGT9980I5411,17/02/2004,18/05/2004,"1,900,000,000","2,805,000,000","1,560,000,000",6.849,7.506,7.032
91,EGT9980B5418,10/02/2004,11/05/2004,"1,900,000,000","1,825,400,000","1,825,400,000",6.584,7.627,6.865
91,EGT998000018,03/02/2004,04/05/2004,"900,000,000","3,010,000,000","1,900,000,000",6.601,6.862,6.762
91,EGT998035915,16/10/2003,15/01/2004,"1,800,000,000","3,790,125,000","1,730,000,000",6.402,7.161,6.893
91,EGT998035816,09/10/2003,08/01/2004,"2,000,000,000","2,512,950,000","2,017,950,000",5.902,7.29,6.856
91,EGT998035717,02/10/2003,01/01/2004,"1,500,000,000","6,905,500,000","2,525,000,000",6.249,6.762,6.612
91,EGT998035618,25/09/2003,25/12/2003,"1,300,000,000","5,724,950,000","1,499,400,000",6.97,7.502,7.382
91,EGT998035519,18/09/2003,18/12/2003,"1,500,000,000","3,579,825,000","1,824,275,000",7.602,8.14,7.977
91,EGT998035410,11/09/2003,11/12/2003,"800,000,000","1,544,475,000","609,425,000",7.602,8.29,8
91,EGT998035311,04/09/2003,04/12/2003,"800,000,000","4,012,325,000","1,500,000,000",8.248,8.499,8.424
91,EGT998035212,28/08/2003,27/11/2003,"1,500,000,000","4,830,325,000","1,537,000,000",8.75,9.052,8.988
91,EGT998035113,21/08/2003,20/11/2003,"1,500,000,000","4,470,700,000","1,517,350,000",9.002,9.48,9.416
91,EGT998035014,14/08/2003,13/11/2003,"1,500,000,000","2,437,875,000","1,500,875,000",9.149,9.901,9.659
91,EGT998034918,07/08/2003,06/11/2003,"1,800,000,000","3,289,650,000","1,800,900,000",9.002,9.8,9.576
91,EGT998034819,17/07/2003,16/10/2003,"1,700,000,000","3,149,150,000","1,785,925,000",9.623,10.251,10.142
91,EGT998034710,10/07/2003,09/10/2003,"1,400,000,000","1,899,925,000","1,400,025,000",9.981,10.698,10.279
91,EGT998034611,26/06/2003,25/09/2003,"1,900,000,000","1,362,675,000","1,357,575,000",9.505,10.999,10.27
91,EGT998034512,19/06/2003,18/09/2003,"1,600,000,000","1,551,250,000","1,546,250,000",9.876,10.5,10.158
91,EGT998034413,12/06/2003,11/09/2003,"800,000,000","1,138,825,000","812,325,000",9.749,10.369,10.182
91,EGT998034314,05/06/2003,04/09/2003,"800,000,000","1,304,200,000","818,175,000",9.981,10.373,10.143
91,EGT998034215,29/05/2003,28/08/2003,"2,500,000,000","3,919,625,000","3,000,000,000",8.298,10.999,10.11
91,EGT998034116,22/05/2003,21/08/2003,"1,600,000,000","3,631,400,000","2,513,100,000",10.002,11.427,10.97
91,EGT998034017,15/05/2003,14/08/2003,"300,000,000","946,450,000","21,400,000",10.5,11.626,11.504
91,EGT998033910,08/05/2003,07/08/2003,"1,900,000,000","1,851,750,000","1,851,750,000",11.499,13.551,12.539
91,EGT998033811,24/04/2003,24/07/2003,"900,000,000","1,091,575,000","1,066,575,000",11.249,12.999,12.288
91,EGT998033712,17/04/2003,17/07/2003,"1,400,000,000","2,137,350,000","1,787,150,000",10.999,12.999,12.376
91,EGT998033613,10/04/2003,10/07/2003,"1,400,000,000","2,033,525,000","1,461,450,000",10.999,13.251,12.753
91,EGT998033514,27/03/2003,26/06/2003,"2,000,000,000","1,909,375,000","1,909,375,000",10.999,16.491,13.593
91,EGT998033415,20/03/2003,19/06/2003,"1,400,000,000","2,341,400,000","1,601,300,000",10.002,11.992,11.528
91,EGT998033316,13/03/2003,12/06/2003,"2,000,000,000","1,390,500,000","814,500,000",8.708,11.499,10.032
91,EGT998033217,06/03/2003,05/06/2003,"1,000,000,000","860,000,000","860,000,000",6.501,12.49,9.3
91,EGT998033118,27/02/2003,29/05/2003,"1,800,000,000","4,205,000,000","2,500,000,000",4.769,7.76,7.503
91,EGT998033019,20/02/2003,22/05/2003,"1,600,000,000","3,633,600,000","1,600,000,000",7.377,8.499,8.272
91,EGT998032912,06/02/2003,08/05/2003,"1,900,000,000","2,835,000,000","1,900,000,000",6.001,9.35,8.676
91,EGT998032813,30/01/2003,01/05/2003,"1,200,000,000","310,000,000","310,000,000",4.461,9.002,6.313
91,EGT998032714,23/01/2003,24/04/2003,"900,000,000","2,440,000,000","900,000,000",4.379,4.999,4.817
91,EGT998032615,16/01/2003,17/04/2003,"1,450,000,000","2,865,000,000","1,455,000,000",3.998,4.802,4.603
91,EGT998032516,09/01/2003,10/04/2003,"1,400,000,000","3,696,750,000","1,400,675,000",4.256,5.098,5.004
91,EGT998032417,26/12/2002,27/03/2003,"1,900,000,000","3,365,100,000","1,929,100,000",4.999,5.588,5.528
91,EGT998032318,19/12/2002,20/03/2003,"1,300,000,000","3,480,275,000","1,310,000,000",5.695,5.902,5.878
91,EGT998032219,12/12/2002,13/03/2003,"1,700,000,000","4,105,000,000","1,900,000,000",5.902,6.145,6.097
91,EGT998032110,28/11/2002,27/02/2003,"1,700,000,000","3,075,000,000","1,700,000,000",5.798,6.298,6.168
91,EGT998032011,21/11/2002,20/02/2003,"1,500,000,000","3,073,000,000","1,500,000,000",5.798,6.096,6.015
91,EGT998031914,14/11/2002,13/02/2003,"1,500,000,000","3,964,000,000","1,504,000,000",5.902,6.547,6.469
91,EGT998031815,07/11/2002,06/02/2003,"1,800,000,000","2,563,000,000","1,801,000,000",6.452,6.816,6.625
91,EGT998031716,31/10/2002,30/01/2003,"1,200,000,000","2,647,000,000","1,202,000,000",6.452,6.655,6.617
91,EGT998031617,24/10/2002,23/01/2003,"800,000,000","2,123,000,000","800,000,000",6.481,6.663,6.593
91,EGT998031518,17/10/2002,16/01/2003,"800,000,000","2,210,000,000","1,150,000,000",6.501,6.75,6.686
91,EGT998031419,10/10/2002,09/01/2003,"700,000,000","2,259,075,000","1,101,075,000",6.439,6.895,6.712
91,EGT998031310,26/09/2002,26/12/2002,"1,500,000,000","3,284,125,000","1,529,050,000",6.891,6.999,6.968
91,EGT998031211,19/09/2002,19/12/2002,"900,000,000","2,580,075,000","907,075,000",6.999,7.144,7.113
91,EGT998031112,12/09/2002,12/12/2002,"1,300,000,000","2,217,500,000","1,502,500,000",7.082,7.248,7.13
91,EGT998031013,05/09/2002,05/12/2002,"2,000,000,000","2,205,000,000","2,000,000,000",6.999,7.34,7.14
91,EGT998030916,29/08/2002,28/11/2002,"1,200,000,000","2,050,000,000","1,500,000,000",6.995,7.331,7.146
91,EGT998030817,22/08/2002,21/11/2002,"700,000,000","1,535,000,000","1,300,000,000",6.999,7.29,7.15
91,EGT998030718,15/08/2002,14/11/2002,"1,200,000,000","1,557,000,000","1,307,000,000",7.003,7.331,7.168
91,EGT998030619,08/08/2002,07/11/2002,"1,300,000,000","2,031,300,000","1,601,300,000",6.978,7.232,7.176
91,EGT998030510,01/08/2002,31/10/2002,"600,000,000","1,285,000,000","900,000,000",7.148,7.24,7.182
91,EGT998030411,25/07/2002,24/10/2002,"500,000,000","630,000,000","510,000,000",7.148,7.219,7.199
91,EGT998030312,18/07/2002,17/10/2002,"800,000,000","871,700,000","810,700,000",7.119,7.232,7.204
91,EGT998030213,11/07/2002,10/10/2002,"700,000,000","1,668,050,000","708,050,000",7.09,7.232,7.194
91,EGT998030114,27/06/2002,26/09/2002,"1,200,000,000","1,260,000,000","1,200,000,000",6.999,7.248,7.198
182,EGT9980N2R17,25/08/2026,23/02/2027,"45,000,000,000","193,631,375,000","82,710,550,000",25.2,25.501,25.463
182,EGT9980G2R11,18/08/2026,16/02/2027,"45,000,000,000","221,986,350,000","83,641,800,000",24.499,25.641,25.599
182,EGT998092R14,11/08/2026,09/02/2027,"50,000,000,000","180,072,650,000","97,058,450,000",24.790,25.940,25.861
182,EGT998022R19,04/08/2026,02/02/2027,"45,000,000,000","88,738,675,000","19,621,250,000",25.73,25.999,25.912
182,EGT9980Q1R11,28/07/2026,26/01/2027,"50,000,000,000","116,628,925,000","74,732,300,000",24.4,25.799,25.739
182,EGT9980J1R16,21/07/2026,19/01/2027,"45,000,000,000","132,534,925,000","77,898,950,000",24.85,25.559,25.457
182,EGT9980C1R11,14/07/2026,12/01/2027,"50,000,000,000","129,225,650,000","70,352,175,000",24.701,25.289,25.199
182,EGT998051R13,07/07/2026,05/01/2027,"45,000,000,000","125,432,650,000","50,143,825,000",24.000,25.000,24.933
182,EGT9980TCQ19,30/06/2026,29/12/2026,"25,000,000,000","80,531,850,000","49,838,150,000",23.001,24.99,24.857
182,EGT9980MCQ16,23/06/2026,22/12/2026,"25,000,000,000","183,086,025,000","88,385,500,000",23.501,24.84,24.673
182,EGT9980FCQ15,16/06/2026,15/12/2026,"25,000,000,000","97,779,225,000","83,506,225,000",24,25.789,25.659
182,EGT99808CQ16,09/06/2026,08/12/2026,"25,000,000,000","132,031,475,000","96,387,250,000",24.289,25.501,25.422
182,EGT99801CQ13,02/06/2026,01/12/2026,"35,000,000,000","125,450,550,000","97,457,825,000",24.901,25.391,25.2
182,EGT9980OBQ15,26/05/2026,24/11/2026,"25,000,000,000","42,213,150,000","25,273,150,000",24,25.241,25.073
182,EGT9980HBQ14,19/05/2026,17/11/2026,"45,000,000,000","130,851,925,000","45,097,675,000",24,24.901,24.861
182,EGT9980ABQ11,12/05/2026,10/11/2026,"35,000,000,000","170,619,425,000","87,826,900,000",23.501,24.891,24.717
182,EGT99803BQ12,05/05/2026,03/11/2026,"50,000,000,000","87,748,225,000","36,588,225,000",23.001,25.249,25.124
182,EGT9980RAQ13,28/04/2026,27/10/2026,"55,000,000,000","120,641,150,000","33,392,975,000",23.001,24.549,24.289
182,EGT9980KAQ10,21/04/2026,20/10/2026,"55,000,000,000","347,935,575,000","119,191,625,000",22.296,24.04,23.943
182,EGT9980DAQ19,14/04/2026,13/10/2026,"50,000,000,000","239,022,175,000","95,043,600,000",24.000,25.249,25.107
182,EGT99806AQ10,07/04/2026,06/10/2026,"40,000,000,000","80,966,750,000","26,957,150,000",22.499,25.751,25.741
182,EGT9980T9Q18,31/03/2026,29/09/2026,"40,000,000,000","90,132,825,000","80,681,825,000",24.8,25.501,25.318
182,EGT9980M9Q13,24/03/2026,22/09/2026,"40,000,000,000","110,772,675,000","74,222,675,000",23.751,25,24.849
182,EGT9980F9Q17,17/03/2026,15/09/2026,"40,000,000,000","71,413,375,000","51,839,475,000",24,24.739,24.421
182,EGT998089Q10,10/03/2026,08/09/2026,"40,000,000,000","76,120,575,000","16,318,775,000",23.761,24.201,24.177
182,EGT998019Q15,03/03/2026,01/09/2026,"40,000,000,000","97,542,950,000","40,140,550,000",21.999,24.015,23.84
182,EGT9980P8Q17,24/02/2026,25/08/2026,"40,000,000,000","69,998,375,000","30,173,225,000",22.499,24.020,23.865
182,EGT9980I8Q12,17/02/2026,18/08/2026,"40,000,000,000","163,291,425,000","66,901,125,000",23.789,24.030,23.946
182,EGT9980B8Q17,10/02/2026,11/08/2026,"40,000,000,000","162,712,100,000","65,075,975,000",23.401,24.481,24.411
182,EGT998048Q10,03/02/2026,04/08/2026,"40,000,000,000","85,426,425,000","54,785,725,000",23.401,24.779,24.576
182,EGT9980S7Q12,27/01/2026,28/07/2026,"40,000,000,000","165,728,775,000","50,261,675,000",25,25.231,25.201
182,EGT9980L7Q17,20/01/2026,21/07/2026,"40,000,000,000","130,152,775,000","77,839,775,000",23.001,25.371,25.315
182,EGT9980E7Q12,13/01/2026,14/07/2026,"50,000,000,000","179,967,625,000","123,278,475,000",24.600,25.447,25.345
182,EGT998077Q14,06/01/2026,07/07/2026,"40,000,000,000","107,895,825,000","60,702,675,000",25.000,25.549,25.460
182,EGT9980Y6Q11,30/12/2025,30/06/2026,"35,000,000,000","103,425,425,000","75,497,825,000",24.549,25.700,25.568
182,EGT9980N6Q14,23/12/2025,23/06/2026,"35,000,000,000","189,343,475,000","67,788,825,000",25,25.95,25.846
182,EGT9980G6Q18,16/12/2025,16/06/2026,"35,000,000,000","151,545,650,000","81,932,600,000",24.85,26.401,26.368
182,EGT998096Q11,09/12/2025,09/06/2026,"35,000,000,000","87,871,025,000","45,074,375,000",26.250,26.471,26.428
182,EGT998026Q16,02/12/2025,02/06/2026,"35,000,000,000","94,895,775,000","43,150,850,000",25.799,26.429,26.391
182,EGT9980Q5Q18,25/11/2025,26/05/2026,"30,000,000,000","91,177,025,000","38,140,050,000",25.751,26.429,26.389
182,EGT9980J5Q13,18/11/2025,19/05/2026,"30,000,000,000","125,924,575,000","46,418,225,000",26.239,26.499,26.465
182,EGT9980C5Q18,11/11/2025,12/05/2026,"30,000,000,000","100,499,350,000","24,846,900,000",26.001,26.599,26.577
182,EGT998055Q10,04/11/2025,05/05/2026,"30,000,000,000","114,150,325,000","52,118,650,000",26.455,26.699,26.664
182,EGT9980S4Q15,28/10/2025,28/04/2026,"40,000,000,000","106,997,625,000","33,375,125,000",26.250,26.741,26.717
182,EGT9980L4Q10,21/10/2025,21/04/2026,"38,000,000,000","100,921,150,000","43,464,600,000",26.491,26.741,26.674
182,EGT9980E4Q15,14/10/2025,14/04/2026,"40,000,000,000","86,732,525,000","56,604,525,000",25.95,26.741,26.484
182,EGT998074Q17,07/10/2025,07/04/2026,"38,000,000,000","109,314,850,000","41,692,575,000",26.589,26.779,26.724
182,EGT9980V3Q10,30/09/2025,31/03/2026,"35,000,000,000","76,085,975,000","36,910,525,000",26.599,26.929,26.826
182,EGT9980O3Q15,23/09/2025,24/03/2026,"40,000,000,000","79,373,525,000","33,427,525,000",26.409,26.741,26.661
182,EGT9980H3Q19,16/09/2025,17/03/2026,"35,000,000,000","136,784,225,000","93,600,300,000",26.291,26.689,26.565
182,EGT9980A3Q14,09/09/2025,10/03/2026,"40,000,000,000","152,249,925,000","75,717,225,000",26.46,26.8,26.768
182,EGT998033Q17,02/09/2025,03/03/2026,"35,000,000,000","91,201,650,000","43,898,150,000",26.499,27.099,26.975
182,EGT9980O2Q16,26/08/2025,24/02/2026,"35,000,000,000","163,941,225,000","83,041,950,000",26.929,27.19,27.035
182,EGT9980H2Q10,19/08/2025,17/02/2026,"40,000,000,000","142,738,875,000","59,151,550,000",27.239,27.69,27.583
182,EGT9980A2Q15,12/08/2025,10/02/2026,"35,000,000,000","87,765,350,000","24,059,200,000",27.700,28.000,27.996
182,EGT998032Q18,05/08/2025,03/02/2026,"40,000,000,000","99,328,325,000","43,260,325,000",27.501,28.000,27.771
182,EGT9980R1Q10,29/07/2025,27/01/2026,"35,000,000,000","109,645,625,000","21,788,825,000",27.441,27.700,27.681
182,EGT9980K1Q15,22/07/2025,20/01/2026,"40,000,000,000","101,893,675,000","50,670,675,000",27.159,27.700,27.487
182,EGT9980D1Q10,15/07/2025,13/01/2026,"35,000,000,000","146,973,050,000","83,913,450,000",26.751,27.239,27.165
182,EGT998061Q12,08/07/2025,06/01/2026,"40,000,000,000","101,202,350,000","62,009,500,000",26.499,27.399,27.192
182,EGT9980YCP13,01/07/2025,30/12/2025,"35,000,000,000","224,205,225,000","68,400,700,000",26.001,27.249,27.151
182,EGT9980NCP16,24/06/2025,23/12/2025,"40,000,000,000","66,733,175,000","24,011,675,000",24.499,28.501,28.274
182,EGT9980GCP15,17/06/2025,16/12/2025,"45,000,000,000","107,732,550,000","57,789,625,000",24.479,27.750,27.482
182,EGT99809CP16,10/06/2025,09/12/2025,"40,000,000,000","79,473,450,000","36,362,450,000",27.009,27.550,27.368
182,EGT99802CP13,03/06/2025,02/12/2025,"45,000,000,000","88,444,250,000","38,013,250,000",26.849,27.301,27.179
182,EGT9980PBP15,27/05/2025,25/11/2025,"30,000,000,000","95,766,650,000","63,305,650,000",26.849,27.249,27.131
182,EGT9980IBP14,20/05/2025,18/11/2025,"35,000,000,000","147,850,000,000","102,697,925,000",26.699,27.249,27.082
182,EGT9980BBP11,13/05/2025,11/11/2025,"30,000,000,000","54,237,650,000","19,637,650,000",26.301,27.249,27.016
182,EGT99804BP12,06/05/2025,04/11/2025,"35,000,000,000","52,915,550,000","18,824,050,000",26.050,26.699,26.624
182,EGT9980SAP13,29/04/2025,28/10/2025,"30,000,000,000","64,517,325,000","24,869,725,000",25.501,26.599,26.393
182,EGT9980LAP10,22/04/2025,21/10/2025,"35,000,000,000","65,789,175,000","39,989,175,000",26.450,27.001,26.910
182,EGT9980EAP19,15/04/2025,14/10/2025,"30,000,000,000","111,112,225,000","65,395,100,000",26.450,27.001,26.817
182,EGT99807AP10,08/04/2025,07/10/2025,"35,000,000,000","70,084,425,000","19,800,000,000",26.751,27.019,26.958
182,EGT9980Y9P19,01/04/2025,30/09/2025,"30,000,000,000","54,006,725,000","8,806,725,000",26.119,26.751,26.642
182,EGT9980N9P12,25/03/2025,23/09/2025,"50,000,000,000","187,174,725,000","80,622,650,000",25.751,26.481,26.160
182,EGT9980G9P16,18/03/2025,16/09/2025,"50,000,000,000","262,108,525,000","97,042,675,000",26.800,27.490,27.188
182,EGT998099P19,11/03/2025,09/09/2025,"50,000,000,000","158,952,450,000","63,983,950,000",28.239,28.896,28.689
182,EGT998029P14,04/03/2025,02/09/2025,"40,000,000,000","92,077,825,000","36,682,825,000",27.651,28.271,28.116
182,EGT9980Q8P16,25/02/2025,26/08/2025,"40,000,000,000","67,265,350,000","30,435,350,000",27.200,27.750,27.657
182,EGT9980J8P11,18/02/2025,19/08/2025,"35,000,000,000","70,564,925,000","5,345,200,000",27.099,27.451,27.420
182,EGT9980C8P16,11/02/2025,12/08/2025,"40,000,000,000","59,136,900,000","22,789,400,000",26.849,27.249,27.079
182,EGT998058P18,04/02/2025,05/08/2025,"35,000,000,000","114,618,875,000","23,735,375,000",26.741,26.921,26.858
182,EGT9980T7P11,28/01/2025,29/07/2025,"40,000,000,000","120,962,825,000","18,175,200,000",26.550,26.921,26.809
182,EGT9980M7P16,21/01/2025,22/07/2025,"35,000,000,000","123,632,050,000","36,206,225,000",26.419,26.929,26.834
182,EGT9980F7P10,14/01/2025,15/07/2025,"40,000,000,000","145,231,600,000","42,710,725,000",25.600,27.249,27.106
182,EGT998087P13,07/01/2025,08/07/2025,"35,000,000,000","228,310,550,000","54,764,675,000",26.401,27.750,27.263
182,EGT998017P18,31/12/2024,01/07/2025,"35,000,000,000","265,966,000,000","55,614,550,000",29.399,29.861,29.783
182,EGT9980O6P13,24/12/2024,24/06/2025,"30,000,000,000","133,019,350,000","30,712,925,000",30.981,31.230,31.206
182,EGT9980H6P17,17/12/2024,17/06/2025,"35,000,000,000","115,437,875,000","71,704,375,000",30.799,31.270,31.150
182,EGT9980A6P12,10/12/2024,10/06/2025,"40,000,000,000","86,352,000,000","7,187,775,000",30.941,31.080,30.996
182,EGT998036P15,03/12/2024,03/06/2025,"35,000,000,000","76,928,725,000","47,003,725,000",30.650,30.989,30.858
182,EGT9980R5P17,26/11/2024,27/05/2025,"42,000,000,000","65,557,575,000","9,048,650,000",30.490,30.690,30.585
182,EGT9980K5P12,19/11/2024,20/05/2025,"40,000,000,000","76,532,450,000","40,395,450,000",29.941,30.450,30.321
182,EGT9980D5P17,12/11/2024,13/05/2025,"35,000,000,000","65,971,450,000","19,046,150,000",29.922,30.190,30.094
182,EGT998065P19,05/11/2024,06/05/2025,"40,000,000,000","53,167,325,000","10,764,325,000",29.700,29.999,29.923
182,EGT9980T4P14,29/10/2024,29/04/2025,"30,000,000,000","48,865,825,000","13,432,825,000",29.399,29.750,29.629
182,EGT9980M4P19,22/10/2024,22/04/2025,"30,000,000,000","52,276,725,000","18,510,725,000",29.099,29.499,29.373
182,EGT9980F4P13,15/10/2024,15/04/2025,"30,000,000,000","46,789,825,000","11,297,025,000",29.180,29.241,29.218
182,EGT998084P16,08/10/2024,08/04/2025,"30,000,000,000","71,105,200,000","32,823,600,000",28.999,29.241,29.199
182,EGT998014P11,01/10/2024,01/04/2025,"30,000,000,000","74,099,250,000","29,887,250,000",28.999,29.249,29.178
182,EGT9980P3P13,24/09/2024,25/03/2025,"30,000,000,000","88,738,675,000","46,426,700,000",29.070,29.259,29.210
182,EGT9980I3P18,17/09/2024,18/03/2025,"35,000,000,000","104,797,800,000","46,460,100,000",28.999,29.330,29.244
182,EGT9980B3P13,10/09/2024,11/03/2025,"30,000,000,000","91,316,375,000","50,614,150,000",29.009,29.349,29.256
182,EGT998043P16,03/09/2024,04/03/2025,"35,000,000,000","80,620,525,000","11,057,200,000",28.250,29.249,29.036
182,EGT9980P2P14,27/08/2024,25/02/2025,"30,000,000,000","71,845,150,000","23,649,550,000",26.250,28.999,28.861
182,EGT9980I2P19,20/08/2024,18/02/2025,"35,000,000,000","70,497,375,000","10,249,875,000",27.919,28.501,28.261
182,EGT9980B2P14,13/08/2024,11/02/2025,"30,000,000,000","41,166,700,000","4,149,700,000",27.750,28.000,27.923
182,EGT998042P17,06/08/2024,04/02/2025,"35,000,000,000","50,811,550,000","11,529,550,000",26.991,27.501,27.213
182,EGT9980S1P19,30/07/2024,28/01/2025,"30,000,000,000","47,634,500,000","17,196,500,000",26.699,27.001,26.849
182,EGT9980L1P14,23/07/2024,21/01/2025,"30,000,000,000","51,577,650,000","14,200,050,000",25.950,26.800,26.750
182,EGT9980E1P19,16/07/2024,14/01/2025,"35,000,000,000","60,282,725,000","18,755,725,000",25.899,26.751,26.578
182,EGT998071P11,09/07/2024,07/01/2025,"30,000,000,000","52,230,900,000","15,952,900,000",25.850,26.530,26.319
182,EGT9980VCO17,02/07/2024,31/12/2024,"35,000,000,000","56,101,850,000","1,226,850,000",26.001,26.001,26.001
182,EGT9980OCO16,25/06/2024,24/12/2024,"25,000,000,000","15,341,375,000","8,491,375,000",25.850,26.001,25.977
182,EGT9980HCO15,18/06/2024,17/12/2024,"25,000,000,000","12,647,150,000","4,524,650,000",25.600,26.001,25.969
182,EGT9980ACO12,11/06/2024,10/12/2024,"25,000,000,000","26,252,850,000","14,800,550,000",25.700,26.001,25.973
182,EGT99803CO13,04/06/2024,03/12/2024,"25,000,000,000","41,128,525,000","37,001,025,000",24.000,26.001,25.980
182,EGT9980QBO15,28/05/2024,26/11/2024,"25,000,000,000","32,399,950,000","26,797,850,000",21.001,26.001,25.960
182,EGT9980JBO14,21/05/2024,19/11/2024,"25,000,000,000","27,948,475,000","16,722,950,000",24.499,26.001,25.992
182,EGT9980CBO11,14/05/2024,12/11/2024,"25,000,000,000","33,111,125,000","16,207,225,000",24.499,26.001,25.974
182,EGT99805BO12,07/05/2024,05/11/2024,"25,000,000,000","21,108,625,000","6,151,400,000",24.499,26.001,25.997
182,EGT9980TAO13,30/04/2024,29/10/2024,"30,000,000,000","32,720,275,000","5,712,925,000",25.000,26.001,25.893
182,EGT9980MAO10,23/04/2024,22/10/2024,"30,000,000,000","24,403,675,000","3,681,400,000",25.000,26.001,25.928
182,EGT9980FAO19,16/04/2024,15/10/2024,"30,000,000,000","26,767,525,000","761,425,000",24.499,26.001,25.985
182,EGT99808AO10,09/04/2024,08/10/2024,"30,000,000,000","24,915,675,000","4,210,575,000",23.001,26.001,25.587
182,EGT99801AO17,02/04/2024,01/10/2024,"35,000,000,000","77,086,550,000","35,000,000,000",24.000,26.001,25.745
182,EGT9980O9O11,26/03/2024,24/09/2024,"30,000,000,000","110,392,500,000","37,802,700,000",25.000,28.000,27.723
182,EGT9980H9O15,19/03/2024,17/09/2024,"30,000,000,000","130,603,500,000","46,759,900,000",28.000,30.251,29.912
182,EGT9980A9O10,12/03/2024,10/09/2024,"30,000,000,000","56,990,950,000","14,224,100,000",23.001,32.150,31.837
182,EGT998039O13,05/03/2024,03/09/2024,"30,000,000,000","22,619,300,000","4,830,800,000",25.000,28.579,28.484
182,EGT9980R8O15,27/02/2024,27/08/2024,"35,000,000,000","23,219,750,000","2,933,650,000",25.000,28.399,28.386
182,EGT9980K8O10,20/02/2024,20/08/2024,"35,000,000,000","28,448,050,000","17,096,750,000",27.001,28.399,28.169
182,EGT9980D8O15,13/02/2024,13/08/2024,"35,000,000,000","15,207,950,000","1,523,650,000",25.899,27.901,27.741
182,EGT998068O17,06/02/2024,06/08/2024,"35,000,000,000","8,949,625,000","212,950,000",26.250,27.099,26.988
182,EGT9980Y7O12,30/01/2024,30/07/2024,"35,000,000,000","13,875,625,000","6,090,625,000",25.751,27.099,26.960
182,EGT9980N7O15,23/01/2024,23/07/2024,"35,000,000,000","19,349,300,000","10,968,025,000",25.881,26.800,26.398
182,EGT9980G7O19,16/01/2024,16/07/2024,"35,000,000,000","32,184,950,000","4,880,175,000",25.850,26.050,25.967
182,EGT998097O12,09/01/2024,09/07/2024,"30,000,000,000","16,587,625,000","4,816,275,000",25.000,26.050,25.969
182,EGT998027O17,02/01/2024,02/07/2024,"30,000,000,000","16,183,875,000","1,604,875,000",19.501,26.001,25.950
182,EGT9980P6O11,26/12/2023,25/06/2024,"19,500,000,000","10,294,525,000","431,275,000",21.001,26.001,25.799
182,EGT9980I6O16,19/12/2023,18/06/2024,"20,000,000,000","26,009,525,000","89,050,000",21.001,26.001,23.803
182,EGT9980B6O11,12/12/2023,11/06/2024,"19,500,000,000","32,919,225,000","10,639,650,000",21.001,26.360,26.276
182,EGT998046O14,05/12/2023,04/06/2024,"20,000,000,000","38,360,000,000","9,130,775,000",21.001,26.201,26.110
182,EGT9980S5O16,28/11/2023,28/05/2024,"19,500,000,000","17,626,275,000","3,400,125,000",21.001,26.050,26.029
182,EGT9980L5O11,21/11/2023,21/05/2024,"20,000,000,000","21,678,275,000","12,667,875,000",21.001,26.050,26.018
182,EGT9980E5O16,14/11/2023,14/05/2024,"19,500,000,000","21,852,075,000","2,537,400,000",21.001,26.001,25.930
182,EGT998075O18,07/11/2023,07/05/2024,"20,000,000,000","19,658,875,000","1,571,075,000",24.499,26.001,25.941
182,EGT9980Y4O15,31/10/2023,30/04/2024,"19,500,000,000","23,915,275,000","14,932,725,000",24.749,26.001,25.934
182,EGT9980N4O18,24/10/2023,23/04/2024,"20,000,000,000","25,578,775,000","1,609,975,000",25.000,25.809,25.791
182,EGT9980G4O12,17/10/2023,16/04/2024,"19,500,000,000","28,241,725,000","4,115,925,000",25.000,25.809,25.778
182,EGT998094O15,10/10/2023,09/04/2024,"20,000,000,000","25,749,825,000","9,658,825,000",25.000,25.809,25.746
182,EGT998024O10,03/10/2023,02/04/2024,"19,500,000,000","23,813,075,000","1,470,175,000",21.999,25.751,25.733
182,EGT9980Q3O12,26/09/2023,26/03/2024,"18,500,000,000","28,067,725,000","17,310,000,000",25.000,25.751,25.697
182,EGT9980J3O17,19/09/2023,19/03/2024,"19,000,000,000","30,404,100,000","26,505,250,000",24.499,25.600,25.526
182,EGT9980C3O12,12/09/2023,12/03/2024,"18,500,000,000","32,687,650,000","14,135,950,000",23.001,25.419,25.350
182,EGT998053O14,05/09/2023,05/03/2024,"19,000,000,000","31,302,700,000","20,817,200,000",23.899,25.320,25.287
182,EGT9980R2O11,29/08/2023,27/02/2024,"18,500,000,000","28,187,150,000","17,228,150,000",24.000,25.200,25.144
182,EGT9980K2O16,22/08/2023,20/02/2024,"19,000,000,000","34,447,075,000","23,616,375,000",23.501,25.099,25.066
182,EGT9980D2O11,15/08/2023,13/02/2024,"18,500,000,000","32,768,450,000","12,628,650,000",24.000,25.000,24.921
182,EGT998062O13,08/08/2023,06/02/2024,"19,000,000,000","33,093,500,000","22,418,350,000",21.501,24.229,24.225
182,EGT9980Y1O18,01/08/2023,30/01/2024,"18,500,000,000","38,127,150,000","26,049,150,000",21.999,24.229,24.221
182,EGT9980N1O11,25/07/2023,23/01/2024,"19,000,000,000","52,372,000,000","42,635,150,000",19.999,24.229,24.213
182,EGT9980G1O15,18/07/2023,16/01/2024,"18,500,000,000","58,550,300,000","46,790,300,000",19.999,24.219,24.207
182,EGT998091O18,11/07/2023,09/01/2024,"19,000,000,000","46,409,025,000","23,766,025,000",23.001,24.219,24.204
182,EGT998021O13,04/07/2023,02/01/2024,"18,500,000,000","28,269,800,000","2,142,300,000",24.000,24.219,24.208
182,EGT9980QCN15,27/06/2023,26/12/2023,"16,000,000,000","26,267,450,000","9,694,450,000",23.001,24.219,24.187
182,EGT9980JCN14,20/06/2023,19/12/2023,"16,500,000,000","40,084,575,000","26,712,675,000",23.751,24.131,24.085
182,EGT9980CCN11,13/06/2023,12/12/2023,"16,000,000,000","44,941,100,000","29,340,025,000",23.001,24.050,24.001
182,EGT99805CN12,06/06/2023,05/12/2023,"16,500,000,000","40,378,775,000","25,810,275,000",16.001,23.990,23.939
182,EGT9980SBN14,30/05/2023,28/11/2023,"16,000,000,000","51,927,150,000","39,122,150,000",23.001,23.899,23.844
182,EGT9980LBN11,23/05/2023,21/11/2023,"16,500,000,000","26,759,350,000","3,042,800,000",22.301,23.799,23.773
182,EGT9980EBN10,16/05/2023,14/11/2023,"16,000,000,000","39,512,250,000","12,530,250,000",19.000,23.799,23.731
182,EGT99807BN11,09/05/2023,07/11/2023,"16,500,000,000","37,074,775,000","19,806,775,000",23.001,23.701,23.648
182,EGT9980VAN10,02/05/2023,31/10/2023,"16,000,000,000","38,614,475,000","15,714,475,000",23.001,23.601,23.523
182,EGT9980OAN19,25/04/2023,24/10/2023,"16,500,000,000","45,640,150,000","19,286,575,000",22.499,23.491,23.308
182,EGT9980HAN18,18/04/2023,17/10/2023,"16,000,000,000","50,961,950,000","5,742,225,000",22.499,23.251,23.208
182,EGT9980AAN15,11/04/2023,10/10/2023,"16,500,000,000","37,504,825,000","3,360,825,000",22.449,23.251,23.123
182,EGT99803AN16,04/04/2023,03/10/2023,"16,000,000,000","13,626,450,000","1,017,950,000",19.999,22.601,22.581
182,EGT9980Q9N17,28/03/2023,26/09/2023,"20,000,000,000","24,407,450,000","3,380,950,000",20.249,22.601,22.593
182,EGT9980J9N12,21/03/2023,19/09/2023,"20,500,000,000","21,133,175,000","2,333,325,000",19.999,22.601,22.586
182,EGT9980C9N17,14/03/2023,12/09/2023,"20,000,000,000","22,498,600,000","7,042,700,000",21.700,22.601,22.481
182,EGT998059N19,07/03/2023,05/09/2023,"20,500,000,000","31,519,950,000","21,318,450,000",20.959,22.251,22.145
182,EGT9980T8N12,28/02/2023,29/08/2023,"20,000,000,000","38,439,300,000","25,382,800,000",21.030,22.031,21.962
182,EGT9980M8N17,21/02/2023,22/08/2023,"20,500,000,000","39,273,550,000","30,031,550,000",19.000,21.900,21.767
182,EGT9980F8N11,14/02/2023,15/08/2023,"20,000,000,000","34,221,525,000","16,002,025,000",18.100,21.700,21.589
182,EGT998088N14,07/02/2023,08/08/2023,"20,500,000,000","20,405,725,000","13,200,725,000",21.300,21.550,21.494
182,EGT998018N19,31/01/2023,01/08/2023,"20,000,000,000","22,935,775,000","10,689,600,000",20.500,21.450,21.376
182,EGT9980P7N11,24/01/2023,25/07/2023,"20,500,000,000","40,454,100,000","22,127,950,000",19.999,21.400,21.304
182,EGT9980I7N16,17/01/2023,18/07/2023,"20,000,000,000","67,623,700,000","51,850,250,000",19.000,21.300,21.032
182,EGT9980B7N11,10/01/2023,11/07/2023,"20,500,000,000","24,608,275,000","2,637,675,000",19.000,21.001,20.595
182,EGT998047N14,03/01/2023,04/07/2023,"20,500,000,000","16,066,375,000","249,300,000",18.501,19.999,19.170
182,EGT9980R6N18,27/12/2022,27/06/2023,"5,000,000,000","5,334,550,000","106,700,000",17.600,18.750,18.673
182,EGT9980K6N13,20/12/2022,20/06/2023,"4,500,000,000","5,707,650,000","625,425,000",18.000,18.750,18.702
182,EGT9980D6N18,13/12/2022,13/06/2023,"5,000,000,000","17,581,600,000","4,956,825,000",18.401,18.750,18.692
182,EGT998066N10,06/12/2022,06/06/2023,"4,500,000,000","53,376,000,000","43,122,500,000",18.000,18.700,18.614
182,EGT9980Y5N15,29/11/2022,30/05/2023,"5,000,000,000","48,493,300,000","29,897,300,000",17.600,18.599,18.525
182,EGT9980N5N18,22/11/2022,23/05/2023,"4,500,000,000","29,588,850,000","23,075,950,000",17.850,18.599,18.386
182,EGT9980G5N12,15/11/2022,16/05/2023,"5,000,000,000","21,497,800,000","12,218,500,000",16.301,18.200,18.071
182,EGT998095N15,08/11/2022,09/05/2023,"4,500,000,000","21,520,525,000","4,500,000,000",16.399,17.831,17.671
182,EGT998025N10,01/11/2022,02/05/2023,"5,000,000,000","8,157,300,000","259,825,000",16.700,16.999,16.980
182,EGT9980P4N14,25/10/2022,25/04/2023,"4,500,000,000","22,101,450,000","10,516,725,000",16.001,16.999,16.907
182,EGT9980I4N19,18/10/2022,18/04/2023,"5,000,000,000","27,849,250,000","5,519,725,000",16.001,16.799,16.693
182,EGT9980B4N14,11/10/2022,11/04/2023,"4,500,000,000","19,407,950,000","5,234,950,000",16.001,16.500,16.472
182,EGT998044N17,04/10/2022,04/04/2023,"5,000,000,000","38,128,150,000","28,161,100,000",13.999,16.500,16.411
182,EGT9980S3N19,27/09/2022,28/03/2023,"15,000,000,000","17,300,525,000","7,442,875,000",16.001,16.500,16.458
182,EGT9980L3N14,20/09/2022,21/03/2023,"14,500,000,000","53,354,125,000","40,016,725,000",15.499,16.139,16.055
182,EGT9980E3N19,13/09/2022,14/03/2023,"15,000,000,000","113,501,225,000","46,905,500,000",15.830,16.139,16.106
182,EGT998073N11,06/09/2022,07/03/2023,"14,500,000,000","59,482,175,000","37,952,200,000",16.001,16.411,16.383
182,EGT9980S2N10,30/08/2022,28/02/2023,"15,000,000,000","25,625,675,000","10,120,550,000",13.500,16.451,16.418
182,EGT9980L2N15,23/08/2022,21/02/2023,"14,500,000,000","17,418,500,000","7,782,925,000",15.000,16.399,16.366
182,EGT9980E2N10,16/08/2022,14/02/2023,"15,000,000,000","23,640,625,000","13,395,625,000",15.849,16.221,16.193
182,EGT998072N12,09/08/2022,07/02/2023,"14,500,000,000","19,070,775,000","7,500,825,000",15.599,16.050,16.001
182,EGT9980V1N15,02/08/2022,31/01/2023,"15,000,000,000","17,300,275,000","514,900,000",15.200,15.700,15.634
182,EGT9980O1N10,26/07/2022,24/01/2023,"14,500,000,000","17,421,125,000","1,175,625,000",15.000,15.700,15.583
182,EGT9980H1N14,19/07/2022,17/01/2023,"15,000,000,000","14,827,550,000","672,550,000",15.251,15.551,15.495
182,EGT9980A1N19,12/07/2022,10/01/2023,"14,500,000,000","15,626,725,000","7,213,725,000",15.200,15.551,15.513
182,EGT998031N12,05/07/2022,03/01/2023,"15,000,000,000","11,468,350,000","932,075,000",15.000,15.350,15.232
182,EGT9980RCM15,28/06/2022,27/12/2022,"12,000,000,000","17,272,950,000","1,981,425,000",15.000,15.350,15.304
182,EGT9980KCM12,21/06/2022,20/12/2022,"12,500,000,000","19,556,075,000","9,351,125,000",14.901,15.350,15.244
182,EGT9980DCM11,14/06/2022,13/12/2022,"12,000,000,000","30,543,650,000","3,516,475,000",13.500,15.151,15.125
182,EGT99806CM12,07/06/2022,06/12/2022,"12,500,000,000","27,046,250,000","13,164,975,000",13.999,15.151,14.972
182,EGT9980TBM14,31/05/2022,29/11/2022,"12,500,000,000","18,863,500,000","1,367,100,000",13.500,14.699,14.165
182,EGT9980MBM11,24/05/2022,22/11/2022,"12,000,000,000","15,747,975,000","448,975,000",13.550,13.699,13.658
182,EGT9980FBM10,17/05/2022,15/11/2022,"12,500,000,000","20,363,525,000","541,225,000",13.500,13.699,13.678
182,EGT99808BM11,10/05/2022,08/11/2022,"12,000,000,000","16,454,750,000","163,850,000",13.571,13.699,13.669
182,EGT99801BM18,03/05/2022,01/11/2022,"12,500,000,000","21,637,075,000","2,729,575,000",13.400,13.699,13.623
182,EGT9980PAM19,26/04/2022,25/10/2022,"12,000,000,000","18,853,850,000","12,374,850,000",13.001,13.550,13.468
182,EGT9980IAM18,19/04/2022,18/10/2022,"12,500,000,000","29,457,575,000","17,397,575,000",12.801,13.219,13.078
182,EGT9980BAM15,12/04/2022,11/10/2022,"12,000,000,000","39,424,600,000","12,107,525,000",12.801,13.019,12.983
182,EGT99804AM16,05/04/2022,04/10/2022,"12,500,000,000","21,168,600,000","10,974,600,000",11.349,13.001,12.894
182,EGT9980R9M16,29/03/2022,27/09/2022,"12,500,000,000","16,947,925,000","5,504,100,000",12.001,12.831,12.831
182,EGT9980K9M11,22/03/2022,20/09/2022,"13,000,000,000","25,172,200,000","3,009,800,000",12.001,12.339,12.321
182,EGT9980D9M16,15/03/2022,13/09/2022,"12,500,000,000","14,434,100,000","514,600,000",11.951,12.310,12.294
182,EGT998069M18,08/03/2022,06/09/2022,"13,000,000,000","17,969,000,000","8,521,125,000",12.001,12.321,12.296
182,EGT9980Y8M13,01/03/2022,30/08/2022,"12,500,000,000","6,608,150,000","345,650,000",11.890,12.120,12.073
182,EGT9980N8M16,22/02/2022,23/08/2022,"13,000,000,000","12,743,800,000","858,300,000",11.899,12.120,12.097
182,EGT9980G8M10,15/02/2022,16/08/2022,"12,500,000,000","13,338,475,000","1,017,800,000",11.899,12.118,12.107
182,EGT998098M13,08/02/2022,09/08/2022,"13,000,000,000","19,803,125,000","2,087,925,000",12.001,12.120,12.107
182,EGT998028M18,01/02/2022,02/08/2022,"12,500,000,000","18,089,225,000","1,392,425,000",11.951,12.120,12.102
182,EGT9980Q7M10,25/01/2022,26/07/2022,"13,000,000,000","10,151,150,000","1,114,125,000",11.899,12.120,12.102
182,EGT9980J7M15,18/01/2022,19/07/2022,"12,500,000,000","15,927,975,000","3,946,525,000",11.899,12.120,12.059
182,EGT9980C7M10,11/01/2022,12/07/2022,"13,000,000,000","21,770,950,000","2,616,725,000",11.751,12.120,12.091
182,EGT998057M12,04/01/2022,05/07/2022,"12,500,000,000","21,499,975,000","226,950,000",11.899,12.120,12.093
182,EGT9980S6M17,28/12/2021,28/06/2022,"3,000,000,000","11,047,950,000","3,000,000,000",12.001,12.210,12.194
182,EGT9980L6M12,21/12/2021,21/06/2022,"3,500,000,000","14,108,575,000","3,500,000,000",11.600,12.371,12.353
182,EGT9980E6M17,14/12/2021,14/06/2022,"3,000,000,000","16,317,475,000","10,641,325,000",11.001,12.511,12.456
182,EGT998076M19,07/12/2021,07/06/2022,"3,500,000,000","14,347,600,000","3,500,000,000",12.500,12.590,12.586
182,EGT9980V5M12,30/11/2021,31/05/2022,"3,000,000,000","11,721,600,000","3,000,000,000",12.001,12.658,12.651
182,EGT9980O5M17,23/11/2021,24/05/2022,"3,500,000,000","15,556,725,000","6,175,575,000",12.500,12.669,12.656
182,EGT9980H5M11,16/11/2021,17/05/2022,"3,000,000,000","14,031,275,000","7,188,450,000",12.500,12.669,12.660
182,EGT9980A5M16,09/11/2021,10/05/2022,"3,500,000,000","14,220,700,000","8,598,300,000",12.500,12.669,12.642
182,EGT998035M19,02/11/2021,03/05/2022,"3,000,000,000","8,636,125,000","4,385,525,000",12.400,12.640,12.624
182,EGT9980Q4M13,26/10/2021,26/04/2022,"3,500,000,000","9,566,850,000","5,340,850,000",12.500,12.640,12.631
182,EGT9980J4M18,19/10/2021,19/04/2022,"3,000,000,000","11,074,725,000","7,853,725,000",12.001,12.640,12.604
182,EGT9980C4M13,12/10/2021,12/04/2022,"3,500,000,000","8,608,075,000","3,003,025,000",12.400,12.599,12.568
182,EGT998054M15,05/10/2021,05/04/2022,"3,000,000,000","12,152,475,000","3,859,650,000",12.301,12.590,12.549
182,EGT9980T3M18,28/09/2021,29/03/2022,"5,500,000,000","13,954,250,000","7,629,825,000",12.001,12.620,12.606
182,EGT9980M3M13,21/09/2021,22/03/2022,"6,000,000,000","16,728,475,000","6,000,000,000",12.491,12.620,12.610
182,EGT9980F3M17,14/09/2021,15/03/2022,"5,500,000,000","12,583,100,000","5,500,000,000",12.001,12.719,12.690
182,EGT998083M10,07/09/2021,08/03/2022,"6,000,000,000","19,581,550,000","6,000,000,000",12.500,12.717,12.683
182,EGT998013M15,31/08/2021,01/03/2022,"6,000,000,000","24,020,450,000","6,000,000,000",12.699,12.831,12.801
182,EGT9980M2M14,24/08/2021,22/02/2022,"5,500,000,000","28,888,875,000","5,500,000,000",12.500,12.987,12.976
182,EGT9980F2M18,17/08/2021,15/02/2022,"6,000,000,000","24,962,950,000","14,394,950,000",13.001,13.151,13.135
182,EGT998082M11,10/08/2021,08/02/2022,"5,500,000,000","17,833,000,000","8,282,275,000",12.599,13.160,13.142
182,EGT998012M16,03/08/2021,01/02/2022,"6,000,000,000","43,291,275,000","7,911,250,000",12.901,13.160,13.149
182,EGT9980P1M18,27/07/2021,25/01/2022,"5,500,000,000","19,941,525,000","7,730,025,000",13.101,13.240,13.226
182,EGT9980I1M13,20/07/2021,18/01/2022,"6,000,000,000","24,631,650,000","8,242,700,000",13.151,13.265,13.247
182,EGT9980B1M18,13/07/2021,11/01/2022,"5,500,000,000","25,404,400,000","7,027,175,000",13.101,13.329,13.324
182,EGT998041M11,06/07/2021,04/01/2022,"6,000,000,000","19,292,800,000","13,016,425,000",13.151,13.379,13.347
182,EGT9980SCL15,29/06/2021,28/12/2021,"10,500,000,000","18,431,900,000","12,226,900,000",13.101,13.379,13.356
182,EGT9980LCL12,22/06/2021,21/12/2021,"10,000,000,000","23,075,775,000","9,852,050,000",13.001,13.349,13.338
182,EGT9980ECL11,15/06/2021,14/12/2021,"10,500,000,000","22,080,600,000","13,693,650,000",13.199,13.397,13.381
182,EGT99807CL12,08/06/2021,07/12/2021,"10,000,000,000","21,311,750,000","14,422,650,000",12.801,13.400,13.393
182,EGT9980YBL18,01/06/2021,30/11/2021,"10,500,000,000","19,112,700,000","14,882,625,000",13.001,13.400,13.388
182,EGT9980NBL11,25/05/2021,23/11/2021,"10,000,000,000","20,042,350,000","16,411,000,000",13.199,13.400,13.386
182,EGT9980GBL10,18/05/2021,16/11/2021,"10,500,000,000","19,302,825,000","13,690,925,000",13.151,13.400,13.386
182,EGT99809BL11,11/05/2021,09/11/2021,"10,000,000,000","20,776,150,000","15,291,150,000",13.001,13.400,13.386
182,EGT99802BL18,04/05/2021,02/11/2021,"10,500,000,000","17,372,750,000","8,519,750,000",13.299,13.400,13.384
182,EGT9980QAL19,27/04/2021,26/10/2021,"10,000,000,000","16,045,275,000","9,895,275,000",13.199,13.400,13.395
182,EGT9980JAL18,20/04/2021,19/10/2021,"10,500,000,000","25,181,900,000","12,766,350,000",13.249,13.400,13.381
182,EGT9980CAL15,13/04/2021,12/10/2021,"10,000,000,000","22,369,550,000","10,000,000,000",13.249,13.429,13.404
182,EGT99805AL16,06/04/2021,05/10/2021,"10,500,000,000","20,390,800,000","10,500,000,000",13.001,13.441,13.393
182,EGT9980S9L15,30/03/2021,28/09/2021,"10,500,000,000","14,994,650,000","4,948,200,000",13.101,13.429,13.409
182,EGT9980L9L10,23/03/2021,21/09/2021,"10,000,000,000","17,544,400,000","6,738,275,000",13.001,13.400,13.388
182,EGT9980E9L15,16/03/2021,14/09/2021,"10,500,000,000","17,675,200,000","10,802,600,000",13.001,13.400,13.359
182,EGT998079L17,09/03/2021,07/09/2021,"10,000,000,000","16,876,450,000","8,619,650,000",13.001,13.349,13.320
182,EGT9980V8L10,02/03/2021,31/08/2021,"10,500,000,000","17,771,525,000","8,919,950,000",13.001,13.299,13.245
182,EGT9980O8L15,23/02/2021,24/08/2021,"7,000,000,000","11,884,500,000","5,257,700,000",13.001,13.249,13.181
182,EGT9980H8L19,16/02/2021,17/08/2021,"7,500,000,000","13,661,050,000","8,357,675,000",12.500,13.190,13.131
182,EGT9980A8L14,09/02/2021,10/08/2021,"7,000,000,000","16,276,275,000","11,676,275,000",12.699,13.190,13.056
182,EGT998038L17,02/02/2021,03/08/2021,"7,500,000,000","10,888,850,000","5,388,450,000",12.599,13.249,13.185
182,EGT9980R7L19,26/01/2021,27/07/2021,"7,000,000,000","5,492,450,000","3,324,375,000",12.400,12.980,12.894
182,EGT9980K7L14,19/01/2021,20/07/2021,"7,500,000,000","13,060,925,000","6,547,725,000",12.500,12.851,12.835
182,EGT9980D7L19,12/01/2021,13/07/2021,"7,000,000,000","10,368,725,000","6,171,900,000",12.640,12.908,12.792
182,EGT998067L11,05/01/2021,06/07/2021,"7,500,000,000","7,265,450,000","1,697,550,000",12.500,12.990,12.921
182,EGT9980T6L16,29/12/2020,29/06/2021,"7,500,000,000","7,465,850,000","3,782,400,000",12.251,12.890,12.726
182,EGT9980M6L11,22/12/2020,22/06/2021,"7,000,000,000","17,448,300,000","7,000,000,000",12.500,12.708,12.647
182,EGT9980F6L15,15/12/2020,15/06/2021,"7,500,000,000","12,159,450,000","7,500,000,000",12.910,13.040,12.965
182,EGT998086L18,08/12/2020,08/06/2021,"8,500,000,000","12,028,450,000","4,890,825,000",13.001,13.260,13.217
182,EGT998016L13,01/12/2020,01/06/2021,"9,000,000,000","17,606,600,000","4,398,025,000",13.001,13.270,13.235
182,EGT9980P5L15,24/11/2020,25/05/2021,"8,500,000,000","13,032,550,000","4,503,450,000",13.001,13.299,13.245
182,EGT9980I5L10,17/11/2020,18/05/2021,"9,000,000,000","22,906,600,000","9,000,000,000",13.249,13.320,13.297
182,EGT9980B5L15,10/11/2020,11/05/2021,"8,500,000,000","22,298,975,000","6,080,825,000",13.349,13.521,13.518
182,EGT998045L18,03/11/2020,04/05/2021,"9,000,000,000","17,951,400,000","6,229,700,000",13.001,13.521,13.491
182,EGT9980R4L12,27/10/2020,27/04/2021,"8,500,000,000","12,013,525,000","6,598,925,000",13.101,13.470,13.450
182,EGT9980K4L17,20/10/2020,20/04/2021,"9,000,000,000","12,178,925,000","2,160,250,000",13.199,13.420,13.372
182,EGT9980D4L12,13/10/2020,13/04/2021,"8,500,000,000","20,215,300,000","5,185,300,000",13.001,13.361,13.336
182,EGT998064L14,06/10/2020,06/04/2021,"9,000,000,000","12,595,650,000","9,000,000,000",13.001,13.429,13.381
182,EGT9980Y3L19,29/09/2020,30/03/2021,"9,000,000,000","13,931,700,000","4,726,375,000",13.240,13.521,13.516
182,EGT9980N3L12,22/09/2020,23/03/2021,"9,500,000,000","21,106,700,000","3,818,100,000",13.199,13.640,13.571
182,EGT9980G3L16,15/09/2020,16/03/2021,"9,000,000,000","15,631,125,000","5,324,325,000",13.001,13.610,13.582
182,EGT998093L19,08/09/2020,09/03/2021,"9,500,000,000","19,220,050,000","4,500,550,000",13.400,13.521,13.484
182,EGT998023L14,01/09/2020,02/03/2021,"9,000,000,000","16,540,575,000","9,000,000,000",13.500,13.699,13.665
182,EGT9980N2L13,25/08/2020,23/02/2021,"9,500,000,000","19,171,300,000","12,427,025,000",13.500,13.699,13.683
182,EGT9980G2L17,18/08/2020,16/02/2021,"9,000,000,000","20,459,350,000","14,558,700,000",13.400,13.699,13.676
182,EGT998092L10,11/08/2020,09/02/2021,"9,500,000,000","18,009,475,000","13,028,850,000",13.299,13.699,13.649
182,EGT998022L15,04/08/2020,02/02/2021,"9,000,000,000","9,821,450,000","6,983,950,000",13.299,13.640,13.573
182,EGT9980Q1L17,28/07/2020,26/01/2021,"9,500,000,000","20,654,100,000","9,500,000,000",13.001,13.530,13.452
182,EGT9980J1L12,21/07/2020,19/01/2021,"9,000,000,000","27,422,625,000","9,000,000,000",12.969,13.400,13.384
182,EGT9980C1L17,14/07/2020,12/01/2021,"9,500,000,000","29,779,625,000","15,171,150,000",13.299,13.539,13.518
182,EGT998051L19,07/07/2020,05/01/2021,"9,000,000,000","12,116,950,000","4,263,650,000",12.500,13.548,13.486
182,EGT9980TCK15,30/06/2020,29/12/2020,"7,500,000,000","16,070,200,000","7,587,450,000",12.500,13.349,13.185
182,EGT9980MCK12,23/06/2020,22/12/2020,"7,000,000,000","15,931,825,000","7,000,000,000",12.251,13.051,12.892
182,EGT9980FCK11,16/06/2020,15/12/2020,"7,500,000,000","26,274,225,000","15,130,550,000",12.301,12.500,12.441
182,EGT99808CK12,09/06/2020,08/12/2020,"7,000,000,000","16,471,175,000","11,210,775,000",12.301,12.549,12.511
182,EGT99801CK19,02/06/2020,01/12/2020,"10,000,000,000","9,381,700,000","8,071,700,000",12.380,12.549,12.502
182,EGT9980OBK11,26/05/2020,24/11/2020,"10,000,000,000","14,620,625,000","2,204,050,000",12.400,12.549,12.529
182,EGT9980HBK10,19/05/2020,17/11/2020,"10,000,000,000","17,959,400,000","10,000,000,000",12.500,12.581,12.547
182,EGT9980ABK17,12/05/2020,10/11/2020,"10,000,000,000","20,470,200,000","4,607,100,000",12.500,12.640,12.604
182,EGT99803BK18,05/05/2020,03/11/2020,"10,000,000,000","15,357,775,000","10,000,000,000",12.251,12.640,12.583
182,EGT9980RAK19,28/04/2020,27/10/2020,"10,000,000,000","12,984,050,000","6,117,550,000",12.251,12.479,12.438
182,EGT9980KAK16,21/04/2020,20/10/2020,"10,000,000,000","15,299,225,000","7,159,225,000",12.001,12.350,12.269
182,EGT9980DAK15,14/04/2020,13/10/2020,"10,000,000,000","22,849,150,000","10,000,000,000",11.899,12.251,12.183
182,EGT99806AK16,07/04/2020,06/10/2020,"10,000,000,000","37,248,700,000","20,632,075,000",12.699,13.081,12.996
182,EGT9980T9K14,31/03/2020,29/09/2020,"10,000,000,000","17,135,150,000","12,425,150,000",13.001,13.640,13.550
182,EGT9980M9K19,24/03/2020,22/09/2020,"10,000,000,000","20,634,500,000","11,209,100,000",11.001,13.299,13.290
182,EGT9980F9K13,17/03/2020,15/09/2020,"10,000,000,000","9,528,625,000","111,125,000",13.999,14.351,14.310
182,EGT998089K16,10/03/2020,08/09/2020,"10,000,000,000","25,532,450,000","12,804,550,000",13.749,14.351,14.321
182,EGT998019K11,03/03/2020,01/09/2020,"10,000,000,000","11,726,375,000","4,953,375,000",13.500,14.399,14.330
182,EGT9980P8K13,25/02/2020,25/08/2020,"10,000,000,000","18,826,500,000","10,000,000,000",13.601,13.830,13.811
182,EGT9980I8K18,18/02/2020,18/08/2020,"10,000,000,000","21,890,550,000","10,000,000,000",13.500,14.130,14.102
182,EGT9980B8K13,11/02/2020,11/08/2020,"10,000,000,000","17,379,325,000","4,390,150,000",13.999,14.450,14.425
182,EGT998048K16,04/02/2020,04/08/2020,"10,000,000,000","11,746,075,000","4,738,375,000",13.951,14.549,14.496
182,EGT9980S7K18,28/01/2020,28/07/2020,"10,000,000,000","23,956,800,000","15,422,600,000",13.749,14.450,14.335
182,EGT9980L7K13,21/01/2020,21/07/2020,"10,000,000,000","22,850,050,000","10,000,000,000",13.601,13.859,13.832
182,EGT9980E7K18,14/01/2020,14/07/2020,"10,000,000,000","31,201,725,000","12,423,800,000",14.831,14.901,14.877
182,EGT998077K10,07/01/2020,07/07/2020,"10,000,000,000","15,099,525,000","10,000,000,000",14.600,15.030,14.975
182,EGT9980Y6K17,31/12/2019,30/06/2020,"9,250,000,000","18,708,325,000","5,183,200,000",14.720,15.051,15.009
182,EGT9980N6K10,24/12/2019,23/06/2020,"9,500,000,000","38,090,675,000","9,500,000,000",15.100,15.220,15.206
182,EGT9980G6K14,17/12/2019,16/06/2020,"9,250,000,000","22,840,500,000","9,250,000,000",15.399,15.511,15.495
182,EGT998096K17,10/12/2019,09/06/2020,"9,500,000,000","18,740,200,000","8,201,925,000",15.399,15.599,15.578
182,EGT998026K12,03/12/2019,02/06/2020,"9,250,000,000","10,244,225,000","5,915,675,000",15.100,15.599,15.555
182,EGT9980Q5K14,26/11/2019,26/05/2020,"9,500,000,000","12,053,400,000","9,500,000,000",14.750,15.530,15.453
182,EGT9980J5K19,19/11/2019,19/05/2020,"9,250,000,000","27,221,850,000","10,655,825,000",14.801,15.381,15.336
182,EGT9980C5K14,12/11/2019,12/05/2020,"9,500,000,000","15,083,100,000","9,500,000,000",15.690,15.840,15.800
182,EGT998055K16,05/11/2019,05/05/2020,"9,250,000,000","8,832,650,000","5,977,650,000",15.599,15.870,15.823
182,EGT9980S4K11,29/10/2019,28/04/2020,"9,250,000,000","18,785,650,000","9,250,000,000",15.499,15.870,15.837
182,EGT9980L4K16,22/10/2019,21/04/2020,"9,500,000,000","14,567,800,000","9,500,000,000",15.399,15.891,15.819
182,EGT9980E4K11,15/10/2019,14/04/2020,"9,250,000,000","14,474,125,000","8,420,600,000",15.499,15.849,15.786
182,EGT998074K13,08/10/2019,07/04/2020,"9,500,000,000","10,243,350,000","4,343,350,000",15.599,15.949,15.849
182,EGT9980V3K16,01/10/2019,31/03/2020,"9,250,000,000","15,254,600,000","7,915,725,000",14.501,15.949,15.758
182,EGT9980O3K11,24/09/2019,24/03/2020,"9,500,000,000","25,653,050,000","9,500,000,000",15.399,15.590,15.565
182,EGT9980H3K15,17/09/2019,17/03/2020,"9,250,000,000","21,148,875,000","9,250,000,000",16.200,16.420,16.380
182,EGT9980A3K10,10/09/2019,10/03/2020,"9,500,000,000","9,807,600,000","6,244,100,000",16.249,16.629,16.561
182,EGT998033K13,03/09/2019,03/03/2020,"9,250,000,000","13,062,025,000","8,145,450,000",16.200,16.580,16.521
182,EGT9980P2K19,27/08/2019,25/02/2020,"9,500,000,000","21,472,625,000","11,038,450,000",16.799,16.999,16.900
182,EGT9980I2K14,20/08/2019,18/02/2020,"9,250,000,000","9,497,125,000","7,022,225,000",17.700,18.009,17.959
182,EGT9980B2K19,13/08/2019,11/02/2020,"9,500,000,000","10,484,925,000","7,544,925,000",17.740,17.950,17.892
182,EGT998042K12,06/08/2019,04/02/2020,"9,250,000,000","8,584,600,000","5,204,600,000",17.389,17.900,17.757
182,EGT9980S1K14,30/07/2019,28/01/2020,"9,250,000,000","10,634,875,000","6,324,775,000",17.349,17.800,17.740
182,EGT9980L1K19,23/07/2019,21/01/2020,"9,500,000,000","17,516,275,000","9,499,100,000",17.470,17.569,17.494
182,EGT9980E1K14,16/07/2019,14/01/2020,"9,250,000,000","21,317,625,000","9,250,000,000",17.380,17.600,17.527
182,EGT998071K16,09/07/2019,07/01/2020,"9,500,000,000","10,719,325,000","9,500,000,000",17.501,17.940,17.823
182,EGT9980VCJ14,02/07/2019,31/12/2019,"9,250,000,000","11,129,375,000","9,250,000,000",17.501,17.800,17.736
182,EGT9980OCJ13,25/06/2019,24/12/2019,"8,750,000,000","12,560,700,000","9,887,300,000",17.401,17.731,17.669
182,EGT9980HCJ12,18/06/2019,17/12/2019,"9,000,000,000","15,340,200,000","10,161,900,000",17.401,17.641,17.591
182,EGT9980ACJ19,11/06/2019,10/12/2019,"8,250,000,000","14,856,850,000","8,250,000,000",17.600,17.641,17.621
182,EGT99803CJ10,04/06/2019,03/12/2019,"9,000,000,000","8,309,575,000","4,209,975,000",17.250,17.691,17.645
182,EGT9980QBJ12,28/05/2019,26/11/2019,"8,750,000,000","16,477,150,000","8,750,000,000",17.200,17.529,17.463
182,EGT9980JBJ11,21/05/2019,19/11/2019,"8,750,000,000","15,338,750,000","8,750,000,000",17.200,17.551,17.517
182,EGT9980CBJ18,14/05/2019,12/11/2019,"8,750,000,000","11,044,750,000","6,075,825,000",16.999,17.489,17.441
182,EGT99805BJ19,07/05/2019,05/11/2019,"9,000,000,000","13,523,400,000","8,149,000,000",16.999,17.389,17.325
182,EGT9980TAJ10,30/04/2019,29/10/2019,"8,250,000,000","12,254,550,000","4,099,700,000",16.999,17.280,17.228
182,EGT9980MAJ17,23/04/2019,22/10/2019,"9,000,000,000","25,033,125,000","9,000,000,000",16.999,17.280,17.264
182,EGT9980FAJ16,16/04/2019,15/10/2019,"8,750,000,000","15,812,250,000","9,523,550,000",17.250,17.600,17.529
182,EGT99808AJ17,09/04/2019,08/10/2019,"9,000,000,000","12,298,500,000","4,756,900,000",16.853,17.501,17.413
182,EGT99801AJ14,02/04/2019,01/10/2019,"9,000,000,000","11,676,575,000","9,000,000,000",16.900,17.200,17.106
182,EGT9980O9J18,26/03/2019,24/09/2019,"8,750,000,000","23,153,175,000","9,236,400,000",17.349,17.446,17.392
182,EGT9980H9J12,19/03/2019,17/09/2019,"8,750,000,000","17,141,050,000","9,257,375,000",17.501,17.650,17.605
182,EGT9980A9J17,12/03/2019,10/09/2019,"8,750,000,000","27,700,500,000","8,750,000,000",17.451,17.809,17.745
182,EGT998039J10,05/03/2019,03/09/2019,"8,750,000,000","13,868,950,000","8,750,000,000",17.101,18.000,17.850
182,EGT9980R8J12,26/02/2019,27/08/2019,"8,750,000,000","15,353,325,000","8,413,275,000",17.200,17.451,17.373
182,EGT9980K8J17,19/02/2019,20/08/2019,"8,750,000,000","17,385,475,000","8,750,000,000",18.200,18.640,18.565
182,EGT9980D8J12,12/02/2019,13/08/2019,"8,750,000,000","9,844,825,000","6,299,125,000",18.100,18.611,18.530
182,EGT998068J14,05/02/2019,06/08/2019,"8,750,000,000","10,194,800,000","8,249,800,000",18.100,18.501,18.362
182,EGT9980Y7J19,29/01/2019,30/07/2019,"8,750,000,000","16,045,950,000","8,750,000,000",18.000,18.501,18.439
182,EGT9980N7J12,22/01/2019,23/07/2019,"8,750,000,000","34,911,850,000","8,121,925,000",18.750,18.829,18.829
182,EGT9980G7J16,15/01/2019,16/07/2019,"8,750,000,000","29,560,000,000","12,991,275,000",19.000,19.361,19.342
182,EGT998097J19,08/01/2019,09/07/2019,"8,750,000,000","23,799,700,000","10,653,150,000",19.680,19.721,19.708
182,EGT998027J14,01/01/2019,02/07/2019,"8,750,000,000","21,564,475,000","8,750,000,000",19.000,19.975,19.970
182,EGT9980P6J18,25/12/2018,25/06/2019,"9,500,000,000","11,435,100,000","8,238,950,000",19.450,19.990,19.982
182,EGT9980I6J13,18/12/2018,18/06/2019,"9,500,000,000","10,768,575,000","7,620,325,000",19.689,19.990,19.980
182,EGT9980B6J18,11/12/2018,11/06/2019,"9,500,000,000","9,791,200,000","6,311,250,000",19.291,19.990,19.980
182,EGT998046J11,04/12/2018,04/06/2019,"9,500,000,000","11,946,525,000","7,390,075,000",19.501,19.990,19.964
182,EGT9980S5J13,27/11/2018,28/05/2019,"9,500,000,000","7,926,700,000","757,675,000",19.301,19.990,19.893
182,EGT9980L5J18,20/11/2018,21/05/2019,"9,500,000,000","8,223,025,000","6,516,125,000",19.501,19.849,19.814
182,EGT9980E5J13,13/11/2018,14/05/2019,"9,500,000,000","15,054,650,000","9,500,000,000",19.250,19.721,19.676
182,EGT998075J15,06/11/2018,07/05/2019,"9,500,000,000","15,063,875,000","5,485,750,000",19.000,19.791,19.748
182,EGT9980Y4J12,30/10/2018,30/04/2019,"9,500,000,000","14,989,975,000","6,313,275,000",19.501,19.881,19.859
182,EGT9980N4J15,23/10/2018,23/04/2019,"9,500,000,000","15,469,450,000","10,610,450,000",19.399,19.970,19.928
182,EGT9980G4J19,16/10/2018,16/04/2019,"9,500,000,000","14,505,850,000","10,436,250,000",19.199,19.970,19.878
182,EGT998094J12,09/10/2018,09/04/2019,"9,500,000,000","16,672,725,000","11,405,425,000",18.880,19.900,19.850
182,EGT998024J17,02/10/2018,02/04/2019,"9,500,000,000","13,868,325,000","10,922,825,000",19.399,19.881,19.808
182,EGT9980Q3J19,25/09/2018,26/03/2019,"8,250,000,000","10,095,500,000","8,250,000,000",18.501,19.750,19.622
182,EGT9980J3J14,18/09/2018,19/03/2019,"8,250,000,000","11,049,075,000","8,250,000,000",19.349,19.610,19.501
182,EGT9980C3J19,11/09/2018,12/03/2019,"8,500,000,000","12,762,300,000","7,922,300,000",18.501,19.501,19.435
182,EGT998053J11,04/09/2018,05/03/2019,"8,250,000,000","13,593,425,000","8,250,000,000",18.599,19.431,19.362
182,EGT9980Q2J10,28/08/2018,26/02/2019,"8,500,000,000","13,140,425,000","8,500,000,000",18.700,19.301,19.236
182,EGT9980J2J15,21/08/2018,19/02/2019,"8,250,000,000","10,050,200,000","8,250,000,000",18.599,19.240,19.168
182,EGT9980C2J10,14/08/2018,12/02/2019,"8,250,000,000","12,325,725,000","3,581,150,000",18.700,18.990,18.895
182,EGT998052J12,07/08/2018,05/02/2019,"8,500,000,000","13,117,100,000","8,966,100,000",18.000,18.981,18.924
182,EGT9980T1J15,31/07/2018,29/01/2019,"8,250,000,000","15,908,200,000","8,250,000,000",18.750,18.949,18.901
182,EGT9980M1J10,24/07/2018,22/01/2019,"8,250,000,000","23,124,325,000","8,250,000,000",19.000,19.371,19.331
182,EGT9980F1J14,17/07/2018,15/01/2019,"8,250,000,000","20,269,925,000","7,243,075,000",19.000,19.651,19.605
182,EGT998081J17,10/07/2018,08/01/2019,"8,500,000,000","14,706,200,000","7,126,000,000",18.800,19.830,19.785
182,EGT998011J12,03/07/2018,01/01/2019,"8,250,000,000","13,312,625,000","7,915,775,000",18.800,19.610,19.555
182,EGT9980PCI13,26/06/2018,25/12/2018,"7,750,000,000","13,070,075,000","9,510,075,000",18.250,19.501,19.361
182,EGT9980ICI12,19/06/2018,18/12/2018,"7,750,000,000","12,874,225,000","7,820,725,000",18.300,18.839,18.739
182,EGT9980BCI19,12/06/2018,11/12/2018,"7,750,000,000","20,413,750,000","12,094,875,000",17.501,18.731,18.646
182,EGT99804CI10,05/06/2018,04/12/2018,"7,750,000,000","16,547,200,000","9,149,650,000",18.599,19.120,19.080
182,EGT9980RBI12,29/05/2018,27/11/2018,"7,500,000,000","12,186,875,000","6,927,500,000",17.850,19.199,19.138
182,EGT9980KBI19,22/05/2018,20/11/2018,"7,250,000,000","9,909,950,000","7,250,000,000",16.999,19.091,18.911
182,EGT9980DBI18,15/05/2018,13/11/2018,"7,500,000,000","8,043,750,000","3,748,250,000",16.851,18.839,18.539
182,EGT99806BI19,08/05/2018,06/11/2018,"7,750,000,000","12,232,250,000","8,810,850,000",16.999,17.501,17.427
182,EGT9980YAI14,01/05/2018,30/10/2018,"7,000,000,000","20,290,525,000","11,802,550,000",16.999,17.460,17.398
182,EGT9980NAI17,24/04/2018,23/10/2018,"7,250,000,000","24,839,225,000","9,806,200,000",17.250,17.579,17.523
182,EGT9980GAI16,17/04/2018,16/10/2018,"7,250,000,000","18,096,625,000","7,250,000,000",17.200,17.719,17.544
182,EGT99809AI17,10/04/2018,09/10/2018,"7,250,000,000","14,499,075,000","8,714,300,000",17.240,17.631,17.482
182,EGT99802AI14,03/04/2018,02/10/2018,"7,500,000,000","23,407,575,000","8,660,675,000",17.401,17.619,17.569
182,EGT9980P9I16,27/03/2018,25/09/2018,"6,750,000,000","17,430,975,000","6,750,000,000",17.501,17.900,17.809
182,EGT9980I9I11,20/03/2018,18/09/2018,"6,750,000,000","19,859,325,000","5,775,675,000",17.501,17.831,17.755
182,EGT9980B9I16,13/03/2018,11/09/2018,"7,250,000,000","17,708,250,000","10,970,375,000",17.401,17.881,17.751
182,EGT998049I19,06/03/2018,04/09/2018,"7,250,000,000","20,491,600,000","6,211,950,000",16.999,18.000,17.907
182,EGT9980S8I11,27/02/2018,28/08/2018,"7,500,000,000","16,186,375,000","6,963,875,000",16.700,17.950,17.710
182,EGT9980L8I16,20/02/2018,21/08/2018,"7,000,000,000","13,759,000,000","6,934,000,000",16.900,17.710,17.457
182,EGT9980E8I11,13/02/2018,14/08/2018,"7,250,000,000","19,938,600,000","7,994,675,000",17.101,17.489,17.358
182,EGT998078I13,06/02/2018,07/08/2018,"7,000,000,000","22,812,150,000","8,561,750,000",17.349,17.679,17.611
182,EGT9980V7I16,30/01/2018,31/07/2018,"6,500,000,000","24,938,200,000","9,703,700,000",17.850,18.090,18.018
182,EGT9980O7I11,23/01/2018,24/07/2018,"6,500,000,000","20,190,700,000","10,021,075,000",18.100,18.549,18.415
182,EGT9980H7I15,16/01/2018,17/07/2018,"6,750,000,000","22,964,450,000","5,725,125,000",18.000,18.669,18.606
182,EGT9980A7I10,09/01/2018,10/07/2018,"6,500,000,000","12,673,150,000","6,500,000,000",18.750,19.209,19.140
182,EGT998037I13,02/01/2018,03/07/2018,"6,500,000,000","11,235,050,000","6,500,000,000",18.071,19.079,18.990
182,EGT9980Q6I17,26/12/2017,26/06/2018,"6,500,000,000","11,706,525,000","6,500,000,000",17.600,18.839,18.743
182,EGT9980J6I12,19/12/2017,19/06/2018,"6,500,000,000","15,817,675,000","7,677,150,000",18.000,19.019,18.923
182,EGT9980C6I17,12/12/2017,12/06/2018,"6,750,000,000","11,541,925,000","7,228,425,000",18.501,19.330,19.249
182,EGT998056I19,05/12/2017,05/06/2018,"7,250,000,000","12,613,325,000","8,964,450,000",18.501,19.149,19.048
182,EGT9980T5I12,28/11/2017,29/05/2018,"6,500,000,000","12,934,900,000","8,412,900,000",18.200,18.769,18.642
182,EGT9980M5I17,21/11/2017,22/05/2018,"6,750,000,000","16,543,500,000","7,760,100,000",18.000,18.599,18.534
182,EGT9980F5I11,14/11/2017,15/05/2018,"7,500,000,000","15,229,850,000","8,899,350,000",18.200,18.549,18.498
182,EGT998085I14,07/11/2017,08/05/2018,"6,750,000,000","17,869,525,000","11,748,075,000",18.300,18.527,18.467
182,EGT998015I19,31/10/2017,01/05/2018,"6,500,000,000","23,506,875,000","8,985,475,000",18.000,18.741,18.701
182,EGT9980O4I14,24/10/2017,24/04/2018,"6,500,000,000","14,574,100,000","6,500,000,000",18.501,18.981,18.913
182,EGT9980H4I18,17/10/2017,17/04/2018,"6,500,000,000","17,783,250,000","8,701,350,000",18.000,19.031,18.951
182,EGT9980A4I13,10/10/2017,10/04/2018,"6,750,000,000","14,177,600,000","9,780,800,000",17.501,19.199,19.080
182,EGT998034I16,03/10/2017,03/04/2018,"6,500,000,000","15,910,875,000","7,640,725,000",17.700,18.530,18.402
182,EGT9980R3I18,26/09/2017,27/03/2018,"6,250,000,000","11,889,575,000","8,773,925,000",18.040,18.599,18.434
182,EGT9980K3I13,19/09/2017,20/03/2018,"6,500,000,000","14,161,900,000","7,444,625,000",18.870,19.180,19.110
182,EGT9980D3I18,12/09/2017,13/03/2018,"6,250,000,000","20,584,575,000","7,656,350,000",18.800,19.269,19.221
182,EGT998063I10,05/09/2017,06/03/2018,"6,000,000,000","11,946,075,000","7,351,800,000",18.501,19.629,19.493
182,EGT9980R2I19,29/08/2017,27/02/2018,"6,500,000,000","12,117,400,000","8,811,550,000",18.300,19.595,19.345
182,EGT9980K2I14,22/08/2017,20/02/2018,"6,750,000,000","13,737,950,000","8,249,825,000",18.300,19.641,19.368
182,EGT9980D2I19,15/08/2017,13/02/2018,"7,000,000,000","11,181,425,000","8,307,875,000",18.479,19.000,18.832
182,EGT998062I11,08/08/2017,06/02/2018,"7,250,000,000","18,231,200,000","8,575,375,000",19.240,19.699,19.574
182,EGT9980Y1I16,01/08/2017,30/01/2018,"6,500,000,000","17,427,225,000","7,453,325,000",20.891,21.300,21.175
182,EGT9980N1I19,25/07/2017,23/01/2018,"6,250,000,000","20,463,325,000","7,799,925,000",21.501,21.799,21.679
182,EGT9980G1I13,18/07/2017,16/01/2018,"6,500,000,000","15,763,725,000","6,500,000,000",20.949,22.420,22.278
182,EGT998091I16,11/07/2017,09/01/2018,"6,500,000,000","11,435,525,000","6,500,000,000",19.999,21.300,21.150
182,EGT998021I11,04/07/2017,02/01/2018,"6,250,000,000","12,055,700,000","8,405,700,000",19.999,21.241,21.032
182,EGT9980QCH13,27/06/2017,26/12/2017,"6,250,000,000","11,515,100,000","7,483,800,000",20.201,20.549,20.413
182,EGT9980JCH12,20/06/2017,19/12/2017,"6,250,000,000","12,370,275,000","7,053,125,000",20.140,20.481,20.384
182,EGT9980CCH19,13/06/2017,12/12/2017,"6,500,000,000","14,559,250,000","9,472,950,000",19.801,20.481,20.373
182,EGT99805CH10,06/06/2017,05/12/2017,"6,250,000,000","15,707,150,000","7,129,025,000",19.900,20.600,20.441
182,EGT9980SBH12,30/05/2017,28/11/2017,"6,500,000,000","14,592,700,000","7,341,500,000",19.501,20.900,20.661
182,EGT9980LBH19,23/05/2017,21/11/2017,"6,250,000,000","11,830,375,000","7,371,975,000",19.000,19.881,19.814
182,EGT9980EBH18,16/05/2017,14/11/2017,"6,250,000,000","11,861,000,000","7,670,125,000",19.000,19.491,19.417
182,EGT99807BH19,09/05/2017,07/11/2017,"6,250,000,000","13,016,450,000","8,570,025,000",19.000,19.330,19.272
182,EGT9980VAH18,02/05/2017,31/10/2017,"6,250,000,000","15,860,125,000","6,912,800,000",19.000,19.361,19.276
182,EGT9980OAH17,25/04/2017,24/10/2017,"6,250,000,000","15,734,325,000","7,107,975,000",19.000,19.431,19.392
182,EGT9980HAH16,18/04/2017,17/10/2017,"6,250,000,000","13,882,575,000","6,622,225,000",19.291,19.469,19.419
182,EGT9980AAH13,11/04/2017,10/10/2017,"6,500,000,000","14,635,525,000","8,377,075,000",19.149,19.460,19.380
182,EGT99803AH14,04/04/2017,03/10/2017,"6,250,000,000","15,990,700,000","10,988,825,000",18.981,19.469,19.373
182,EGT9980Q9H15,28/03/2017,26/09/2017,"5,750,000,000","15,526,200,000","5,750,000,000",19.019,19.477,19.379
182,EGT9980J9H10,21/03/2017,19/09/2017,"5,750,000,000","12,038,800,000","6,216,550,000",18.501,19.539,19.388
182,EGT9980C9H15,14/03/2017,12/09/2017,"5,750,000,000","13,543,325,000","7,440,525,000",18.000,18.899,18.657
182,EGT998059H17,07/03/2017,05/09/2017,"6,000,000,000","10,195,850,000","6,000,000,000",18.899,20.089,20.015
182,EGT9980T8H10,28/02/2017,29/08/2017,"5,750,000,000","11,929,425,000","5,750,000,000",17.990,19.919,19.826
182,EGT9980M8H15,21/02/2017,22/08/2017,"6,000,000,000","12,460,975,000","6,000,000,000",16.301,19.060,18.829
182,EGT9980F8H19,14/02/2017,15/08/2017,"5,750,000,000","16,620,825,000","6,592,825,000",17.489,17.900,17.726
182,EGT998088H12,07/02/2017,08/08/2017,"5,750,000,000","15,217,900,000","5,750,000,000",17.465,19.747,19.671
182,EGT998018H17,31/01/2017,01/08/2017,"5,750,000,000","11,833,725,000","6,594,400,000",19.793,20.121,20.015
182,EGT9980P7H19,24/01/2017,25/07/2017,"5,750,000,000","10,990,500,000","5,980,800,000",19.501,20.160,20.109
182,EGT9980I7H14,17/01/2017,18/07/2017,"6,000,000,000","10,563,800,000","6,000,000,000",19.501,20.147,20.060
182,EGT9980B7H19,10/01/2017,11/07/2017,"5,750,000,000","11,244,050,000","6,380,750,000",19.199,19.861,19.827
182,EGT998047H12,03/01/2017,04/07/2017,"5,500,000,000","8,606,025,000","5,500,000,000",19.199,19.818,19.720
182,EGT9980R6H16,27/12/2016,27/06/2017,"4,500,000,000","6,580,225,000","4,500,000,000",18.899,19.491,19.388
182,EGT9980K6H11,20/12/2016,20/06/2017,"4,500,000,000","6,683,200,000","4,500,000,000",18.100,19.190,19.112
182,EGT9980D6H16,13/12/2016,13/06/2017,"4,500,000,000","5,512,425,000","4,500,000,000",17.900,18.889,18.731
182,EGT998066H18,06/12/2016,06/06/2017,"4,500,000,000","7,405,175,000","4,500,000,000",17.990,18.649,18.589
182,EGT9980Y5H13,29/11/2016,30/05/2017,"5,750,000,000","8,572,925,000","5,750,000,000",17.200,18.501,18.258
182,EGT9980N5H16,22/11/2016,23/05/2017,"5,750,000,000","11,621,850,000","5,750,000,000",17.150,17.954,17.716
182,EGT9980G5H10,15/11/2016,16/05/2017,"5,500,000,000","11,155,375,000","6,358,925,000",17.401,19.048,18.469
182,EGT998025H18,01/11/2016,02/05/2017,"5,500,000,000","5,998,825,000","5,607,825,000",15.751,16.601,16.075
182,EGT9980P4H12,25/10/2016,25/04/2017,"5,500,000,000","5,631,925,000","4,316,925,000",15.700,15.931,15.873
182,EGT9980I4H17,18/10/2016,18/04/2017,"5,500,000,000","5,559,150,000","4,534,150,000",15.651,15.879,15.800
182,EGT9980B4H12,11/10/2016,11/04/2017,"5,500,000,000","6,648,000,000","5,500,000,000",15.499,15.809,15.755
182,EGT998044H15,04/10/2016,04/04/2017,"5,500,000,000","8,987,350,000","5,500,000,000",15.551,15.791,15.750
182,EGT9980S3H17,27/09/2016,28/03/2017,"5,500,000,000","5,668,125,000","3,616,775,000",15.399,15.800,15.794
182,EGT9980L3H12,20/09/2016,21/03/2017,"5,500,000,000","5,712,950,000","3,385,075,000",15.499,15.800,15.763
182,EGT9980E3H17,13/09/2016,14/03/2017,"5,500,000,000","7,416,700,000","5,500,000,000",15.481,15.849,15.605
182,EGT998073H19,06/09/2016,07/03/2017,"5,500,000,000","8,985,100,000","5,500,000,000",15.000,15.779,15.738
182,EGT9980S2H18,30/08/2016,28/02/2017,"4,750,000,000","6,542,050,000","4,750,000,000",15.200,15.639,15.575
182,EGT9980L2H13,23/08/2016,21/02/2017,"4,750,000,000","8,854,625,000","4,750,000,000",15.000,15.534,15.499
182,EGT9980E2H18,16/08/2016,14/02/2017,"4,750,000,000","8,752,500,000","4,750,000,000",15.000,15.439,15.402
182,EGT998072H10,09/08/2016,07/02/2017,"4,750,000,000","12,194,125,000","4,750,000,000",15.151,15.320,15.281
182,EGT9980V1H13,02/08/2016,31/01/2017,"4,750,000,000","5,606,250,000","3,643,250,000",15.151,15.569,15.514
182,EGT9980O1H18,26/07/2016,24/01/2017,"4,750,000,000","7,797,850,000","4,750,000,000",15.000,15.339,15.302
182,EGT9980H1H12,19/07/2016,17/01/2017,"4,750,000,000","9,809,750,000","4,750,000,000",15.000,15.288,15.259
182,EGT9980A1H17,12/07/2016,10/01/2017,"4,750,000,000","5,625,125,000","4,750,000,000",14.850,15.330,15.110
182,EGT998031H10,05/07/2016,03/01/2017,"4,750,000,000","7,127,950,000","4,750,000,000",14.850,14.949,14.917
182,EGT9980RCG13,28/06/2016,27/12/2016,"4,500,000,000","10,176,925,000","4,500,000,000",14.151,14.945,14.908
182,EGT9980KCG10,21/06/2016,20/12/2016,"4,500,000,000","9,062,250,000","4,500,000,000",13.800,13.999,13.965
182,EGT9980DCG19,14/06/2016,13/12/2016,"4,500,000,000","9,824,350,000","4,500,000,000",13.601,13.919,13.895
182,EGT99806CG10,07/06/2016,06/12/2016,"4,500,000,000","9,800,975,000","4,500,000,000",13.601,13.848,13.819
182,EGT9980MBG19,24/05/2016,22/11/2016,"4,500,000,000","6,366,750,000","4,500,000,000",13.580,13.850,13.785
182,EGT9980FBG18,17/05/2016,15/11/2016,"4,500,000,000","8,940,775,000","4,500,000,000",13.450,13.740,13.710
182,EGT99808BG19,10/05/2016,08/11/2016,"4,500,000,000","8,916,700,000","4,500,000,000",13.601,13.749,13.716
182,EGT99804AG14,04/05/2016,10/04/2016,"4,500,000,000","10,754,075,000","4,500,000,000",13.550,13.761,13.683
182,EGT99801BG16,03/05/2016,01/11/2016,"4,500,000,000","9,931,675,000","4,500,000,000",13.779,13.800,13.795
182,EGT9980PAG17,26/04/2016,25/10/2016,"4,500,000,000","6,792,500,000","4,500,000,000",13.500,14.070,14.015
182,EGT9980IAG16,19/04/2016,18/10/2016,"4,500,000,000","6,711,650,000","4,500,000,000",13.441,13.791,13.727
182,EGT9980BAG13,12/04/2016,10/11/2016,"4,500,000,000","9,694,775,000","4,500,000,000",12.801,13.610,13.557
182,EGT9980G8G18,16/02/2016,16/08/2016,"4,000,000,000","10,208,475,000","4,000,000,000",11.699,11.850,11.838
182,EGT998028G16,02/02/2016,02/08/2016,"4,000,000,000","8,325,050,000","4,000,000,000",11.650,11.850,11.806
182,EGT9980Y6F14,30/12/2014,30/06/2015,"3,000,000,000","5,838,050,000","3,000,000,000",11.52,11.83,11.768
182,EGT9980N6F17,23/12/2014,23/06/2015,"3,000,000,000","5,930,825,000","3,000,000,000",11.41,11.65,11.615
182,EGT9980G6F11,16/12/2014,16/06/2015,"3,000,000,000","7,530,250,000","3,000,000,000",11.401,11.661,11.629
182,EGT998096F14,09/12/2014,09/06/2015,"3,000,000,000","9,956,300,000","3,000,000,000",11.699,11.751,11.729
182,EGT998026F19,02/12/2014,02/06/2015,"3,000,000,000","5,834,825,000","3,000,000,000",11.751,11.899,11.861
182,EGT9980Q5F11,25/11/2014,26/05/2015,"3,000,000,000","8,926,075,000","3,000,000,000",11.809,11.879,11.859
182,EGT9980J5F16,18/11/2014,19/05/2015,"3,000,000,000","5,625,400,000","3,000,000,000",11.8,11.969,11.927
182,EGT9980C5F11,11/11/2014,12/05/2015,"3,000,000,000","7,145,850,000","3,000,000,000",11.8,11.861,11.848
182,EGT998055F13,04/11/2014,05/05/2015,"3,000,000,000","9,259,175,000","3,000,000,000",11.841,11.96,11.939
182,EGT9980S4F18,28/10/2014,28/04/2015,"3,000,000,000","6,494,725,000","3,000,000,000",11.499,12.046,12.035
182,EGT9980L4F13,21/10/2014,21/04/2015,"3,000,000,000","5,834,275,000","3,000,000,000",11.899,12.079,12.06
182,EGT9980E4F18,14/10/2014,14/04/2015,"3,000,000,000","5,359,825,000","3,000,000,000",11.951,12.088,12.064
182,EGT998074F10,07/10/2014,07/04/2015,"3,000,000,000","6,146,250,000","3,000,000,000",11.951,12.079,12.056
182,EGT9980V3F13,30/09/2014,31/03/2015,"3,000,000,000","6,518,100,000","3,000,000,000",12.001,12.14,12.116
182,EGT9980O3F18,23/09/2014,24/03/2015,"3,000,000,000","6,606,975,000","3,000,000,000",12.149,12.219,12.199
182,EGT9980H3F12,16/09/2014,17/03/2015,"3,000,000,000","5,080,950,000","3,000,000,000",12.001,12.231,12.16
182,EGT9980A3F17,09/09/2014,10/03/2015,"3,000,000,000","6,724,975,000","3,000,000,000",11.989,12.129,12.094
182,EGT998033F10,02/09/2014,03/03/2015,"3,000,000,000","5,113,325,000","3,000,000,000",11.499,12.079,11.993
182,EGT9980O2F19,26/08/2014,24/02/2015,"2,500,000,000","5,074,500,000","2,500,000,000",11.551,11.931,11.85
182,EGT9980H2F13,19/08/2014,17/02/2015,"2,500,000,000","7,721,450,000","2,500,000,000",11.6,11.821,11.783
182,EGT9980A2F18,12/08/2014,10/02/2015,"3,000,000,000","9,732,000,000","3,000,000,000",12.001,12.14,12.123
182,EGT998032F11,05/08/2014,03/02/2015,"3,000,000,000","6,140,875,000","2,236,675,000",12.1,12.251,12.23
182,EGT9980K1F18,22/07/2014,20/01/2015,"2,500,000,000","5,989,425,000","2,500,000,000",10.849,10.969,10.951
182,EGT9980D1F13,15/07/2014,13/01/2015,"3,000,000,000","6,441,300,000","3,000,000,000",10.889,11.001,10.98
182,EGT998061F15,08/07/2014,06/01/2015,"2,500,000,000","5,416,575,000","2,500,000,000",10.7,10.96,10.931
182,EGT9980YCE16,01/07/2014,30/12/2014,"3,000,000,000","4,217,375,000","3,000,000,000",10.731,10.889,10.827
182,EGT9980NCE19,24/06/2014,23/12/2014,"3,000,000,000","6,418,200,000","3,000,000,000",10.76,10.84,10.825
182,EGT9980GCE18,17/06/2014,16/12/2014,"3,000,000,000","5,058,000,000","3,000,000,000",10.68,10.909,10.874
182,EGT99809CE19,10/06/2014,09/12/2014,"2,500,000,000","5,291,850,000","2,500,000,000",10.62,10.949,10.886
182,EGT99802CE16,03/06/2014,02/12/2014,"2,500,000,000","3,700,525,000","2,500,000,000",10.52,10.72,10.654
182,EGT9980PBE18,27/05/2014,25/11/2014,"2,500,000,000","4,485,400,000","2,500,000,000",10.551,10.671,10.616
182,EGT9980IBE17,20/05/2014,18/11/2014,"2,500,000,000","4,944,850,000","2,500,000,000",10.631,10.711,10.676
182,EGT9980BBE14,13/05/2014,11/11/2014,"2,500,000,000","6,401,550,000","2,500,000,000",10.751,10.969,10.86
182,EGT99804BE15,06/05/2014,04/11/2014,"2,500,000,000","3,200,525,000","2,500,000,000",10.6,10.96,10.883
182,EGT9980SAE16,29/04/2014,28/10/2014,"2,500,000,000","3,818,700,000","2,500,000,000",10.651,10.751,10.711
182,EGT9980LAE13,22/04/2014,21/10/2014,"2,500,000,000","3,574,050,000","2,500,000,000",10.5,10.698,10.656
182,EGT9980EAE12,15/04/2014,14/10/2014,"2,500,000,000","4,883,400,000","2,500,000,000",10.551,10.682,10.666
182,EGT99807AE13,08/04/2014,07/10/2014,"2,500,000,000","4,631,050,000","2,500,000,000",10.5,10.7,10.681
182,EGT9980Y9E12,01/04/2014,30/09/2014,"2,500,000,000","3,866,525,000","2,500,000,000",10.5,10.671,10.637
182,EGT9980N9E15,25/03/2014,23/09/2014,"2,500,000,000","3,944,450,000","2,500,000,000",10.491,10.651,10.592
182,EGT9980G9E19,18/03/2014,16/09/2014,"2,500,000,000","4,889,900,000","2,500,000,000",10.249,10.671,10.649
182,EGT998099E12,11/03/2014,09/09/2014,"2,500,000,000","6,611,575,000","2,500,000,000",10.5,10.7,10.673
182,EGT998029E17,04/03/2014,02/09/2014,"2,500,000,000","3,836,000,000","2,500,000,000",10.4,10.671,10.563
182,EGT9980Q8E19,25/02/2014,26/08/2014,"2,500,000,000","5,505,475,000","2,500,000,000",10.249,10.573,10.551
182,EGT9980J8E14,18/02/2014,19/08/2014,"2,500,000,000","3,696,850,000","2,500,000,000",10.5,10.62,10.589
182,EGT9980C8E19,11/02/2014,12/08/2014,"2,500,000,000","6,571,375,000","2,500,000,000",10.4,10.64,10.62
182,EGT998058E11,04/02/2014,05/08/2014,"2,500,000,000","5,001,225,000","2,500,000,000",10.5,10.711,10.685
182,EGT9980T7E14,28/01/2014,29/07/2014,"2,500,000,000","4,596,575,000","2,500,000,000",10.6,10.731,10.688
182,EGT9980M7E19,21/01/2014,22/07/2014,"2,500,000,000","7,123,625,000","2,500,000,000",10.5,10.66,10.625
182,EGT9980F7E13,14/01/2014,15/07/2014,"2,500,000,000","4,709,100,000","2,500,000,000",10.4,10.869,10.813
182,EGT998087E16,07/01/2014,08/07/2014,"2,500,000,000","4,763,300,000","2,500,000,000",10.84,10.9,10.874
182,EGT998017E11,31/12/2013,01/07/2014,"2,000,000,000","2,806,550,000","1,915,850,000",10.249,10.989,10.878
182,EGT9980O6E16,24/12/2013,24/06/2014,"2,500,000,000","4,580,350,000","2,500,000,000",10.4,10.88,10.812
182,EGT9980H6E10,17/12/2013,17/06/2014,"2,500,000,000","4,037,550,000","2,500,000,000",10.411,10.671,10.577
182,EGT9980A6E15,10/12/2013,10/06/2014,"2,500,000,000","5,403,525,000","2,500,000,000",10.8,10.949,10.905
182,EGT998036E18,03/12/2013,03/06/2014,"2,500,000,000","4,326,775,000","2,500,000,000",10.889,11.03,10.965
182,EGT9980R5E10,26/11/2013,27/05/2014,"2,500,000,000","5,407,925,000","2,500,000,000",10.969,11.081,11.037
182,EGT9980K5E15,19/11/2013,20/05/2014,"2,500,000,000","5,472,500,000","2,500,000,000",10.8,11.19,11.151
182,EGT9980D5E10,12/11/2013,13/05/2014,"2,500,000,000","6,110,975,000","2,500,000,000",11.001,11.199,11.174
182,EGT998065E12,05/11/2013,06/05/2014,"2,500,000,000","5,073,125,000","2,500,000,000",11.001,11.17,11.133
182,EGT9980T4E17,29/10/2013,29/04/2014,"2,500,000,000","5,546,875,000","2,500,000,000",10.3,11.13,11.082
182,EGT9980M4E12,22/10/2013,22/04/2014,"2,500,000,000","3,077,425,000","1,312,425,000",10.82,10.989,10.929
182,EGT9980F4E16,15/10/2013,15/04/2014,"2,500,000,000","4,333,675,000","2,500,000,000",10.551,10.929,10.817
182,EGT998084E19,08/10/2013,08/04/2014,"2,500,000,000","4,992,975,000","2,500,000,000",11.001,11.199,11.107
182,EGT998014E14,01/10/2013,01/04/2014,"2,500,000,000","4,348,225,000","2,500,000,000",9.999,11.381,11.308
182,EGT9980P3E16,24/09/2013,25/03/2014,"2,500,000,000","2,857,400,000","2,500,000,000",9.701,11.3,10.599
182,EGT9980I3E11,17/09/2013,18/03/2014,"2,500,000,000","4,942,275,000","2,500,000,000",11.199,11.345,11.3
182,EGT9980B3E16,10/09/2013,11/03/2014,"2,500,000,000","3,302,750,000","2,500,000,000",12.001,12.289,12.203
182,EGT998043E19,03/09/2013,04/03/2014,"2,500,000,000","4,802,175,000","2,500,000,000",12.251,12.441,12.399
182,EGT9980P2E17,27/08/2013,25/02/2014,"2,500,000,000","4,489,175,000","2,500,000,000",12.199,12.529,12.446
182,EGT9980I2E12,20/08/2013,18/02/2014,"2,500,000,000","3,977,450,000","2,500,000,000",11.499,12.45,12.378
182,EGT9980B2E17,13/08/2013,11/02/2014,"2,500,000,000","4,391,500,000","2,500,000,000",11.989,12.231,12.137
182,EGT998042E10,06/08/2013,04/02/2014,"2,500,000,000","4,919,550,000","2,500,000,000",12.751,13.031,12.935
182,EGT9980S1E12,30/07/2013,28/01/2014,"3,000,000,000","6,448,825,000","3,000,000,000",13.101,13.379,13.327
182,EGT9980L1E17,23/07/2013,21/01/2014,"3,000,000,000","6,058,525,000","3,000,000,000",13.4,13.58,13.513
182,EGT9980E1E12,16/07/2013,14/01/2014,"3,000,000,000","6,560,475,000","3,000,000,000",13.681,13.951,13.851
182,EGT998071E14,09/07/2013,07/01/2014,"3,000,000,000","5,064,625,000","3,000,000,000",13.8,14.531,14.156
182,EGT9980VCD10,02/07/2013,31/12/2013,"3,000,000,000","3,248,575,000","2,007,775,000",14.3,15,14.824
182,EGT9980OCD19,25/06/2013,24/12/2013,"3,500,000,000","4,091,200,000","2,748,400,000",14.199,14.699,14.478
182,EGT9980HCD18,18/06/2013,17/12/2013,"3,000,000,000","4,823,175,000","3,000,000,000",14.25,14.561,14.434
182,EGT9980ACD15,11/06/2013,10/12/2013,"4,000,000,000","5,027,675,000","2,931,825,000",13.21,14.538,14.379
182,EGT99803CD16,04/06/2013,03/12/2013,"4,000,000,000","5,143,225,000","3,210,775,000",14.199,14.531,14.342
182,EGT9980QBD18,28/05/2013,26/11/2013,"3,500,000,000","5,795,250,000","2,847,700,000",14.19,14.75,14.363
182,EGT9980CBD14,14/05/2013,12/11/2013,"2,500,000,000","3,320,550,000","2,500,000,000",13.749,14.699,14.498
182,EGT99805BD15,07/05/2013,05/11/2013,"3,500,000,000","4,256,600,000","3,500,000,000",13.249,14.19,13.789
182,EGT9980TAD16,30/04/2013,29/10/2013,"4,000,000,000","7,456,050,000","4,000,000,000",13.42,13.669,13.579
182,EGT9980MAD13,23/04/2013,22/10/2013,"4,000,000,000","10,736,075,000","4,000,000,000",13.8,14.121,14.082
182,EGT9980FAD12,16/04/2013,15/10/2013,"4,000,000,000","8,710,550,000","4,000,000,000",14.139,14.381,14.301
182,EGT99808AD13,09/04/2013,08/10/2013,"4,000,000,000","7,575,750,000","4,000,000,000",13.749,14.429,14.279
182,EGT99801AD10,02/04/2013,01/10/2013,"3,000,000,000","4,617,350,000","2,800,025,000",13.249,13.999,13.813
182,EGT9980O9D14,26/03/2013,24/09/2013,"2,500,000,000","5,802,225,000","2,500,000,000",12.951,13.069,13.031
182,EGT9980H9D18,19/03/2013,17/09/2013,"2,500,000,000","6,476,150,000","2,500,000,000",13.001,13.16,13.127
182,EGT9980A9D13,12/03/2013,10/09/2013,"2,500,000,000","7,713,675,000","2,500,000,000",13.199,13.281,13.26
182,EGT998039D16,05/03/2013,03/09/2013,"2,500,000,000","4,847,025,000","2,500,000,000",13.219,13.37,13.338
182,EGT9980R8D18,26/02/2013,27/08/2013,"2,500,000,000","6,603,575,000","2,500,000,000",13.001,13.391,13.342
182,EGT9980K8D13,19/02/2013,20/08/2013,"2,500,000,000","6,561,475,000","2,500,000,000",13.001,13.491,13.419
182,EGT9980D8D18,12/02/2013,13/08/2013,"2,500,000,000","6,683,100,000","2,500,000,000",13.5,13.571,13.556
182,EGT998068D10,05/02/2013,06/08/2013,"2,000,000,000","6,100,975,000","2,000,000,000",13.349,13.58,13.539
182,EGT9980Y7D15,29/01/2013,30/07/2013,"2,500,000,000","5,040,475,000","2,500,000,000",13.249,13.64,13.607
182,EGT9980N7D18,22/01/2013,23/07/2013,"2,000,000,000","6,439,900,000","2,000,000,000",13.537,13.779,13.725
182,EGT9980G7D12,15/01/2013,16/07/2013,"2,500,000,000","5,863,725,000","2,500,000,000",13.749,14.1,13.97
182,EGT998097D15,08/01/2013,09/07/2013,"2,000,000,000","3,085,375,000","2,000,000,000",13.199,14.36,14.104
182,EGT9980P6D14,25/12/2012,25/06/2013,"2,500,000,000","3,918,850,000","2,500,000,000",13.101,13.37,13.3
182,EGT9980I6D19,18/12/2012,18/06/2013,"2,500,000,000","4,662,375,000","2,500,000,000",13.151,13.5,13.375
182,EGT9980B6D14,11/12/2012,11/06/2013,"2,500,000,000","2,946,725,000","1,000,000,000",13.45,13.55,13.501
182,EGT998046D17,04/12/2012,04/06/2013,"2,000,000,000","3,221,175,000","2,000,000,000",13.001,14.199,13.923
182,EGT9980S5D19,27/11/2012,28/05/2013,"2,500,000,000","3,896,875,000","2,500,000,000",12.5,12.79,12.729
182,EGT9980L5D14,20/11/2012,21/05/2013,"2,000,000,000","3,738,350,000","2,000,000,000",12.681,12.819,12.776
182,EGT9980E5D19,13/11/2012,14/05/2013,"2,000,000,000","5,687,825,000","2,000,000,000",12.801,12.88,12.861
182,EGT998075D11,06/11/2012,07/05/2013,"2,500,000,000","6,007,975,000","2,500,000,000",12.819,12.94,12.903
182,EGT9980Y4D18,30/10/2012,30/04/2013,"2,500,000,000","3,804,900,000","2,500,000,000",12.001,12.96,12.818
182,EGT9980N4D11,23/10/2012,23/04/2013,"2,500,000,000","5,308,400,000","2,500,000,000",12.599,12.969,12.801
182,EGT9980G4D15,16/10/2012,16/04/2013,"2,500,000,000","4,507,375,000","2,500,000,000",13.001,13.32,13.263
182,EGT998094D18,09/10/2012,09/04/2013,"1,000,000,000","1,838,975,000","1,000,000,000",12.599,13.34,13.221
182,EGT998024D13,02/10/2012,02/04/2013,"2,500,000,000","5,002,625,000","3,400,000,000",12.5,13.199,13.059
182,EGT9980Q3D15,25/09/2012,26/03/2013,"2,000,000,000","6,247,875,000","2,000,000,000",13.001,13.24,13.172
182,EGT9980J3D10,18/09/2012,19/03/2013,"2,000,000,000","5,767,450,000","2,000,000,000",14.151,14.289,14.248
182,EGT9980C3D15,11/09/2012,12/03/2013,"2,000,000,000","7,075,150,000","2,000,000,000",14.901,15.125,15.096
182,EGT998053D17,04/09/2012,05/03/2013,"2,000,000,000","5,215,425,000","2,000,000,000",15.251,15.357,15.342
182,EGT9980Q2D16,28/08/2012,26/02/2013,"2,000,000,000","4,358,800,000","2,000,000,000",15,15.411,15.382
182,EGT9980J2D11,21/08/2012,19/02/2013,"2,000,000,000","3,528,750,000","2,000,000,000",15,15.392,15.345
182,EGT9980C2D16,14/08/2012,12/02/2013,"2,000,000,000","3,165,900,000","2,000,000,000",15.1,15.35,15.29
182,EGT998052D18,07/08/2012,05/02/2013,"2,000,000,000","4,298,050,000","3,500,000,000",15,15.239,15.199
182,EGT9980T1D11,31/07/2012,29/01/2013,"2,000,000,000","4,389,250,000","2,000,000,000",13.999,15.23,15.207
182,EGT9980M1D16,24/07/2012,22/01/2013,"2,000,000,000","5,484,400,000","2,000,000,000",14.901,15.265,15.241
182,EGT9980F1D10,17/07/2012,15/01/2013,"2,000,000,000","5,605,300,000","2,000,000,000",15.2,15.339,15.324
182,EGT998081315,10/07/2012,08/01/2013,"2,500,000,000","5,804,075,000","2,500,000,000",15,15.469,15.421
182,EGT998011D18,03/07/2012,01/01/2013,"3,000,000,000","5,898,850,000","3,000,000,000",15,15.569,15.533
182,EGT9980PCC19,26/06/2012,25/12/2012,"2,000,000,000","3,140,350,000","2,000,000,000",15,15.59,15.492
182,EGT9980ICC18,19/06/2012,18/12/2012,"2,500,000,000","3,823,700,000","2,500,000,000",15.251,15.439,15.359
182,EGT9980BCC15,12/06/2012,11/12/2012,"3,000,000,000","5,065,125,000","3,000,000,000",13.8,15.357,15.316
182,EGT99804CC16,05/06/2012,04/12/2012,"1,500,000,000","3,565,675,000","1,500,000,000",15.2,15.32,15.295
182,EGT9980RBC18,29/05/2012,27/11/2012,"2,000,000,000","3,314,275,000","2,000,000,000",14.801,15.316,15.296
182,EGT9980KBC15,22/05/2012,20/11/2012,"3,000,000,000","4,368,600,000","3,000,000,000",15.03,15.299,15.194
182,EGT9980DBC14,15/05/2012,13/11/2012,"2,500,000,000","2,915,975,000","1,000,000,000",14.85,15.139,15.087
182,EGT99806BC15,08/05/2012,06/11/2012,"2,000,000,000","2,290,225,000","1,000,000,000",14.699,15.079,15.007
182,EGT9980YAC10,01/05/2012,30/10/2012,"2,500,000,000","3,548,750,000","2,500,000,000",14.501,14.991,14.895
182,EGT9980NAC13,24/04/2012,23/10/2012,"3,000,000,000","3,445,575,000","2,000,000,000",14.549,14.88,14.824
182,EGT9980GAC12,17/04/2012,16/10/2012,"2,000,000,000","3,013,875,000","2,000,000,000",14.501,14.85,14.791
182,EGT99809AC13,10/04/2012,09/10/2012,"2,000,000,000","4,135,650,000","2,000,000,000",14.499,14.889,14.856
182,EGT99802AC10,03/04/2012,02/10/2012,"3,000,000,000","3,311,875,000","1,975,000,000",14.699,14.889,14.829
182,EGT9980P9C12,27/03/2012,25/09/2012,"3,000,000,000","4,387,800,000","2,950,000,000",14.501,14.87,14.799
182,EGT9980I9C17,20/03/2012,18/09/2012,"3,500,000,000","5,635,625,000","3,500,000,000",14.75,14.87,14.819
182,EGT9980B9C12,13/03/2012,11/09/2012,"3,500,000,000","7,210,225,000","4,500,000,000",14.801,14.884,14.867
182,EGT998049C15,06/03/2012,04/09/2012,"3,500,000,000","7,289,800,000","3,500,000,000",14.3,14.91,14.89
182,EGT9980S8C17,28/02/2012,28/08/2012,"3,000,000,000","6,934,150,000","4,500,000,000",14.399,14.94,14.923
182,EGT9980L8C12,21/02/2012,21/08/2012,"3,500,000,000","7,610,500,000","3,500,000,000",14.801,14.961,14.918
182,EGT9980E8C17,14/02/2012,14/08/2012,"3,000,000,000","6,293,050,000","3,000,000,000",14.699,14.979,14.942
182,EGT998078C19,07/02/2012,07/08/2012,"3,000,000,000","5,467,725,000","2,036,475,000",14.25,14.961,14.894
182,EGT9980V7C12,31/01/2012,31/07/2012,"3,000,000,000","4,424,100,000","600,000,000",13.999,14.949,14.921
182,EGT9980O7C17,24/01/2012,24/07/2012,"3,000,000,000","4,038,025,000","3,000,000,000",14.399,14.961,14.707
182,EGT9980H7C11,17/01/2012,17/07/2012,"3,500,000,000","8,065,600,000","4,250,000,000",14.399,14.699,14.629
182,EGT998037C19,10/01/2012,10/07/2012,"2,000,000,000","6,140,450,000","2,526,550,000",14.501,14.789,14.758
182,EGT9980A7C16,03/01/2012,03/07/2012,"3,000,000,000","5,383,800,000","2,756,725,000",13.999,14.799,14.751
182,EGT9980Q6C13,27/12/2011,26/06/2012,"2,500,000,000","4,258,225,000","2,500,000,000",14.25,14.75,14.694
182,EGT9980J6C18,20/12/2011,19/06/2012,"2,500,000,000","4,554,375,000","2,500,000,000",13.901,14.741,14.619
182,EGT9980C6C13,13/12/2011,12/06/2012,"2,000,000,000","3,518,975,000","2,000,000,000",13.999,14.84,14.704
182,EGT9980T5C18,29/11/2011,29/05/2012,"2,000,000,000","2,265,175,000","1,000,000,000",13.5,14.801,14.648
182,EGT9980M5C13,22/11/2011,22/05/2012,"2,000,000,000","2,588,775,000","1,850,000,000",13.199,14.3,13.978
182,EGT9980F5C17,15/11/2011,15/05/2012,"2,000,000,000","3,053,300,000","2,000,000,000",13.151,13.619,13.447
182,EGT998085C10,08/11/2011,08/05/2012,"2,500,000,000","3,803,175,000","2,500,000,000",13.101,13.4,13.247
182,EGT998015C15,01/11/2011,01/05/2012,"2,000,000,000","3,928,600,000","2,000,000,000",12.851,13.19,13.131
182,EGT9980O4C10,25/10/2011,24/04/2012,"2,000,000,000","4,294,275,000","2,000,000,000",12.751,13.149,13.071
182,EGT9980H4C14,18/10/2011,17/04/2012,"2,500,000,000","5,398,575,000","2,500,000,000",12.951,13.151,13.096
182,EGT9980A4C19,11/10/2011,10/04/2012,"3,000,000,000","6,420,725,000","3,000,000,000",12.801,13.219,13.144
182,EGT998034C12,04/10/2011,03/04/2012,"3,000,000,000","6,563,900,000","3,000,000,000",13.249,13.361,13.329
182,EGT9980R3C14,27/09/2011,27/03/2012,"4,000,000,000","9,097,125,000","4,000,000,000",13.001,13.47,13.338
182,EGT9980K3C19,20/09/2011,20/03/2012,"2,500,000,000","5,497,925,000","2,500,000,000",12.45,13.345,13.239
182,EGT9980D3C14,13/09/2011,13/03/2012,"2,500,000,000","3,112,025,000","2,500,000,000",12.599,13.199,12.952
182,EGT998063C16,06/09/2011,06/03/2012,"2,500,000,000","4,658,875,000","2,500,000,000",12.251,12.681,12.639
182,EGT9980S2C13,30/08/2011,28/02/2012,"2,500,000,000","4,252,775,000","2,500,000,000",12.251,12.608,12.552
182,EGT9980L2C18,23/08/2011,21/02/2012,"1,500,000,000","3,930,825,000","1,500,000,000",12.251,12.5,12.481
182,EGT9980E2C13,16/08/2011,14/02/2012,"1,000,000,000","2,664,500,000","1,000,000,000",12.4,12.5,12.475
182,EGT998072C15,09/08/2011,07/02/2012,"2,500,000,000","4,357,875,000","2,500,000,000",12.4,12.57,12.529
182,EGT9980V1C18,02/08/2011,31/01/2012,"2,500,000,000","3,495,800,000","2,500,000,000",12.199,12.5,12.424
182,EGT9980O1C13,26/07/2011,24/01/2012,"1,500,000,000","5,477,300,000","1,500,000,000",12.35,12.4,12.385
182,EGT9980H1C17,19/07/2011,17/01/2012,"2,500,000,000","5,745,125,000","2,500,000,000",12.5,12.57,12.544
182,EGT9980A1C12,12/07/2011,10/01/2012,"2,500,000,000","6,591,350,000","2,500,000,000",12.001,12.681,12.632
182,EGT9980RCB18,28/06/2011,27/12/2011,"3,500,000,000","4,468,675,000","2,000,000,000",12.5,12.851,12.791
182,EGT9980KCB15,21/06/2011,20/12/2011,"3,500,000,000","5,196,350,000","3,000,000,000",11.699,12.699,12.643
182,EGT9980DCB14,14/06/2011,13/12/2011,"3,000,000,000","5,756,625,000","3,000,000,000",12.5,12.615,12.593
182,EGT99806CB15,07/06/2011,06/12/2011,"2,500,000,000","4,441,925,000","2,500,000,000",12.479,12.62,12.581
182,EGT9980TBB17,31/05/2011,29/11/2011,"2,500,000,000","4,978,650,000","2,500,000,000",12.5,12.62,12.589
182,EGT9980MBB14,24/05/2011,22/11/2011,"2,500,000,000","3,809,150,000","2,500,000,000",12.5,12.699,12.605
182,EGT9980FBB13,17/05/2011,15/11/2011,"2,500,000,000","5,484,600,000","2,500,000,000",12.491,12.581,12.548
182,EGT99808BB14,10/05/2011,08/11/2011,"2,500,000,000","6,328,325,000","2,500,000,000",12.199,12.64,12.558
182,EGT99801BB11,03/05/2011,01/11/2011,"2,500,000,000","3,930,550,000","2,500,000,000",12.1,12.681,12.437
182,EGT9980PAB12,26/04/2011,25/10/2011,"2,500,000,000","2,713,875,000","2,500,000,000",11.85,12.54,12.203
182,EGT9980IAB11,19/04/2011,18/10/2011,"2,500,000,000","4,629,900,000","2,500,000,000",11.841,11.996,11.921
182,EGT9980BAB18,12/04/2011,11/10/2011,"2,500,000,000","5,194,225,000","2,500,000,000",11.879,11.951,11.923
182,EGT99804AB19,05/04/2011,04/10/2011,"2,500,000,000","3,908,975,000","2,500,000,000",11.841,12.021,11.95
182,EGT9980R9B19,29/03/2011,27/09/2011,"2,500,000,000","5,132,025,000","2,500,000,000",11.751,12.084,11.994
182,EGT9980K9B14,22/03/2011,20/09/2011,"2,500,000,000","5,215,700,000","2,500,000,000",11.8,12.19,12.081
182,EGT9980D9B19,15/03/2011,13/09/2011,"2,000,000,000","3,930,525,000","2,000,000,000",11.899,12.33,12.09
182,EGT998069B11,08/03/2011,06/09/2011,"3,000,000,000","3,718,500,000","3,000,000,000",11.899,12.371,12.085
182,EGT9980Y8B16,01/03/2011,30/08/2011,"2,500,000,000","5,272,275,000","2,500,000,000",11.71,11.94,11.906
182,EGT9980N8B19,22/02/2011,23/08/2011,"2,000,000,000","3,689,175,000","2,000,000,000",11.401,11.911,11.733
182,EGT9980G8B13,15/02/2011,16/08/2011,"3,500,000,000","7,267,825,000","3,500,000,000",11.401,11.989,11.779
182,EGT998098B16,08/02/2011,09/08/2011,"5,000,000,000","6,351,900,000","4,000,000,000",10.8,11.92,11.482
182,EGT998028B11,01/02/2011,02/08/2011,"2,500,000,000","4,226,450,000","2,500,000,000",10.249,10.731,10.62
182,EGT9980Q7B13,25/01/2011,26/07/2011,"3,000,000,000","7,230,625,000","3,000,000,000",9.999,10.28,10.222
182,EGT9980J7B18,18/01/2011,19/07/2011,"2,000,000,000","11,003,800,000","2,000,000,000",9.999,10.05,10.027
182,EGT9980C7B13,11/01/2011,12/07/2011,"3,000,000,000","8,919,325,000","3,000,000,000",10.189,10.34,10.302
182,EGT998057B15,04/01/2011,05/07/2011,"2,500,000,000","6,362,975,000","2,500,000,000",10.2,10.371,10.334
182,EGT9980S6B10,28/12/2010,28/06/2011,"2,500,000,000","4,392,625,000","1,750,000,000",9.999,10.24,10.14
182,EGT9980L6B15,21/12/2010,21/06/2011,"2,000,000,000","4,537,650,000","2,000,000,000",9.9,10.034,9.977
182,EGT9980E6B10,14/12/2010,14/06/2011,"2,000,000,000","4,758,425,000","1,000,000,000",9.88,9.979,9.947
182,EGT998076B12,07/12/2010,07/06/2011,"2,000,000,000","4,853,275,000","1,500,000,000",9.701,9.95,9.891
182,EGT9980V5B15,30/11/2010,31/05/2011,"2,500,000,000","5,702,025,000","2,500,000,000",9.501,9.86,9.808
182,EGT9980O5B10,23/11/2010,24/05/2011,"2,000,000,000","5,525,600,000","2,000,000,000",9.639,9.769,9.716
182,EGT9980H5B14,16/11/2010,17/05/2011,"2,500,000,000","5,996,150,000","2,500,000,000",9.498,9.71,9.635
182,EGT9980A5B19,09/11/2010,10/05/2011,"2,000,000,000","7,854,500,000","2,000,000,000",9.67,9.8,9.778
182,EGT998035B12,02/11/2010,03/05/2011,"2,500,000,000","5,867,425,000","2,500,000,000",9.8,10.021,9.976
182,EGT9980Q4B16,26/10/2010,26/04/2011,"2,000,000,000","4,353,750,000","2,000,000,000",9.501,9.939,9.804
182,EGT9980J4B11,19/10/2010,19/04/2011,"2,000,000,000","6,271,175,000","2,000,000,000",9.2,9.52,9.487
182,EGT9980C4B16,12/10/2010,12/04/2011,"2,000,000,000","5,794,650,000","2,000,000,000",9.45,9.617,9.556
182,EGT998054B18,05/10/2010,05/04/2011,"2,500,000,000","9,379,575,000","2,500,000,000",9.701,9.789,9.766
182,EGT9980T3B11,28/09/2010,29/03/2011,"2,500,000,000","10,921,650,000","2,500,000,000",9.869,9.99,9.936
182,EGT9980M3B16,21/09/2010,22/03/2011,"2,500,000,000","8,912,625,000","2,500,000,000",9.999,10.07,10.052
182,EGT9980F3B10,14/09/2010,15/03/2011,"2,000,000,000","5,936,500,000","2,000,000,000",10.065,10.141,10.116
182,EGT998083B13,07/09/2010,08/03/2011,"2,500,000,000","6,806,750,000","2,500,000,000",10.081,10.149,10.122
182,EGT998013B18,31/08/2010,01/03/2011,"2,500,000,000","7,882,000,000","2,500,000,000",10.041,10.141,10.084
182,EGT9980M2B17,24/08/2010,22/02/2011,"2,500,000,000","7,430,825,000","2,500,000,000",10.03,10.121,10.086
182,EGT9980F2B11,17/08/2010,15/02/2011,"2,000,000,000","6,382,000,000","2,000,000,000",9.979,10.2,10.108
182,EGT998012B19,03/08/2010,01/02/2011,"2,500,000,000","7,968,100,000","2,500,000,000",10.32,10.4,10.369
182,EGT9980P1B11,27/07/2010,25/01/2011,"2,500,000,000","6,014,825,000","2,500,000,000",10.431,10.48,10.455
182,EGT9980I1B16,20/07/2010,18/01/2011,"2,000,000,000","5,858,450,000","2,000,000,000",10.44,10.524,10.5
182,EGT9980B1B11,13/07/2010,11/01/2011,"2,500,000,000","4,940,925,000","2,500,000,000",10.42,10.54,10.499
182,EGT998041B14,06/07/2010,04/01/2011,"2,000,000,000","4,949,050,000","2,000,000,000",10.451,10.52,10.497
182,EGT9980LCA15,22/06/2010,21/12/2010,"2,000,000,000","5,175,000,000","2,000,000,000",10.249,10.571,10.542
182,EGT9980ECA14,15/06/2010,14/12/2010,"1,000,000,000","3,073,750,000","1,000,000,000",10.3,10.6,10.572
182,EGT99807CA15,08/06/2010,07/12/2010,"2,000,000,000","3,508,800,000","2,000,000,000",10.3,10.62,10.529
182,EGT9980NBA14,25/05/2010,23/11/2010,"2,000,000,000","3,116,400,000","2,000,000,000",10.2,10.451,10.336
182,EGT9980GBA13,18/05/2010,16/11/2010,"1,000,000,000","3,391,925,000","1,000,000,000",10.05,10.229,10.177
182,EGT9980KBA17,04/05/2010,02/11/2010,"2,000,000,000","4,739,100,000","2,000,000,000",10.101,10.351,10.306
182,EGT9980QAA12,27/04/2010,26/10/2010,"2,000,000,000","3,130,575,000","2,000,000,000",9.999,10.32,10.196
182,EGT9980JAA11,20/04/2010,19/10/2010,"1,000,000,000","3,016,350,000","1,000,000,000",9.95,10.063,10.026
182,EGT9980CAA18,13/04/2010,12/10/2010,"2,000,000,000","5,889,075,000","2,000,000,000",9.851,10.11,10.055
182,EGT99805AA19,06/04/2010,05/10/2010,"2,000,000,000","3,778,000,000","2,000,000,000",10.03,10.24,10.154
182,EGT9980S9A18,30/03/2010,28/09/2010,"2,000,000,000","3,649,825,000","2,000,000,000",9.8,10.2,10.03
182,EGT9980L9A13,23/03/2010,21/09/2010,"3,000,000,000","4,392,000,000","3,000,000,000",9.78,10.249,10.029
182,EGT9980E9A18,16/03/2010,14/09/2010,"3,000,000,000","5,800,750,000","3,000,000,000",9.8,10.025,9.936
182,EGT998079A10,09/03/2010,07/09/2010,"3,000,000,000","5,747,500,000","3,000,000,000",9.8,10.09,9.967
182,EGT9980V8A13,02/03/2010,31/08/2010,"2,000,000,000","4,537,150,000","2,000,000,000",9.789,10.039,9.952
182,EGT9980O8A18,23/02/2010,24/08/2010,"2,000,000,000","5,675,725,000","2,000,000,000",9.789,10.101,9.972
182,EGT9980H8A12,16/02/2010,17/08/2010,"1,500,000,000","5,489,450,000","1,500,000,000",10.2,10.289,10.252
182,EGT9980A8A17,09/02/2010,10/08/2010,"2,000,000,000","4,706,650,000","2,000,000,000",10.36,10.491,10.438
182,EGT998038A10,02/02/2010,03/08/2010,"2,500,000,000","5,458,850,000","2,500,000,000",10.249,10.58,10.516
182,EGT9980R7A12,26/01/2010,27/07/2010,"2,000,000,000","4,216,325,000","2,000,000,000",10.149,10.491,10.417
182,EGT9980K7A17,19/01/2010,20/07/2010,"2,000,000,000","8,721,725,000","2,000,000,000",10.238,10.52,10.309
182,EGT9980D7A12,12/01/2010,13/07/2010,"3,000,000,000","7,156,175,000","3,000,000,000",10.84,11.01,10.945
182,EGT998067A14,05/01/2010,06/07/2010,"2,000,000,000","3,579,500,000","1,867,000,000",10.8,10.989,10.941
182,EGT9980T6A19,29/12/2009,29/06/2010,"2,000,000,000","3,036,475,000","1,741,475,000",10.3,10.889,10.772
182,EGT9980M6A14,22/12/2009,22/06/2010,"2,500,000,000","3,357,925,000","1,873,925,000",10.491,10.7,10.622
182,EGT9980F6A18,15/12/2009,15/06/2010,"2,000,000,000","3,805,300,000","2,000,000,000",10.249,10.52,10.453
182,EGT998086A11,08/12/2009,08/06/2010,"1,000,000,000","3,240,575,000","1,000,000,000",10.2,10.531,10.438
182,EGT9980P5A18,24/11/2009,25/05/2010,"2,000,000,000","3,198,300,000","2,000,000,000",10.38,10.66,10.536
182,EGT9980I5A13,17/11/2009,18/05/2010,"2,500,000,000","4,190,025,000","1,825,525,000",9.9,10.4,10.36
182,EGT9980B5A18,10/11/2009,11/05/2010,"2,000,000,000","2,980,725,000","2,000,000,000",9.701,10.05,9.974
182,EGT998045A11,03/11/2009,04/05/2010,"2,000,000,000","4,615,650,000","2,000,000,000",9.851,9.99,9.952
182,EGT9980R4A15,27/10/2009,27/04/2010,"2,000,000,000","5,162,375,000","213,000,000",9.9,9.979,9.949
182,EGT9980D4A15,13/10/2009,13/04/2010,"2,000,000,000","2,956,975,000","2,000,000,000",9.749,9.979,9.896
182,EGT998064A17,06/10/2009,06/04/2010,"2,000,000,000","2,671,775,000","743,125,000",9.6,9.8,9.773
182,EGT9980Y3A12,29/09/2009,30/03/2010,"2,000,000,000","4,255,525,000","2,000,000,000",9.591,9.721,9.689
182,EGT9980G3A19,15/09/2009,16/03/2010,"3,000,000,000","6,275,825,000","3,000,000,000",9.6,9.76,9.737
182,EGT998093A12,08/09/2009,09/03/2010,"3,000,000,000","5,432,525,000","3,000,000,000",9.591,9.741,9.722
182,EGT9980G2A10,18/08/2009,16/02/2010,"2,000,000,000","5,217,450,000","2,000,000,000",9.501,9.741,9.725
182,EGT998022A18,04/08/2009,02/02/2010,"2,000,000,000","5,114,750,000","2,000,000,000",9.701,9.9,9.784
182,EGT9980J1A15,21/07/2009,19/01/2010,"1,500,000,000","3,014,325,000","1,500,000,000",10.2,10.28,10.25
182,EGT9980C1A10,14/07/2009,12/01/2010,"2,000,000,000","3,829,900,000","1,732,800,000",10.249,10.3,10.283
182,EGT998051A12,07/07/2009,05/01/2010,"137,900,000","3,314,550,000","137,900,000",10.289,10.3,10.293
182,EGT9980FC912,16/06/2009,15/12/2009,"1,000,000,000","3,844,575,000","1,000,000,000",10.2,10.371,10.309
182,EGT99808C915,09/06/2009,08/12/2009,"1,000,000,000","2,364,550,000","318,550,000",10.149,10.249,10.204
182,EGT99801C910,02/06/2009,01/12/2009,"1,000,000,000","1,987,650,000","300,650,000",9.999,10.249,10.117
182,EGT9980HB910,19/05/2009,17/11/2009,"2,000,000,000","3,762,200,000","2,000,000,000",9.78,10.34,10.132
182,EGT9980AB915,12/05/2009,10/11/2009,"3,000,000,000","5,757,500,000","3,000,000,000",10.351,10.551,10.479
182,EGT99803B918,05/05/2009,03/11/2009,"1,000,000,000","2,631,250,000","1,000,000,000",10.331,10.64,10.54
182,EGT9980KA916,21/04/2009,20/10/2009,"3,000,000,000","3,766,600,000","3,000,000,000",10.289,10.82,10.578
182,EGT9980DA911,14/04/2009,13/10/2009,"1,000,000,000","2,016,150,000","1,000,000,000",10.5,10.751,10.696
182,EGT99806A913,07/04/2009,06/10/2009,"2,000,000,000","3,242,825,000","2,000,000,000",10.4,10.78,10.62
182,EGT9980T9915,31/03/2009,29/09/2009,"2,000,000,000","2,230,000,000","2,000,000,000",10.351,10.88,10.587
182,EGT9980M9912,24/03/2009,22/09/2009,"2,000,000,000","2,961,075,000","2,000,000,000",10.101,10.849,10.666
182,EGT9980F9911,17/03/2009,15/09/2009,"2,000,000,000","3,248,000,000","2,000,000,000",10.5,10.68,10.591
182,EGT998089912,10/03/2009,08/09/2009,"3,000,000,000","3,665,400,000","3,000,000,000",10.149,10.949,10.789
182,EGT998019919,03/03/2009,01/09/2009,"3,000,000,000","4,965,225,000","3,000,000,000",10.249,10.7,10.601
182,EGT9980P8911,24/02/2009,25/08/2009,"2,000,000,000","3,361,675,000","2,000,000,000",10.551,10.9,10.602
182,EGT9980I8910,17/02/2009,18/08/2009,"2,000,000,000","3,673,725,000","2,000,000,000",10.6,11.139,11.056
182,EGT9980B8917,10/02/2009,11/08/2009,"2,500,000,000","4,369,575,000","2,500,000,000",11.45,12.039,11.651
182,EGT998048918,03/02/2009,04/08/2009,"3,000,000,000","3,372,450,000","3,000,000,000",11.45,12.091,11.762
182,EGT9980S7910,27/01/2009,28/07/2009,"3,000,000,000","4,430,750,000","3,000,000,000",11.101,11.54,11.464
182,EGT9980L7917,20/01/2009,21/07/2009,"1,500,000,000","3,474,800,000","1,500,000,000",11.349,11.47,11.43
182,EGT9980E7916,13/01/2009,14/07/2009,"2,000,000,000","3,767,800,000","2,000,000,000",11.45,11.54,11.485
182,EGT998077917,06/01/2009,07/07/2009,"1,500,000,000","2,951,050,000","1,500,000,000",11.8,11.989,11.939
182,EGT9980Y6914,30/12/2008,30/06/2009,"2,000,000,000","2,913,225,000","2,000,000,000",11.45,11.85,11.714
182,EGT9980N6917,23/12/2008,23/06/2009,"1,500,000,000","3,212,250,000","1,500,000,000",11.381,11.621,11.546
182,EGT9980G6916,16/12/2008,16/06/2009,"2,000,000,000","4,293,275,000","2,000,000,000",11.401,11.679,11.635
182,EGT998026914,02/12/2008,02/06/2009,"2,000,000,000","4,938,100,000","2,000,000,000",11.641,11.83,11.763
182,EGT9980Q5916,25/11/2008,26/05/2009,"2,000,000,000","4,687,775,000","2,000,000,000",11.751,12.05,11.98
182,EGT9980J5915,18/11/2008,19/05/2009,"2,000,000,000","4,476,250,000","2,000,000,000",11.001,12.1,12.027
182,EGT9980C5912,11/11/2008,12/05/2009,"2,000,000,000","5,482,100,000","2,000,000,000",11.85,12.001,11.913
182,EGT9980S4917,28/10/2008,28/04/2009,"2,000,000,000","3,028,950,000","2,000,000,000",12.5,13.63,13.308
182,EGT9980L4914,21/10/2008,21/04/2009,"2,000,000,000","5,674,600,000","2,000,000,000",12.98,13.199,13.137
182,EGT9980E4913,14/10/2008,14/04/2009,"2,000,000,000","6,120,975,000","2,000,000,000",13.601,14.05,13.919
182,EGT998074914,07/10/2008,07/04/2009,"2,500,000,000","3,746,950,000","2,500,000,000",13.8,14.39,14.201
182,EGT9980V3914,30/09/2008,31/03/2009,"2,500,000,000","5,695,225,000","2,500,000,000",13.249,13.93,13.797
182,EGT9980H3912,16/09/2008,17/03/2009,"2,500,000,000","2,890,050,000","2,500,000,000",13.5,14.241,13.979
182,EGT9980A3919,09/09/2008,10/03/2009,"2,500,000,000","4,837,550,000","2,500,000,000",13.4,13.699,13.589
182,EGT998033910,02/09/2008,03/03/2009,"2,000,000,000","3,805,150,000","1,000,000,000",12.491,13.53,13.292
182,EGT9980O2915,26/08/2008,24/02/2009,"2,500,000,000","3,402,000,000","2,500,000,000",12.001,13.249,12.992
182,EGT9980H2914,19/08/2008,17/02/2009,"2,500,000,000","3,998,775,000","2,500,000,000",12.1,12.57,12.47
182,EGT9980A2911,12/08/2008,10/02/2009,"2,500,000,000","4,732,175,000","2,500,000,000",11.699,12.231,12.107
182,EGT998032912,05/08/2008,03/02/2009,"2,500,000,000","4,426,800,000","2,500,000,000",11.251,11.8,11.712
182,EGT9980R1914,29/07/2008,27/01/2009,"2,500,000,000","4,880,100,000","2,500,000,000",11.001,11.54,11.451
182,EGT9980K1911,22/07/2008,20/01/2009,"1,500,000,000","5,832,750,000","1,500,000,000",10.751,11.021,10.97
182,EGT9980D1910,15/07/2008,13/01/2009,"2,000,000,000","5,875,150,000","2,000,000,000",11.001,11.3,11.248
182,EGT998061911,08/07/2008,06/01/2009,"2,000,000,000","3,902,400,000","2,000,000,000",11.001,11.401,11.295
182,EGT9980YC814,01/07/2008,30/12/2008,"1,500,000,000","2,667,350,000","1,500,000,000",10.48,11.26,11.106
182,EGT9980GC811,17/06/2008,16/12/2008,"1,500,000,000","3,769,350,000","1,500,000,000",10.351,10.491,10.428
182,EGT99802C819,03/06/2008,02/12/2008,"2,500,000,000","4,964,975,000","1,500,000,000",9.501,10.551,10.409
182,EGT9980IB819,20/05/2008,18/11/2008,"2,000,000,000","4,027,500,000","2,000,000,000",9.749,10.041,9.896
182,EGT9980BB814,13/05/2008,11/11/2008,"1,500,000,000","4,111,000,000","1,500,000,000",9.301,9.82,9.631
182,EGT99804B817,06/05/2008,04/11/2008,"2,000,000,000","4,369,025,000","2,000,000,000",6.638,6.79,6.734
182,EGT9980SA810,29/04/2008,28/10/2008,"1,500,000,000","4,080,425,000","1,500,000,000",7.001,7.149,7.099
182,EGT9980LA815,22/04/2008,21/10/2008,"1,500,000,000","6,133,450,000","1,500,000,000",7.05,7.53,7.387
182,EGT9980EA810,15/04/2008,14/10/2008,"1,500,000,000","5,603,550,000","1,500,000,000",7.201,7.95,7.77
182,EGT99807A812,08/04/2008,07/10/2008,"1,500,000,000","8,035,325,000","1,500,000,000",7.801,8,7.941
182,EGT9980Y9819,01/04/2008,30/09/2008,"1,500,000,000","5,683,225,000","1,500,000,000",7.801,8.2,8.125
182,EGT9980N9812,25/03/2008,23/09/2008,"2,500,000,000","2,743,000,000","1,000,000,000",6.799,8.13,7.836
182,EGT9980G9811,18/03/2008,16/09/2008,"2,500,000,000","3,666,275,000","2,500,000,000",5.521,5.69,5.611
182,EGT998099812,11/03/2008,09/09/2008,"1,000,000,000","2,312,500,000","1,000,000,000",5.09,5.491,5.3
182,EGT998029819,04/03/2008,02/09/2008,"1,000,000,000","3,092,700,000","1,000,000,000",5.341,5.54,5.48
182,EGT9980Q8811,26/02/2008,26/08/2008,"1,500,000,000","4,436,625,000","1,500,000,000",5.701,5.849,5.789
182,EGT9980C8817,12/02/2008,12/08/2008,"1,000,000,000","2,406,100,000","1,000,000,000",5.499,6.551,6.338
182,EGT998058818,05/02/2008,05/08/2008,"2,000,000,000","4,564,050,000","2,000,000,000",5.001,5.087,5.039
182,EGT9980T7810,29/01/2008,29/07/2008,"2,000,000,000","5,896,725,000","2,000,000,000",6,6.1,6.009
182,EGT9980F7816,15/01/2008,15/07/2008,"1,500,000,000","6,132,575,000","1,500,000,000",6.79,6.88,6.86
182,EGT998087817,08/01/2008,08/07/2008,"2,000,000,000","3,540,325,000","2,000,000,000",7.05,7.3,7.208
182,EGT998017814,01/01/2008,01/07/2008,"1,500,000,000","2,091,775,000","1,500,000,000",7.001,7.231,7.128
182,EGT9980O6817,25/12/2007,24/06/2008,"1,000,000,000","2,008,050,000","1,000,000,000",7.001,7.149,7.091
182,EGT9980H6816,18/12/2007,17/06/2008,"1,000,000,000","2,140,925,000","1,000,000,000",7.001,7.11,7.082
182,EGT9980A6813,11/12/2007,10/06/2008,"500,000,000","1,735,000,000","500,000,000",7.149,7.27,7.205
182,EGT998036814,04/12/2007,03/06/2008,"1,000,000,000","2,809,150,000","1,000,000,000",6.9,7.371,7.325
182,EGT9980R5816,27/11/2007,27/05/2008,"1,500,000,000","3,969,225,000","1,500,000,000",7.28,7.42,7.362
182,EGT9980K5813,20/11/2007,20/05/2008,"1,500,000,000","5,468,475,000","1,500,000,000",7.001,7.44,7.384
182,EGT9980D5812,13/11/2007,13/05/2008,"1,000,000,000","2,480,000,000","1,000,000,000",6.9,7.349,7.092
182,EGT998065813,06/11/2007,06/05/2008,"1,500,000,000","4,168,875,000","1,500,000,000",6.141,6.249,6.209
182,EGT9980T4817,30/10/2007,29/04/2008,"1,500,000,000","6,682,400,000","1,500,000,000",6.979,7.05,7.02
182,EGT9980M4814,23/10/2007,22/04/2008,"1,000,000,000","4,206,650,000","1,000,000,000",7.399,7.52,7.476
182,EGT9980F4813,16/10/2007,15/04/2008,"1,000,000,000","3,247,225,000","1,000,000,000",7.451,7.649,7.578
182,EGT998084814,09/10/2007,08/04/2008,"1,500,000,000","2,852,250,000","1,500,000,000",7.349,7.699,7.628
182,EGT998014811,02/10/2007,01/04/2008,"1,500,000,000","3,096,775,000","1,500,000,000",7.1,7.507,7.44
182,EGT9980P3813,25/09/2007,25/03/2008,"500,000,000","1,938,825,000","500,000,000",6.7,7.14,7.072
182,EGT9980I3812,18/09/2007,18/03/2008,"1,000,000,000","5,801,400,000","1,000,000,000",7.349,7.455,7.417
182,EGT9980B3819,11/09/2007,11/03/2008,"1,000,000,000","6,127,575,000","1,000,000,000",7.781,7.97,7.905
182,EGT998043810,04/09/2007,04/03/2008,"2,000,000,000","5,550,275,000","2,000,000,000",8.15,8.245,8.221
182,EGT9980Q2814,28/08/2007,26/02/2008,"1,000,000,000","3,767,325,000","1,000,000,000",8.2,8.291,8.266
182,EGT9980J2813,21/08/2007,19/02/2008,"2,000,000,000","2,753,050,000","2,000,000,000",7.751,8.289,8.224
182,EGT9980C2810,14/08/2007,12/02/2008,"2,000,000,000","4,305,000,000","2,000,000,000",7.831,7.98,7.919
182,EGT998052811,07/08/2007,05/02/2008,"2,000,000,000","3,707,275,000","2,000,000,000",7.5,7.837,7.743
182,EGT9980T1813,31/07/2007,29/01/2008,"2,000,000,000","3,328,800,000","2,000,000,000",7.201,7.591,7.508
182,EGT9980M1810,24/07/2007,22/01/2008,"500,000,000","1,458,875,000","500,000,000",7.25,7.42,7.367
182,EGT9980F1819,17/07/2007,15/01/2008,"1,500,000,000","3,288,650,000","1,500,000,000",7.25,7.425,7.36
182,EGT998081810,10/07/2007,08/01/2008,"1,500,000,000","3,105,000,000","1,500,000,000",7.1,7.289,7.206
182,EGT998011817,03/07/2007,01/01/2008,"500,000,000","1,766,650,000","500,000,000",7.05,7.201,7.138
182,EGT9980PC713,26/06/2007,25/12/2007,"1,500,000,000","2,850,000,000","1,500,000,000",6.949,7.28,7.187
182,EGT9980IC718,19/06/2007,18/12/2007,"1,500,000,000","3,233,275,000","1,500,000,000",6.979,7.17,7.129
182,EGT9980BC713,12/06/2007,11/12/2007,"1,000,000,000","2,783,475,000","1,000,000,000",7.001,7.19,7.106
182,EGT9980RB711,29/05/2007,27/11/2007,"500,000,000","1,366,225,000","500,000,000",7.001,7.641,7.488
182,EGT9980DB711,15/05/2007,13/11/2007,"1,500,000,000","2,941,150,000","1,500,000,000",7.001,7.58,7.391
182,EGT99806B713,08/05/2007,06/11/2007,"1,500,000,000","2,852,575,000","1,500,000,000",7.001,7.179,7.132
182,EGT9980YA719,01/05/2007,30/10/2007,"2,000,000,000","5,758,500,000","2,000,000,000",7.201,7.349,7.287
182,EGT9980NA712,24/04/2007,23/10/2007,"1,000,000,000","5,482,125,000","1,000,000,000",7.5,7.671,7.559
182,EGT9980GA716,17/04/2007,16/10/2007,"500,000,000","3,096,125,000","500,000,000",8.15,8.284,8.247
182,EGT99809A719,10/04/2007,09/10/2007,"1,000,000,000","3,849,850,000","1,000,000,000",8.4,8.692,8.643
182,EGT99802A714,03/04/2007,02/10/2007,"2,000,000,000","3,283,450,000","2,000,000,000",8.35,8.81,8.752
182,EGT9980P9711,27/03/2007,25/09/2007,"1,500,000,000","3,923,925,000","1,500,000,000",8.45,8.74,8.663
182,EGT9980I9710,20/03/2007,18/09/2007,"1,500,000,000","1,980,975,000","1,500,000,000",8.25,8.751,8.473
182,EGT9980B9717,13/03/2007,11/09/2007,"500,000,000","1,908,550,000","500,000,000",8.25,8.317,8.304
182,EGT998049718,06/03/2007,04/09/2007,"500,000,000","1,439,425,000","500,000,000",8.25,8.45,8.401
182,EGT9980S8710,27/02/2007,28/08/2007,"500,000,000","1,457,325,000","500,000,000",8.25,8.478,8.454
182,EGT9980L8717,20/02/2007,21/08/2007,"500,000,000","1,832,825,000","500,000,000",8.45,8.67,8.607
182,EGT9980E8716,13/02/2007,14/08/2007,"1,500,000,000","5,699,950,000","1,500,000,000",8.5,8.779,8.685
182,EGT998078717,06/02/2007,07/08/2007,"1,500,000,000","7,886,775,000","1,500,000,000",9.125,9.261,9.239
182,EGT9980V7717,30/01/2007,31/07/2007,"1,000,000,000","4,305,025,000","1,000,000,000",9.501,9.736,9.667
182,EGT9980O7716,23/01/2007,24/07/2007,"1,500,000,000","3,428,850,000","1,500,000,000",9.8,10.041,10.02
182,EGT9980H7715,16/01/2007,17/07/2007,"1,500,000,000","3,320,600,000","1,500,000,000",9.988,10.121,10.078
182,EGT9980A7712,09/01/2007,10/07/2007,"1,500,000,000","2,199,350,000","1,500,000,000",9.8,10.16,10.011
182,EGT9980T5715,28/11/2006,29/05/2007,"1,000,000,000","2,329,125,000","1,000,000,000",9.741,9.939,9.859
182,EGT9980M5712,21/11/2006,22/05/2007,"1,500,000,000","2,179,425,000","1,500,000,000",9.6,9.919,9.788
182,EGT9980F5711,14/11/2006,15/05/2007,"1,500,000,000","2,885,850,000","1,500,000,000",9.25,9.789,9.74
182,EGT998085712,07/11/2006,08/05/2007,"1,500,000,000","3,052,725,000","1,500,000,000",9.501,9.76,9.704
182,EGT998015719,31/10/2006,01/05/2007,"1,500,000,000","3,737,425,000","1,500,000,000",9.501,9.721,9.654
182,EGT9980O4713,24/10/2006,24/04/2007,"1,000,000,000","2,433,425,000","1,000,000,000",9.501,9.919,9.867
182,EGT9980H4712,17/10/2006,17/04/2007,"1,500,000,000","2,878,875,000","1,500,000,000",9.301,10.03,9.962
182,EGT9980A4719,10/10/2006,10/04/2007,"1,500,000,000","1,828,800,000","1,500,000,000",9.501,9.95,9.834
182,EGT998034710,03/10/2006,03/04/2007,"1,500,000,000","2,312,175,000","1,500,000,000",9.351,9.639,9.564
182,EGT9980R3712,26/09/2006,27/03/2007,"1,000,000,000","1,572,250,000","1,000,000,000",9,9.6,9.546
182,EGT9980K3719,19/09/2006,20/03/2007,"1,000,000,000","2,002,725,000","1,000,000,000",9.25,9.47,9.388
182,EGT9980D3718,12/09/2006,13/03/2007,"1,500,000,000","3,328,750,000","1,500,000,000",9,9.25,9.171
182,EGT9980R2714,29/08/2006,27/02/2007,"500,000,000","1,819,400,000","500,000,000",8.98,9.094,9.03
182,EGT9980K2711,22/08/2006,20/02/2007,"1,000,000,000","2,738,150,000","1,000,000,000",8.95,9.11,9.043
182,EGT9980D2710,15/08/2006,13/02/2007,"1,500,000,000","3,388,175,000","1,500,000,000",8.899,9.116,9.084
182,EGT998062711,08/08/2006,06/02/2007,"1,500,000,000","3,111,025,000","1,500,000,000",8.989,9.11,9.059
182,EGT9980Y1717,01/08/2006,30/01/2007,"1,500,000,000","2,466,000,000","1,500,000,000",8.899,9.11,8.99
182,EGT9980N1710,25/07/2006,23/01/2007,"1,000,000,000","1,711,275,000","1,000,000,000",8.701,9.059,8.972
182,EGT9980G1719,18/07/2006,16/01/2007,"1,500,000,000","2,996,350,000","1,500,000,000",8.849,9,8.951
182,EGT998091710,11/07/2006,09/01/2007,"1,500,000,000","2,555,925,000","1,500,000,000",8.751,8.989,8.947
182,EGT998021717,04/07/2006,02/01/2007,"1,000,000,000","1,809,200,000","1,000,000,000",8.849,8.98,8.934
182,EGT9980QC612,27/06/2006,26/12/2006,"2,000,000,000","2,687,550,000","2,000,000,000",8.701,9.09,8.974
182,EGT9980JC617,20/06/2006,19/12/2006,"2,000,000,000","3,264,525,000","2,000,000,000",8.65,8.849,8.78
182,EGT9980CC612,13/06/2006,12/12/2006,"500,000,000","1,379,500,000","500,000,000",8.5,8.771,8.74
182,EGT99805C614,06/06/2006,05/12/2006,"1,000,000,000","2,346,475,000","1,000,000,000",8.5,8.779,8.732
182,EGT9980SB610,30/05/2006,28/11/2006,"1,500,000,000","2,743,175,000","1,500,000,000",8.5,8.751,8.703
182,EGT9980EB610,16/05/2006,14/11/2006,"500,000,000","1,093,850,000","500,000,000",8.5,8.76,8.729
182,EGT99807B612,09/05/2006,07/11/2006,"1,000,000,000","1,942,375,000","1,000,000,000",8.45,8.779,8.717
182,EGT9980HA615,18/04/2006,17/10/2006,"1,000,000,000","2,159,850,000","1,000,000,000",8.4,8.6,8.555
182,EGT9980AA610,11/04/2006,10/10/2006,"1,500,000,000","3,312,400,000","1,500,000,000",8.45,8.618,8.557
182,EGT99803A613,04/04/2006,03/10/2006,"2,000,000,000","2,727,500,000","2,000,000,000",8.5,8.849,8.714
182,EGT9980Q9611,28/03/2006,26/09/2006,"1,500,000,000","2,959,300,000","1,500,000,000",8.55,8.681,8.649
182,EGT9980J9610,21/03/2006,19/09/2006,"2,000,000,000","3,130,425,000","500,000,000",8.25,8.65,8.426
182,EGT9980C9617,14/03/2006,12/09/2006,"1,000,000,000","1,140,675,000","1,000,000,000",8.1,8.3,8.237
182,EGT998059618,07/03/2006,05/09/2006,"1,500,000,000","1,720,050,000","1,500,000,000",7.751,8.2,8.107
182,EGT9980T8610,28/02/2006,29/08/2006,"1,000,000,000","2,542,550,000","1,000,000,000",8,8.087,8.055
182,EGT9980M8617,21/02/2006,22/08/2006,"1,000,000,000","2,276,075,000","1,000,000,000",8,8.106,8.088
182,EGT9980F8616,14/02/2006,15/08/2006,"500,000,000","1,236,350,000","500,000,000",8.05,8.13,8.098
182,EGT998088617,07/02/2006,08/08/2006,"1,500,000,000","2,634,875,000","1,500,000,000",8,8.169,8.14
182,EGT998018614,31/01/2006,01/08/2006,"1,500,000,000","3,070,100,000","1,500,000,000",8.05,8.191,8.152
182,EGT9980P7616,24/01/2006,25/07/2006,"1,000,000,000","4,328,725,000","1,000,000,000",8.069,8.23,8.174
182,EGT9980I7615,17/01/2006,18/07/2006,"2,000,000,000","4,161,725,000","2,000,000,000",8.5,8.635,8.595
182,EGT998047613,03/01/2006,04/07/2006,"500,000,000","1,856,950,000","500,000,000",8.539,8.631,8.595
182,EGT9980K6613,20/12/2005,20/06/2006,"1,600,000,000","4,316,200,000","1,600,000,000",8.439,8.631,8.567
182,EGT9980D6612,13/12/2005,13/06/2006,"500,000,000","1,608,850,000","500,000,000",8.6,8.727,8.681
182,EGT998066613,06/12/2005,06/06/2006,"1,000,000,000","3,868,775,000","1,000,000,000",8.701,8.83,8.778
182,EGT9980Y5619,29/11/2005,30/05/2006,"1,000,000,000","3,159,650,000","1,000,000,000",9,9.156,9.1
182,EGT998095612,08/11/2005,09/05/2006,"500,000,000","2,785,225,000","500,000,000",9.149,9.219,9.198
182,EGT998025619,01/11/2005,02/05/2006,"1,500,000,000","2,599,800,000","1,500,000,000",9.149,9.329,9.269
182,EGT9980I4612,18/10/2005,18/04/2006,"1,000,000,000","3,199,475,000","1,000,000,000",9.101,9.399,9.329
182,EGT9980B4619,11/10/2005,11/04/2006,"2,000,000,000","3,737,050,000","2,000,000,000",9,9.43,9.37
182,EGT998044610,04/10/2005,04/04/2006,"1,500,000,000","2,673,650,000","1,500,000,000",9.2,9.536,9.413
182,EGT9980S3612,27/09/2005,28/03/2006,"1,500,000,000","2,092,425,000","1,500,000,000",8.751,9.749,9.461
182,EGT9980L3619,20/09/2005,21/03/2006,"500,000,000","1,773,750,000","500,000,000",8.55,9.02,8.857
182,EGT998073619,06/09/2005,07/03/2006,"1,500,000,000","4,703,475,000","1,500,000,000",9.149,9.399,9.309
182,EGT9980S2614,30/08/2005,28/02/2006,"1,000,000,000","3,102,850,000","1,000,000,000",9.25,9.727,9.581
182,EGT9980L2611,23/08/2005,21/02/2006,"1,000,000,000","3,304,850,000","1,000,000,000",9.501,9.939,9.8
182,EGT998072611,09/08/2005,07/02/2006,"1,500,000,000","3,999,075,000","1,500,000,000",9.25,9.851,9.76
182,EGT9980V1611,02/08/2005,31/01/2006,"1,000,000,000","2,834,100,000","1,000,000,000",9.501,9.939,9.769
182,EGT9980O1610,26/07/2005,24/01/2006,"1,500,000,000","2,609,150,000","1,500,000,000",9,9.999,9.652
182,EGT9980H1619,19/07/2005,17/01/2006,"1,500,000,000","3,707,550,000","1,500,000,000",8.751,9.274,9.095
182,EGT998031617,05/07/2005,03/01/2006,"1,000,000,000","3,523,325,000","1,000,000,000",7.649,8,7.903
182,EGT9980RC511,28/06/2005,27/12/2005,"1,000,000,000","3,339,425,000","1,000,000,000",8.241,8.5,8.393
182,EGT9980KC516,21/06/2005,20/12/2005,"1,500,000,000","4,947,975,000","1,500,000,000",9.051,9.25,9.2
182,EGT9980DC511,14/06/2005,13/12/2005,"500,000,000","2,777,100,000","500,000,000",9.479,9.549,9.507
182,EGT9980TB519,31/05/2005,29/11/2005,"1,000,000,000","1,921,525,000","1,000,000,000",9.501,9.95,9.888
182,EGT9980MB514,24/05/2005,22/11/2005,"1,000,000,000","2,174,950,000","1,000,000,000",9.701,9.95,9.853
182,EGT99808B511,10/05/2005,08/11/2005,"700,000,000","3,586,850,000","700,000,000",9.9,10.101,10.03
182,EGT99801B516,03/05/2005,01/11/2005,"1,400,000,000","3,741,225,000","1,400,000,000",10.2,10.4,10.313
182,EGT9980IA514,19/04/2005,18/10/2005,"750,000,000","2,574,800,000","750,000,000",10.389,10.551,10.473
182,EGT9980BA519,12/04/2005,11/10/2005,"1,500,000,000","2,838,500,000","1,500,000,000",10.4,10.651,10.576
182,EGT99804A512,05/04/2005,04/10/2005,"1,000,000,000","2,933,575,000","1,000,000,000",10.249,10.729,10.563
182,EGT9980R9511,29/03/2005,27/09/2005,"1,000,000,000","2,292,550,000","1,000,000,000",9.999,10.967,10.762
182,EGT9980K9518,22/03/2005,20/09/2005,"750,000,000","1,378,100,000","750,000,000",9.701,10.949,10.488
182,EGT998069518,08/03/2005,06/09/2005,"2,000,000,000","1,722,225,000","1,000,000,000",9.501,10.42,10.167
182,EGT9980U8518,01/03/2005,30/08/2005,"1,500,000,000","1,830,450,000","1,500,000,000",9,10.3,9.876
182,EGT9980N8517,22/02/2005,23/08/2005,"500,000,000","931,425,000","500,000,000",8.95,9.25,9.111
182,EGT9980G8516,15/02/2005,16/08/2005,"900,000,000","1,282,000,000","900,000,000",8.989,9.211,9.145
182,EGT998098517,08/02/2005,09/08/2005,"1,500,000,000","3,158,300,000","1,500,000,000",9.101,9.399,9.316
182,EGT998028514,01/02/2005,02/08/2005,"1,000,000,000","2,700,700,000","1,000,000,000",9.228,9.56,9.417
182,EGT9980Q7516,25/01/2005,26/07/2005,"1,000,000,000","3,136,375,000","1,000,000,000",9.501,9.749,9.69
182,EGT9980J7515,18/01/2005,19/07/2005,"1,000,000,000","2,843,275,000","1,000,000,000",9.701,9.95,9.882
182,EGT9980C7512,11/01/2005,12/07/2005,"2,400,000,000","3,766,800,000","2,400,000,000",9.701,10.041,9.934
182,EGT998057513,04/01/2005,05/07/2005,"1,000,000,000","2,606,825,000","1,000,000,000",9.95,10.081,10.024
182,EGT9980S6516,28/12/2004,28/06/2005,"500,000,000","1,232,925,000","500,000,000",9.9,10.169,10.099
182,EGT9980L6513,21/12/2004,21/06/2005,"1,500,000,000","3,153,750,000","1,500,000,000",9.9,10.24,10.167
182,EGT9980E6512,14/12/2004,14/06/2005,"1,000,000,000","3,069,550,000","1,000,000,000",9.999,10.269,10.236
182,EGT9980V5513,30/11/2004,31/05/2005,"1,800,000,000","2,970,100,000","1,800,000,000",10.251,10.678,10.525
182,EGT9980O5512,23/11/2004,24/05/2005,"700,000,000","2,269,075,000","700,000,000",10.2,10.731,10.638
182,EGT9980A5518,09/11/2004,10/05/2005,"1,000,000,000","2,713,425,000","1,000,000,000",10.751,11.03,10.925
182,EGT998035519,02/11/2004,03/05/2005,"1,000,000,000","3,502,075,000","1,000,000,000",11.001,11.3,11.194
182,EGT9980Q4513,26/10/2004,26/04/2005,"1,000,000,000","2,309,925,000","1,000,000,000",10.751,11.625,11.309
182,EGT9980C4519,12/10/2004,12/04/2005,"2,000,000,000","2,662,950,000","2,000,000,000",10.9,11.85,11.415
182,EGT998054510,05/10/2004,05/04/2005,"500,000,000","1,316,975,000","500,000,000",10.702,11.251,11.043
182,EGT9980T3512,28/09/2004,29/03/2005,"2,000,000,000","2,921,650,000","2,000,000,000",10.751,11.349,11.117
182,EGT9980M3519,21/09/2004,22/03/2005,"500,000,000","1,244,925,000","500,000,000",10.9,11.179,11.1
182,EGT9980F3518,14/09/2004,15/03/2005,"1,000,000,000","2,465,475,000","1,000,000,000",11.001,11.251,11.093
182,EGT998083519,07/09/2004,08/03/2005,"1,500,000,000","3,262,725,000","1,500,000,000",11.001,11.3,11.22
182,EGT998013516,31/08/2004,01/03/2005,"2,000,000,000","4,556,250,000","2,000,000,000",11.001,11.502,11.405
182,EGT9980M2511,24/08/2004,22/02/2005,"1,000,000,000","2,674,475,000","1,000,000,000",11.001,11.78,11.589
182,EGT9980F2510,17/08/2004,15/02/2005,"1,000,000,000","3,185,350,000","1,000,000,000",10.8,11.947,11.743
182,EGT998082511,10/08/2004,08/02/2005,"1,500,000,000","4,542,050,000","4,542,050,000",10.251,12.5,11.609
182,EGT998012518,03/08/2004,01/02/2005,"1,000,000,000","2,281,800,000","1,000,000,000",10.751,11.951,11.835
182,EGT9980P1510,27/07/2004,25/01/2005,"1,500,000,000","2,205,850,000","1,500,000,000",10.751,12.041,11.823
182,EGT9980I1519,20/07/2004,18/01/2005,"500,000,000","1,042,625,000","500,000,000",10.751,11.989,11.735
182,EGT9980B1516,13/07/2004,11/01/2005,"2,500,000,000","2,484,800,000","2,424,800,000",10.751,12.149,11.448
182,EGT998041517,06/07/2004,04/01/2005,"500,000,000","1,676,050,000","500,000,000",10.751,11.24,11.083
182,EGT9980LC415,22/06/2004,21/12/2004,"700,000,000","1,634,850,000","1,009,775,000",10.751,11.45,11.3
182,EGT9980EC410,15/06/2004,14/12/2004,"1,600,000,000","767,050,000","570,000,000",10.751,11.45,11.266
182,EGT99807C412,08/06/2004,07/12/2004,"1,700,000,000","2,509,700,000","1,674,650,000",10.5,11.343,11.211
182,EGT9980UB418,01/06/2004,30/11/2004,"3,000,000,000","2,213,675,000","2,013,675,000",10.249,11.376,10.989
182,EGT9980GB417,18/05/2004,16/11/2004,"1,900,000,000","2,511,475,000","1,957,025,000",9.999,10.9,10.763
182,EGT99802B415,04/05/2004,02/11/2004,"1,500,000,000","3,465,650,000","1,608,675,000",9.749,10.9,10.693
182,EGT9980QA418,27/04/2004,26/10/2004,"2,900,000,000","2,478,100,000","2,478,100,000",9.6,11.01,10.374
182,EGT9980CA418,13/04/2004,12/10/2004,"2,900,000,000","1,415,300,000","1,415,300,000",9,10.24,9.619
182,EGT99805A410,06/04/2004,05/10/2004,"3,100,000,000","2,005,125,000","1,002,275,000",8.3,9.602,9.196
182,EGT9980S9411,30/03/2004,28/09/2004,"2,500,000,000","2,146,000,000","2,004,000,000",7.6,9.294,8.695
182,EGT998079418,09/03/2004,07/09/2004,"2,500,000,000","2,054,000,000","2,054,000,000",7.5,8.489,7.908
182,EGT9980V8418,02/03/2004,31/08/2004,"1,900,000,000","2,840,000,000","1,950,000,000",7.401,7.95,7.765
182,EGT9980O8417,24/02/2004,24/08/2004,"1,800,000,000","1,739,000,000","1,525,000,000",7.201,7.989,7.494
182,EGT9980H8416,17/02/2004,17/08/2004,"1,100,000,000","2,280,000,000","1,390,000,000",7.1,7.401,7.302
182,EGT998038414,03/02/2004,03/08/2004,"1,000,000,000","2,225,000,000","1,370,000,000",7.1,7.261,7.213
182,EGT9980R7416,27/01/2004,27/07/2004,"900,000,000","2,395,000,000","2,005,000,000",7.001,7.25,7.202
182,EGT9980K7413,20/01/2004,20/07/2004,"1,000,000,000","2,170,175,000","1,325,175,000",6.7,7.254,7.212
182,EGT9980D7412,13/01/2004,13/07/2004,"1,500,000,000","1,995,100,000","1,500,100,000",6.401,7.287,7.153
182,EGT9980M6413,23/12/2003,22/06/2004,"1,600,000,000","940,000,000","740,000,000",6.7,7.3,7.207
182,EGT9980F6412,16/12/2003,15/06/2004,"1,600,000,000","2,295,000,000","1,600,000,000",6.501,7.3,7.207
182,EGT998086413,09/12/2003,08/06/2004,"1,700,000,000","2,933,000,000","1,680,000,000",7.001,7.379,7.192
182,EGT998016410,02/12/2003,01/06/2004,"3,000,000,000","2,950,000,000","2,950,000,000",6.7,7.649,7.34
182,EGT9980I5411,18/11/2003,18/05/2004,"1,900,000,000","2,170,000,000","1,955,000,000",6.7,7.401,7.317
182,EGT998000018,04/11/2003,04/05/2004,"2,000,000,000","2,055,000,000","1,520,000,000",7.001,7.397,7.303
182,EGT998065318,28/10/2003,27/04/2004,"1,900,000,000","2,803,525,000","1,898,525,000",6.799,7.401,7.247
182,EGT998065219,14/10/2003,13/04/2004,"1,700,000,000","1,805,000,000","1,355,000,000",6.75,7.5,7.15
182,EGT998065110,07/10/2003,06/04/2004,"1,700,000,000","1,780,075,000","1,655,075,000",6,7.492,6.989
182,EGT998065011,30/09/2003,30/03/2004,"700,000,000","4,575,450,000","2,455,450,000",6.499,7.239,7.005
182,EGT998064915,09/09/2003,09/03/2004,"400,000,000","2,638,750,000","1,500,000,000",7.727,8.247,8.027
182,EGT998064816,02/09/2003,02/03/2004,"1,000,000,000","4,088,600,000","1,450,000,000",8.57,8.84,8.752
182,EGT998064717,26/08/2003,24/02/2004,"1,800,000,000","4,168,900,000","1,800,800,000",9,9.351,9.257
182,EGT998064618,19/08/2003,17/02/2004,"1,100,000,000","2,755,450,000","1,100,900,000",9.2,9.6,9.541
182,EGT998064519,05/08/2003,03/02/2004,"1,000,000,000","3,054,775,000","1,000,000,000",9.501,9.721,9.659
182,EGT998064410,29/07/2003,27/01/2004,"900,000,000","2,370,800,000","905,225,000",9.749,9.979,9.921
182,EGT998064311,22/07/2003,20/01/2004,"1,000,000,000","2,450,325,000","1,000,000,000",9.65,10.101,9.969
182,EGT998064212,15/07/2003,13/01/2004,"1,500,000,000","3,107,025,000","1,500,400,000",9.6,10.249,10.144
182,EGT998064113,24/06/2003,23/12/2003,"900,000,000","1,553,200,000","930,200,000",9.999,10.3,10.228
182,EGT998064014,17/06/2003,16/12/2003,"1,100,000,000","1,733,575,000","1,100,675,000",9.99,10.3,10.219
182,EGT998063917,10/06/2003,09/12/2003,"1,600,000,000","2,338,625,000","1,651,525,000",9.999,10.5,10.286
182,EGT998063818,03/06/2003,02/12/2003,"1,100,000,000","1,944,475,000","1,352,750,000",9.999,10.74,10.469
182,EGT998063719,27/05/2003,25/11/2003,"1,500,000,000","2,886,900,000","1,500,875,000",9.999,11.15,10.506
182,EGT998063610,20/05/2003,18/11/2003,"1,200,000,000","2,925,350,000","1,326,750,000",9.281,11.8,11.502
182,EGT998063511,06/05/2003,04/11/2003,"1,500,000,000","2,128,150,000","1,512,375,000",11.3,12.391,12.145
182,EGT998063412,29/04/2003,28/10/2003,"1,700,000,000","2,669,550,000","1,700,675,000",11.499,12.301,12.077
182,EGT998063313,22/04/2003,21/10/2003,"1,000,000,000","1,480,600,000","1,078,825,000",11.499,12.4,12.044
182,EGT998063214,15/04/2003,14/10/2003,"800,000,000","2,359,575,000","828,150,000",11.001,12.502,12.156
182,EGT998063115,08/04/2003,07/10/2003,"1,000,000,000","2,365,200,000","1,080,925,000",11.899,13.5,12.964
182,EGT998063016,01/04/2003,30/09/2003,"700,000,000","1,709,350,000","758,875,000",6,14.901,14.346
182,EGT998062919,25/03/2003,23/09/2003,"1,500,000,000","1,391,575,000","1,391,575,000",11.001,14.979,12.184
182,EGT998062810,18/03/2003,16/09/2003,"1,500,000,000","1,951,075,000","1,571,000,000",9.501,11.499,10.855
182,EGT998062711,11/03/2003,09/09/2003,"1,600,000,000","3,461,500,000","470,000,000",7.317,9.999,9.759
182,EGT998062612,25/02/2003,26/08/2003,"850,000,000","3,415,600,000","1,850,000,000",7.349,8,7.845
182,EGT998062513,18/02/2003,19/08/2003,"1,100,000,000","3,369,000,000","1,100,000,000",7.751,9,8.51
182,EGT998062414,04/02/2003,05/08/2003,"1,000,000,000","1,190,000,000","1,000,000,000",6.499,9.875,8.568
182,EGT998062315,28/01/2003,29/07/2003,"900,000,000","2,535,000,000","920,000,000",4.852,5.499,5.307
182,EGT998062216,14/01/2003,15/07/2003,"800,000,000","2,863,000,000","1,500,000,000",4.407,5.36,5.242
182,EGT998062117,24/12/2002,24/06/2003,"900,000,000","3,565,000,000","930,000,000",5.75,6.149,6.087
182,EGT998062018,17/12/2002,17/06/2003,"1,100,000,000","3,533,500,000","1,100,000,000",6.301,6.467,6.448
182,EGT998061911,10/12/2002,10/06/2003,"1,400,000,000","3,445,500,000","1,658,000,000",6.2,6.773,6.707
182,EGT998061812,03/12/2002,03/06/2003,"1,100,000,000","2,435,000,000","1,100,000,000",6.6,6.908,6.721
182,EGT998061713,26/11/2002,27/05/2003,"1,550,000,000","2,465,000,000","1,550,000,000",6,7.007,6.73
182,EGT998061614,19/11/2002,20/05/2003,"1,200,000,000","3,354,000,000","1,200,000,000",6.499,6.823,6.762
182,EGT998061515,05/11/2002,06/05/2003,"1,500,000,000","3,213,000,000","1,518,000,000",6.9,7.119,7.102
182,EGT998061416,29/10/2002,29/04/2003,"1,700,000,000","2,638,000,000","1,700,000,000",6.799,7.239,7.12
182,EGT998061317,22/10/2002,22/04/2003,"1,000,000,000","2,257,800,000","1,081,000,000",6.85,7.181,7.12
182,EGT998061218,15/10/2002,15/04/2003,"800,000,000","1,790,000,000","845,000,000",6.9,7.338,7.11
182,EGT998061119,08/10/2002,08/04/2003,"1,000,000,000","2,640,000,000","1,020,000,000",6.9,7.198,7.112
182,EGT998061010,01/10/2002,01/04/2003,"700,000,000","2,200,075,000","755,075,000",7.001,7.289,7.271
182,EGT998060913,17/09/2002,18/03/2003,"1,400,000,000","1,950,025,000","1,400,025,000",7.401,7.641,7.553
182,,10/09/2002,11/03/2003,"900,000,000","1,825,000,000","1,400,000,000",7.401,7.641,7.563
182,EGT998060715,03/09/2002,04/03/2003,"800,000,000","1,036,500,000","886,500,000",7.401,7.619,7.576
182,EGT998060616,27/08/2002,25/02/2003,"500,000,000","1,496,600,000","650,000,000",7.589,7.6,7.591
182,EGT998060517,20/08/2002,18/02/2003,"600,000,000","1,072,000,000","987,000,000",7.401,7.751,7.606
182,EGT998060418,13/08/2002,11/02/2003,"1,000,000,000","1,177,000,000","1,002,000,000",7.5,7.699,7.61
182,EGT998060319,06/08/2002,04/02/2003,"500,000,000","920,000,000","800,000,000",7.55,7.699,7.615
182,EGT998060210,30/07/2002,28/01/2003,"800,000,000","1,391,150,000","821,150,000",7.412,7.721,7.623
182,EGT998060111,09/07/2002,07/01/2003,"500,000,000","809,150,000","504,150,000",6.994,7.749,7.631
252,EGT9980V1C18,24/05/2011,31/01/2012,"3,500,000,000","4,742,650,000","1,325,000,000",12.85,12.879,12.869
252,EGT99804AB19,25/01/2011,04/10/2011,"3,000,000,000","7,947,925,000","3,000,000,000",10.44,10.569,10.518
252,EGT998028B11,23/11/2010,02/08/2011,"3,000,000,000","7,229,600,000","3,000,000,000",10.091,10.24,10.197
252,EGT9980V5B15,21/09/2010,31/05/2011,"3,000,000,000","6,874,575,000","3,000,000,000",10.25,10.39,10.358
252,EGT998035B12,24/08/2010,03/05/2011,"3,000,000,000","7,760,000,000","3,000,000,000",9.97,10.29,10.238
252,EGT998054B18,27/07/2010,05/04/2011,"3,000,000,000","8,578,450,000","3,000,000,000",10.65,10.71,10.69
252,EGT9980YBA11,23/03/2010,30/11/2010,"2,000,000,000","4,971,500,000","2,000,000,000",10.2,10.479,10.381
252,EGT9980KBA17,23/02/2010,02/11/2010,"2,000,000,000","6,486,600,000","2,000,000,000",10.338,10.44,10.405
252,EGT99805AA19,26/01/2010,05/10/2010,"2,000,000,000","5,664,175,000","2,000,000,000",11.13,11.29,11.251
259,EGT9980E8C17,29/11/2011,14/08/2012,"3,500,000,000","3,528,450,000","2,000,000,000",14.001,15.209,14.949
259,EGT9980M5C13,06/09/2011,22/05/2012,"3,500,000,000","4,562,900,000","1,750,000,000",12.92,12.991,12.983
259,EGT998015C15,16/08/2011,01/05/2012,"1,500,000,000","3,571,725,000","1,500,000,000",12.751,12.95,12.912
259,EGT998034C12,19/07/2011,03/04/2012,"3,500,000,000","5,993,625,000","3,500,000,000",12.65,12.781,12.757
259,EGT9980S2C13,14/06/2011,28/02/2012,"3,500,000,000","5,271,725,000","3,000,000,000",12.85,12.93,12.903
259,EGT9980V1C18,17/05/2011,31/01/2012,"3,500,000,000","4,749,525,000","3,500,000,000",12.598,12.991,12.856
259,EGT998031C15,19/04/2011,03/01/2012,"3,000,000,000","5,062,250,000","3,000,000,000",12.15,12.5,12.376
259,EGT9980TBB17,15/03/2011,29/11/2011,"3,500,000,000","5,748,950,000","3,500,000,000",12.06,12.58,12.32
259,EGT99808BB14,22/02/2011,08/11/2011,"3,500,000,000","5,694,975,000","3,500,000,000",11.351,12.21,11.743
259,EGT998082B14,25/05/2010,08/02/2011,"3,000,000,000","5,188,500,000","3,000,000,000",10.55,10.71,10.644
259,EGT998093A12,23/06/2009,09/03/2010,"3,000,000,000","6,000,125,000","3,000,000,000",10.149,10.401,10.321
259,EGT9980C1A10,28/04/2009,12/01/2010,"3,000,000,000","5,801,225,000","3,000,000,000",10.29,10.64,10.509
266,EGT9980M3M13,29/06/2021,22/03/2022,"8,000,000,000","9,957,450,000","5,028,400,000",13.150,13.359,13.341
266,EGT998083M10,15/06/2021,08/03/2022,"8,000,000,000","25,446,350,000","14,687,350,000",13.000,13.320,13.301
266,EGT9980M2M14,01/06/2021,22/02/2022,"8,000,000,000","17,946,700,000","9,786,200,000",13.000,13.389,13.372
266,EGT998082M11,18/05/2021,08/02/2022,"8,000,000,000","17,540,550,000","13,483,950,000",13.000,13.391,13.374
266,EGT9980P1M18,04/05/2021,25/01/2022,"8,000,000,000","16,032,650,000","11,606,350,000",13.300,13.401,13.381
266,EGT9980B1M18,20/04/2021,11/01/2022,"8,000,000,000","16,108,625,000","9,419,125,000",13.300,13.391,13.381
266,EGT9980SCL15,06/04/2021,28/12/2021,"11,021,425,000","16,994,425,000","11,021,425,000",13.250,13.440,13.405
266,EGT9980ECL11,23/03/2021,14/12/2021,"8,000,000,000","19,406,025,000","9,300,525,000",13.201,13.391,13.372
266,EGT9980YBL18,09/03/2021,30/11/2021,"8,000,000,000","15,283,125,000","8,000,000,000",13.000,13.401,13.369
266,EGT9980GBL10,23/02/2021,16/11/2021,"11,500,000,000","19,739,375,000","5,576,375,000",13.049,13.280,13.245
266,EGT99802BL18,09/02/2021,02/11/2021,"11,500,000,000","17,828,700,000","11,500,000,000",12.970,13.260,13.234
266,EGT9980JAL18,26/01/2021,19/10/2021,"11,500,000,000","16,084,075,000","8,904,075,000",12.750,13.240,13.130
266,EGT99805AL16,12/01/2021,05/10/2021,"11,500,000,000","22,655,000,000","18,134,075,000",12.700,12.900,12.855
266,EGT9980L9L10,29/12/2020,21/09/2021,"10,000,000,000","6,457,500,000","121,375,000",12.449,12.890,12.804
266,EGT998079L17,15/12/2020,07/09/2021,"10,000,000,000","25,705,000,000","10,000,000,000",12.799,12.951,12.931
266,EGT9980O8L15,01/12/2020,24/08/2021,"10,500,000,000","27,189,175,000","10,500,000,000",13.150,13.290,13.265
266,EGT9980A8L14,17/11/2020,10/08/2021,"10,500,000,000","32,361,475,000","7,057,125,000",13.150,13.339,13.267
266,EGT9980R7L19,03/11/2020,27/07/2021,"10,500,000,000","15,235,825,000","10,815,025,000",13.401,13.730,13.704
266,EGT9980D7L19,20/10/2020,13/07/2021,"10,500,000,000","14,768,600,000","9,907,050,000",13.201,13.500,13.483
266,EGT9980T6L16,06/10/2020,29/06/2021,"10,500,000,000","20,756,125,000","6,457,925,000",13.201,13.440,13.425
266,EGT9980F6L15,22/09/2020,15/06/2021,"10,500,000,000","25,780,625,000","15,651,625,000",13.439,13.690,13.624
266,EGT998016L13,08/09/2020,01/06/2021,"10,500,000,000","33,034,875,000","18,940,500,000",13.250,13.490,13.420
266,EGT9980I5L10,25/08/2020,18/05/2021,"10,500,000,000","19,421,125,000","10,500,000,000",13.790,13.880,13.857
266,EGT998045L18,11/08/2020,04/05/2021,"10,500,000,000","24,362,900,000","20,032,825,000",13.500,13.860,13.817
266,EGT9980K4L17,28/07/2020,20/04/2021,"10,500,000,000","16,438,725,000","15,569,725,000",13.290,13.690,13.622
266,EGT998064L14,14/07/2020,06/04/2021,"10,500,000,000","37,393,325,000","10,500,000,000",12.500,13.530,13.506
266,EGT9980G3L16,23/06/2020,16/03/2021,"7,500,000,000","10,753,325,000","670,700,000",12.400,13.000,12.965
266,EGT998023L14,09/06/2020,02/03/2021,"7,500,000,000","7,651,275,000","6,894,275,000",12.400,12.580,12.528
266,EGT9980G2L17,26/05/2020,16/02/2021,"10,500,000,000","13,831,000,000","1,084,775,000",12.330,12.471,12.436
266,EGT998022L15,12/05/2020,02/02/2021,"10,500,000,000","18,184,525,000","10,500,000,000",12.400,12.609,12.593
266,EGT9980J1L12,28/04/2020,19/01/2021,"10,500,000,000","19,362,375,000","9,216,375,000",12.480,12.600,12.550
266,EGT998051L19,14/04/2020,05/01/2021,"10,500,000,000","17,793,300,000","10,500,000,000",12.000,12.210,12.164
266,EGT9980FCK11,24/03/2020,15/12/2020,"10,500,000,000","10,869,975,000","5,309,775,000",10.999,13.780,13.367
266,EGT99801CK19,10/03/2020,01/12/2020,"10,500,000,000","16,673,300,000","7,409,225,000",14.000,14.397,14.342
266,EGT9980HBK10,25/02/2020,17/11/2020,"10,500,000,000","26,655,550,000","4,044,325,000",13.569,14.230,14.142
266,EGT99803BK18,11/02/2020,03/11/2020,"10,500,000,000","38,314,425,000","10,500,000,000",14.150,14.210,14.192
266,EGT9980KAK16,28/01/2020,20/10/2020,"10,500,000,000","24,658,300,000","13,281,850,000",14.190,14.419,14.362
266,EGT99806AK16,14/01/2020,06/10/2020,"10,500,000,000","36,287,000,000","14,103,650,000",14.449,14.600,14.572
266,EGT9980M9K19,31/12/2019,22/09/2020,"9,750,000,000","16,598,900,000","13,671,100,000",14.500,14.898,14.827
266,EGT998089K16,17/12/2019,08/09/2020,"9,750,000,000","37,856,425,000","15,448,775,000",15.000,15.201,15.191
266,EGT9980P8K13,03/12/2019,25/08/2020,"9,750,000,000","11,429,675,000","8,297,675,000",14.500,15.401,15.351
266,EGT9980B8K13,19/11/2019,11/08/2020,"9,750,000,000","8,466,300,000","5,950,325,000",14.500,15.160,15.098
266,EGT9980S7K18,05/11/2019,28/07/2020,"9,750,000,000","26,111,550,000","13,659,775,000",15.589,15.731,15.700
266,EGT9980E7K18,22/10/2019,14/07/2020,"9,750,000,000","18,500,825,000","11,045,875,000",15.450,15.840,15.792
266,EGT9980Y6K17,08/10/2019,30/06/2020,"9,750,000,000","8,036,725,000","5,649,625,000",14.900,15.809,15.739
266,EGT9980G6K14,24/09/2019,16/06/2020,"9,750,000,000","14,119,800,000","11,971,300,000",14.500,15.270,15.052
266,EGT998026K12,10/09/2019,02/06/2020,"9,750,000,000","18,369,700,000","12,536,275,000",15.576,16.600,16.484
266,EGT9980J5K19,27/08/2019,19/05/2020,"9,750,000,000","19,159,825,000","12,784,825,000",16.199,16.430,16.378
266,EGT998055K16,13/08/2019,05/05/2020,"9,750,000,000","16,102,825,000","12,161,400,000",17.500,17.901,17.834
266,EGT9980L4K16,30/07/2019,21/04/2020,"9,500,000,000","19,212,450,000","10,752,475,000",17.600,17.869,17.831
266,EGT998074K13,16/07/2019,07/04/2020,"9,500,000,000","13,799,875,000","11,039,500,000",16.999,17.890,17.797
266,EGT9980O3K11,02/07/2019,24/03/2020,"9,500,000,000","10,199,425,000","9,500,000,000",17.411,17.850,17.754
266,EGT9980A3K10,18/06/2019,10/03/2020,"8,750,000,000","9,968,200,000","7,185,200,000",17.401,17.650,17.598
266,EGT9980P2K19,04/06/2019,25/02/2020,"8,750,000,000","14,255,475,000","8,750,000,000",17.500,17.661,17.650
266,EGT9980B2K19,21/05/2019,11/02/2020,"8,500,000,000","15,184,625,000","8,307,550,000",17.100,17.610,17.575
266,EGT9980S1K14,07/05/2019,28/01/2020,"8,750,000,000","11,443,975,000","8,750,000,000",17.100,17.460,17.366
266,EGT9980E1K14,23/04/2019,14/01/2020,"8,750,000,000","23,209,825,000","8,750,000,000",16.949,17.070,17.029
266,EGT9980VCJ14,09/04/2019,31/12/2019,"8,750,000,000","8,666,300,000","7,875,125,000",16.999,17.650,17.556
266,EGT9980HCJ12,26/03/2019,17/12/2019,"8,500,000,000","20,723,550,000","8,500,000,000",17.190,17.230,17.222
266,EGT99803CJ10,12/03/2019,03/12/2019,"8,500,000,000","16,197,725,000","9,675,450,000",17.500,17.731,17.668
266,EGT9980JBJ11,26/02/2019,19/11/2019,"8,500,000,000","15,332,000,000","566,025,000",16.800,17.990,17.911
266,EGT99805BJ19,12/02/2019,05/11/2019,"8,500,000,000","11,652,050,000","6,539,950,000",17.699,18.600,18.543
266,EGT9980MAJ17,29/01/2019,22/10/2019,"8,500,000,000","20,218,175,000","9,357,100,000",18.001,18.250,18.203
266,EGT99808AJ17,15/01/2019,08/10/2019,"8,500,000,000","33,014,550,000","11,233,500,000",19.101,19.290,19.275
266,EGT9980O9J18,01/01/2019,24/09/2019,"8,500,000,000","19,191,425,000","10,423,725,000",19.750,19.974,19.967
266,EGT9980A9J17,18/12/2018,10/09/2019,"8,500,000,000","6,695,675,000","4,031,400,000",19.800,19.991,19.989
266,EGT9980R8J12,04/12/2018,27/08/2019,"8,500,000,000","10,482,600,000","7,366,000,000",19.250,19.994,19.971
266,EGT9980D8J12,20/11/2018,13/08/2019,"8,500,000,000","7,645,325,000","6,284,075,000",19.418,19.991,19.949
266,EGT9980Y7J19,06/11/2018,30/07/2019,"8,500,000,000","8,846,250,000","7,211,250,000",19.680,19.890,19.830
266,EGT9980G7J16,23/10/2018,16/07/2019,"8,500,000,000","18,439,875,000","9,894,775,000",19.601,19.940,19.919
266,EGT998027J14,09/10/2018,02/07/2019,"8,500,000,000","15,074,000,000","8,500,000,000",18.830,19.978,19.928
266,EGT9980I6J13,25/09/2018,18/06/2019,"8,000,000,000","13,714,775,000","9,563,175,000",19.500,19.899,19.840
266,EGT998046J11,11/09/2018,04/06/2019,"8,250,000,000","15,705,800,000","11,776,600,000",19.400,19.730,19.635
266,EGT9980L5J18,28/08/2018,21/05/2019,"8,250,000,000","12,549,500,000","8,404,500,000",18.900,19.400,19.337
266,EGT998075J15,14/08/2018,07/05/2019,"8,000,000,000","9,938,075,000","7,020,075,000",18.349,18.999,18.920
266,EGT9980N4J15,31/07/2018,23/04/2019,"8,000,000,000","16,954,750,000","8,853,425,000",18.630,18.770,18.721
266,EGT998094J12,17/07/2018,09/04/2019,"8,000,000,000","22,538,725,000","8,914,625,000",19.101,19.481,19.442
266,EGT9980Q3J19,03/07/2018,26/03/2019,"8,000,000,000","17,089,675,000","10,132,750,000",18.499,19.621,19.554
266,EGT9980C3J19,19/06/2018,12/03/2019,"8,000,000,000","12,000,575,000","10,155,575,000",18.199,18.999,18.755
266,EGT9980Q2J10,05/06/2018,26/02/2019,"8,250,000,000","22,278,925,000","10,327,025,000",18.499,18.861,18.790
266,EGT9980C2J10,22/05/2018,12/02/2019,"7,250,000,000","11,432,175,000","6,315,850,000",18.300,18.999,18.939
266,EGT9980T1J15,08/05/2018,29/01/2019,"8,000,000,000","11,306,875,000","7,001,875,000",17.289,17.650,17.567
266,EGT9980F1J14,24/04/2018,15/01/2019,"7,500,000,000","15,050,725,000","7,632,150,000",17.201,17.450,17.386
266,EGT998011J12,10/04/2018,01/01/2019,"7,500,000,000","9,038,950,000","8,510,950,000",16.500,17.479,17.210
266,EGT9980ICI12,27/03/2018,18/12/2018,"7,750,000,000","12,174,375,000","6,756,025,000",17.079,17.401,17.311
266,EGT99804CI10,13/03/2018,04/12/2018,"8,250,000,000","11,607,625,000","8,250,000,000",16.600,17.209,16.942
266,EGT9980KBI19,27/02/2018,20/11/2018,"8,500,000,000","8,823,475,000","6,129,475,000",16.610,17.110,17.035
266,EGT99806BI19,13/02/2018,06/11/2018,"8,250,000,000","11,944,250,000","7,927,200,000",16.001,16.828,16.639
266,EGT9980NAI17,30/01/2018,23/10/2018,"7,500,000,000","17,180,025,000","7,424,225,000",16.769,17.150,17.080
266,EGT99809AI17,16/01/2018,09/10/2018,"7,750,000,000","17,007,025,000","7,306,525,000",17.500,17.761,17.659
266,EGT9980P9I16,02/01/2018,25/09/2018,"7,500,000,000","11,981,225,000","7,500,000,000",18.439,18.850,18.754
266,EGT9980B9I16,19/12/2017,11/09/2018,"6,750,000,000","11,389,075,000","8,242,925,000",17.950,18.330,18.115
266,EGT9980S8I11,05/12/2017,28/08/2018,"8,250,000,000","10,538,750,000","8,250,000,000",17.801,18.900,18.746
266,EGT9980E8I11,21/11/2017,14/08/2018,"7,000,000,000","9,966,850,000","9,525,350,000",17.699,18.120,18.015
266,EGT9980V7I16,07/11/2017,31/07/2018,"7,000,000,000","8,247,550,000","7,000,000,000",17.500,17.780,17.714
266,EGT9980H7I15,24/10/2017,17/07/2018,"6,750,000,000","13,110,125,000","8,293,500,000",17.699,17.909,17.827
266,EGT998037I13,10/10/2017,03/07/2018,"7,000,000,000","18,910,925,000","8,726,925,000",17.801,18.439,18.324
266,EGT9980J6I12,26/09/2017,19/06/2018,"6,500,000,000","12,762,300,000","8,631,125,000",17.201,18.060,17.746
266,EGT998056I19,12/09/2017,05/06/2018,"6,750,000,000","22,579,400,000","9,456,075,000",18.400,18.770,18.661
266,EGT9980M5I17,29/08/2017,22/05/2018,"7,000,000,000","13,201,125,000","7,000,000,000",18.900,19.340,19.229
266,EGT998085I14,15/08/2017,08/05/2018,"8,000,000,000","10,917,700,000","8,976,000,000",17.401,19.200,19.004
266,EGT9980O4I14,01/08/2017,24/04/2018,"7,000,000,000","19,410,400,000","9,322,775,000",20.401,20.740,20.570
266,EGT9980A4I13,18/07/2017,10/04/2018,"6,750,000,000","18,652,550,000","8,745,400,000",21.401,21.899,21.775
266,EGT9980R3I18,04/07/2017,27/03/2018,"6,750,000,000","10,538,075,000","7,260,700,000",20.800,21.287,21.155
266,EGT9980D3I18,20/06/2017,13/03/2018,"6,000,000,000","8,481,975,000","6,000,000,000",20.149,20.430,20.350
266,EGT9980R2I19,06/06/2017,27/02/2018,"6,000,000,000","15,068,925,000","6,000,000,000",15.318,20.469,20.366
266,EGT9980D2I19,23/05/2017,13/02/2018,"6,000,000,000","15,754,350,000","8,186,500,000",18.999,19.741,19.709
266,EGT9980Y1I16,09/05/2017,30/01/2018,"6,000,000,000","7,849,575,000","6,595,575,000",19.079,19.300,19.249
266,EGT9980G1I13,25/04/2017,16/01/2018,"6,000,000,000","12,928,125,000","6,456,625,000",18.971,19.120,19.072
266,EGT998021I11,11/04/2017,02/01/2018,"6,250,000,000","11,172,100,000","7,034,100,000",18.999,19.250,19.196
266,EGT9980JCH12,28/03/2017,19/12/2017,"5,250,000,000","14,228,175,000","5,250,000,000",18.850,19.227,19.173
266,EGT99805CH10,14/03/2017,05/12/2017,"5,250,000,000","13,958,600,000","5,250,000,000",18.199,19.350,19.078
266,EGT9980LBH19,28/02/2017,21/11/2017,"5,250,000,000","20,554,100,000","5,250,000,000",16.500,19.798,19.742
266,EGT99807BH19,14/02/2017,07/11/2017,"5,250,000,000","13,727,650,000","5,650,450,000",16.690,17.150,16.993
266,EGT9980OAH17,31/01/2017,24/10/2017,"5,250,000,000","18,425,850,000","5,250,000,000",19.787,19.980,19.912
266,EGT9980AAH13,17/01/2017,10/10/2017,"5,500,000,000","11,104,900,000","5,500,000,000",19.250,20.240,20.191
266,EGT9980Q9H15,03/01/2017,26/09/2017,"4,750,000,000","7,092,625,000","4,750,000,000",19.200,19.998,19.924
266,EGT9980C9H15,20/12/2016,12/09/2017,"3,000,000,000","6,028,050,000","3,000,000,000",18.900,19.170,19.103
266,EGT9980T8H10,06/12/2016,29/08/2017,"3,000,000,000","6,366,025,000","3,000,000,000",17.901,18.660,18.602
266,EGT9980F8H19,22/11/2016,15/08/2017,"3,500,000,000","8,482,600,000","3,500,000,000",17.249,17.801,17.610
266,EGT9980I7H14,25/10/2016,18/07/2017,"5,500,000,000","6,648,550,000","5,267,550,000",16.400,16.600,16.545
266,EGT998047H12,11/10/2016,04/07/2017,"5,500,000,000","6,878,875,000","5,500,000,000",16.251,16.430,16.415
266,EGT9980K6H11,27/09/2016,20/06/2017,"5,500,000,000","9,133,650,000","5,500,000,000",16.251,16.430,16.394
266,EGT998066H18,13/09/2016,06/06/2017,"5,500,000,000","5,343,375,000","2,182,375,000",16.001,16.490,16.470
266,EGT9980N5H16,30/08/2016,23/05/2017,"5,500,000,000","8,442,825,000","5,500,000,000",15.900,16.160,16.128
266,EGT998095H13,16/08/2016,09/05/2017,"5,500,000,000","9,771,250,000","5,500,000,000",15.499,15.931,15.889
266,EGT9980P4H12,02/08/2016,25/04/2017,"5,000,000,000","18,213,750,000","5,000,000,000",15.499,15.700,15.653
266,EGT9980B4H12,19/07/2016,11/04/2017,"5,000,000,000","8,934,425,000","5,000,000,000",15.120,15.610,15.570
266,EGT9980S3H17,05/07/2016,28/03/2017,"5,000,000,000","7,978,950,000","5,000,000,000",14.900,15.180,15.115
266,EGT9980E3H17,21/06/2016,14/03/2017,"5,000,000,000","9,561,375,000","5,000,000,000",14.100,15.152,15.118
266,EGT9980S2H18,07/06/2016,28/02/2017,"5,000,000,000","11,418,000,000","5,000,000,000",13.900,14.060,14.033
266,EGT9980E2H18,24/05/2016,14/02/2017,"5,000,000,000","9,723,975,000","5,000,000,000",14.070,14.140,14.125
266,EGT9980V1H13,10/05/2016,31/01/2017,"5,000,000,000","9,551,500,000","5,000,000,000",13.800,13.990,13.959
266,EGT998031H10,12/04/2016,01/03/2017,"5,000,000,000","10,127,700,000","5,000,000,000",13.740,13.900,13.856
266,EGT9980BAG13,19/01/2016,11/10/2016,"4,500,000,000","11,481,725,000","4,500,000,000",11.950,12.080,12.066
266,EGT9980F9F10,23/12/2014,15/09/2015,"3,500,000,000","6,056,075,000","3,500,000,000",11.5,11.789,11.732
266,EGT998019F18,09/12/2014,01/09/2015,"3,500,000,000","8,060,200,000","3,500,000,000",11.701,11.811,11.777
266,EGT9980I8F15,25/11/2014,18/08/2015,"3,500,000,000","8,340,675,000","3,500,000,000",11.87,11.95,11.923
266,EGT998048F13,11/11/2014,04/08/2015,"3,500,000,000","7,289,175,000","3,500,000,000",11.9,12.12,12.067
266,EGT9980L7F10,28/10/2014,21/07/2015,"3,500,000,000","7,884,600,000","3,500,000,000",12.12,12.19,12.169
266,EGT998077F17,14/10/2014,07/07/2015,"3,500,000,000","5,922,025,000","3,500,000,000",12.171,12.275,12.262
266,EGT9980N6F17,30/09/2014,23/06/2015,"3,500,000,000","8,083,775,000","3,500,000,000",12.2,12.29,12.27
266,EGT998096F14,16/09/2014,09/06/2015,"3,500,000,000","5,460,950,000","2,928,750,000",12.35,12.5,12.47
266,EGT9980Q5F11,02/09/2014,26/05/2015,"3,500,000,000","5,958,350,000","3,500,000,000",11.95,12.369,12.328
266,EGT9980C5F11,19/08/2014,12/05/2015,"3,000,000,000","8,400,250,000","3,000,000,000",11.751,11.921,11.889
266,EGT9980S4F18,05/08/2014,28/04/2015,"3,500,000,000","7,142,600,000","3,500,000,000",12.35,12.43,12.412
266,EGT9980E4F18,22/07/2014,14/04/2015,"3,000,000,000","3,866,400,000","3,000,000,000",11.1,12.449,12.246
266,EGT9980V3F13,08/07/2014,31/03/2015,"3,000,000,000","7,211,525,000","3,000,000,000",10.9,11.14,11.1
266,EGT9980A3F17,17/06/2014,10/03/2015,"3,500,000,000","5,364,575,000","3,500,000,000",10.799,10.97,10.922
266,EGT9980O2F19,03/06/2014,24/02/2015,"3,500,000,000","3,624,750,000","3,500,000,000",10.7,11.2,10.929
266,EGT9980A2F18,20/05/2014,10/02/2015,"3,500,000,000","6,496,050,000","3,500,000,000",10.7,10.82,10.787
266,EGT9980R1F13,06/05/2014,27/01/2015,"3,500,000,000","5,515,625,000","3,500,000,000",10.85,11.23,11.161
266,EGT9980D1F13,22/04/2014,13/01/2015,"3,500,000,000","4,561,100,000","2,873,600,000",10.7,10.82,10.769
266,EGT9980YCE16,08/04/2014,30/12/2014,"3,000,000,000","5,455,000,000","3,000,000,000",10.72,10.799,10.777
266,EGT9980GCE18,25/03/2014,16/12/2014,"3,500,000,000","6,268,375,000","3,500,000,000",10.64,10.7,10.682
266,EGT99802CE16,11/03/2014,02/12/2014,"3,500,000,000","9,456,150,000","3,500,000,000",10.75,10.799,10.78
266,EGT9980IBE17,25/02/2014,18/11/2014,"3,000,000,000","6,647,000,000","3,000,000,000",10.6,10.68,10.651
266,EGT99804BE15,11/02/2014,04/11/2014,"3,000,000,000","8,460,800,000","3,000,000,000",10.64,10.731,10.709
266,EGT9980LAE13,28/01/2014,21/10/2014,"3,000,000,000","7,538,975,000","3,000,000,000",10.799,10.89,10.858
266,EGT99807AE13,14/01/2014,07/10/2014,"3,500,000,000","9,983,825,000","3,500,000,000",10.7,10.865,10.821
266,EGT9980G9E19,24/12/2013,16/09/2014,"3,500,000,000","6,450,850,000","3,500,000,000",10.799,11.219,11.149
266,EGT998029E17,10/12/2013,02/09/2014,"3,500,000,000","10,519,075,000","3,500,000,000",10.6,10.86,10.79
266,EGT9980J8E14,26/11/2013,19/08/2014,"3,500,000,000","9,076,025,000","3,500,000,000",11.19,11.249,11.236
266,EGT998058E11,12/11/2013,05/08/2014,"3,500,000,000","6,636,725,000","3,500,000,000",11.15,11.23,11.211
266,EGT9980M7E19,29/10/2013,22/07/2014,"3,500,000,000","7,710,550,000","3,500,000,000",11.079,11.171,11.131
266,EGT998087E16,15/10/2013,08/07/2014,"3,500,000,000","6,346,150,000","3,500,000,000",10.001,10.99,10.907
266,EGT9980O6E16,01/10/2013,24/06/2014,"3,500,000,000","9,612,675,000","3,500,000,000",11.24,11.43,11.382
266,EGT9980A6E15,17/09/2013,10/06/2014,"4,000,000,000","9,648,925,000","4,000,000,000",10.689,10.89,10.83
266,EGT9980R5E10,03/09/2013,27/05/2014,"4,000,000,000","7,304,350,000","4,000,000,000",12.471,12.59,12.547
266,EGT9980D5E10,20/08/2013,13/05/2014,"3,500,000,000","5,848,450,000","3,500,000,000",12.2,12.631,12.413
266,EGT9980T4E17,06/08/2013,29/04/2014,"3,500,000,000","9,502,450,000","3,500,000,000",12.25,12.88,12.753
266,EGT9980F4E16,23/07/2013,15/04/2014,"3,500,000,000","8,375,200,000","3,500,000,000",13.5,13.84,13.769
266,EGT998014E14,09/07/2013,01/04/2014,"4,000,000,000","6,018,200,000","4,000,000,000",14,14.6,14.44
266,EGT9980I3E11,25/06/2013,18/03/2014,"3,000,000,000","3,183,200,000","1,366,450,000",14.6,15,14.883
266,EGT998043E19,11/06/2013,04/03/2014,"3,000,000,000","4,010,625,000","2,500,000,000",14.5,14.888,14.719
266,EGT9980I2E12,28/05/2013,18/02/2014,"3,000,000,000","6,471,825,000","3,000,000,000",14.401,14.849,14.693
266,EGT998042E10,14/05/2013,04/02/2014,"3,000,000,000","7,451,850,000","3,000,000,000",14,14.76,14.703
266,EGT9980L1E17,30/04/2013,21/01/2014,"3,000,000,000","4,813,625,000","3,000,000,000",13.549,13.83,13.743
266,EGT998071E14,16/04/2013,07/01/2014,"3,000,000,000","10,433,200,000","3,000,000,000",14.401,14.679,14.639
266,EGT9980OCD19,02/04/2013,24/12/2013,"4,000,000,000","7,622,925,000","4,000,000,000",13.93,14.498,14.391
266,EGT9980ACD15,19/03/2013,10/12/2013,"4,000,000,000","11,613,950,000","4,000,000,000",13.401,13.5,13.478
266,EGT9980CBD14,19/02/2013,12/11/2013,"4,000,000,000","11,400,175,000","4,000,000,000",13.8,13.89,13.841
266,EGT9980TAD16,05/02/2013,29/10/2013,"3,500,000,000","9,708,575,000","3,500,000,000",13.78,14.015,13.972
266,EGT9980FAD12,22/01/2013,15/10/2013,"3,500,000,000","9,068,775,000","3,500,000,000",13.5,13.78,13.692
266,EGT99801AD10,08/01/2013,01/10/2013,"4,000,000,000","5,679,775,000","4,000,000,000",14,14.7,14.429
266,EGT9980H9D18,25/12/2012,17/09/2013,"3,500,000,000","4,097,775,000","2,395,275,000",13.201,13.549,13.482
266,EGT998039D16,11/12/2012,03/09/2013,"3,500,000,000","8,068,425,000","3,500,000,000",13.401,13.7,13.667
266,EGT9980K8D13,27/11/2012,20/08/2013,"3,500,000,000","4,052,550,000","3,500,000,000",12.75,13.589,13.19
266,EGT998068D10,13/11/2012,06/08/2013,"3,500,000,000","9,914,300,000","3,500,000,000",12.9,12.99,12.953
266,EGT9980N7D18,30/10/2012,23/07/2013,"3,500,000,000","6,373,600,000","2,177,750,000",12.9,13.14,13.09
266,EGT998097D15,16/10/2012,09/07/2013,"3,000,000,000","6,924,200,000","3,000,000,000",13.209,13.49,13.451
266,EGT9980P6D14,02/10/2012,25/06/2013,"3,500,000,000","4,595,450,000","2,000,000,000",12.6,13.641,13.547
266,EGT9980I6D19,25/09/2012,18/06/2013,"3,500,000,000","10,398,200,000","3,500,000,000",12.5,13.41,13.354
266,EGT998046D17,11/09/2012,04/06/2013,"3,500,000,000","12,548,150,000","3,500,000,000",15.401,15.508,15.486
266,EGT9980L5D14,28/08/2012,21/05/2013,"3,500,000,000","7,292,900,000","3,000,000,000",15.6,15.879,15.863
266,EGT9980N4D11,31/07/2012,23/04/2013,"3,500,000,000","6,757,375,000","3,500,000,000",15.6,15.688,15.652
266,EGT998094D18,17/07/2012,09/04/2013,"3,500,000,000","7,713,200,000","3,500,000,000",15.499,15.721,15.696
266,EGT9980C3D15,19/06/2012,12/03/2013,"3,000,000,000","3,989,600,000","1,500,000,000",15.7,15.949,15.905
266,EGT9980Q2D16,05/06/2012,26/02/2013,"2,000,000,000","2,837,000,000","1,500,000,000",15.739,15.86,15.825
266,EGT9980C2D16,22/05/2012,12/02/2013,"3,500,000,000","7,757,875,000","4,000,000,000",15.809,15.884,15.863
266,EGT9980M1D16,01/05/2012,22/01/2013,"3,500,000,000","4,154,525,000","2,000,000,000",15.401,15.659,15.616
266,EGT998081315,17/04/2012,08/01/2013,"3,000,000,000","9,053,850,000","4,000,000,000",15.491,15.545,15.529
266,EGT9980ICC18,27/03/2012,18/12/2012,"3,500,000,000","8,352,650,000","3,500,000,000",15.499,15.7,15.662
266,EGT99804CC16,13/03/2012,04/12/2012,"3,500,000,000","7,559,725,000","4,500,000,000",15.75,15.86,15.841
266,EGT9980KBC15,28/02/2012,20/11/2012,"3,500,000,000","7,074,025,000","3,500,000,000",15.801,15.929,15.912
266,EGT99806BC15,14/02/2012,06/11/2012,"3,500,000,000","6,213,350,000","3,500,000,000",15.499,15.949,15.923
266,EGT9980GAC12,24/01/2012,16/10/2012,"3,500,000,000","4,044,900,000","1,000,000,000",15.6,15.85,15.802
266,EGT99802AC10,10/01/2012,02/10/2012,"3,500,000,000","4,902,225,000","2,882,125,000",15.25,15.481,15.386
266,EGT9980I9C17,27/12/2011,18/09/2012,"3,500,000,000","3,634,125,000","1,000,000,000",14.9,15.301,15.26
266,EGT998049C15,13/12/2011,04/09/2012,"3,500,000,000","6,140,750,000","3,500,000,000",15,15.219,15.144
266,EGT9980E8C17,22/11/2011,14/08/2012,"3,500,000,000","5,086,950,000","2,000,000,000",14.3,14.78,14.705
266,EGT9980V7C12,08/11/2011,31/07/2012,"3,500,000,000","3,971,650,000","3,500,000,000",13.8,14.07,13.931
266,EGT9980H7C11,25/10/2011,17/07/2012,"3,500,000,000","5,059,500,000","3,500,000,000",13.549,13.8,13.725
266,EGT9980A7C16,11/10/2011,03/07/2012,"3,500,000,000","9,445,200,000","3,500,000,000",13.589,13.675,13.636
266,EGT9980J6C18,27/09/2011,19/06/2012,"3,500,000,000","8,003,975,000","3,500,000,000",13.5,13.88,13.83
266,EGT9980M5C13,30/08/2011,22/05/2012,"3,500,000,000","4,345,850,000","2,000,000,000",12.9,12.99,12.981
266,EGT998015C15,09/08/2011,01/05/2012,"3,500,000,000","5,501,100,000","3,500,000,000",12.88,12.99,12.943
266,EGT998034C12,12/07/2011,03/04/2012,"3,500,000,000","6,373,175,000","3,500,000,000",12.69,12.86,12.816
266,EGT9980K3C19,28/06/2011,20/03/2012,"3,500,000,000","3,493,825,000","750,000,000",12.85,12.998,12.981
266,EGT9980S2C13,07/06/2011,28/02/2012,"3,500,000,000","5,193,950,000","3,000,000,000",12.819,12.931,12.866
266,EGT9980V1C18,10/05/2011,31/01/2012,"3,500,000,000","5,255,275,000","3,500,000,000",12.6,12.9,12.762
266,EGT998031C15,12/04/2011,03/01/2012,"3,500,000,000","4,543,600,000","3,500,000,000",12.101,12.41,12.228
266,EGT9980KCB15,29/03/2011,20/12/2011,"3,500,000,000","5,783,875,000","3,500,000,000",12,12.28,12.196
266,EGT9980TBB17,08/03/2011,29/11/2011,"3,500,000,000","4,205,200,000","2,000,000,000",12,12.6,12.473
266,EGT99808BB14,15/02/2011,08/11/2011,"3,500,000,000","6,661,200,000","3,500,000,000",10.999,12.27,11.676
266,EGT99804AB19,11/01/2011,04/10/2011,"3,000,000,000","9,713,450,000","3,000,000,000",10.37,10.5,10.457
266,EGT998028B11,09/11/2010,02/08/2011,"3,000,000,000","7,861,875,000","3,000,000,000",10.04,10.17,10.114
266,EGT9980Q7B13,02/11/2010,26/07/2011,"3,000,000,000","7,072,900,000","1,500,000,000",10.251,10.4,10.373
266,EGT998057B15,12/10/2010,05/07/2011,"3,000,000,000","10,213,300,000","3,000,000,000",9.61,9.885,9.827
266,EGT9980V5B15,07/09/2010,31/05/2011,"3,000,000,000","5,761,750,000","3,000,000,000",10.274,10.36,10.33
266,EGT998035B12,10/08/2010,03/05/2011,"3,000,000,000","9,057,325,000","3,000,000,000",9.851,9.975,9.948
266,EGT998054B18,13/07/2010,05/04/2011,"3,000,000,000","5,766,750,000","3,000,000,000",10.689,10.771,10.74
266,EGT9980M3B16,29/06/2010,22/03/2011,"3,000,000,000","6,205,000,000","3,000,000,000",10.7,10.79,10.761
266,EGT998013B18,08/06/2010,01/03/2011,"2,000,000,000","4,071,200,000","2,000,000,000",10.7,10.9,10.85
266,EGT9980P1B11,04/05/2010,25/01/2011,"3,000,000,000","5,541,450,000","3,000,000,000",10.251,10.451,10.413
266,EGT998041B14,13/04/2010,04/01/2011,"3,000,000,000","7,284,225,000","3,000,000,000",10.05,10.19,10.141
266,EGT9980YBA11,09/03/2010,30/11/2010,"2,000,000,000","4,741,525,000","2,000,000,000",10.001,10.42,10.324
266,EGT9980KBA17,09/02/2010,02/11/2010,"2,000,000,000","11,430,475,000","2,000,000,000",10.82,10.89,10.871
266,EGT99805AA19,12/01/2010,05/10/2010,"2,000,000,000","7,421,500,000","2,000,000,000",11.401,11.591,11.547
266,EGT9980E9A18,22/12/2009,14/09/2010,"3,000,000,000","5,064,125,000","3,000,000,000",11.1,11.41,11.362
266,EGT9980V8A13,08/12/2009,31/08/2010,"3,000,000,000","4,268,725,000","1,025,000,000",10.999,11.441,11.255
266,EGT9980H8A12,24/11/2009,17/08/2010,"3,000,000,000","3,680,000,000","3,000,000,000",10.57,10.97,10.81
266,EGT998038A10,10/11/2009,03/08/2010,"3,000,000,000","4,638,000,000","3,000,000,000",10.11,10.27,10.219
273,EGT9980I5R14,18/08/2026,18/05/2027,"70,000,000,000","193,990,150,000","102,320,950,000",25.391,25.63,25.563
273,EGT9980B5R19,11/08/2026,11/05/2027,"70,000,000,000","201,530,575,000","90,000,000,000",25.501,25.949,25.913
273,EGT998045R12,04/08/2026,04/05/2027,"70,000,000,000","153,662,175,000","84,938,250,000",25,26.1,26.046
273,EGT9980R4R16,28/07/2026,27/04/2027,"70,000,000,000","129,321,475,000","87,978,475,000",24.949,26.001,25.937
273,EGT9980K4R11,21/07/2026,20/04/2027,"70,000,000,000","113,966,925,000","65,373,925,000",25.501,25.89,25.818
273,EGT9980D4R16,14/07/2026,13/04/2027,"70,000,000,000","130,565,475,000","83,941,475,000",24.9,25.651,25.467
273,EGT998064R18,07/07/2026,06/04/2027,"60,000,000,000","140,606,450,000","101,842,650,000",23,25.251,25.162
273,EGT9980Y3R13,30/06/2026,30/03/2027,"45,000,000,000","67,174,725,000","32,816,875,000",24.399,25.251,25.097
273,EGT9980N3R16,23/06/2026,23/03/2027,"45,000,000,000","155,239,275,000","69,449,500,000",24.3,24.949,24.782
273,EGT9980G3R10,16/06/2026,16/03/2027,"45,000,000,000","212,803,525,000","101,601,950,000",24.75,25.349,25.196
273,EGT998093R13,09/06/2026,09/03/2027,"40,000,000,000","86,391,525,000","53,551,525,000",24.9,25.749,25.657
273,EGT998023R18,02/06/2026,02/03/2027,"45,000,000,000","83,827,750,000","27,622,400,000",25.34,25.599,25.579
273,EGT9980N2R17,26/05/2026,23/02/2027,"50,000,000,000","81,768,350,000","52,103,050,000",24.6,25.599,25.445
273,EGT9980G2R11,19/05/2026,16/02/2027,"40,000,000,000","71,235,025,000","41,970,025,000",24.69,25.501,25.285
273,EGT998092R14,12/05/2026,09/02/2027,"35,000,000,000","90,630,825,000","35,641,050,000",23.9,25.151,25.048
273,EGT998022R19,05/05/2026,02/02/2027,"50,000,000,000","68,924,775,000","27,441,775,000",24.101,25.349,25.153
273,EGT9980Q1R11,28/04/2026,26/01/2027,"40,000,000,000","66,977,200,000","25,788,200,000",23,24.669,24.525
273,EGT9980J1R16,21/04/2026,19/01/2027,"40,000,000,000","127,144,825,000","33,731,475,000",23.4,24.09,23.948
273,EGT9980C1R11,14/04/2026,12/01/2027,"50,000,000,000","167,767,625,000","60,898,025,000",24.5,25.04,24.983
273,EGT998051R13,07/04/2026,05/01/2027,"50,000,000,000","94,791,500,000","49,305,500,000",25.000,25.850,25.808
273,EGT9980TCQ19,31/03/2026,29/12/2026,"45,000,000,000","53,307,025,000","35,391,025,000",25,25.651,25.535
273,EGT9980MCQ16,24/03/2026,22/12/2026,"50,000,000,000","63,329,775,000","43,069,775,000",24.639,25,24.879
273,EGT9980FCQ15,17/03/2026,15/12/2026,"45,000,000,000","82,591,575,000","60,590,575,000",23.9,24.5,24.269
273,EGT99808CQ16,10/03/2026,08/12/2026,"50,000,000,000","75,788,725,000","39,246,875,000",23.500,23.930,23.725
273,EGT99801CQ13,03/03/2026,01/12/2026,"45,000,000,000","37,738,400,000","7,035,400,000",23.07,23.6,23.25
273,EGT9980OBQ15,24/02/2026,24/11/2026,"50,000,000,000","91,226,125,000","56,450,125,000",23.000,23.201,23.099
273,EGT9980HBQ14,17/02/2026,17/11/2026,"45,000,000,000","127,214,350,000","48,005,050,000",22.899,23.149,23.022
273,EGT9980ABQ11,10/02/2026,10/11/2026,"50,000,000,000","132,461,375,000","63,709,200,000",23.490,23.700,23.685
273,EGT99803BQ12,03/02/2026,03/11/2026,"45,000,000,000","113,340,100,000","60,311,025,000",23.7,24.03,23.928
273,EGT9980RAQ13,27/01/2026,27/10/2026,"50,000,000,000","155,382,525,000","62,741,125,000",24,24.381,24.357
273,EGT9980KAQ10,20/01/2026,20/10/2026,"45,000,000,000","110,347,500,000","57,952,750,000",24.399,24.699,24.645
273,EGT9980DAQ19,13/01/2026,13/10/2026,"50,000,000,000","132,806,550,000","75,460,325,000",23.9,24.819,24.775
273,EGT99806AQ10,06/01/2026,06/10/2026,"45,000,000,000","132,648,700,000","91,770,575,000",24.69,24.96,24.894
273,EGT9980T9Q18,30/12/2025,29/09/2026,"40,000,000,000","147,919,250,000","81,792,275,000",24.849,25.1,24.99
273,EGT9980M9Q13,23/12/2025,22/09/2026,"50,000,000,000","179,413,000,000","63,164,875,000",25.321,25.599,25.512
273,EGT9980F9Q17,16/12/2025,15/09/2026,"40,000,000,000","105,096,775,000","67,302,775,000",25,26.1,26.038
273,EGT998089Q10,09/12/2025,08/09/2026,"50,000,000,000","82,247,175,000","32,268,175,000",25.999,26.119,26.086
273,EGT998019Q15,02/12/2025,01/09/2026,"40,000,000,000","64,438,400,000","20,728,750,000",25,26.079,26.042
273,EGT9980P8Q17,25/11/2025,25/08/2026,"40,000,000,000","57,724,375,000","15,916,875,000",25.925,26.079,26.032
273,EGT9980I8Q12,18/11/2025,18/08/2026,"40,000,000,000","78,851,625,000","41,525,925,000",25.881,26.079,26.031
273,EGT9980B8Q17,11/11/2025,11/08/2026,"40,000,000,000","87,744,225,000","42,474,925,000",25.98,26.131,26.086
273,EGT998048Q10,04/11/2025,04/08/2026,"35,000,000,000","80,059,700,000","39,237,825,000",26.041,26.199,26.168
273,EGT9980S7Q12,28/10/2025,28/07/2026,"45,000,000,000","92,707,600,000","45,064,350,000",24.900,26.249,26.190
273,EGT9980L7Q17,21/10/2025,21/07/2026,"48,000,000,000","88,265,800,000","54,793,800,000",25.000,26.199,26.110
273,EGT9980E7Q12,14/10/2025,14/07/2026,"45,000,000,000","103,054,200,000","53,610,950,000",25.651,26.1,25.999
273,EGT998077Q14,07/10/2025,07/07/2026,"48,000,000,000","137,891,500,000","59,383,300,000",25.679,25.989,25.903
273,EGT9980Y6Q11,30/09/2025,30/06/2026,"35,000,000,000","53,464,200,000","33,746,200,000",25.501,26.6,26.505
273,EGT9980N6Q14,23/09/2025,23/06/2026,"40,000,000,000","64,165,200,000","23,947,100,000",26.001,26.401,26.304
273,EGT9980G6Q18,16/09/2025,16/06/2026,"35,000,000,000","93,829,950,000","57,065,950,000",25.9,26.249,26.158
273,EGT998096Q11,09/09/2025,09/06/2026,"40,000,000,000","100,855,925,000","66,462,925,000",25.9,26.249,26.15
273,EGT998026Q16,02/09/2025,02/06/2026,"35,000,000,000","91,193,100,000","35,560,850,000",25.789,26.46,26.304
273,EGT9980Q5Q18,26/08/2025,26/05/2026,"40,000,000,000","157,258,675,000","81,399,925,000",26.45,26.829,26.689
273,EGT9980J5Q13,19/08/2025,19/05/2026,"35,000,000,000","129,835,900,000","51,520,775,000",27.001,27.489,27.4
273,EGT9980C5Q18,12/08/2025,12/05/2026,"40,000,000,000","104,158,825,000","40,000,000,000",27.441,28,27.897
273,EGT998055Q10,05/08/2025,05/05/2026,"35,000,000,000","61,034,150,000","24,081,150,000",27.501,28.051,27.957
273,EGT9980S4Q15,29/07/2025,28/04/2026,"40,000,000,000","76,367,500,000","41,348,500,000",27.400,27.801,27.609
273,EGT9980L4Q10,22/07/2025,21/04/2026,"35,000,000,000","76,271,625,000","36,525,225,000",27.250,27.549,27.442
273,EGT9980E4Q15,15/07/2025,14/04/2026,"40,000,000,000","52,544,025,000","12,795,025,000",26.741,27.270,27.014
273,EGT998074Q17,08/07/2025,07/04/2026,"35,000,000,000","50,449,300,000","4,606,300,000",26.500,27.001,26.758
273,EGT9980V3Q10,01/07/2025,31/03/2026,"40,000,000,000","99,630,175,000","51,174,475,000",25.501,26.750,26.534
273,EGT9980O3Q15,24/06/2025,24/03/2026,"45,000,000,000","52,943,200,000","2,469,375,000",26.800,27.289,27.184
273,EGT9980H3Q19,17/06/2025,17/03/2026,"40,000,000,000","44,446,125,000","1,349,875,000",26.800,27.099,27.021
273,EGT9980A3Q14,10/06/2025,10/03/2026,"45,000,000,000","54,382,275,000","7,062,275,000",25.721,26.951,26.741
273,EGT998033Q17,03/06/2025,03/03/2026,"10,000,000,000","37,314,900,000","10,104,175,000",26.001,26.741,26.678
273,EGT9980O2Q16,27/05/2025,24/02/2026,"45,000,000,000","56,673,850,000","10,710,850,000",26.221,26.750,26.587
273,EGT9980H2Q10,20/05/2025,17/02/2026,"40,000,000,000","64,392,150,000","26,386,225,000",26.370,26.800,26.639
273,EGT9980A2Q15,13/05/2025,10/02/2026,"45,000,000,000","57,955,975,000","3,612,975,000",26.600,26.700,26.639
273,EGT998032Q18,06/05/2025,03/02/2026,"40,000,000,000","45,556,475,000","16,552,475,000",25.801,26.600,26.363
273,EGT9980R1Q10,29/04/2025,27/01/2026,"35,000,000,000","50,009,575,000","18,415,575,000",25.151,26.001,25.790
273,EGT9980K1Q15,22/04/2025,20/01/2026,"40,000,000,000","64,079,925,000","28,416,925,000",26.001,26.249,26.189
273,EGT9980D1Q10,15/04/2025,13/01/2026,"10,000,000,000","32,254,575,000","15,089,575,000",26.140,26.249,26.226
273,EGT998061Q12,08/04/2025,06/01/2026,"35,000,000,000","38,646,175,000","3,344,175,000",26.091,26.301,26.213
273,EGT9980YCP13,01/04/2025,30/12/2025,"30,000,000,000","56,429,575,000","8,169,575,000",25.921,26.140,26.026
273,EGT9980NCP16,25/03/2025,23/12/2025,"45,000,000,000","94,507,075,000","59,317,075,000",24.801,25.949,25.613
273,EGT9980GCP15,18/03/2025,16/12/2025,"50,000,000,000","184,785,325,000","76,492,450,000",25.100,26.001,25.788
273,EGT99809CP16,11/03/2025,09/12/2025,"40,000,000,000","82,554,625,000","24,044,600,000",26.939,27.250,27.080
273,EGT99802CP13,04/03/2025,02/12/2025,"45,000,000,000","71,410,850,000","7,828,350,000",26.650,26.960,26.839
273,EGT9980PBP15,25/02/2025,25/11/2025,"35,000,000,000","60,439,550,000","7,431,725,000",26.441,26.650,26.532
273,EGT9980IBP14,18/02/2025,18/11/2025,"40,000,000,000","69,940,475,000","7,551,475,000",26.351,26.491,26.445
273,EGT9980BBP11,11/02/2025,11/11/2025,"35,000,000,000","61,662,450,000","1,416,250,000",26.199,26.401,26.360
273,EGT99804BP12,04/02/2025,04/11/2025,"40,000,000,000","106,437,525,000","7,842,525,000",26.100,26.289,26.183
273,EGT9980SAP13,28/01/2025,28/10/2025,"35,000,000,000","103,093,250,000","13,871,500,000",25.900,26.190,26.107
273,EGT9980LAP10,21/01/2025,21/10/2025,"40,000,000,000","158,286,325,000","60,967,150,000",25.501,26.199,26.056
273,EGT9980EAP19,14/01/2025,14/10/2025,"35,000,000,000","177,490,650,000","35,392,500,000",26.199,26.789,26.680
273,EGT99807AP10,07/01/2025,07/10/2025,"40,000,000,000","123,419,550,000","40,174,550,000",26.230,27.450,27.048
273,EGT9980Y9P19,31/12/2024,30/09/2025,"30,000,000,000","181,473,250,000","54,985,925,000",25.989,27.651,27.614
273,EGT9980N9P12,24/12/2024,23/09/2025,"30,000,000,000","70,432,700,000","30,897,675,000",28.800,28.990,28.926
273,EGT9980G9P16,17/12/2024,16/09/2025,"25,000,000,000","55,110,500,000","15,477,500,000",28.400,28.999,28.905
273,EGT998099P19,10/12/2024,09/09/2025,"30,000,000,000","48,831,000,000","4,412,350,000",28.300,28.800,28.761
273,EGT998029P14,03/12/2024,02/09/2025,"25,000,000,000","33,653,100,000","2,888,400,000",28.500,28.750,28.544
273,EGT9980Q8P16,26/11/2024,26/08/2025,"27,000,000,000","31,915,850,000","3,107,350,000",27.994,28.500,28.359
273,EGT9980J8P11,19/11/2024,19/08/2025,"27,000,000,000","33,155,175,000","4,671,675,000",27.980,28.000,27.990
273,EGT9980C8P16,12/11/2024,12/08/2025,"20,000,000,000","25,001,675,000","748,675,000",27.949,28.000,27.995
273,EGT998058P18,05/11/2024,05/08/2025,"25,000,000,000","34,715,425,000","5,672,425,000",27.949,28.000,27.982
273,EGT9980T7P11,29/10/2024,29/07/2025,"20,000,000,000","26,913,900,000","2,027,350,000",28.000,28.000,28.000
273,EGT9980M7P16,22/10/2024,22/07/2025,"20,000,000,000","28,059,375,000","6,866,375,000",27.400,28.000,27.945
273,EGT9980F7P10,15/10/2024,15/07/2025,"20,000,000,000","22,529,850,000","1,336,850,000",26.951,27.501,27.205
273,EGT998087P13,08/10/2024,08/07/2025,"20,000,000,000","29,345,625,000","3,582,625,000",26.330,26.980,26.940
273,EGT998017P18,01/10/2024,01/07/2025,"20,000,000,000","31,116,825,000","5,153,825,000",26.199,26.980,26.335
273,EGT9980O6P13,24/09/2024,24/06/2025,"20,000,000,000","31,045,625,000","1,832,625,000",26.351,26.980,26.913
273,EGT9980H6P17,17/09/2024,17/06/2025,"25,000,000,000","33,227,325,000","208,950,000",26.951,26.980,26.966
273,EGT9980A6P12,10/09/2024,10/06/2025,"20,000,000,000","29,364,450,000","1,226,450,000",26.980,26.980,26.980
273,EGT998036P15,03/09/2024,03/06/2025,"25,000,000,000","32,927,825,000","1,542,550,000",26.800,26.980,26.955
273,EGT9980R5P17,27/08/2024,27/05/2025,"20,000,000,000","27,654,350,000","1,006,350,000",26.980,26.980,26.980
273,EGT9980K5P12,20/08/2024,20/05/2025,"25,000,000,000","40,825,650,000","1,252,650,000",26.841,26.980,26.961
273,EGT9980D5P17,13/08/2024,13/05/2025,"20,000,000,000","38,370,225,000","1,121,675,000",26.841,26.980,26.903
273,EGT998065P19,06/08/2024,06/05/2025,"25,000,000,000","28,363,250,000","465,000,000",26.700,26.980,26.958
273,EGT9980T4P14,30/07/2024,29/04/2025,"20,000,000,000","32,274,150,000","2,056,150,000",26.600,26.700,26.699
273,EGT9980M4P19,23/07/2024,22/04/2025,"25,000,000,000","38,372,025,000","6,854,025,000",26.600,26.700,26.673
273,EGT9980F4P13,16/07/2024,15/04/2025,"20,000,000,000","32,446,975,000","3,518,975,000",26.429,26.650,26.615
273,EGT998084P16,09/07/2024,08/04/2025,"25,000,000,000","34,791,250,000","3,103,750,000",26.251,26.500,26.494
273,EGT998014P11,02/07/2024,01/04/2025,"20,000,000,000","35,839,400,000","4,219,400,000",25.989,26.001,25.999
273,EGT9980P3P13,25/06/2024,25/03/2025,"25,000,000,000","13,111,275,000","5,791,275,000",25.501,26.001,25.923
273,EGT9980I3P18,18/06/2024,18/03/2025,"20,000,000,000","7,777,300,000","4,362,300,000",25.749,26.001,25.956
273,EGT9980B3P13,11/06/2024,11/03/2025,"25,000,000,000","10,958,275,000","6,200,275,000",25.890,26.001,25.993
273,EGT998043P16,04/06/2024,04/03/2025,"20,000,000,000","11,405,525,000","7,620,525,000",25.850,26.001,25.965
273,EGT9980P2P14,28/05/2024,25/02/2025,"30,000,000,000","16,916,125,000","9,451,125,000",25.801,26.001,25.958
273,EGT9980I2P19,21/05/2024,18/02/2025,"25,000,000,000","22,785,825,000","16,790,825,000",25.000,26.001,25.989
273,EGT9980B2P14,14/05/2024,11/02/2025,"30,000,000,000","25,689,200,000","19,257,000,000",25.949,26.001,25.965
273,EGT998042P17,07/05/2024,04/02/2025,"25,000,000,000","24,324,625,000","9,009,725,000",25.000,26.001,25.991
273,EGT9980S1P19,30/04/2024,28/01/2025,"30,000,000,000","19,220,125,000","4,485,125,000",25.700,26.001,25.988
273,EGT9980L1P14,23/04/2024,21/01/2025,"25,000,000,000","15,346,375,000","2,356,375,000",25.749,26.001,25.978
273,EGT9980E1P19,16/04/2024,14/01/2025,"30,000,000,000","26,510,225,000","4,395,225,000",25.700,26.001,25.965
273,EGT998071P11,09/04/2024,07/01/2025,"25,000,000,000","8,066,850,000","381,725,000",24.500,26.001,25.701
273,EGT9980VCO17,02/04/2024,31/12/2024,"30,000,000,000","44,991,150,000","31,485,400,000",24.000,26.001,25.685
273,EGT9980OCO16,26/03/2024,24/12/2024,"25,000,000,000","152,453,450,000","25,000,000,000",26.500,27.001,26.946
273,EGT9980HCO15,19/03/2024,17/12/2024,"25,000,000,000","348,051,875,000","95,912,175,000",28.000,29.249,29.039
273,EGT9980ACO12,12/03/2024,10/12/2024,"25,000,000,000","181,337,100,000","94,406,850,000",30.000,31.801,31.471
273,EGT99803CO13,05/03/2024,03/12/2024,"25,000,000,000","43,002,850,000","24,587,550,000",29.500,29.989,29.913
273,EGT9980QBO15,27/02/2024,26/11/2024,"27,000,000,000","36,411,475,000","27,464,225,000",28.200,29.699,29.555
273,EGT9980JBO14,20/02/2024,19/11/2024,"27,000,000,000","15,589,475,000","6,097,475,000",27.301,28.699,28.571
273,EGT9980CBO11,13/02/2024,12/11/2024,"27,000,000,000","10,477,250,000","941,250,000",27.301,28.300,28.054
273,EGT99805BO12,06/02/2024,05/11/2024,"27,000,000,000","6,334,275,000","102,275,000",27.301,27.900,27.480
273,EGT9980TAO13,30/01/2024,29/10/2024,"20,000,000,000","4,479,725,000","334,725,000",27.250,27.301,27.301
273,EGT9980MAO10,23/01/2024,22/10/2024,"20,000,000,000","10,074,550,000","1,096,550,000",27.001,27.301,27.289
273,EGT9980FAO19,16/01/2024,15/10/2024,"20,000,000,000","19,358,000,000","3,075,400,000",27.001,27.301,27.277
273,EGT99808AO10,09/01/2024,08/10/2024,"20,000,000,000","6,912,650,000","3,437,650,000",27.001,27.301,27.267
273,EGT99801AO17,02/01/2024,01/10/2024,"20,000,000,000","6,847,050,000","578,550,000",27.001,27.301,27.283
273,EGT9980O9O11,26/12/2023,24/09/2024,"25,000,000,000","5,771,125,000","1,122,825,000",21.001,27.301,27.217
273,EGT9980H9O15,19/12/2023,17/09/2024,"24,500,000,000","14,606,150,000","2,859,650,000",21.001,27.301,27.123
273,EGT9980A9O10,12/12/2023,10/09/2024,"25,000,000,000","19,061,850,000","648,725,000",21.001,27.150,27.038
273,EGT998039O13,05/12/2023,03/09/2024,"24,500,000,000","22,988,200,000","4,526,700,000",21.001,27.099,27.015
273,EGT9980R8O15,28/11/2023,27/08/2024,"25,000,000,000","36,905,975,000","1,173,600,000",26.001,26.800,26.781
273,EGT9980K8O10,21/11/2023,20/08/2024,"24,500,000,000","23,094,450,000","15,416,950,000",21.001,26.800,26.701
273,EGT9980D8O15,14/11/2023,13/08/2024,"25,000,000,000","15,086,525,000","208,950,000",21.001,26.550,26.099
273,EGT998068O17,07/11/2023,06/08/2024,"24,500,000,000","16,753,575,000","6,630,075,000",21.001,26.550,26.521
273,EGT9980Y7O12,31/10/2023,30/07/2024,"25,000,000,000","16,200,150,000","7,733,150,000",25.000,26.500,26.463
273,EGT9980N7O15,24/10/2023,23/07/2024,"24,500,000,000","23,005,025,000","13,241,525,000",26.249,26.401,26.377
273,EGT9980G7O19,17/10/2023,16/07/2024,"25,000,000,000","21,796,750,000","13,050,750,000",25.000,26.301,26.257
273,EGT998097O12,10/10/2023,09/07/2024,"24,500,000,000","20,259,425,000","13,697,925,000",25.949,26.199,26.124
273,EGT998027O17,03/10/2023,02/07/2024,"25,000,000,000","15,134,175,000","5,784,175,000",24.358,25.980,25.919
273,EGT9980P6O11,26/09/2023,25/06/2024,"17,500,000,000","16,360,825,000","47,825,000",25.251,25.501,25.387
273,EGT9980B6O11,12/09/2023,11/06/2024,"17,500,000,000","18,097,575,000","45,925,000",25.000,25.480,25.379
273,EGT998046O14,05/09/2023,04/06/2024,"17,000,000,000","13,441,425,000","7,659,925,000",24.849,25.480,25.428
273,EGT9980S5O16,29/08/2023,28/05/2024,"17,500,000,000","13,725,600,000","43,100,000",24.801,25.000,24.853
273,EGT9980L5O11,22/08/2023,21/05/2024,"17,000,000,000","18,322,875,000","3,671,700,000",24.000,24.900,24.853
273,EGT9980E5O16,15/08/2023,14/05/2024,"17,500,000,000","19,753,625,000","4,028,625,000",24.500,24.849,24.775
273,EGT9980Y4O15,01/08/2023,30/04/2024,"17,500,000,000","20,759,375,000","2,916,875,000",22.000,24.051,24.043
273,EGT9980N4O18,25/07/2023,23/04/2024,"17,000,000,000","16,199,525,000","1,606,325,000",24.000,24.051,24.043
273,EGT9980G4O12,18/07/2023,16/04/2024,"17,500,000,000","28,955,500,000","11,383,000,000",23.750,24.051,24.032
273,EGT998094O15,11/07/2023,09/04/2024,"17,000,000,000","25,407,025,000","9,165,725,000",23.750,23.820,23.815
273,EGT998024O10,04/07/2023,02/04/2024,"17,500,000,000","20,515,475,000","3,606,975,000",23.400,23.820,23.803
273,EGT9980Q3O12,27/06/2023,26/03/2024,"17,500,000,000","17,938,100,000","2,049,900,000",19.999,23.820,23.808
273,EGT9980J3O17,20/06/2023,19/03/2024,"17,000,000,000","18,694,825,000","1,062,225,000",23.000,23.820,23.813
273,EGT9980C3O12,13/06/2023,12/03/2024,"17,500,000,000","25,052,550,000","2,058,475,000",23.500,23.829,23.815
273,EGT998053O14,06/06/2023,05/03/2024,"17,000,000,000","16,693,525,000","290,325,000",22.501,23.850,23.830
273,EGT9980R2O11,30/05/2023,27/02/2024,"17,500,000,000","20,982,475,000","1,298,700,000",23.000,23.850,23.820
273,EGT9980K2O16,23/05/2023,20/02/2024,"17,000,000,000","24,733,850,000","7,253,500,000",20.199,23.820,23.752
273,EGT9980D2O11,16/05/2023,13/02/2024,"17,500,000,000","23,279,325,000","2,196,625,000",23.499,23.749,23.697
273,EGT998062O13,09/05/2023,06/02/2024,"17,000,000,000","28,565,325,000","6,682,325,000",23.000,23.700,23.668
273,EGT9980Y1O18,02/05/2023,30/01/2024,"17,500,000,000","26,033,675,000","2,682,175,000",18.001,23.600,23.590
273,EGT9980N1O11,25/04/2023,23/01/2024,"17,000,000,000","25,469,550,000","1,798,950,000",23.201,23.500,23.489
273,EGT9980G1O15,18/04/2023,16/01/2024,"17,500,000,000","32,621,600,000","4,152,175,000",21.680,23.500,23.479
273,EGT998091O18,11/04/2023,09/01/2024,"17,000,000,000","32,656,350,000","5,577,850,000",22.000,23.500,23.341
273,EGT998021O13,04/04/2023,02/01/2024,"17,500,000,000","21,219,525,000","79,375,000",22.599,23.251,23.059
273,EGT9980QCN15,28/03/2023,26/12/2023,"21,000,000,000","15,877,675,000","542,675,000",22.599,22.700,22.690
273,EGT9980JCN14,21/03/2023,19/12/2023,"21,500,000,000","23,981,750,000","2,620,600,000",22.349,22.700,22.696
273,EGT9980CCN11,14/03/2023,12/12/2023,"21,000,000,000","18,593,000,000","1,109,350,000",22.501,22.700,22.674
273,EGT99805CN12,07/03/2023,05/12/2023,"21,500,000,000","25,651,200,000","9,360,700,000",22.000,22.691,22.645
273,EGT9980SBN14,28/02/2023,28/11/2023,"21,000,000,000","18,221,400,000","3,695,400,000",21.950,22.470,22.449
273,EGT9980LBN11,21/02/2023,21/11/2023,"21,500,000,000","30,555,150,000","16,444,150,000",21.901,22.340,22.260
273,EGT9980EBN10,14/02/2023,14/11/2023,"21,000,000,000","31,004,050,000","12,239,050,000",21.500,22.189,22.100
273,EGT99807BN11,07/02/2023,07/11/2023,"21,500,000,000","30,018,825,000","16,788,825,000",21.500,22.040,21.973
273,EGT9980VAN10,31/01/2023,31/10/2023,"21,000,000,000","16,292,525,000","2,143,175,000",19.999,21.901,21.866
273,EGT9980OAN19,24/01/2023,24/10/2023,"21,500,000,000","23,154,250,000","14,399,750,000",20.492,21.850,21.749
273,EGT9980HAN18,17/01/2023,17/10/2023,"21,000,000,000","31,544,100,000","10,720,375,000",20.900,21.610,21.484
273,EGT9980AAN15,10/01/2023,10/10/2023,"21,500,000,000","15,135,775,000","135,575,000",20.499,21.110,20.949
273,EGT99803AN16,03/01/2023,03/10/2023,"21,500,000,000","21,610,650,000","53,550,000",18.001,19.499,19.054
273,EGT9980Q9N17,27/12/2022,26/09/2023,"20,500,000,000","17,795,075,000","48,675,000",18.699,18.851,18.821
273,EGT9980J9N12,20/12/2022,19/09/2023,"20,000,000,000","16,799,225,000","1,423,225,000",18.500,18.870,18.800
273,EGT9980C9N17,13/12/2022,12/09/2023,"20,500,000,000","7,817,425,000","189,025,000",18.500,18.779,18.666
273,EGT998059N19,06/12/2022,05/09/2023,"20,000,000,000","17,946,700,000","4,993,200,000",18.500,18.779,18.725
273,EGT9980T8N12,29/11/2022,29/08/2023,"20,500,000,000","27,525,050,000","13,871,050,000",17.949,18.659,18.578
273,EGT9980M8N17,22/11/2022,22/08/2023,"20,000,000,000","22,026,750,000","131,200,000",18.001,18.051,18.020
273,EGT9980F8N11,15/11/2022,15/08/2023,"20,500,000,000","23,558,525,000","958,025,000",17.500,18.080,18.040
273,EGT998088N14,08/11/2022,08/08/2023,"20,000,000,000","26,233,275,000","1,897,175,000",17.000,18.080,18.051
273,EGT998018N19,01/11/2022,01/08/2023,"20,500,000,000","31,118,450,000","2,651,525,000",17.750,18.080,18.064
273,EGT9980P7N11,25/10/2022,25/07/2023,"20,000,000,000","20,416,025,000","6,776,025,000",17.500,18.080,18.014
273,EGT9980I7N16,18/10/2022,18/07/2023,"20,500,000,000","33,782,975,000","12,888,325,000",17.401,17.820,17.750
273,EGT9980B7N11,11/10/2022,11/07/2023,"20,000,000,000","22,632,750,000","8,945,750,000",15.500,17.700,17.520
273,EGT998047N14,04/10/2022,04/07/2023,"20,500,000,000","17,250,750,000","4,076,750,000",16.000,17.000,16.844
273,EGT9980R6N18,27/09/2022,27/06/2023,"7,500,000,000","14,168,000,000","4,650,000",16.760,16.760,16.760
273,EGT9980K6N13,20/09/2022,20/06/2023,"8,000,000,000","15,020,800,000","6,375,800,000",16.450,16.760,16.716
273,EGT9980D6N18,13/09/2022,13/06/2023,"7,500,000,000","45,749,675,000","13,039,675,000",16.101,16.570,16.518
273,EGT998066N10,06/09/2022,06/06/2023,"8,000,000,000","19,298,050,000","8,120,050,000",15.200,16.570,16.567
273,EGT9980Y5N15,30/08/2022,30/05/2023,"7,500,000,000","12,370,825,000","70,825,000",16.000,16.530,16.530
273,EGT9980N5N18,23/08/2022,23/05/2023,"8,000,000,000","11,294,250,000","111,250,000",14.000,16.301,15.402
273,EGT9980G5N12,16/08/2022,16/05/2023,"7,500,000,000","9,573,600,000","14,100,000",15.500,15.751,15.550
273,EGT998025N10,02/08/2022,02/05/2023,"7,500,000,000","11,114,500,000","5,850,000",15.550,15.550,15.550
273,EGT9980P4N14,26/07/2022,25/04/2023,"8,000,000,000","10,407,300,000","9,300,000",15.299,15.600,15.326
273,EGT9980I4N19,19/07/2022,18/04/2023,"7,500,000,000","10,338,075,000","791,200,000",13.250,15.490,15.445
273,EGT9980B4N14,12/07/2022,11/04/2023,"8,000,000,000","10,123,750,000","18,750,000",15.351,15.500,15.454
273,EGT998044N17,05/07/2022,04/04/2023,"7,500,000,000","10,372,200,000","2,042,200,000",15.200,15.500,15.374
273,EGT9980S3N19,28/06/2022,28/03/2023,"10,000,000,000","11,164,825,000","6,679,825,000",13.899,15.401,15.356
273,EGT9980L3N14,21/06/2022,21/03/2023,"9,000,000,000","10,853,150,000","10,000,000",13.651,14.000,13.940
273,EGT9980E3N19,14/06/2022,14/03/2023,"10,000,000,000","14,108,400,000","27,375,000",13.651,13.781,13.686
273,EGT998073N11,07/06/2022,07/03/2023,"9,000,000,000","13,207,925,000","29,925,000",13.550,13.750,13.628
273,EGT9980S2N10,31/05/2022,28/02/2023,"9,000,000,000","11,073,400,000","20,400,000",13.500,13.620,13.616
273,EGT9980L2N15,24/05/2022,21/02/2023,"10,000,000,000","12,415,625,000","25,325,000",13.629,13.629,13.629
273,EGT9980E2N10,17/05/2022,14/02/2023,"9,000,000,000","13,247,700,000","14,700,000",13.001,13.651,13.579
273,EGT998072N12,10/05/2022,07/02/2023,"10,000,000,000","12,078,300,000","35,300,000",13.600,13.651,13.645
273,EGT9980V1N15,03/05/2022,31/01/2023,"9,000,000,000","13,684,300,000","110,750,000",13.600,13.699,13.629
273,EGT9980O1N10,26/04/2022,24/01/2023,"10,000,000,000","13,052,725,000","306,075,000",13.399,13.699,13.611
273,EGT9980H1N14,19/04/2022,17/01/2023,"9,000,000,000","14,294,575,000","697,900,000",13.500,13.699,13.634
273,EGT9980A1N19,12/04/2022,10/01/2023,"10,000,000,000","28,549,375,000","20,970,375,000",13.399,13.600,13.547
273,EGT998031N12,05/04/2022,03/01/2023,"9,000,000,000","13,941,200,000","5,928,200,000",13.150,13.500,13.443
273,EGT9980RCM15,29/03/2022,27/12/2022,"8,500,000,000","10,862,200,000","1,424,300,000",12.000,13.380,13.200
273,EGT9980KCM12,22/03/2022,20/12/2022,"9,500,000,000","10,989,875,000","18,175,000",12.849,12.980,12.886
273,EGT9980DCM11,15/03/2022,13/12/2022,"8,500,000,000","10,826,375,000","35,375,000",12.849,12.989,12.955
273,EGT99806CM12,08/03/2022,06/12/2022,"9,500,000,000","10,463,325,000","958,350,000",12.849,13.001,12.991
273,EGT9980TBM14,01/03/2022,29/11/2022,"8,500,000,000","16,055,850,000","4,578,475,000",12.051,13.001,12.991
273,EGT9980MBM11,22/02/2022,22/11/2022,"9,500,000,000","24,735,800,000","14,100,300,000",12.750,12.989,12.988
273,EGT9980FBM10,15/02/2022,15/11/2022,"8,500,000,000","23,737,400,000","13,023,400,000",12.800,12.989,12.980
273,EGT99808BM11,08/02/2022,08/11/2022,"9,500,000,000","31,976,700,000","21,696,700,000",12.880,12.980,12.973
273,EGT99801BM18,01/02/2022,01/11/2022,"8,500,000,000","27,529,650,000","17,322,150,000",12.899,12.980,12.965
273,EGT9980PAM19,25/01/2022,25/10/2022,"9,500,000,000","35,451,725,000","22,047,125,000",12.750,12.970,12.959
273,EGT9980IAM18,18/01/2022,18/10/2022,"8,500,000,000","36,487,025,000","30,265,225,000",12.790,12.980,12.959
273,EGT9980BAM15,11/01/2022,11/10/2022,"9,500,000,000","39,759,425,000","16,044,375,000",12.849,12.986,12.970
273,EGT99804AM16,04/01/2022,04/10/2022,"8,500,000,000","29,370,675,000","14,894,675,000",12.899,13.001,12.984
273,EGT9980R9M16,28/12/2021,27/09/2022,"14,000,000,000","27,576,800,000","9,514,925,000",12.700,13.010,12.983
273,EGT9980K9M11,21/12/2021,20/09/2022,"14,500,000,000","26,397,825,000","14,500,000,000",12.849,13.010,12.994
273,EGT9980D9M16,14/12/2021,13/09/2022,"14,000,000,000","22,057,300,000","11,888,300,000",12.250,13.010,12.988
273,EGT998069M18,07/12/2021,06/09/2022,"14,500,000,000","24,988,225,000","14,500,000,000",12.899,13.010,12.994
273,EGT9980Y8M13,30/11/2021,30/08/2022,"14,000,000,000","25,899,550,000","12,990,400,000",12.750,13.020,13.013
273,EGT9980N8M16,23/11/2021,23/08/2022,"14,500,000,000","24,377,850,000","5,626,475,000",12.500,13.020,13.002
273,EGT9980G8M10,16/11/2021,16/08/2022,"14,000,000,000","29,368,950,000","18,603,950,000",12.700,12.980,12.970
273,EGT998098M13,09/11/2021,09/08/2022,"14,500,000,000","27,281,675,000","1,874,700,000",12.700,12.930,12.897
273,EGT998028M18,02/11/2021,02/08/2022,"14,000,000,000","20,034,000,000","1,776,625,000",12.651,12.880,12.844
273,EGT9980Q7M10,26/10/2021,26/07/2022,"14,500,000,000","29,394,250,000","5,306,975,000",12.599,12.849,12.814
273,EGT9980J7M15,19/10/2021,19/07/2022,"14,000,000,000","24,228,025,000","11,573,675,000",12.651,12.800,12.795
273,EGT9980C7M10,12/10/2021,12/07/2022,"14,500,000,000","30,190,800,000","313,950,000",12.500,12.748,12.734
273,EGT998057M12,05/10/2021,05/07/2022,"14,000,000,000","24,697,975,000","7,378,950,000",12.599,12.750,12.721
273,EGT9980S6M17,28/09/2021,28/06/2022,"4,500,000,000","9,840,650,000","2,249,875,000",12.590,12.700,12.674
273,EGT9980L6M12,21/09/2021,21/06/2022,"5,000,000,000","16,933,600,000","5,000,000,000",12.500,12.689,12.678
273,EGT9980E6M17,14/09/2021,14/06/2022,"4,500,000,000","8,230,725,000","1,263,575,000",12.679,12.800,12.780
273,EGT998076M19,07/09/2021,07/06/2022,"5,000,000,000","11,972,275,000","5,000,000,000",12.599,12.750,12.731
273,EGT9980V5M12,31/08/2021,31/05/2022,"5,000,000,000","16,890,225,000","5,000,000,000",12.750,12.890,12.854
273,EGT9980O5M17,24/08/2021,24/05/2022,"4,500,000,000","13,646,100,000","4,500,000,000",12.890,13.020,12.976
273,EGT9980H5M11,17/08/2021,17/05/2022,"5,000,000,000","12,215,775,000","2,768,000,000",12.899,13.091,13.081
273,EGT9980A5M16,10/08/2021,10/05/2022,"4,500,000,000","14,538,400,000","4,368,675,000",12.980,13.091,13.075
273,EGT998035M19,03/08/2021,03/05/2022,"5,000,000,000","23,786,925,000","5,106,000,000",13.001,13.084,13.047
273,EGT9980Q4M13,27/07/2021,26/04/2022,"4,500,000,000","16,376,150,000","4,617,825,000",12.930,13.229,13.225
273,EGT9980J4M18,20/07/2021,19/04/2022,"5,000,000,000","18,442,750,000","9,216,700,000",13.001,13.260,13.247
273,EGT9980C4M13,13/07/2021,12/04/2022,"4,500,000,000","19,128,625,000","5,528,250,000",13.001,13.299,13.296
273,EGT998054M15,06/07/2021,05/04/2022,"5,000,000,000","8,700,900,000","5,583,900,000",13.250,13.380,13.365
273,EGT9980M3M13,22/06/2021,22/03/2022,"7,500,000,000","13,814,450,000","6,828,450,000",12.500,13.320,13.297
273,EGT998083M10,08/06/2021,08/03/2022,"7,500,000,000","17,066,500,000","10,606,100,000",13.001,13.385,13.368
273,EGT9980M2M14,25/05/2021,22/02/2022,"7,500,000,000","15,838,450,000","12,430,175,000",13.001,13.390,13.378
273,EGT998082M11,11/05/2021,08/02/2022,"7,500,000,000","16,622,575,000","9,595,800,000",13.301,13.390,13.380
273,EGT9980P1M18,27/04/2021,25/01/2022,"7,500,000,000","9,806,450,000","5,752,025,000",13.301,13.399,13.388
273,EGT9980B1M18,13/04/2021,11/01/2022,"7,500,000,000","17,450,325,000","7,500,000,000",13.351,13.411,13.394
273,EGT9980SCL15,30/03/2021,28/12/2021,"7,500,000,000","13,626,275,000","8,338,700,000",13.100,13.411,13.388
273,EGT9980ECL11,16/03/2021,14/12/2021,"7,500,000,000","17,661,775,000","8,170,375,000",13.289,13.411,13.389
273,EGT9980YBL18,02/03/2021,30/11/2021,"7,500,000,000","13,320,200,000","6,290,700,000",12.849,13.380,13.339
273,EGT9980GBL10,16/02/2021,16/11/2021,"11,000,000,000","24,417,475,000","11,509,325,000",13.001,13.210,13.178
273,EGT99802BL18,02/02/2021,02/11/2021,"11,000,000,000","29,024,650,000","18,100,950,000",12.800,13.241,13.223
273,EGT9980JAL18,19/01/2021,19/10/2021,"11,000,000,000","8,717,700,000","6,463,050,000",12.700,12.920,12.878
273,EGT99805AL16,05/01/2021,05/10/2021,"11,000,000,000","22,052,150,000","9,405,900,000",12.740,13.050,12.957
273,EGT9980L9L10,22/12/2020,21/09/2021,"10,500,000,000","18,305,900,000","10,500,000,000",12.451,12.651,12.585
273,EGT998079L17,08/12/2020,07/09/2021,"11,000,000,000","29,111,800,000","11,000,000,000",13.150,13.241,13.226
273,EGT9980O8L15,24/11/2020,24/08/2021,"11,000,000,000","26,676,925,000","8,446,675,000",13.150,13.301,13.292
273,EGT9980A8L14,10/11/2020,10/08/2021,"11,000,000,000","39,218,075,000","15,962,225,000",13.480,13.590,13.542
273,EGT9980R7L19,27/10/2020,27/07/2021,"11,000,000,000","12,977,600,000","11,627,600,000",13.301,13.651,13.610
273,EGT9980D7L19,13/10/2020,13/07/2021,"11,000,000,000","29,930,525,000","18,595,725,000",13.250,13.399,13.351
273,EGT9980T6L16,29/09/2020,29/06/2021,"10,000,000,000","17,900,025,000","8,716,600,000",13.050,13.440,13.336
273,EGT9980F6L15,15/09/2020,15/06/2021,"10,000,000,000","28,466,800,000","10,000,000,000",13.301,13.600,13.587
273,EGT998016L13,01/09/2020,01/06/2021,"10,000,000,000","26,005,450,000","10,000,000,000",13.730,13.810,13.802
273,EGT9980I5L10,18/08/2020,18/05/2021,"10,000,000,000","26,228,575,000","23,867,300,000",13.699,13.860,13.838
273,EGT998045L18,04/08/2020,04/05/2021,"10,000,000,000","16,712,700,000","10,328,775,000",13.250,13.800,13.701
273,EGT9980K4L17,21/07/2020,20/04/2021,"10,000,000,000","25,576,550,000","10,000,000,000",13.301,13.399,13.381
273,EGT998064L14,07/07/2020,06/04/2021,"10,000,000,000","18,079,475,000","7,035,975,000",13.449,13.641,13.605
273,EGT9980Y3L19,30/06/2020,30/03/2021,"7,000,000,000","10,074,125,000","8,022,025,000",13.150,13.490,13.401
273,EGT9980G3L16,16/06/2020,16/03/2021,"7,000,000,000","14,366,525,000","8,322,925,000",12.301,12.580,12.502
273,EGT998023L14,02/06/2020,02/03/2021,"10,500,000,000","6,522,425,000","3,655,925,000",12.301,12.550,12.503
273,EGT9980G2L17,19/05/2020,16/02/2021,"10,500,000,000","18,731,075,000","10,500,000,000",12.399,12.498,12.478
273,EGT998022L15,05/05/2020,02/02/2021,"10,500,000,000","17,605,750,000","10,500,000,000",12.301,12.670,12.628
273,EGT9980J1L12,21/04/2020,19/01/2020,"10,500,000,000","21,297,750,000","10,500,000,000",12.000,12.460,12.367
273,EGT998051L19,07/04/2020,05/01/2021,"10,500,000,000","47,673,900,000","20,488,325,000",12.745,12.890,12.829
273,EGT9980TCK15,31/03/2020,29/12/2020,"10,500,000,000","17,539,950,000","15,615,700,000",13.500,13.699,13.611
273,EGT9980FCK11,17/03/2020,15/12/2020,"10,500,000,000","10,426,675,000","4,299,425,000",14.300,15.490,15.273
273,EGT99801CK19,03/03/2020,01/12/2020,"10,500,000,000","20,567,525,000","7,204,000,000",14.000,14.490,14.445
273,EGT9980HBK10,18/02/2020,17/11/2020,"10,500,000,000","28,878,425,000","10,500,000,000",13.001,13.851,13.846
273,EGT99803BK18,04/02/2020,03/11/2020,"10,500,000,000","18,001,300,000","10,500,000,000",14.151,14.561,14.519
273,EGT9980KAK16,21/01/2020,20/10/2020,"10,500,000,000","23,819,525,000","17,485,550,000",13.500,14.490,14.391
273,EGT99806AK16,07/01/2020,06/10/2020,"10,500,000,000","20,074,025,000","12,997,525,000",14.701,14.910,14.865
273,EGT9980M9K19,24/12/2019,22/09/2020,"9,500,000,000","29,551,775,000","13,781,475,000",14.520,14.841,14.785
273,EGT998089K16,10/12/2019,08/09/2020,"9,500,000,000","26,020,050,000","14,636,850,000",14.870,15.371,15.321
273,EGT9980P8K13,26/11/2019,25/08/2020,"9,500,000,000","15,305,250,000","6,847,525,000",14.600,15.249,15.162
273,EGT9980B8K13,12/11/2019,11/08/2020,"9,500,000,000","29,891,225,000","12,421,325,000",15.401,15.530,15.512
273,EGT9980S7K18,29/10/2019,28/07/2020,"9,500,000,000","22,564,025,000","13,387,675,000",15.351,15.791,15.759
273,EGT9980E7K18,15/10/2019,14/07/2020,"9,500,000,000","12,783,450,000","10,668,450,000",15.200,15.806,15.632
273,EGT9980Y6K17,01/10/2019,30/06/2020,"9,500,000,000","11,615,000,000","9,500,000,000",14.600,15.401,15.261
273,EGT9980G6K14,17/09/2019,16/06/2020,"9,500,000,000","38,171,375,000","12,783,950,000",15.470,15.590,15.537
273,EGT998026K12,03/09/2019,02/06/2020,"9,500,000,000","12,292,425,000","1,003,375,000",16.149,16.530,16.491
273,EGT9980J5K19,20/08/2019,19/05/2020,"9,500,000,000","21,705,875,000","9,500,000,000",17.750,17.930,17.882
273,EGT998055K16,06/08/2019,05/05/2020,"9,500,000,000","17,004,150,000","12,235,975,000",17.500,17.899,17.839
273,EGT9980L4K16,23/07/2019,21/04/2020,"9,750,000,000","15,376,500,000","10,588,675,000",17.251,17.820,17.642
273,EGT998074K13,09/07/2019,07/04/2020,"9,750,000,000","13,369,175,000","9,194,250,000",17.401,17.949,17.916
273,EGT9980O3K11,25/06/2019,24/03/2020,"8,500,000,000","11,148,200,000","7,326,600,000",17.450,17.721,17.690
273,EGT9980A3K10,11/06/2019,10/03/2020,"8,000,000,000","15,533,600,000","11,000,800,000",17.401,17.609,17.551
273,EGT9980P2K19,28/05/2019,25/02/2020,"8,500,000,000","14,894,600,000","8,500,000,000",17.300,17.591,17.551
273,EGT9980B2K19,14/05/2019,11/02/2020,"8,500,000,000","11,142,925,000","8,500,000,000",17.251,17.591,17.503
273,EGT9980S1K14,30/04/2019,28/01/2020,"8,000,000,000","8,316,275,000","4,689,400,000",16.900,17.240,17.196
273,EGT9980E1K14,16/04/2019,14/01/2020,"8,500,000,000","14,697,975,000","9,266,950,000",17.401,17.580,17.524
273,EGT9980VCJ14,02/04/2019,31/12/2019,"8,750,000,000","11,205,400,000","6,802,350,000",16.950,17.549,17.380
273,EGT9980HCJ12,19/03/2019,17/12/2019,"8,500,000,000","20,441,250,000","10,613,775,000",17.409,17.580,17.549
273,EGT99803CJ10,05/03/2019,03/12/2019,"8,500,000,000","14,549,450,000","9,263,450,000",17.500,17.949,17.791
273,EGT9980JBJ11,19/02/2019,19/11/2019,"8,500,000,000","16,321,650,000","9,316,550,000",17.500,17.800,17.686
273,EGT99805BJ19,05/02/2019,05/11/2019,"8,500,000,000","11,704,000,000","8,500,000,000",17.849,18.450,18.296
273,EGT9980MAJ17,22/01/2019,22/10/2019,"8,500,000,000","32,323,325,000","12,096,525,000",18.001,18.699,18.684
273,EGT99808AJ17,08/01/2019,08/10/2019,"8,500,000,000","19,766,925,000","12,521,400,000",19.590,19.700,19.668
273,EGT9980O9J18,25/12/2018,24/09/2019,"8,500,000,000","9,835,900,000","7,463,800,000",19.849,19.990,19.989
273,EGT9980A9J17,11/12/2018,10/09/2019,"8,500,000,000","6,642,100,000","3,055,850,000",19.800,19.990,19.987
273,EGT9980R8J12,27/11/2018,27/08/2019,"8,500,000,000","11,339,100,000","5,882,700,000",18.500,19.999,19.975
273,EGT9980D8J12,13/11/2018,13/08/2019,"8,500,000,000","9,351,200,000","4,291,950,000",19.700,19.890,19.863
273,EGT9980Y7J19,30/10/2018,30/07/2019,"8,750,000,000","16,173,275,000","9,338,675,000",19.499,19.840,19.812
273,EGT9980G7J16,16/10/2018,16/07/2019,"8,500,000,000","12,467,625,000","8,258,625,000",19.849,19.990,19.968
273,EGT998027J14,02/10/2018,02/07/2019,"8,500,000,000","17,224,625,000","10,374,825,000",18.001,19.969,19.938
273,EGT9980I6J13,18/09/2018,18/06/2019,"8,000,000,000","8,832,850,000","4,783,000,000",19.000,19.800,19.757
273,EGT998046J11,04/09/2018,04/06/2019,"8,000,000,000","9,741,150,000","8,000,000,000",19.000,19.680,19.549
273,EGT9980L5J18,21/08/2018,21/05/2019,"8,000,000,000","11,152,300,000","9,002,100,000",19.000,19.280,19.190
273,EGT998075J15,07/08/2018,07/05/2019,"8,250,000,000","10,171,800,000","8,677,800,000",18.550,18.851,18.779
273,EGT9980N4J15,24/07/2018,23/04/2019,"8,000,000,000","20,979,500,000","8,000,000,000",19.000,19.166,19.118
273,EGT998094J12,10/07/2018,09/04/2019,"8,250,000,000","20,281,575,000","10,688,025,000",19.399,19.729,19.676
273,EGT9980Q3J19,26/06/2018,26/03/2019,"8,000,000,000","11,928,550,000","10,138,550,000",18.899,19.540,19.362
273,EGT9980C3J19,12/06/2018,12/03/2019,"8,000,000,000","20,700,500,000","13,209,675,000",18.251,18.561,18.470
273,EGT9980Q2J10,29/05/2018,26/02/2019,"7,500,000,000","16,345,000,000","8,709,250,000",18.500,19.030,18.931
273,EGT9980C2J10,15/05/2018,12/02/2019,"7,750,000,000","11,568,750,000","7,581,650,000",17.899,18.628,18.325
273,EGT9980T1J15,01/05/2018,29/01/2019,"7,250,000,000","12,098,375,000","6,167,400,000",17.189,17.520,17.430
273,EGT9980F1J14,17/04/2018,15/01/2019,"7,500,000,000","10,943,525,000","6,354,950,000",17.000,17.490,17.425
273,EGT998011J12,03/04/2018,01/01/2019,"7,750,000,000","12,200,700,000","7,556,350,000",16.400,17.091,16.883
273,EGT9980ICI12,20/03/2018,18/12/2018,"7,750,000,000","10,234,125,000","5,846,775,000",16.900,17.251,17.101
273,EGT99804CI10,06/03/2018,04/12/2018,"8,250,000,000","13,525,100,000","9,240,900,000",16.750,17.091,17.011
273,EGT9980KBI19,20/02/2018,20/11/2018,"8,000,000,000","10,326,125,000","7,034,925,000",16.000,16.900,16.632
273,EGT99806BI19,06/02/2018,06/11/2018,"8,000,000,000","14,107,675,000","7,124,975,000",16.370,16.778,16.580
273,EGT9980NAI17,23/01/2018,23/10/2018,"7,500,000,000","18,676,900,000","7,161,675,000",17.401,17.591,17.563
273,EGT99809AI17,09/01/2018,09/10/2018,"7,500,000,000","20,948,450,000","7,500,000,000",18.030,18.670,18.573
273,EGT9980P9I16,26/12/2017,25/09/2018,"6,750,000,000","9,479,675,000","7,730,550,000",17.500,18.320,18.097
273,EGT9980B9I16,12/12/2017,11/09/2018,"7,000,000,000","14,217,050,000","9,035,300,000",18.500,18.899,18.838
273,EGT9980S8I11,28/11/2017,28/08/2018,"6,750,000,000","11,619,425,000","11,130,300,000",17.959,18.420,18.283
273,EGT9980E8I11,14/11/2017,14/08/2018,"8,000,000,000","9,551,750,000","8,684,500,000",17.601,17.959,17.834
273,EGT9980V7I16,31/10/2017,31/07/2018,"6,750,000,000","12,849,800,000","7,247,000,000",17.500,17.750,17.682
273,EGT9980H7I15,17/10/2017,17/07/2018,"6,750,000,000","17,222,725,000","9,747,000,000",17.800,18.030,17.977
273,EGT998037I13,03/10/2017,03/07/2018,"6,750,000,000","15,191,700,000","8,496,775,000",17.650,18.101,18.023
273,EGT9980J6I12,19/09/2017,19/06/2018,"6,750,000,000","20,333,575,000","9,005,825,000",18.448,18.611,18.535
273,EGT998056I19,05/09/2017,05/06/2018,"6,250,000,000","11,081,525,000","6,782,725,000",19.089,19.489,19.356
273,EGT9980M5I17,22/08/2017,22/05/2018,"7,250,000,000","17,018,100,000","8,574,375,000",18.500,19.100,18.978
273,EGT998085I14,08/08/2017,08/05/2018,"8,250,000,000","23,319,675,000","10,567,300,000",18.251,19.100,18.878
273,EGT9980O4I14,25/07/2017,24/04/2018,"6,500,000,000","20,850,575,000","7,453,225,000",21.250,21.649,21.582
273,EGT9980A4I13,11/07/2017,10/04/2018,"6,750,000,000","14,137,950,000","6,750,000,000",19.999,22.729,22.444
273,EGT9980R3I18,27/06/2017,27/03/2018,"6,000,000,000","6,720,300,000","5,392,100,000",20.251,21.250,20.662
273,EGT9980D3I18,13/06/2017,13/03/2018,"6,250,000,000","12,160,625,000","6,775,125,000",19.999,20.400,20.317
273,EGT9980R2I19,30/05/2017,27/02/2018,"6,250,000,000","20,841,100,000","6,399,825,000",19.250,20.560,20.478
273,EGT9980D2I19,16/05/2017,13/02/2018,"6,000,000,000","13,153,825,000","6,000,000,000",19.240,19.620,19.479
273,EGT9980Y1I16,02/05/2017,30/01/2018,"6,000,000,000","10,701,700,000","6,892,500,000",18.899,19.119,19.070
273,EGT9980G1I13,18/04/2017,16/01/2018,"6,000,000,000","13,734,475,000","8,535,175,000",19.000,19.159,19.131
273,EGT998021I11,04/04/2017,02/01/2018,"6,000,000,000","13,989,050,000","6,198,900,000",19.070,19.221,19.178
273,EGT9980JCH12,21/03/2017,19/12/2017,"5,250,000,000","14,787,325,000","5,250,000,000",19.000,19.291,19.229
273,EGT99805CH10,07/03/2017,05/12/2017,"5,750,000,000","13,399,300,000","5,750,000,000",19.000,19.999,19.946
273,EGT9980LBH19,21/02/2017,21/11/2017,"5,500,000,000","18,206,400,000","5,500,000,000",16.994,18.880,18.771
273,EGT99807BH19,07/02/2017,07/11/2017,"5,250,000,000","19,094,750,000","5,250,000,000",18.500,19.009,18.857
273,EGT9980OAH17,24/01/2017,24/10/2017,"5,250,000,000","10,151,775,000","5,872,675,000",19.800,20.251,20.194
273,,10/01/2017,10/10/2017,"5,250,000,000","14,132,950,000","6,300,450,000",19.781,19.890,19.858
273,EGT9980Q9H15,27/12/2016,26/09/2017,"3,000,000,000","5,527,425,000","3,000,000,000",19.000,19.469,19.411
273,EGT9980C9H15,13/12/2016,12/09/2017,"3,000,000,000","6,852,150,000","3,000,000,000",18.301,18.891,18.814
273,EGT9980T8H10,29/11/2016,29/08/2017,"3,000,000,000","5,709,750,000","1,414,550,000",17.401,18.569,18.475
273,EGT9980F8H19,15/11/2016,15/08/2017,"5,500,000,000","22,390,425,000","5,500,000,000",18.450,18.811,18.715
273,EGT9980I7H14,18/10/2016,18/07/2017,"5,500,000,000","6,730,200,000","4,783,200,000",16.390,16.499,16.490
273,,04/10/2016,04/07/2017,"6,000,000,000","12,570,425,000","6,000,000,000",16.149,16.420,16.394
273,EGT9980K6H11,20/09/2016,20/06/2017,"5,500,000,000","6,051,775,000","2,056,175,000",16.101,16.440,16.420
273,EGT998066H18,06/09/2016,06/06/2017,"5,500,000,000","8,615,925,000","3,006,625,000",16.101,16.280,16.258
273,EGT9980N5H16,23/08/2016,23/05/2017,"5,500,000,000","9,463,225,000","5,500,000,000",15.801,16.000,15.969
273,EGT998095H13,09/08/2016,09/05/2017,"5,500,000,000","12,663,850,000","5,500,000,000",15.500,15.779,15.730
273,EGT9980P4H12,26/07/2016,25/04/2017,"5,250,000,000","8,282,875,000","5,250,000,000",15.421,15.781,15.752
273,EGT9980B4H12,12/07/2016,11/04/2017,"5,250,000,000","6,547,050,000","5,250,000,000",15.051,15.500,15.320
273,EGT9980S3H17,28/06/2016,28/03/2017,"5,000,000,000","10,596,300,000","5,000,000,000",14.761,15.110,15.087
273,EGT9980E3H17,14/06/2016,14/03/2017,"5,000,000,000","9,711,250,000","5,000,000,000",13.979,14.151,14.119
273,EGT9980S2H18,31/05/2016,28/02/2017,"5,000,000,000","8,226,425,000","5,000,000,000",13.820,13.970,13.917
273,EGT9980E2H18,17/05/2016,14/02/2017,"5,000,000,000","7,888,400,000","5,000,000,000",13.592,14.010,13.981
273,EGT998031H10,04/05/2016,01/03/2017,"5,000,000,000","16,395,900,000","5,000,000,000",13.888,13.991,13.964
273,EGT9980V1H13,03/05/2016,31/01/2017,"5,000,000,000","11,027,525,000","5,000,000,000",12.430,14.139,14.102
273,EGT9980H1H12,19/04/2016,17/01/2017,"5,000,000,000","10,242,400,000","5,000,000,000",13.800,14.139,14.101
273,EGT99806CG10,08/03/2016,06/12/2016,"4,750,000,000","11,062,400,000","4,750,000,000",12.420,12.490,12.476
273,EGT9980T9F11,30/12/2014,29/09/2015,"3,500,000,000","6,996,225,000","3,500,000,000",11.7,12.051,11.967
273,EGT9980F9F10,16/12/2014,15/09/2015,"3,500,000,000","6,575,000,000","3,500,000,000",11.65,11.738,11.711
273,EGT998019F18,02/12/2014,01/09/2015,"3,500,000,000","9,861,350,000","3,500,000,000",11.851,11.939,11.921
273,EGT9980I8F15,18/11/2014,18/08/2015,"3,500,000,000","9,484,700,000","3,500,000,000",12,12.14,12.116
273,EGT998048F13,04/11/2014,04/08/2015,"3,500,000,000","8,628,225,000","3,500,000,000",12,12.06,12.042
273,EGT9980L7F10,21/10/2014,21/07/2015,"3,500,000,000","9,535,125,000","3,500,000,000",12.191,12.24,12.223
273,EGT998077F17,07/10/2014,07/07/2015,"3,500,000,000","6,247,375,000","3,500,000,000",12.1,12.28,12.248
273,EGT9980N6F17,23/09/2014,23/06/2015,"3,500,000,000","9,897,225,000","3,500,000,000",12.25,12.435,12.428
273,EGT998096F14,09/09/2014,09/06/2015,"3,500,000,000","8,859,125,000","3,500,000,000",12.301,12.39,12.364
273,EGT9980Q5F11,26/08/2014,26/05/2015,"3,500,000,000","4,622,450,000","29,800,000",11.749,12.06,11.852
273,EGT9980C5F11,12/08/2014,12/05/2015,"3,500,000,000","9,930,275,000","3,500,000,000",12.219,12.296,12.269
273,EGT9980S4F18,29/07/2014,28/04/2015,"4,000,000,000","5,645,800,000","2,958,675,000",12.2,12.449,12.386
273,EGT9980E4F18,15/07/2014,14/04/2015,"3,500,000,000","7,726,875,000","3,500,000,000",11,11.138,11.119
273,EGT9980V3F13,01/07/2014,31/03/2015,"3,500,000,000","5,052,650,000","3,500,000,000",10.85,11.03,10.94
273,EGT9980O3F18,24/06/2014,24/03/2015,"3,500,000,000","7,816,750,000","3,500,000,000",10.85,10.916,10.895
273,EGT9980A3F17,10/06/2014,10/03/2015,"3,000,000,000","10,600,750,000","3,000,000,000",10.75,11,10.975
273,EGT9980O2F19,27/05/2014,24/02/2015,"3,000,000,000","4,930,650,000","3,000,000,000",10.7,10.78,10.761
273,EGT9980A2F18,13/05/2014,10/02/2015,"3,000,000,000","9,178,075,000","3,000,000,000",10.85,10.97,10.942
273,EGT9980R1F13,29/04/2014,27/01/2015,"3,000,000,000","4,043,125,000","3,000,000,000",10.77,10.93,10.859
273,EGT9980D1F13,15/04/2014,13/01/2015,"3,000,000,000","5,621,025,000","3,000,000,000",10.709,10.759,10.745
273,EGT9980YCE16,01/04/2014,30/12/2014,"3,000,000,000","4,079,925,000","2,217,925,000",10.65,10.78,10.725
273,EGT9980GCE18,18/03/2014,16/12/2014,"3,000,000,000","6,486,650,000","3,000,000,000",10.621,10.755,10.73
273,EGT99802CE16,04/03/2014,02/12/2014,"3,000,000,000","5,460,250,000","3,000,000,000",10.65,10.816,10.779
273,EGT9980IBE17,18/02/2014,18/11/2014,"3,000,000,000","5,495,300,000","3,000,000,000",10.6,10.716,10.691
273,EGT99804BE15,04/02/2014,04/11/2014,"3,000,000,000","8,127,425,000","3,000,000,000",10.791,10.85,10.836
273,EGT9980LAE13,21/01/2014,21/10/2014,"3,000,000,000","8,763,500,000","3,000,000,000",10.621,10.891,10.829
273,EGT99807AE13,07/01/2014,07/10/2014,"3,000,000,000","8,840,700,000","3,000,000,000",10.9,10.991,10.964
273,EGT9980Y9E12,31/12/2013,30/09/2014,"3,000,000,000","6,400,175,000","3,000,000,000",11.03,11.168,11.113
273,EGT9980G9E19,17/12/2013,16/09/2014,"3,500,000,000","6,441,025,000","3,500,000,000",10.501,11.05,10.996
273,EGT998029E17,03/12/2013,02/09/2014,"3,500,000,000","6,634,650,000","3,500,000,000",10.187,11.239,11.15
273,EGT9980J8E14,19/11/2013,19/08/2014,"3,500,000,000","6,165,500,000","3,500,000,000",11.151,11.29,11.253
273,EGT998058E11,05/11/2013,05/08/2014,"3,500,000,000","7,193,775,000","3,500,000,000",11,11.21,11.19
273,EGT9980M7E19,22/10/2013,22/07/2014,"3,500,000,000","6,346,850,000","3,085,350,000",10.75,11.02,10.97
273,EGT998087E16,08/10/2013,08/07/2014,"3,500,000,000","9,811,025,000","3,500,000,000",10.9,11.071,11.03
273,EGT9980O6E16,24/09/2013,24/06/2014,"4,000,000,000","5,840,775,000","4,000,000,000",10.748,11.68,11.488
273,EGT9980A6E15,10/09/2013,10/06/2014,"4,000,000,000","11,220,400,000","4,000,000,000",12,12.051,12.031
273,EGT9980R5E10,27/08/2013,27/05/2014,"4,000,000,000","6,231,200,000","4,000,000,000",12.5,12.719,12.672
273,EGT9980D5E10,13/08/2013,13/05/2014,"3,500,000,000","6,377,950,000","3,500,000,000",12.2,12.479,12.386
273,EGT9980T4E17,30/07/2013,29/04/2014,"4,000,000,000","9,681,925,000","4,000,000,000",13.349,13.641,13.601
273,EGT9980F4E16,16/07/2013,15/04/2014,"4,000,000,000","7,752,225,000","4,000,000,000",13.49,14.21,14.16
273,EGT998014E14,02/07/2013,01/04/2014,"3,500,000,000","3,152,800,000","1,672,200,000",14.851,15.249,14.988
273,EGT9980I3E11,18/06/2013,18/03/2014,"3,000,000,000","4,033,975,000","2,289,925,000",14.51,14.88,14.741
273,EGT998043E19,04/06/2013,04/03/2014,"3,000,000,000","4,282,600,000","3,000,000,000",14.5,14.841,14.669
273,EGT9980I2E12,21/05/2013,18/02/2014,"3,000,000,000","4,994,650,000","2,000,000,000",14,15.249,15.08
273,EGT9980L1E17,23/04/2013,21/01/2014,"3,000,000,000","10,123,350,000","3,000,000,000",14,14.241,14.201
273,EGT998071E14,09/04/2013,07/01/2014,"3,000,000,000","6,391,100,000","3,000,000,000",14,14.831,14.772
273,EGT9980OCD19,26/03/2013,24/12/2013,"3,500,000,000","4,609,750,000","3,500,000,000",13.25,14.3,13.934
273,EGT9980ACD15,12/03/2013,10/12/2013,"4,000,000,000","11,282,450,000","4,000,000,000",13.5,13.651,13.623
273,EGT99803CD16,05/03/2013,03/12/2013,"4,000,000,000","9,601,175,000","4,000,000,000",13.5,13.771,13.749
273,EGT9980QBD18,26/02/2013,26/11/2013,"4,000,000,000","9,046,250,000","4,000,000,000",13.75,13.841,13.823
273,EGT9980CBD14,12/02/2013,12/11/2013,"4,000,000,000","11,649,825,000","4,000,000,000",13.851,14.01,13.974
273,EGT9980TAD16,29/01/2013,29/10/2013,"3,500,000,000","6,402,350,000","3,500,000,000",12.8,14.29,14.02
273,EGT9980FAD12,15/01/2013,15/10/2013,"3,500,000,000","10,917,025,000","3,500,000,000",14.2,14.451,14.403
273,EGT99801AD10,01/01/2013,01/10/2013,"4,000,000,000","4,010,275,000","1,000,000,000",13.2,13.911,13.794
273,EGT9980H9D18,18/12/2012,17/09/2013,"3,500,000,000","7,302,625,000","3,500,000,000",13.25,13.54,13.456
273,EGT998039D16,04/12/2012,03/09/2013,"3,500,000,000","4,752,675,000","1,000,000,000",12.5,13.699,13.683
273,EGT9980K8D13,20/11/2012,20/08/2013,"3,500,000,000","6,068,725,000","3,500,000,000",12.75,12.928,12.89
273,EGT998068D10,06/11/2012,06/08/2013,"3,000,000,000","6,412,575,000","3,000,000,000",13.001,13.141,13.122
273,EGT9980N7D18,23/10/2012,23/07/2013,"3,500,000,000","7,434,700,000","3,500,000,000",12.651,13.141,12.973
273,EGT9980I6D19,18/09/2012,18/06/2013,"4,000,000,000","13,649,875,000","4,297,450,000",14.2,14.52,14.465
273,EGT998046D17,04/09/2012,04/06/2013,"4,000,000,000","10,364,500,000","4,000,000,000",15.766,15.809,15.794
273,EGT9980L5D14,21/08/2012,21/05/2013,"4,000,000,000","6,827,700,000","4,000,000,000",15.7,15.889,15.837
273,EGT998075D11,07/08/2012,07/05/2013,"4,000,000,000","5,729,700,000","4,000,000,000",15.6,15.777,15.714
273,EGT9980N4D11,24/07/2012,23/04/2013,"4,000,000,000","6,979,900,000","4,000,000,000",15.5,15.71,15.669
273,EGT998094D18,10/07/2012,09/04/2013,"4,000,000,000","9,107,925,000","4,000,000,000",15.749,15.811,15.789
273,EGT998024D13,03/07/2012,02/04/2013,"3,500,000,000","6,902,275,000","3,500,000,000",15.848,15.94,15.907
273,EGT9980Q3D15,26/06/2012,26/03/2013,"3,000,000,000","3,772,850,000","2,500,000,000",15.899,15.998,15.967
273,EGT9980C3D15,12/06/2012,12/03/2013,"3,000,000,000","5,027,850,000","3,000,000,000",15.751,15.889,15.859
273,EGT9980Q2D16,29/05/2012,26/02/2013,"2,500,000,000","6,260,400,000","2,500,000,000",15.7,15.844,15.825
273,EGT9980C2D16,15/05/2012,12/02/2013,"3,000,000,000","6,446,425,000","3,000,000,000",15.7,15.854,15.828
273,EGT998052D18,08/05/2012,05/02/2013,"3,000,000,000","4,116,625,000","1,500,000,000",15.5,15.801,15.772
273,EGT9980M1D16,24/04/2012,22/01/2013,"3,500,000,000","6,057,250,000","3,500,000,000",15.45,15.56,15.53
273,EGT998081315,10/04/2012,08/01/2013,"3,500,000,000","9,003,250,000","3,500,000,000",15.5,15.63,15.622
273,EGT998011D18,03/04/2012,01/01/2013,"3,500,000,000","7,712,875,000","3,500,000,000",15.299,15.67,15.642
273,EGT9980ICC18,20/03/2012,18/12/2012,"3,500,000,000","7,706,025,000","4,500,000,000",15.781,15.849,15.829
273,EGT99804CC16,06/03/2012,04/12/2012,"3,500,000,000","8,770,725,000","3,500,000,000",15.801,15.899,15.886
273,EGT9980KBC15,21/02/2012,20/11/2012,"3,500,000,000","7,021,000,000","3,500,000,000",15.751,15.94,15.906
273,EGT99806BC15,07/02/2012,06/11/2012,"3,500,000,000","6,037,875,000","3,500,000,000",15.401,15.95,15.915
273,EGT9980YAC10,31/01/2012,30/10/2012,"4,000,000,000","5,865,750,000","1,452,275,000",15.59,15.849,15.822
273,EGT9980GAC12,17/01/2012,16/10/2012,"4,000,000,000","6,317,725,000","3,000,000,000",14.6,15.7,15.645
273,EGT99802AC10,03/01/2012,02/10/2012,"3,500,000,000","5,602,600,000","3,000,000,000",14.75,15.351,15.307
273,EGT9980I9C17,20/12/2011,18/09/2012,"3,500,000,000","4,895,375,000","2,311,250,000",14.999,15.239,15.209
273,EGT998049C15,06/12/2011,04/09/2012,"3,500,000,000","5,187,575,000","3,135,075,000",14.251,15.249,15.084
273,EGT9980E8C17,15/11/2011,14/08/2012,"3,500,000,000","4,233,550,000","3,500,000,000",14.071,14.49,14.251
273,EGT9980V7C12,01/11/2011,31/07/2012,"3,500,000,000","6,726,550,000","3,500,000,000",13.711,13.88,13.84
273,EGT9980H7C11,18/10/2011,17/07/2012,"3,500,000,000","7,418,225,000","3,500,000,000",13.449,13.66,13.625
273,EGT9980A7C16,04/10/2011,03/07/2012,"3,500,000,000","8,107,700,000","3,500,000,000",13.001,13.79,13.759
273,EGT9980J6C18,20/09/2011,19/06/2012,"3,500,000,000","5,899,425,000","2,000,000,000",13.5,13.899,13.842
273,EGT9980M5C13,23/08/2011,22/05/2012,"3,500,000,000","5,420,550,000","3,500,000,000",12.257,12.989,12.932
273,EGT998015C15,02/08/2011,01/05/2012,"3,500,000,000","5,603,700,000","3,000,000,000",12.719,12.89,12.858
273,EGT998034C12,05/07/2011,03/04/2012,"3,500,000,000","4,367,700,000","1,500,000,000",12.8,12.91,12.887
273,EGT9980K3C19,21/06/2011,20/03/2012,"3,500,000,000","4,631,550,000","2,790,550,000",12.8,12.989,12.944
273,EGT9980S2C13,31/05/2011,28/02/2012,"3,500,000,000","4,252,775,000","2,475,000,000",12.8,12.899,12.865
273,EGT9980V1C18,03/05/2011,31/01/2012,"3,500,000,000","4,001,000,000","2,600,000,000",12.51,12.89,12.658
273,EGT9980O1C13,26/04/2011,24/01/2012,"3,500,000,000","4,659,250,000","3,500,000,000",12.31,12.691,12.518
273,EGT998031C15,05/04/2011,03/01/2012,"3,500,000,000","5,766,700,000","3,500,000,000",12.1,12.261,12.173
273,EGT9980KCB15,22/03/2011,20/12/2011,"3,500,000,000","6,270,450,000","3,500,000,000",12,12.411,12.257
273,EGT9980TBB17,01/03/2011,29/11/2011,"3,500,000,000","5,239,975,000","3,000,000,000",11.5,12.293,12.162
273,EGT99808BB14,08/02/2011,08/11/2011,"2,000,000,000","3,366,950,000","2,000,000,000",11,12.53,11.657
273,EGT99804AB19,04/01/2011,04/10/2011,"3,000,000,000","8,468,200,000","3,000,000,000",10.501,10.7,10.675
273,EGT9980R9B19,28/12/2010,27/09/2011,"3,500,000,000","8,033,625,000","3,500,000,000",10.501,10.7,10.661
273,EGT9980K9B14,21/12/2010,20/09/2011,"3,500,000,000","6,905,350,000","3,500,000,000",10.4,10.564,10.514
273,EGT998069B11,07/12/2010,06/09/2011,"3,500,000,000","7,243,625,000","2,500,000,000",10.285,10.456,10.42
273,EGT9980Q7B13,26/10/2010,26/07/2011,"3,000,000,000","5,269,625,000","3,000,000,000",9.951,10.4,10.339
273,EGT998057B15,05/10/2010,05/07/2011,"3,000,000,000","6,539,000,000","3,000,000,000",9.951,10.08,10.017
273,EGT9980S6B10,28/09/2010,28/06/2011,"3,000,000,000","8,974,775,000","3,000,000,000",10.2,10.325,10.275
273,EGT9980V5B15,31/08/2010,31/05/2011,"3,000,000,000","5,827,750,000","3,000,000,000",10.24,10.341,10.298
273,EGT998035B12,03/08/2010,03/05/2011,"3,000,000,000","9,586,000,000","3,000,000,000",10.449,10.56,10.534
273,EGT998054B18,06/07/2010,05/04/2011,"3,000,000,000","6,476,600,000","3,000,000,000",10.65,10.759,10.732
273,EGT9980M3B16,22/06/2010,22/03/2011,"3,000,000,000","8,220,850,000","3,000,000,000",10.7,10.841,10.82
273,EGT998013B18,01/06/2010,01/03/2011,"3,000,000,000","4,414,425,000","3,000,000,000",10.6,10.791,10.716
273,EGT998082B14,11/05/2010,08/02/2011,"3,000,000,000","5,838,050,000","3,000,000,000",10.4,10.58,10.52
273,EGT9980P1B11,27/04/2010,25/01/2011,"3,000,000,000","4,214,500,000","3,000,000,000",10.15,10.411,10.302
273,EGT998041B14,06/04/2010,04/01/2011,"3,000,000,000","7,816,850,000","3,000,000,000",10.101,10.319,10.228
273,EGT9980SCA18,30/03/2010,28/12/2010,"3,000,000,000","6,889,100,000","3,000,000,000",10.2,10.4,10.339
273,EGT9980YBA11,02/03/2010,30/11/2010,"3,000,000,000","5,853,900,000","3,000,000,000",10.2,10.4,10.372
273,EGT9980KBA17,02/02/2010,02/11/2010,"3,000,000,000","10,294,450,000","3,000,000,000",11,11.279,11.232
273,EGT99805AA19,05/01/2010,05/10/2010,"3,000,000,000","4,423,200,000","3,000,000,000",11.25,11.669,11.559
273,EGT9980S9A18,29/12/2009,28/09/2010,"3,000,000,000","4,295,300,000","2,442,300,000",11.25,11.53,11.413
273,EGT9980E9A18,15/12/2009,14/09/2010,"3,000,000,000","6,598,600,000","3,000,000,000",11,11.418,11.345
273,EGT9980V8A13,01/12/2009,31/08/2010,"3,000,000,000","3,078,350,000","1,500,000,000",10.98,11.449,11.332
273,EGT9980H8A12,17/11/2009,17/08/2010,"3,000,000,000","3,776,150,000","3,000,000,000",10.251,10.589,10.469
273,EGT998038A10,03/11/2009,03/08/2010,"3,000,000,000","5,505,150,000","3,000,000,000",10.09,10.26,10.211
273,EGT9980K7A17,20/10/2009,20/07/2010,"3,000,000,000","3,360,300,000","2,500,000,000",9.85,10.4,10.247
273,EGT998067A14,06/10/2009,06/07/2010,"3,000,000,000","3,317,000,000","3,000,000,000",9.7,9.9,9.781
273,EGT9980T6A19,29/09/2009,29/06/2010,"3,000,000,000","5,465,500,000","3,000,000,000",9.6,9.75,9.707
273,EGT9980M6A14,22/09/2009,22/06/2010,"3,000,000,000","7,068,525,000","3,000,000,000",9.73,9.79,9.774
273,EGT9980F6A18,15/09/2009,15/06/2010,"3,000,000,000","6,040,750,000","3,000,000,000",9.7,9.812,9.801
273,EGT998086A11,08/09/2009,08/06/2010,"3,500,000,000","7,029,000,000","3,500,000,000",9.7,9.82,9.803
273,EGT998016A16,01/09/2009,01/06/2010,"3,000,000,000","6,000,000,000","3,000,000,000",9.74,9.81,9.781
273,EGT9980P5A18,25/08/2009,25/05/2010,"3,000,000,000","6,003,000,000","3,000,000,000",9.758,9.815,9.794
273,EGT9980I5A13,18/08/2009,18/05/2010,"3,000,000,000","6,670,000,000","3,000,000,000",9.75,9.84,9.813
273,EGT9980B5A18,11/08/2009,11/05/2010,"3,000,000,000","7,304,575,000","3,000,000,000",9.75,9.84,9.803
273,EGT998045A11,04/08/2009,04/05/2010,"3,000,000,000","4,127,000,000","3,000,000,000",10.251,10.325,10.295
273,EGT9980R4A15,28/07/2009,27/04/2010,"2,500,000,000","4,108,250,000","2,500,000,000",10.251,10.344,10.319
273,EGT9980K4A10,21/07/2009,20/04/2010,"3,000,000,000","6,158,325,000","3,000,000,000",10,10.37,10.343
273,EGT9980D4A15,14/07/2009,13/04/2010,"3,000,000,000","4,882,500,000","3,000,000,000",10.231,10.39,10.34
273,EGT998064A17,07/07/2009,06/04/2010,"3,000,000,000","5,516,725,000","3,000,000,000",10.251,10.42,10.374
273,EGT9980Y3A12,30/06/2009,30/03/2010,"2,000,000,000","3,764,375,000","2,000,000,000",9.9,10.4,10.253
273,EGT998093A12,09/06/2009,09/03/2010,"3,000,000,000","5,755,100,000","3,000,000,000",10.15,10.42,10.319
273,EGT998023A17,02/06/2009,02/03/2010,"2,000,000,000","3,086,800,000","2,000,000,000",10,10.519,10.353
273,EGT9980N2A16,26/05/2009,23/02/2010,"3,000,000,000","4,252,275,000","3,000,000,000",9.98,10.449,10.271
273,EGT9980G2A10,19/05/2009,16/02/2010,"3,000,000,000","5,949,000,000","3,000,000,000",10.32,10.47,10.4
273,EGT998092A13,12/05/2009,09/02/2010,"3,000,000,000","7,582,825,000","3,000,000,000",10.32,10.55,10.463
273,EGT998022A18,05/05/2009,02/02/2010,"3,000,000,000","5,551,350,000","3,000,000,000",10.3,10.67,10.522
273,EGT9980C1A10,14/04/2009,12/01/2010,"3,000,000,000","4,966,050,000","3,000,000,000",10.449,10.67,10.606
273,EGT9980TC913,31/03/2009,29/12/2009,"3,000,000,000","6,630,850,000","3,000,000,000",10.101,10.641,10.6
273,EGT9980MC918,24/03/2009,22/12/2009,"3,000,000,000","6,857,600,000","3,000,000,000",10.501,10.621,10.578
273,EGT99808C915,10/03/2009,08/12/2009,"3,000,000,000","5,543,400,000","3,000,000,000",10.4,10.82,10.716
273,EGT9980OB916,24/02/2009,24/11/2009,"3,000,000,000","5,051,125,000","3,000,000,000",10.95,11.24,11.147
273,EGT9980HB910,17/02/2009,17/11/2009,"3,000,000,000","5,714,775,000","3,000,000,000",11.5,11.719,11.641
273,EGT9980AB915,10/02/2009,10/11/2009,"3,000,000,000","5,623,275,000","3,000,000,000",11.199,12.1,11.981
273,EGT9980RA911,27/01/2009,27/10/2009,"3,000,000,000","6,512,325,000","3,000,000,000",11.35,11.49,11.446
273,EGT9980KA916,20/01/2009,20/10/2009,"2,500,000,000","4,763,200,000","2,500,000,000",11.38,11.601,11.531
273,EGT9980DA911,13/01/2009,13/10/2009,"2,000,000,000","4,891,600,000","2,000,000,000",11.601,11.7,11.68
273,EGT99806A913,06/01/2009,06/10/2009,"2,000,000,000","3,695,500,000","2,000,000,000",11.719,11.99,11.921
273,EGT9980T9915,30/12/2008,29/09/2009,"2,500,000,000","4,467,700,000","2,500,000,000",11.53,11.73,11.668
273,EGT9980M9912,23/12/2008,22/09/2009,"2,500,000,000","5,164,800,000","2,500,000,000",11.5,11.689,11.644
273,EGT9980F9911,16/12/2008,15/09/2009,"2,500,000,000","5,161,900,000","2,500,000,000",11.65,11.83,11.771
273,EGT998089912,09/12/2008,08/09/2009,"2,500,000,000","4,721,125,000","2,500,000,000",11.5,11.93,11.858
273,EGT998019919,02/12/2008,01/09/2009,"2,500,000,000","5,502,000,000","2,500,000,000",11.68,12.051,11.922
273,EGT9980P8911,25/11/2008,25/08/2009,"2,500,000,000","5,602,950,000","2,500,000,000",12,12.39,12.272
273,EGT9980I8910,18/11/2008,18/08/2009,"2,500,000,000","5,026,900,000","2,500,000,000",11.5,12.8,12.556
273,EGT9980B8917,11/11/2008,11/08/2009,"2,500,000,000","5,625,950,000","2,500,000,000",12.899,13.651,13.04
273,EGT998048918,04/11/2008,04/08/2009,"2,500,000,000","3,315,000,000","2,500,000,000",13.399,14.441,13.982
273,EGT9980S7910,28/10/2008,28/07/2009,"1,500,000,000","2,446,000,000","1,500,000,000",12.7,13.5,13.257
273,EGT9980L7917,21/10/2008,21/07/2009,"2,000,000,000","3,997,725,000","2,000,000,000",13.449,13.945,13.724
273,EGT9980E7916,14/10/2008,14/07/2009,"2,000,000,000","4,208,950,000","2,000,000,000",13.95,14.691,14.521
280,EGT998069B11,30/11/2010,06/09/2011,"3,500,000,000","7,268,975,000","3,500,000,000",10.1,10.375,10.322
336,EGT9980G2R11,17/03/2026,16/02/2027,"25,000,000,000","68,060,775,000","49,917,775,000",23.400,23.400,23.400
336,EGT998092R14,10/03/2026,09/02/2027,"20,000,000,000","47,993,725,000","31,000,725,000",23.000,23.400,23.258
336,EGT998022R19,03/03/2026,02/02/2027,"25,000,000,000","59,582,725,000","44,599,725,000",23.009,23.329,23.325
343,EGT9980O4C10,17/05/2011,24/04/2012,"3,500,000,000","4,380,700,000","2,785,000,000",12.8,12.999,12.917
350,EGT9980BCC15,27/12/2011,11/12/2012,"3,500,000,000","4,477,800,000","2,100,000,000",15.1,15.351,15.292
350,EGT9980DBC14,29/11/2011,13/11/2012,"3,500,000,000","4,051,250,000","1,169,975,000",14,14.991,14.932
350,EGT9980B9C12,27/09/2011,11/09/2012,"3,500,000,000","6,549,575,000","3,500,000,000",13.499,13.969,13.882
350,EGT9980L8C12,06/09/2011,21/08/2012,"3,500,000,000","3,906,700,000","3,500,000,000",12.9,13.39,13.078
350,EGT9980V7C12,16/08/2011,31/07/2012,"3,500,000,000","4,721,425,000","2,325,000,000",12.8,12.995,12.979
350,EGT998037C19,26/07/2011,10/07/2012,"3,500,000,000","6,446,400,000","3,500,000,000",12.65,12.83,12.781
350,EGT9980C6C13,28/06/2011,12/06/2012,"3,500,000,000","3,575,475,000","1,100,000,000",12.93,12.999,12.982
350,EGT9980M5C13,07/06/2011,22/05/2012,"3,500,000,000","5,017,650,000","2,890,000,000",12.85,12.997,12.96
350,EGT9980O4C10,10/05/2011,24/04/2012,"3,500,000,000","5,088,900,000","2,850,000,000",12.7,12.989,12.878
350,EGT998034C12,19/04/2011,03/04/2012,"3,500,000,000","6,202,500,000","3,500,000,000",12.351,12.73,12.584
350,EGT9980D3C14,29/03/2011,13/03/2012,"3,500,000,000","6,654,950,000","3,500,000,000",11.999,12.77,12.395
350,EGT9980L2C18,08/03/2011,21/02/2012,"3,500,000,000","4,120,550,000","3,500,000,000",11.9,12.98,12.521
350,EGT99806CB15,21/12/2010,06/12/2011,"3,500,000,000","8,245,850,000","3,500,000,000",10.3,10.57,10.541
350,EGT99808BB14,23/11/2010,08/11/2011,"3,500,000,000","8,253,975,000","3,500,000,000",10.34,10.47,10.43
350,EGT9980BAB18,26/10/2010,11/10/2011,"3,500,000,000","7,178,150,000","3,500,000,000",10.1,10.55,10.509
350,EGT9980Y8B16,14/09/2010,30/08/2011,"3,000,000,000","7,533,800,000","3,000,000,000",10.45,10.58,10.549
350,EGT998098B16,24/08/2010,09/08/2011,"3,000,000,000","8,856,075,000","3,000,000,000",10.25,10.499,10.472
350,EGT9980C7B13,27/07/2010,12/07/2011,"3,000,000,000","7,570,300,000","3,000,000,000",10.701,10.845,10.827
350,EGT9980A5B19,25/05/2010,10/05/2011,"2,000,000,000","4,077,475,000","2,000,000,000",10.499,10.63,10.57
350,EGT9980C4B16,27/04/2010,12/04/2011,"3,000,000,000","7,377,750,000","3,000,000,000",10.1,10.4,10.312
350,EGT998083B13,23/03/2010,08/03/2011,"2,000,000,000","5,575,000,000","2,000,000,000",10.25,10.369,10.315
350,EGT998082B14,23/02/2010,08/02/2011,"3,000,000,000","14,837,250,000","3,000,000,000",10.69,10.74,10.714
350,EGT9980B1B11,26/01/2010,11/01/2011,"2,000,000,000","6,160,675,000","2,000,000,000",11.23,11.38,11.33
350,EGT9980D7A12,28/07/2009,13/07/2010,"3,000,000,000","4,322,675,000","3,000,000,000",10.28,10.39,10.348
350,EGT9980F6A18,30/06/2009,15/06/2010,"3,000,000,000","4,009,025,000","3,000,000,000",9.9,10.47,10.273
350,EGT998045A11,19/05/2009,04/05/2010,"3,000,000,000","7,029,750,000","3,000,000,000",10.32,10.429,10.383
350,EGT998064A17,21/04/2009,06/04/2010,"3,000,000,000","6,590,550,000","3,000,000,000",10.29,10.59,10.486
350,EGT998022A18,17/02/2009,02/02/2010,"3,000,000,000","6,061,875,000","3,000,000,000",11.43,11.64,11.57
350,EGT998051A12,20/01/2009,05/01/2010,"3,000,000,000","8,250,325,000","3,000,000,000",11.33,11.54,11.458
357,EGT998026Q16,10/06/2025,02/06/2026,"40,000,000,000","61,997,450,000","13,574,450,000",24.500,25.249,25.237
357,EGT9980VCO17,09/01/2024,31/12/2024,"35,000,000,000","25,202,650,000","8,694,150,000",25.000,27.699,27.669
357,EGT9980L6M12,29/06/2021,21/06/2022,"7,000,000,000","15,672,525,000","8,112,525,000",13.000,13.250,13.225
357,EGT998076M19,15/06/2021,07/06/2022,"7,000,000,000","24,940,575,000","11,524,150,000",13.000,13.289,13.285
357,EGT9980O5M17,01/06/2021,24/05/2022,"7,000,000,000","20,273,875,000","11,256,950,000",13.150,13.340,13.329
357,EGT9980A5M16,18/05/2021,10/05/2022,"7,000,000,000","19,861,900,000","15,020,500,000",13.000,13.370,13.351
357,EGT9980Q4M13,04/05/2021,26/04/2022,"7,000,000,000","16,171,575,000","8,584,000,000",13.199,13.380,13.360
357,EGT9980C4M13,20/04/2021,12/04/2022,"7,000,000,000","19,405,525,000","12,656,525,000",13.199,13.390,13.372
357,EGT9980T3M18,06/04/2021,29/03/2022,"7,000,000,000","17,488,650,000","7,000,000,000",13.000,13.401,13.368
357,EGT9980F3M17,23/03/2021,15/03/2022,"7,000,000,000","24,461,875,000","9,234,475,000",13.000,13.370,13.356
357,EGT998013M15,09/03/2021,01/03/2022,"7,000,000,000","28,489,400,000","6,632,975,000",13.090,13.319,13.293
357,EGT9980F2M18,23/02/2021,15/02/2022,"12,250,000,000","30,263,475,000","7,318,475,000",13.000,13.259,13.227
357,EGT998012M16,09/02/2021,01/02/2022,"12,250,000,000","50,992,525,000","30,959,600,000",12.900,13.250,13.156
357,EGT9980I1M13,26/01/2021,18/01/2022,"12,250,000,000","18,056,225,000","12,250,000,000",12.700,13.080,12.996
357,EGT998041M11,12/01/2021,04/01/2022,"12,250,000,000","32,221,925,000","17,357,275,000",12.500,12.941,12.870
357,EGT9980LCL12,29/12/2020,21/12/2021,"11,500,000,000","12,864,400,000","4,922,475,000",12.301,12.900,12.767
357,EGT99807CL12,15/12/2020,07/12/2021,"11,500,000,000","30,762,200,000","11,500,000,000",12.950,13.050,13.005
357,EGT9980NBL11,01/12/2020,23/11/2021,"12,000,000,000","43,772,275,000","12,000,000,000",13.100,13.330,13.313
357,EGT99809BL11,17/11/2020,09/11/2021,"12,000,000,000","53,873,375,000","42,080,750,000",13.199,13.420,13.351
357,EGT9980QAL19,03/11/2020,26/10/2021,"12,000,000,000","27,826,200,000","21,945,200,000",13.350,13.690,13.660
357,EGT9980CAL15,20/10/2020,12/10/2021,"12,000,000,000","28,425,800,000","18,518,800,000",13.199,13.550,13.513
357,EGT9980S9L15,06/10/2020,28/09/2021,"12,000,000,000","33,409,875,000","22,391,850,000",13.000,13.500,13.459
357,EGT9980E9L15,22/09/2020,14/09/2021,"11,000,000,000","39,182,300,000","14,321,650,000",13.550,13.700,13.673
357,EGT9980V8L10,08/09/2020,31/08/2021,"11,000,000,000","46,243,300,000","16,593,325,000",13.500,13.580,13.552
357,EGT9980H8L19,25/08/2020,17/08/2021,"11,000,000,000","28,887,225,000","24,003,225,000",13.550,13.880,13.836
357,EGT998038L17,11/08/2020,03/08/2021,"11,000,000,000","32,696,900,000","28,957,650,000",13.401,13.840,13.786
357,EGT9980K7L14,28/07/2020,20/07/2021,"11,000,000,000","22,379,975,000","17,204,975,000",13.250,13.640,13.585
357,EGT998067L11,14/07/2020,06/07/2021,"11,000,000,000","38,171,425,000","22,227,000,000",13.199,13.650,13.610
357,EGT9980F6L15,23/06/2020,15/06/2021,"7,000,000,000","14,551,650,000","3,654,150,000",12.251,13.000,12.792
357,EGT998016L13,09/06/2020,01/06/2021,"7,000,000,000","15,686,100,000","11,299,600,000",12.251,12.500,12.459
357,EGT9980I5L10,26/05/2020,18/05/2021,"10,500,000,000","16,469,825,000","4,774,825,000",12.100,12.520,12.479
357,EGT998045L18,12/05/2020,04/05/2021,"10,500,000,000","24,256,375,000","10,500,000,000",12.251,12.649,12.627
357,EGT9980K4L17,28/04/2020,20/04/2021,"10,500,000,000","19,338,575,000","10,500,000,000",12.000,12.540,12.461
357,EGT998064L14,14/04/2020,06/04/2021,"10,500,000,000","28,755,200,000","10,500,000,000",12.030,12.270,12.238
357,EGT9980G3L16,24/03/2020,16/03/2021,"10,500,000,000","30,434,950,000","13,203,800,000",13.000,13.300,13.280
357,EGT998023L14,10/03/2020,02/03/2021,"10,500,000,000","33,570,100,000","17,163,200,000",13.750,14.030,14.016
357,EGT9980G2L17,25/02/2020,16/02/2021,"10,500,000,000","23,750,875,000","10,500,000,000",13.490,13.660,13.642
357,EGT998022L15,11/02/2020,02/02/2021,"10,500,000,000","39,390,950,000","10,500,000,000",13.500,14.148,14.116
357,EGT9980J1L12,28/01/2020,19/01/2021,"10,500,000,000","32,680,125,000","15,742,850,000",13.600,14.200,14.157
357,EGT998051L19,14/01/2020,05/01/2021,"10,500,000,000","54,021,525,000","26,894,375,000",14.401,14.580,14.543
357,EGT9980MCK12,31/12/2019,22/12/2020,"9,500,000,000","18,232,675,000","13,984,400,000",14.000,14.641,14.578
357,EGT99808CK12,17/12/2019,08/12/2020,"9,500,000,000","24,124,450,000","13,831,800,000",14.500,14.890,14.863
357,EGT9980OBK11,03/12/2019,24/11/2020,"9,500,000,000","12,291,800,000","7,056,050,000",14.250,14.950,14.873
357,EGT9980ABK17,19/11/2019,10/11/2020,"9,500,000,000","14,422,475,000","10,707,450,000",14.250,14.760,14.721
357,EGT9980RAK19,05/11/2019,27/10/2020,"9,500,000,000","22,233,425,000","13,391,350,000",15.000,15.151,15.115
357,EGT9980DAK15,22/10/2019,13/10/2020,"9,500,000,000","22,145,425,000","12,231,775,000",15.000,15.221,15.183
357,EGT9980T9K14,08/10/2019,29/09/2020,"9,500,000,000","15,630,175,000","13,345,175,000",15.000,15.600,15.515
357,EGT9980F9K13,24/09/2019,15/09/2020,"9,500,000,000","37,574,750,000","12,396,750,000",14.840,14.950,14.923
357,EGT998019K11,10/09/2019,01/09/2020,"9,500,000,000","22,700,300,000","13,035,950,000",16.000,16.250,16.191
357,EGT9980I8K18,27/08/2019,18/08/2020,"9,500,000,000","36,360,350,000","9,500,000,000",16.500,16.531,16.511
357,EGT998048K16,13/08/2019,04/08/2020,"9,500,000,000","12,875,225,000","9,500,000,000",17.000,17.481,17.398
357,EGT9980L7K13,30/07/2019,21/07/2020,"9,750,000,000","12,025,325,000","6,885,325,000",16.950,17.300,17.212
357,EGT998077K10,16/07/2019,07/07/2020,"9,750,000,000","25,788,550,000","13,374,775,000",16.870,17.100,17.022
357,EGT9980N6K10,02/07/2019,23/06/2020,"9,750,000,000","14,689,625,000","9,750,000,000",17.199,17.350,17.324
357,EGT998096K17,18/06/2019,09/06/2020,"9,500,000,000","17,203,025,000","12,039,875,000",17.190,17.271,17.235
357,EGT9980Q5K14,04/06/2019,26/05/2020,"9,500,000,000","12,735,800,000","5,515,600,000",16.000,17.389,17.339
357,EGT9980C5K14,21/05/2019,12/05/2020,"9,250,000,000","18,335,825,000","9,250,000,000",17.000,17.410,17.375
357,EGT9980S4K11,07/05/2019,28/04/2020,"9,500,000,000","12,418,925,000","8,369,925,000",16.800,17.250,17.176
357,EGT9980E4K11,23/04/2019,14/04/2020,"9,500,000,000","35,428,175,000","9,500,000,000",17.000,17.041,17.025
357,EGT9980V3K16,09/04/2019,31/03/2020,"9,500,000,000","21,059,675,000","9,500,000,000",16.750,17.401,17.353
357,EGT9980H3K15,26/03/2019,17/03/2020,"9,500,000,000","30,435,100,000","10,535,525,000",17.199,17.370,17.329
357,EGT998033K13,12/03/2019,03/03/2020,"9,250,000,000","34,220,275,000","14,006,000,000",17.250,17.650,17.611
357,EGT9980I2K14,26/02/2019,18/02/2020,"9,250,000,000","20,604,025,000","10,006,725,000",17.000,17.139,17.104
357,EGT998042K12,12/02/2019,04/02/2020,"9,250,000,000","16,780,425,000","7,950,700,000",14.144,18.259,18.200
357,EGT9980L1K19,29/01/2019,21/01/2020,"9,000,000,000","31,821,400,000","14,077,475,000",18.000,18.440,18.404
357,EGT998071K16,15/01/2019,07/01/2020,"9,250,000,000","33,381,600,000","13,386,375,000",19.000,19.460,19.371
357,EGT9980OCJ13,01/01/2019,24/12/2019,"9,250,000,000","26,124,500,000","13,377,850,000",18.000,19.979,19.975
357,EGT9980ACJ19,18/12/2018,10/12/2019,"9,250,000,000","18,326,025,000","14,685,225,000",18.500,19.990,19.981
357,EGT9980QBJ12,04/12/2018,26/11/2019,"9,500,000,000","18,969,300,000","13,248,900,000",18.500,19.990,19.957
357,EGT9980CBJ18,20/11/2018,12/11/2019,"9,250,000,000","11,458,150,000","10,567,150,000",19.299,19.950,19.869
357,EGT9980TAJ10,06/11/2018,29/10/2019,"9,250,000,000","15,530,475,000","10,547,025,000",19.501,19.830,19.778
357,EGT9980FAJ16,23/10/2018,15/10/2019,"9,500,000,000","21,196,650,000","9,500,000,000",19.250,19.911,19.877
357,EGT99801AJ14,09/10/2018,01/10/2019,"9,250,000,000","16,038,325,000","11,301,525,000",19.250,19.740,19.686
357,EGT9980H9J12,25/09/2018,17/09/2019,"8,500,000,000","15,064,275,000","10,579,050,000",18.500,19.530,19.439
357,EGT998039J10,11/09/2018,03/09/2019,"8,750,000,000","15,483,450,000","8,708,950,000",18.900,19.299,19.248
357,EGT9980K8J17,28/08/2018,20/08/2019,"8,750,000,000","16,488,650,000","10,649,650,000",18.880,19.131,19.083
357,EGT998068J14,14/08/2018,06/08/2019,"8,500,000,000","12,937,900,000","11,614,000,000",18.200,18.880,18.814
357,EGT9980N7J12,31/07/2018,23/07/2019,"8,500,000,000","24,535,150,000","8,500,000,000",18.000,18.750,18.727
357,EGT998097J19,17/07/2018,09/07/2019,"8,500,000,000","25,242,075,000","8,500,000,000",18.750,19.401,19.379
357,EGT9980P6J18,03/07/2018,25/06/2019,"8,500,000,000","15,098,650,000","10,274,900,000",18.750,19.230,19.113
357,EGT9980B6J18,19/06/2018,11/06/2019,"8,500,000,000","14,141,775,000","10,831,775,000",17.900,18.570,18.427
357,EGT9980S5J13,05/06/2018,28/05/2019,"8,500,000,000","20,662,175,000","12,174,450,000",18.000,18.700,18.617
357,EGT9980E5J13,22/05/2018,14/05/2019,"7,750,000,000","9,477,700,000","5,062,175,000",17.350,18.520,18.408
357,EGT9980Y4J12,08/05/2018,30/04/2019,"8,500,000,000","10,591,525,000","7,807,525,000",16.750,17.139,17.020
357,EGT9980G4J19,24/04/2018,16/04/2019,"8,000,000,000","11,568,100,000","5,986,100,000",16.500,16.950,16.840
357,EGT998024J17,10/04/2018,02/04/2019,"8,000,000,000","13,323,950,000","8,589,950,000",16.000,16.640,16.555
357,EGT9980J3J14,27/03/2018,19/03/2019,"7,750,000,000","16,186,700,000","7,750,000,000",16.000,16.829,16.680
357,EGT998053J11,13/03/2018,05/03/2019,"8,250,000,000","24,992,200,000","10,668,350,000",16.451,16.670,16.587
357,EGT9980J2J15,27/02/2018,19/02/2019,"8,500,000,000","15,950,725,000","7,931,925,000",16.000,16.890,16.826
357,EGT998052J12,13/02/2018,05/02/2019,"8,250,000,000","17,154,650,000","8,118,600,000",16.150,16.590,16.435
357,EGT9980M1J10,30/01/2018,22/01/2019,"7,500,000,000","18,721,600,000","5,883,975,000",16.900,17.220,17.113
357,EGT998081J17,16/01/2018,08/01/2019,"7,750,000,000","26,689,500,000","7,750,000,000",17.250,17.619,17.554
357,EGT9980PCI13,02/01/2018,25/12/2018,"7,500,000,000","13,555,100,000","7,500,000,000",17.000,17.850,17.689
357,EGT9980BCI19,19/12/2017,11/12/2018,"6,750,000,000","22,744,400,000","8,384,450,000",17.500,18.110,18.059
357,EGT9980RBI12,05/12/2017,27/11/2018,"8,250,000,000","16,381,000,000","9,264,500,000",17.500,18.650,18.485
357,EGT9980DBI18,21/11/2017,13/11/2018,"7,000,000,000","20,071,275,000","9,096,875,000",17.172,17.890,17.825
357,EGT9980YAI14,07/11/2017,30/10/2018,"7,000,000,000","17,288,675,000","10,393,925,000",17.401,17.731,17.646
357,EGT9980GAI16,24/10/2017,16/10/2018,"6,750,000,000","23,662,600,000","7,982,200,000",17.700,17.900,17.853
357,EGT99802AI14,10/10/2017,02/10/2018,"7,000,000,000","25,466,325,000","8,667,500,000",17.500,18.550,18.447
357,EGT9980I9I11,26/09/2017,18/09/2018,"6,500,000,000","24,487,600,000","7,804,250,000",17.750,17.939,17.868
357,EGT998049I19,12/09/2017,04/09/2018,"6,750,000,000","28,769,275,000","8,170,175,000",18.700,18.880,18.827
357,EGT9980L8I16,29/08/2017,21/08/2018,"7,000,000,000","20,994,900,000","10,207,325,000",18.000,19.200,19.015
357,EGT998078I13,15/08/2017,07/08/2018,"8,000,000,000","18,202,900,000","9,833,875,000",18.000,18.880,18.705
357,EGT9980O7I11,01/08/2017,24/07/2018,"7,000,000,000","26,559,575,000","8,483,850,000",20.601,21.109,20.952
357,EGT9980A7I10,18/07/2017,10/07/2018,"6,750,000,000","27,829,325,000","8,971,850,000",21.000,22.100,21.993
357,EGT9980Q6I17,04/07/2017,26/06/2018,"6,750,000,000","14,029,000,000","9,284,850,000",20.350,21.250,21.047
357,EGT9980C6I17,20/06/2017,12/06/2018,"6,000,000,000","14,922,825,000","6,643,450,000",20.000,20.380,20.307
357,EGT9980T5I12,06/06/2017,29/05/2018,"6,000,000,000","15,075,000,000","7,127,400,000",19.900,20.601,20.494
357,EGT9980F5I11,23/05/2017,15/05/2018,"6,000,000,000","16,538,875,000","6,000,000,000",19.149,19.830,19.698
357,EGT998015I19,09/05/2017,01/05/2018,"6,000,000,000","9,862,400,000","6,000,000,000",18.500,19.110,19.050
357,EGT9980H4I18,25/04/2017,17/04/2018,"6,000,000,000","18,037,075,000","6,143,425,000",18.500,19.060,19.032
357,EGT998034I16,11/04/2017,03/04/2018,"6,250,000,000","15,734,675,000","8,792,725,000",18.754,19.203,19.122
357,EGT9980K3I13,28/03/2017,20/03/2018,"5,250,000,000","19,086,600,000","5,250,000,000",16.669,19.268,19.200
357,EGT998063I10,14/03/2017,06/03/2018,"5,250,000,000","17,798,025,000","8,832,450,000",18.000,18.690,18.549
357,EGT9980K2I14,28/02/2017,20/02/2018,"5,250,000,000","17,601,650,000","5,250,000,000",16.500,19.911,19.810
357,EGT998062I11,14/02/2017,06/02/2018,"5,250,000,000","26,539,750,000","6,593,525,000",17.490,17.888,17.725
357,EGT9980N1I19,31/01/2017,23/01/2018,"5,250,000,000","15,414,650,000","5,450,875,000",19.794,20.180,19.995
357,EGT998091I16,17/01/2017,09/01/2018,"5,500,000,000","14,284,650,000","5,500,000,000",18.500,20.200,20.109
357,EGT9980QCH13,03/01/2017,26/12/2017,"4,750,000,000","6,979,700,000","4,750,000,000",19.000,19.900,19.829
357,EGT9980CCH19,20/12/2016,12/12/2017,"3,000,000,000","7,979,650,000","3,000,000,000",18.350,19.090,18.983
357,EGT9980SBH12,06/12/2016,28/11/2017,"3,000,000,000","8,633,325,000","3,000,000,000",17.500,18.640,18.508
357,EGT9980EBH18,22/11/2016,14/11/2017,"3,500,000,000","14,861,425,000","3,500,000,000",17.250,17.750,17.606
357,EGT9980HAH16,25/10/2016,17/10/2017,"6,000,000,000","6,389,400,000","4,808,200,000",15.531,16.560,16.503
357,EGT99803AH14,11/10/2016,03/10/2017,"6,000,000,000","8,041,825,000","6,000,000,000",16.200,16.451,16.439
357,EGT9980J9H10,27/09/2016,19/09/2017,"6,000,000,000","6,616,600,000","4,209,500,000",16.000,16.451,16.437
357,EGT998059H17,13/09/2016,05/09/2017,"6,000,000,000","7,495,750,000","6,000,000,000",15.901,16.500,16.105
357,EGT9980M8H15,30/08/2016,22/08/2017,"6,000,000,000","8,430,125,000","6,000,000,000",15.300,16.140,16.071
357,EGT998088H12,16/08/2016,08/08/2017,"6,000,000,000","11,709,575,000","6,000,000,000",15.499,15.968,15.914
357,EGT9980P7H19,02/08/2016,25/07/2017,"5,500,000,000","6,642,500,000","4,586,650,000",15.600,16.000,15.947
357,EGT9980B7H19,19/07/2016,11/07/2017,"5,500,000,000","9,535,450,000","5,500,000,000",15.099,15.680,15.617
357,EGT9980R6H16,05/07/2016,27/06/2017,"5,500,000,000","9,761,725,000","5,500,000,000",14.000,15.221,15.185
357,EGT9980D6H16,21/06/2016,13/06/2017,"5,000,000,000","9,607,500,000","5,000,000,000",13.900,14.240,14.188
357,EGT9980Y5H13,07/06/2016,30/05/2017,"5,000,000,000","12,868,850,000","5,000,000,000",13.800,14.079,14.034
357,EGT9980G5H10,24/05/2016,16/05/2017,"5,000,000,000","7,287,725,000","5,000,000,000",13.900,14.150,14.083
357,EGT998025H18,10/05/2016,02/05/2017,"5,000,000,000","12,843,300,000","5,000,000,000",13.844,14.011,13.968
357,EGT9980I4H17,26/04/2016,18/04/2017,"5,000,000,000","9,339,550,000","5,000,000,000",14.000,14.458,14.412
357,EGT998044H15,12/04/2016,04/04/2017,"5,000,000,000","12,467,100,000","5,000,000,000",13.750,13.989,13.944
357,EGT998072H10,16/02/2016,07/02/2017,"4,500,000,000","7,039,600,000","4,500,000,000",12.050,12.149,12.131
357,EGT9980FCF18,23/12/2014,15/12/2015,"4,000,000,000","6,331,800,000","4,000,000,000",11.699,11.849,11.788
357,EGT99801CF16,09/12/2014,01/12/2015,"4,000,000,000","10,550,725,000","4,000,000,000",11.87,11.93,11.907
357,EGT9980HBF17,25/11/2014,17/11/2015,"4,000,000,000","11,421,225,000","4,000,000,000",12.079,12.13,12.109
357,EGT99803BF15,11/11/2014,03/11/2015,"4,000,000,000","7,290,150,000","4,000,000,000",12.01,12.201,12.146
357,EGT9980KAF13,28/10/2014,20/10/2015,"4,000,000,000","9,947,200,000","4,000,000,000",12.201,12.31,12.294
357,EGT99806AF13,14/10/2014,06/10/2015,"4,000,000,000","9,127,400,000","4,000,000,000",12.201,12.389,12.354
357,EGT9980M9F16,30/09/2014,22/09/2015,"4,000,000,000","10,824,125,000","4,000,000,000",12.37,12.425,12.41
357,EGT998089F13,16/09/2014,08/09/2015,"4,000,000,000","6,759,775,000","4,000,000,000",12.38,12.54,12.476
357,EGT9980P8F10,02/09/2014,25/08/2015,"4,000,000,000","7,620,100,000","4,000,000,000",12,12.38,12.312
357,EGT9980B8F10,19/08/2014,11/08/2015,"3,500,000,000","10,430,800,000","3,500,000,000",11.95,12.14,12.114
357,EGT9980S7F15,05/08/2014,28/07/2015,"4,000,000,000","8,837,875,000","5,976,375,000",12.301,12.5,12.474
357,EGT9980E7F15,22/07/2014,14/07/2015,"3,500,000,000","8,460,500,000","3,500,000,000",10.5,11.15,11.133
357,EGT9980Y6F14,08/07/2014,30/06/2015,"3,500,000,000","7,864,150,000","3,500,000,000",10.7,11.12,11.076
357,EGT998096F14,17/06/2014,09/06/2015,"4,000,000,000","10,345,525,000","4,000,000,000",10.9,10.99,10.971
357,EGT9980Q5F11,03/06/2014,26/05/2015,"4,000,000,000","5,463,375,000","3,482,375,000",10.6,10.91,10.799
357,EGT9980C5F11,20/05/2014,12/05/2015,"4,000,000,000","10,488,225,000","4,000,000,000",10.78,10.88,10.836
357,EGT9980S4F18,06/05/2014,28/04/2015,"4,000,000,000","6,626,325,000","4,000,000,000",10.75,11.17,11.075
357,EGT9980E4F18,22/04/2014,14/04/2015,"4,000,000,000","5,786,375,000","4,000,000,000",10.7,10.825,10.791
357,EGT9980V3F13,08/04/2014,31/03/2015,"3,500,000,000","6,257,975,000","3,500,000,000",10.7,10.84,10.795
357,EGT9980H3F12,25/03/2014,17/03/2015,"4,000,000,000","9,342,400,000","4,000,000,000",10.69,10.795,10.745
357,EGT998033F10,11/03/2014,03/03/2015,"4,000,000,000","10,557,725,000","4,000,000,000",10.5,10.87,10.837
357,EGT9980H2F13,25/02/2014,17/02/2015,"3,500,000,000","7,982,550,000","3,500,000,000",10.351,10.777,10.754
357,EGT998032F11,11/02/2014,03/02/2015,"3,500,000,000","9,210,275,000","3,500,000,000",10.75,10.845,10.826
357,EGT9980K1F18,28/01/2014,20/01/2015,"3,500,000,000","10,112,300,000","3,500,000,000",10.5,10.93,10.908
357,EGT998061F15,14/01/2014,06/01/2015,"4,000,000,000","12,860,500,000","4,000,000,000",10.91,11.02,10.997
357,EGT9980GCE18,24/12/2013,16/12/2014,"4,000,000,000","8,557,250,000","4,000,000,000",10.75,11.279,11.228
357,EGT99802CE16,10/12/2013,02/12/2014,"4,000,000,000","9,710,900,000","4,000,000,000",11.099,11.34,11.327
357,EGT9980IBE17,26/11/2013,18/11/2014,"4,000,000,000","8,428,975,000","4,000,000,000",11,11.419,11.374
357,EGT99804BE15,12/11/2013,04/11/2014,"4,000,000,000","8,172,475,000","4,000,000,000",11,11.32,11.279
357,EGT9980LAE13,29/10/2013,21/10/2014,"4,000,000,000","9,481,525,000","4,000,000,000",10.9,11.22,11.167
357,EGT99807AE13,15/10/2013,07/10/2014,"4,000,000,000","10,171,225,000","4,000,000,000",10.5,11.02,10.956
357,EGT9980N9E15,01/10/2013,23/09/2014,"4,000,000,000","11,339,225,000","4,000,000,000",9.999,11.71,11.667
357,EGT998099E12,17/09/2013,09/09/2014,"4,000,000,000","13,752,875,000","4,000,000,000",11.401,11.57,11.539
357,EGT9980Q8E19,03/09/2013,26/08/2014,"4,000,000,000","7,818,775,000","4,000,000,000",12.251,12.84,12.777
357,EGT9980C8E19,20/08/2013,12/08/2014,"4,000,000,000","6,599,500,000","4,000,000,000",12.55,12.945,12.861
357,EGT9980T7E14,06/08/2013,29/07/2014,"4,000,000,000","9,018,800,000","4,000,000,000",13,13.47,13.326
357,EGT9980F7E13,23/07/2013,15/07/2014,"4,000,000,000","9,336,675,000","4,000,000,000",13.75,14.079,14.012
357,EGT998017E11,09/07/2013,01/07/2014,"4,000,000,000","8,900,425,000","4,000,000,000",14.25,14.831,14.609
357,EGT9980H6E10,25/06/2013,17/06/2014,"4,000,000,000","4,547,050,000","3,000,000,000",14.5,15.19,14.906
357,EGT998036E18,11/06/2013,03/06/2014,"4,000,000,000","6,004,825,000","4,000,000,000",14.5,14.99,14.839
357,EGT9980K5E15,28/05/2013,20/05/2014,"4,000,000,000","7,279,625,000","4,000,000,000",14,15.149,14.824
357,EGT998065E12,14/05/2013,06/05/2014,"4,000,000,000","6,295,250,000","4,000,000,000",13.75,14.91,14.739
357,EGT9980M4E12,30/04/2013,22/04/2014,"3,000,000,000","8,336,775,000","3,000,000,000",13.85,14.06,13.973
357,EGT998084E19,16/04/2013,08/04/2014,"3,500,000,000","9,354,800,000","3,500,000,000",13.75,14.868,14.816
357,EGT9980P3E16,02/04/2013,25/03/2014,"4,000,000,000","8,048,450,000","4,000,000,000",14.2,14.568,14.463
357,EGT9980B3E16,19/03/2013,11/03/2014,"4,000,000,000","12,331,575,000","4,000,000,000",13.7,13.81,13.776
357,EGT9980P2E17,05/03/2013,25/02/2014,"4,000,000,000","6,494,825,000","4,000,000,000",13.75,14,13.968
357,EGT9980B2E17,19/02/2013,11/02/2014,"4,000,000,000","9,166,500,000","4,000,000,000",13.75,14.05,14.003
357,EGT9980S1E12,05/02/2013,28/01/2014,"4,000,000,000","9,870,775,000","4,000,000,000",13.75,14.101,14.054
357,EGT9980E1E12,22/01/2013,14/01/2014,"4,000,000,000","14,630,000,000","4,000,000,000",14,14.101,14.054
357,EGT9980VCD10,08/01/2013,31/12/2013,"4,000,000,000","6,014,450,000","2,500,000,000",13.199,14.5,14.32
357,EGT9980HCD18,25/12/2012,17/12/2013,"3,500,000,000","5,903,050,000","3,500,000,000",13.25,13.63,13.539
357,EGT9980JBD17,27/11/2012,19/11/2013,"3,500,000,000","6,523,250,000","3,500,000,000",12.75,12.941,12.901
357,EGT99805BD15,13/11/2012,05/11/2013,"3,500,000,000","9,678,475,000","3,500,000,000",12.75,13.12,13.089
357,EGT9980MAD13,30/10/2012,22/10/2013,"3,500,000,000","6,472,900,000","3,500,000,000",12.75,13.18,13.088
357,EGT99808AD13,16/10/2012,08/10/2013,"3,500,000,000","9,847,450,000","3,500,000,000",13.25,13.75,13.712
357,EGT9980O9D14,02/10/2012,24/09/2013,"4,000,000,000","10,390,050,000","6,000,000,000",13,13.771,13.588
357,EGT9980A9D13,18/09/2012,10/09/2013,"3,500,000,000","14,837,775,000","3,500,000,000",14.5,15.048,15.007
357,EGT9980R8D18,04/09/2012,27/08/2013,"3,500,000,000","7,083,175,000","3,500,000,000",15.7,15.938,15.918
357,EGT9980D8D18,21/08/2012,13/08/2013,"3,500,000,000","5,228,725,000","3,500,000,000",15.8,15.97,15.931
357,EGT9980Y7D15,07/08/2012,30/07/2013,"3,500,000,000","4,796,200,000","2,000,000,000",15.6,15.781,15.755
357,EGT9980G7D12,24/07/2012,16/07/2013,"3,500,000,000","6,796,125,000","3,500,000,000",15.499,15.811,15.771
357,EGT998027D10,10/07/2012,02/07/2013,"3,500,000,000","9,108,025,000","3,500,000,000",15.83,15.903,15.871
357,EGT9980B6D14,19/06/2012,11/06/2013,"3,000,000,000","4,437,775,000","2,000,000,000",15.8,15.95,15.928
357,EGT9980S5D19,05/06/2012,28/05/2013,"2,500,000,000","5,436,575,000","2,500,000,000",15.8,15.92,15.89
357,EGT9980E5D19,22/05/2012,14/05/2013,"3,500,000,000","6,187,300,000","3,500,000,000",15.7,15.92,15.882
357,EGT9980Y4D18,08/05/2012,30/04/2013,"3,000,000,000","4,022,575,000","2,000,000,000",15.4,15.82,15.748
357,EGT9980G4D15,24/04/2012,16/04/2013,"3,500,000,000","6,469,125,000","4,000,000,000",15.4,15.62,15.554
357,EGT998024D13,10/04/2012,02/04/2013,"3,500,000,000","8,077,250,000","3,500,000,000",13.041,15.766,15.729
357,EGT9980J3D10,27/03/2012,19/03/2013,"3,500,000,000","9,084,200,000","3,500,000,000",15.689,15.8,15.768
357,EGT998053D17,13/03/2012,05/03/2013,"3,500,000,000","7,779,000,000","4,500,000,000",15.85,15.959,15.94
357,EGT9980J2D11,28/02/2012,19/02/2013,"4,000,000,000","5,517,875,000","2,500,000,000",15.8,15.98,15.965
357,EGT998052D18,14/02/2012,05/02/2013,"3,500,000,000","5,276,950,000","2,967,875,000",15.8,15.989,15.975
357,EGT9980F1D10,24/01/2012,15/01/2013,"4,000,000,000","5,256,000,000","3,000,000,000",15.499,15.85,15.774
357,EGT998011D18,10/01/2012,01/01/2013,"3,500,000,000","5,663,225,000","2,345,050,000",13.75,15.499,15.471
357,EGT9980BCC15,20/12/2011,11/12/2012,"3,500,000,000","5,340,025,000","3,381,425,000",14.5,15.3,15.226
357,EGT9980DBC14,22/11/2011,13/11/2012,"3,500,000,000","4,463,650,000","1,125,000,000",13.75,14.8,14.725
357,EGT9980YAC10,08/11/2011,30/10/2012,"3,500,000,000","4,461,500,000","3,500,000,000",13.7,14.101,13.961
357,EGT9980GAC12,25/10/2011,16/10/2012,"3,500,000,000","6,914,675,000","3,500,000,000",13.5,13.83,13.777
357,EGT99802AC10,11/10/2011,02/10/2012,"3,500,000,000","8,759,000,000","3,500,000,000",13.5,13.78,13.722
357,EGT9980B9C12,20/09/2011,11/09/2012,"3,500,000,000","7,026,875,000","3,250,025,000",13,13.93,13.822
357,EGT9980L8C12,30/08/2011,21/08/2012,"3,500,000,000","4,152,675,000","1,400,000,000",12.9,12.995,12.985
357,EGT9980V7C12,09/08/2011,31/07/2012,"3,500,000,000","4,832,350,000","3,500,000,000",12.799,12.99,12.939
357,EGT998037C19,19/07/2011,10/07/2012,"3,500,000,000","7,867,625,000","3,500,000,000",12.79,12.871,12.851
357,EGT9980C6C13,21/06/2011,12/06/2012,"3,500,000,000","4,201,725,000","1,888,550,000",12.91,12.998,12.98
357,EGT9980M5C13,31/05/2011,22/05/2012,"3,500,000,000","5,260,875,000","3,288,875,000",12.799,12.99,12.946
357,EGT9980O4C10,03/05/2011,24/04/2012,"3,500,000,000","4,220,925,000","1,875,000,000",12.73,12.991,12.821
357,EGT998034C12,12/04/2011,03/04/2012,"3,500,000,000","6,064,500,000","3,500,000,000",12.301,12.63,12.513
357,EGT9980D3C14,22/03/2011,13/03/2012,"3,500,000,000","5,932,900,000","3,500,000,000",12,12.89,12.459
357,EGT9980L2C18,01/03/2011,21/02/2012,"3,500,000,000","6,739,550,000","3,500,000,000",11.9,12.43,12.198
357,EGT9980H1C17,25/01/2011,17/01/2012,"3,500,000,000","8,398,350,000","3,500,000,000",10.4,10.64,10.587
357,EGT99806CB15,14/12/2010,06/12/2011,"3,500,000,000","10,424,200,000","3,500,000,000",10.3,10.549,10.503
357,EGT99808BB14,16/11/2010,08/11/2011,"3,500,000,000","7,201,850,000","3,500,000,000",10.209,10.41,10.352
357,EGT9980BAB18,19/10/2010,11/10/2011,"3,500,000,000","6,412,825,000","3,500,000,000",9.999,10.32,10.257
357,EGT9980K9B14,28/09/2010,20/09/2011,"3,000,000,000","9,063,300,000","3,000,000,000",10.5,10.64,10.61
357,EGT9980Y8B16,07/09/2010,30/08/2011,"3,000,000,000","6,843,250,000","3,000,000,000",10.4,10.58,10.547
357,EGT998098B16,17/08/2010,09/08/2011,"3,000,000,000","7,867,725,000","3,000,000,000",9.8,10.509,10.388
357,EGT9980C7B13,20/07/2010,12/07/2011,"3,000,000,000","6,865,050,000","3,000,000,000",10.8,10.89,10.862
357,EGT9980L6B15,29/06/2010,21/06/2011,"3,000,000,000","7,625,625,000","3,000,000,000",10.75,10.87,10.846
357,EGT998076B12,15/06/2010,07/06/2011,"2,000,000,000","5,021,675,000","2,000,000,000",10.8,10.96,10.915
357,EGT9980A5B19,18/05/2010,10/05/2011,"3,000,000,000","6,262,050,000","750,000,000",10.45,10.589,10.569
357,EGT9980C4B16,20/04/2010,12/04/2011,"3,000,000,000","5,328,575,000","3,000,000,000",10.19,10.341,10.293
357,EGT998083B13,16/03/2010,08/03/2011,"2,000,000,000","8,551,500,000","2,000,000,000",10.3,10.4,10.37
357,EGT998082B14,16/02/2010,08/02/2011,"3,000,000,000","13,108,550,000","3,000,000,000",10.75,11.059,10.91
357,EGT9980B1B11,19/01/2010,11/01/2011,"2,000,000,000","9,602,950,000","2,000,000,000",11.401,11.49,11.467
357,EGT9980LCA15,29/12/2009,21/12/2010,"3,000,000,000","4,334,975,000","2,377,975,000",11.25,11.691,11.577
357,EGT99807CA15,15/12/2009,07/12/2010,"3,000,000,000","4,072,100,000","2,030,500,000",11.099,11.5,11.417
357,EGT9980NBA14,01/12/2009,23/11/2010,"3,000,000,000","3,077,525,000","1,532,525,000",10.9,11.49,11.372
357,EGT99809BA14,17/11/2009,09/11/2010,"3,000,000,000","3,207,750,000","3,000,000,000",10.13,10.87,10.528
357,EGT9980QAA12,03/11/2009,26/10/2010,"3,000,000,000","3,747,775,000","2,477,775,000",9.999,10.29,10.239
357,EGT9980CAA18,20/10/2009,12/10/2010,"3,000,000,000","4,288,925,000","3,000,000,000",9.851,10.39,10.237
357,EGT9980S9A18,06/10/2009,28/09/2010,"3,000,000,000","3,252,575,000","3,000,000,000",9.7,9.94,9.813
357,EGT9980E9A18,22/09/2009,14/09/2010,"3,000,000,000","7,165,900,000","3,000,000,000",9.73,9.79,9.777
357,EGT9980V8A13,08/09/2009,31/08/2010,"3,000,000,000","7,897,825,000","3,000,000,000",9.75,9.82,9.809
357,EGT9980H8A12,25/08/2009,17/08/2010,"3,000,000,000","7,460,725,000","3,000,000,000",9.75,9.84,9.819
357,EGT998038A10,11/08/2009,03/08/2010,"3,000,000,000","7,338,225,000","3,000,000,000",9.781,9.88,9.847
357,EGT9980P5A18,02/06/2009,25/05/2010,"3,000,000,000","5,086,125,000","3,000,000,000",9.999,10.49,10.333
364,EGT9980O8R19,25/08/2026,24/08/2027,"70,000,000,000","99,169,925,000","41,956,925,000",24.85,24.99,24.955
364,EGT9980H8R13,18/08/2026,17/08/2027,"70,000,000,000","115,720,900,000","72,202,700,000",24.89,24.99,24.95
364,EGT9980A8R18,11/08/2026,10/08/2027,"70,000,000,000","104,985,700,000","48,462,700,000",24.800,25.100,25.069
364,EGT998038R11,04/08/2026,03/08/2027,"70,000,000,000","97,267,375,000","28,807,925,000",24.499,25.1,25.071
364,EGT9980R7R13,28/07/2026,27/07/2027,"70,000,000,000","101,302,725,000","44,540,600,000",24.89,25.1,25.003
364,EGT9980K7R18,21/07/2026,20/07/2027,"70,000,000,000","87,582,925,000","34,350,725,000",24.77,25,24.982
364,EGT9980D7R13,14/07/2026,13/07/2027,"70,000,000,000","84,227,000,000","24,601,125,000",24.023,24.979,24.843
364,EGT998067R15,07/07/2026,06/07/2027,"60,000,000,000","71,539,875,000","25,189,475,000",23.001,24.790,24.716
364,EGT9980T6R10,30/06/2026,29/06/2027,"65,000,000,000","96,183,150,000","54,146,150,000",23.001,24.741,24.703
364,EGT9980M6R15,23/06/2026,22/06/2027,"65,000,000,000","73,776,650,000","34,368,450,000",23.491,24.741,24.517
364,EGT9980F6R19,16/06/2026,15/06/2027,"70,000,000,000","55,173,200,000","3,516,200,000",24,24.741,24.588
364,EGT998086R12,09/06/2026,08/06/2027,"70,000,000,000","65,480,675,000","13,253,675,000",23.749,24.499,24.495
364,EGT998016R17,02/06/2026,01/06/2027,"50,000,000,000","58,949,825,000","16,830,725,000",24,24.5,24.411
364,EGT9980P5R19,26/05/2026,25/05/2027,"60,000,000,000","39,445,575,000","659,750,000",22,24.499,24.473
364,EGT9980I5R14,19/05/2026,18/05/2027,"50,000,000,000","95,272,150,000","52,441,950,000",23.001,24.499,24.459
364,EGT9980B5R19,12/05/2026,11/05/2027,"35,000,000,000","32,666,100,000","6,457,100,000",23.69,24,23.817
364,EGT998045R12,05/05/2026,04/05/2027,"40,000,000,000","68,969,650,000","40,354,450,000",23.001,24,23.722
364,EGT9980R4R16,28/04/2026,27/04/2027,"50,000,000,000","67,678,850,000","3,445,650,000",21,23.5,23.343
364,EGT9980K4R11,21/04/2026,20/04/2027,"50,000,000,000","95,738,000,000","54,734,650,000",21.501,23.401,23.3
364,EGT9980D4R16,14/04/2026,13/04/2027,"40,000,000,000","82,732,775,000","29,140,400,000",21.000,23.740,23.720
364,EGT998064R18,07/04/2026,06/04/2027,"50,000,000,000","89,332,750,000","30,389,525,000",22.689,24,24
364,EGT9980Y3R13,31/03/2026,30/03/2027,"50,000,000,000","72,815,125,000","36,555,225,000",23.469,24,23.754
364,EGT9980N3R16,24/03/2026,23/03/2027,"55,000,000,000","56,546,825,000","21,660,825,000",22.8,23.5,23.362
364,EGT9980G3R10,17/03/2026,16/03/2027,"50,000,000,000","55,321,000,000","16,398,050,000",22,23.001,22.999
364,EGT998093R13,10/03/2026,09/03/2027,"55,000,000,000","131,140,600,000","56,229,800,000",22,23.001,23.001
364,EGT998023R18,03/03/2026,02/03/2027,"50,000,000,000","131,909,750,000","79,647,650,000",22,22.89,22.783
364,EGT9980N2R17,24/02/2026,23/02/2027,"55,000,000,000","91,599,025,000","59,303,625,000",20.001,22.940,22.777
364,EGT9980G2R11,17/02/2026,16/02/2027,"50,000,000,000","127,180,400,000","50,284,650,000",22.898,23.001,22.933
364,EGT998092R14,10/02/2026,09/02/2027,"55,000,000,000","108,896,225,000","59,711,250,000",23.001,23.540,23.464
364,EGT998022R19,03/02/2026,02/02/2027,"50,000,000,000","94,500,425,000","59,777,050,000",23.289,23.76,23.5
364,EGT9980Q1R11,27/01/2026,26/01/2027,"55,000,000,000","191,286,825,000","65,893,975,000",23.5,24.051,24.024
364,EGT9980J1R16,20/01/2026,19/01/2027,"50,000,000,000","133,434,825,000","53,825,375,000",23.5,24.299,24.258
364,EGT9980C1R11,13/01/2026,12/01/2027,"55,000,000,000","154,300,300,000","73,449,375,000",24.000,24.450,24.379
364,EGT998051R13,06/01/2026,05/01/2027,"50,000,000,000","135,193,950,000","55,872,300,000",24.371,24.590,24.492
364,EGT9980TCQ19,30/12/2025,29/12/2026,"55,000,000,000","221,863,475,000","72,045,200,000",24.499,24.750,24.730
364,EGT9980MCQ16,23/12/2025,22/12/2026,"50,000,000,000","147,004,775,000","71,677,300,000",25.15,25.329,25.275
364,EGT9980FCQ15,16/12/2025,15/12/2026,"50,000,000,000","97,564,225,000","54,804,225,000",24.499,25.499,25.423
364,EGT99808CQ16,09/12/2025,08/12/2026,"55,000,000,000","81,977,800,000","33,890,300,000",25.000,25.511,25.443
364,EGT99801CQ13,02/12/2025,01/12/2026,"55,000,000,000","80,460,675,000","21,634,625,000",25,25.469,25.421
364,EGT9980OBQ15,25/11/2025,24/11/2026,"50,000,000,000","107,989,525,000","52,259,475,000",25,25.469,25.421
364,EGT9980HBQ14,18/11/2025,17/11/2026,"50,000,000,000","93,489,375,000","52,205,825,000",25.251,25.499,25.440
364,EGT9980ABQ11,11/11/2025,10/11/2026,"45,000,000,000","95,075,850,000","31,671,825,000",25.4,25.52,25.49
364,EGT99803BQ12,04/11/2025,03/11/2026,"40,000,000,000","101,729,000,000","43,547,000,000",25.490,25.589,25.550
364,EGT9980RAQ13,28/10/2025,27/10/2026,"50,000,000,000","100,092,950,000","33,286,950,000",25.251,25.640,25.610
364,EGT9980KAQ10,21/10/2025,20/10/2026,"60,000,000,000","121,699,100,000","59,511,400,000",25.440,25.640,25.589
364,EGT9980DAQ19,14/10/2025,13/10/2026,"60,000,000,000","105,498,425,000","60,000,000,000",24.85,25.64,25.437
364,EGT99806AQ10,07/10/2025,06/10/2026,"60,000,000,000","161,110,525,000","64,600,500,000",25.44,25.7,25.668
364,EGT9980T9Q18,30/09/2025,29/09/2026,"50,000,000,000","89,071,075,000","50,526,075,000",25.601,25.96,25.849
364,EGT9980M9Q13,23/09/2025,22/09/2026,"45,000,000,000","78,381,600,000","27,913,100,000",24.499,25.84,25.745
364,EGT9980F9Q17,16/09/2025,15/09/2026,"50,000,000,000","118,572,775,000","72,000,650,000",25.499,25.749,25.704
364,EGT998089Q10,09/09/2025,08/09/2026,"45,000,000,000","119,982,900,000","58,492,800,000",25.451,25.879,25.814
364,EGT998019Q15,02/09/2025,01/09/2026,"50,000,000,000","83,867,200,000","31,281,950,000",25,25.99,25.897
364,EGT9980P8Q17,26/08/2025,25/08/2026,"45,000,000,000","99,017,825,000","56,184,825,000",25.749,26,25.929
364,EGT9980I8Q12,19/08/2025,18/08/2026,"50,000,000,000","87,392,675,000","29,111,600,000",25.97,26.1,26.078
364,EGT9980B8Q17,12/08/2025,11/08/2026,"45,000,000,000","89,640,300,000","37,703,125,000",25.499,26.201,26.186
364,EGT998048Q10,05/08/2025,04/08/2026,"50,000,000,000","91,095,225,000","33,870,225,000",25.000,26.201,26.133
364,EGT9980S7Q12,29/07/2025,28/07/2026,"45,000,000,000","84,306,675,000","36,185,875,000",25.700,26.100,25.811
364,EGT9980L7Q17,22/07/2025,21/07/2026,"50,000,000,000","67,592,675,000","15,874,675,000",25.451,25.749,25.592
364,EGT9980E7Q12,15/07/2025,14/07/2026,"45,000,000,000","60,386,625,000","20,611,625,000",24.900,25.490,25.132
364,EGT998077Q14,08/07/2025,07/07/2026,"50,000,000,000","71,193,250,000","21,933,250,000",24.840,25.499,25.043
364,EGT9980Y6Q11,01/07/2025,30/06/2026,"45,000,000,000","112,751,550,000","50,686,750,000",24.950,25.050,24.994
364,EGT9980N6Q14,24/06/2025,23/06/2026,"40,000,000,000","61,984,800,000","14,499,800,000",24.750,25.299,25.230
364,EGT9980G6Q18,17/06/2025,16/06/2026,"45,000,000,000","64,115,800,000","16,521,400,000",25.000,25.249,25.220
364,EGT998026Q16,03/06/2025,02/06/2026,"45,000,000,000","78,116,950,000","32,006,950,000",24.000,25.251,25.125
364,EGT9980Q5Q18,27/05/2025,26/05/2026,"40,000,000,000","60,141,575,000","16,751,325,000",24.440,24.990,24.901
364,EGT9980J5Q13,20/05/2025,19/05/2026,"45,000,000,000","56,359,500,000","8,775,500,000",24.650,24.950,24.833
364,EGT9980C5Q18,13/05/2025,12/05/2026,"40,000,000,000","46,072,025,000","3,682,025,000",24.499,24.850,24.786
364,EGT998055Q10,06/05/2025,05/05/2026,"45,000,000,000","55,448,575,000","14,443,575,000",24.250,24.600,24.478
364,EGT9980S4Q15,29/04/2025,28/04/2026,"45,000,000,000","77,300,200,000","28,402,325,000",23.991,24.499,24.455
364,EGT9980L4Q10,22/04/2025,21/04/2026,"40,000,000,000","66,792,600,000","29,512,600,000",24.499,25.000,24.909
364,EGT9980E4Q15,15/04/2025,14/04/2026,"45,000,000,000","98,959,550,000","51,074,550,000",24.499,24.950,24.873
364,EGT998074Q17,08/04/2025,07/04/2026,"40,000,000,000","83,912,825,000","22,078,175,000",24.750,24.970,24.949
364,EGT9980V3Q10,01/04/2025,31/03/2026,"45,000,000,000","88,435,425,000","18,897,925,000",24.850,24.970,24.960
364,EGT9980O3Q15,25/03/2025,24/03/2026,"50,000,000,000","106,116,975,000","60,595,375,000",24.000,24.970,24.533
364,EGT9980H3Q19,18/03/2025,17/03/2026,"45,000,000,000","148,497,725,000","46,126,900,000",24.490,25.240,25.134
364,EGT9980A3Q14,11/03/2025,10/03/2026,"40,000,000,000","83,422,450,000","15,400,650,000",25.529,25.749,25.707
364,EGT998033Q17,04/03/2025,03/03/2026,"45,000,000,000","84,215,200,000","17,850,200,000",25.451,25.700,25.556
364,EGT9980O2Q16,25/02/2025,24/02/2026,"40,000,000,000","80,827,950,000","20,004,300,000",25.490,25.540,25.539
364,EGT9980H2Q10,18/02/2025,17/02/2026,"45,000,000,000","81,664,250,000","12,297,200,000",25.400,25.540,25.539
364,EGT9980A2Q15,11/02/2025,10/02/2026,"40,000,000,000","62,523,575,000","16,979,575,000",25.329,25.540,25.415
364,EGT998032Q18,04/02/2025,03/02/2026,"45,000,000,000","123,371,750,000","28,631,750,000",25.251,25.440,25.336
364,EGT9980R1Q10,28/01/2025,27/01/2026,"40,000,000,000","120,161,100,000","22,446,725,000",24.900,25.440,25.275
364,EGT9980K1Q15,21/01/2025,20/01/2026,"45,000,000,000","176,836,175,000","68,522,675,000",25.100,25.490,25.431
364,EGT9980D1Q10,14/01/2025,13/01/2026,"40,000,000,000","147,210,850,000","45,331,775,000",25.830,26.030,25.970
364,EGT998061Q12,07/01/2025,06/01/2026,"45,000,000,000","169,570,075,000","27,355,075,000",25.499,26.241,26.020
364,EGT9980YCP13,31/12/2024,30/12/2025,"25,000,000,000","34,088,750,000","7,092,250,000",26.000,26.241,26.230
364,EGT9980NCP16,24/12/2024,23/12/2025,"25,000,000,000","46,820,375,000","7,004,875,000",26.150,26.241,26.237
364,EGT9980GCP15,17/12/2024,16/12/2025,"30,000,000,000","56,561,750,000","9,027,750,000",26.201,26.241,26.241
364,EGT99809CP16,10/12/2024,09/12/2025,"35,000,000,000","42,300,775,000","2,184,275,000",26.201,26.241,26.240
364,EGT99802CP13,03/12/2024,02/12/2025,"30,000,000,000","39,818,625,000","5,693,625,000",26.241,26.241,26.241
364,EGT9980PBP15,26/11/2024,25/11/2025,"10,000,000,000","35,285,875,000","17,616,875,000",26.189,26.241,26.236
364,EGT9980IBP14,19/11/2024,18/11/2025,"10,000,000,000","21,865,150,000","3,741,150,000",26.201,26.241,26.240
364,EGT9980BBP11,12/11/2024,11/11/2025,"25,000,000,000","30,197,200,000","2,994,200,000",26.241,26.241,26.241
364,EGT99804BP12,05/11/2024,04/11/2025,"20,000,000,000","25,686,100,000","1,198,100,000",26.229,26.241,26.231
364,EGT9980SAP13,29/10/2024,28/10/2025,"20,000,000,000","24,936,825,000","2,923,825,000",26.229,26.241,26.241
364,EGT9980LAP10,22/10/2024,21/10/2025,"20,000,000,000","38,183,050,000","6,670,050,000",26.201,26.241,26.236
364,EGT9980EAP19,15/10/2024,14/10/2025,"20,000,000,000","30,296,075,000","7,983,075,000",26.201,26.241,26.232
364,EGT99807AP10,08/10/2024,07/10/2025,"20,000,000,000","44,192,025,000","18,979,025,000",26.201,26.241,26.238
364,EGT9980Y9P19,01/10/2024,30/09/2025,"20,000,000,000","31,609,750,000","7,497,750,000",26.150,26.241,26.236
364,EGT9980N9P12,24/09/2024,23/09/2025,"25,000,000,000","34,342,575,000","3,234,575,000",26.130,26.241,26.221
364,EGT9980G9P16,17/09/2024,16/09/2025,"30,000,000,000","37,022,425,000","1,173,825,000",26.241,26.241,26.241
364,EGT998099P19,10/09/2024,09/09/2025,"25,000,000,000","52,587,150,000","20,445,400,000",26.201,26.250,26.246
364,EGT998029P14,03/09/2024,02/09/2025,"30,000,000,000","46,403,075,000","8,032,075,000",26.241,26.250,26.241
364,EGT9980Q8P16,27/08/2024,26/08/2025,"25,000,000,000","41,620,350,000","7,336,350,000",26.201,26.250,26.241
364,EGT9980J8P11,20/08/2024,19/08/2025,"30,000,000,000","64,895,700,000","16,546,700,000",26.241,26.250,26.242
364,EGT9980C8P16,13/08/2024,12/08/2025,"25,000,000,000","54,755,575,000","15,575,625,000",26.241,26.250,26.241
364,EGT998058P18,06/08/2024,05/08/2025,"30,000,000,000","55,710,000,000","19,939,200,000",26.241,26.250,26.241
364,EGT9980T7P11,30/07/2024,29/07/2025,"25,000,000,000","54,566,075,000","26,888,075,000",26.229,26.250,26.239
364,EGT9980M7P16,23/07/2024,22/07/2025,"45,000,000,000","73,956,550,000","6,501,550,000",26.241,26.250,26.249
364,EGT9980F7P10,16/07/2024,15/07/2025,"40,000,000,000","62,059,550,000","6,842,650,000",26.049,26.250,26.231
364,EGT998087P13,09/07/2024,08/07/2025,"45,000,000,000","75,081,850,000","7,844,850,000",25.951,26.250,26.143
364,EGT998017P18,02/07/2024,01/07/2025,"40,000,000,000","75,506,050,000","14,011,050,000",25.499,26.000,25.997
364,EGT9980O6P13,25/06/2024,24/06/2025,"20,000,000,000","15,878,025,000","9,283,000,000",22.000,26.000,25.943
364,EGT9980H6P17,18/06/2024,17/06/2025,"20,000,000,000","11,675,550,000","4,424,250,000",24.499,25.951,25.936
364,EGT9980A6P12,11/06/2024,10/06/2025,"20,000,000,000","23,929,075,000","13,704,475,000",23.500,25.951,25.910
364,EGT998036P15,04/06/2024,03/06/2025,"20,000,000,000","44,632,800,000","35,585,525,000",23.001,25.951,25.923
364,EGT9980R5P17,28/05/2024,27/05/2025,"25,000,000,000","50,891,300,000","30,478,225,000",23.500,25.979,25.952
364,EGT9980K5P12,21/05/2024,20/05/2025,"20,000,000,000","48,677,875,000","24,388,325,000",23.001,26.000,25.981
364,EGT9980D5P17,14/05/2024,13/05/2025,"25,000,000,000","43,568,300,000","33,306,300,000",24.000,26.000,25.979
364,EGT998065P19,07/05/2024,06/05/2025,"20,000,000,000","41,425,075,000","21,639,550,000",24.000,26.000,25.971
364,EGT9980T4P14,30/04/2024,29/04/2025,"25,000,000,000","43,801,525,000","16,196,525,000",20.001,26.000,25.962
364,EGT9980M4P19,23/04/2024,22/04/2025,"20,000,000,000","40,362,975,000","8,208,300,000",24.000,26.000,25.964
364,EGT9980F4P13,16/04/2024,15/04/2025,"25,000,000,000","40,425,200,000","14,412,300,000",24.000,26.000,25.934
364,EGT998084P16,09/04/2024,08/04/2025,"20,000,000,000","24,675,400,000","4,156,875,000",22.000,26.000,25.745
364,EGT998014P11,02/04/2024,01/04/2025,"25,000,000,000","111,034,375,000","25,000,000,000",25.000,26.000,25.901
364,EGT9980P3P13,26/03/2024,25/03/2025,"30,000,000,000","222,397,350,000","70,846,525,000",27.000,28.429,28.253
364,EGT9980I3P18,19/03/2024,18/03/2025,"30,000,000,000","408,104,775,000","217,878,150,000",27.000,30.501,30.141
364,EGT9980B3P13,12/03/2024,11/03/2025,"30,000,000,000","254,038,300,000","87,837,900,000",28.000,32.599,32.303
364,EGT998043P16,05/03/2024,04/03/2025,"30,000,000,000","73,004,400,000","56,734,400,000",26.000,30.061,29.913
364,EGT9980P2P14,27/02/2024,25/02/2025,"35,000,000,000","51,001,550,000","42,197,800,000",25.000,29.800,29.415
364,EGT9980I2P19,20/02/2024,18/02/2025,"35,000,000,000","28,260,475,000","9,641,550,000",25.000,28.900,28.683
364,EGT9980B2P14,13/02/2024,11/02/2025,"35,000,000,000","17,311,000,000","2,668,375,000",20.001,28.501,28.082
364,EGT998042P17,06/02/2024,04/02/2025,"35,000,000,000","22,104,475,000","2,183,825,000",25.000,27.700,27.664
364,EGT9980S1P19,30/01/2024,28/01/2025,"35,000,000,000","26,572,300,000","3,981,250,000",25.700,27.700,27.689
364,EGT9980L1P14,23/01/2024,21/01/2025,"35,000,000,000","31,141,825,000","6,850,350,000",23.500,27.700,27.680
364,EGT9980E1P19,16/01/2024,14/01/2025,"35,000,000,000","45,470,825,000","8,484,100,000",24.000,27.700,27.661
364,EGT9980VCO17,02/01/2024,31/12/2024,"30,000,000,000","28,771,550,000","14,711,550,000",24.499,27.700,27.607
364,EGT9980OCO16,26/12/2023,24/12/2024,"27,000,000,000","9,938,625,000","1,909,725,000",19.501,27.601,27.471
364,EGT9980HCO15,19/12/2023,17/12/2024,"26,500,000,000","33,767,175,000","19,772,675,000",21.000,27.601,27.422
364,EGT9980ACO12,12/12/2023,10/12/2024,"27,000,000,000","37,681,300,000","17,125,475,000",21.000,27.300,27.180
364,EGT99803CO13,05/12/2023,03/12/2024,"26,500,000,000","54,801,225,000","26,699,725,000",21.000,27.031,26.798
364,EGT9980QBO15,28/11/2023,26/11/2024,"27,000,000,000","20,463,475,000","2,112,975,000",21.000,26.670,26.624
364,EGT9980JBO14,21/11/2023,19/11/2024,"26,500,000,000","33,927,450,000","20,264,550,000",21.000,26.670,26.620
364,EGT9980CBO11,14/11/2023,12/11/2024,"27,000,000,000","26,842,075,000","11,392,950,000",20.001,26.601,26.543
364,EGT99805BO12,07/11/2023,05/11/2024,"26,500,000,000","30,322,900,000","1,099,075,000",25.499,26.500,26.483
364,EGT9980TAO13,31/10/2023,29/10/2024,"27,000,000,000","29,856,050,000","18,297,550,000",24.499,26.500,26.455
364,EGT9980MAO10,24/10/2023,22/10/2024,"26,500,000,000","37,200,775,000","24,648,775,000",25.000,26.400,26.354
364,EGT9980FAO19,17/10/2023,15/10/2024,"27,000,000,000","32,651,375,000","23,309,375,000",25.000,26.300,26.229
364,EGT99808AO10,10/10/2023,08/10/2024,"26,500,000,000","48,222,750,000","33,398,550,000",22.000,26.100,25.990
364,EGT99801AO17,03/10/2023,01/10/2024,"27,000,000,000","28,224,825,000","15,825,550,000",25.000,25.990,25.943
364,EGT9980O9O11,26/09/2023,24/09/2024,"24,000,000,000","26,575,675,000","10,525,825,000",16.001,25.900,25.826
364,EGT9980H9O15,19/09/2023,17/09/2024,"23,500,000,000","27,979,100,000","22,243,600,000",24.000,25.800,25.730
364,EGT9980A9O10,12/09/2023,10/09/2024,"24,000,000,000","37,476,400,000","33,017,400,000",16.001,25.619,25.541
364,EGT998039O13,05/09/2023,03/09/2024,"23,500,000,000","29,633,475,000","17,962,475,000",16.001,25.421,25.374
364,EGT9980R8O15,29/08/2023,27/08/2024,"23,500,000,000","40,776,150,000","27,642,850,000",17.000,25.281,25.214
364,EGT9980K8O10,22/08/2023,20/08/2024,"24,000,000,000","46,233,075,000","36,201,625,000",18.000,25.180,25.093
364,EGT9980D8O15,15/08/2023,13/08/2024,"23,500,000,000","42,137,725,000","31,429,225,000",19.001,25.080,24.707
364,EGT998068O17,08/08/2023,06/08/2024,"24,000,000,000","45,802,275,000","33,989,025,000",22.000,24.100,24.078
364,EGT9980Y7O12,01/08/2023,30/07/2024,"23,500,000,000","30,428,450,000","15,178,900,000",22.000,24.100,24.095
364,EGT9980N7O15,25/07/2023,23/07/2024,"24,000,000,000","48,431,825,000","24,810,575,000",20.001,24.100,24.083
364,EGT9980G7O19,18/07/2023,16/07/2024,"23,500,000,000","30,638,650,000","15,467,100,000",18.000,24.100,24.082
364,EGT998097O12,11/07/2023,09/07/2024,"25,000,000,000","45,299,025,000","9,536,475,000",19.001,24.100,24.071
364,EGT998027O17,04/07/2023,02/07/2024,"24,500,000,000","28,244,825,000","107,400,000",19.001,24.100,23.468
364,EGT9980P6O11,27/06/2023,25/06/2024,"23,500,000,000","31,255,100,000","461,400,000",19.001,24.200,24.039
364,EGT9980I6O16,20/06/2023,18/06/2024,"23,000,000,000","39,341,700,000","20,026,200,000",18.750,24.210,24.144
364,EGT9980B6O11,13/06/2023,11/06/2024,"23,500,000,000","34,716,250,000","25,028,750,000",18.000,24.120,24.015
364,EGT998046O14,06/06/2023,04/06/2024,"23,000,000,000","36,590,725,000","18,496,125,000",22.000,23.978,23.882
364,EGT9980S5O16,30/05/2023,28/05/2024,"23,500,000,000","27,795,425,000","6,987,500,000",18.000,23.880,23.803
364,EGT9980L5O11,23/05/2023,21/05/2024,"23,000,000,000","34,543,250,000","9,448,525,000",18.000,23.820,23.782
364,EGT9980E5O16,16/05/2023,14/05/2024,"23,500,000,000","34,772,950,000","6,263,950,000",16.001,23.800,23.696
364,EGT998075O18,09/05/2023,07/05/2024,"23,000,000,000","41,561,475,000","14,810,475,000",18.000,23.700,23.581
364,EGT9980Y4O15,02/05/2023,30/04/2024,"23,500,000,000","33,956,675,000","4,289,775,000",20.001,23.601,23.522
364,EGT9980N4O18,25/04/2023,23/04/2024,"23,000,000,000","33,059,225,000","2,429,225,000",21.400,23.500,23.475
364,EGT9980G4O12,18/04/2023,16/04/2024,"23,500,000,000","38,910,125,000","6,790,250,000",20.001,23.500,23.471
364,EGT998094O15,11/04/2023,09/04/2024,"23,000,000,000","39,033,400,000","6,401,850,000",19.001,23.250,23.202
364,EGT998024O10,04/04/2023,02/04/2024,"23,500,000,000","21,065,450,000","3,548,950,000",20.190,22.700,22.683
364,EGT9980Q3O12,28/03/2023,26/03/2024,"23,500,000,000","26,540,950,000","428,250,000",14.000,22.700,22.546
364,EGT9980J3O17,21/03/2023,19/03/2024,"23,000,000,000","22,419,950,000","1,259,625,000",16.001,22.700,22.578
364,EGT9980C3O12,14/03/2023,12/03/2024,"23,500,000,000","23,014,875,000","3,483,625,000",18.000,22.700,22.584
364,EGT998053O14,07/03/2023,05/03/2024,"23,000,000,000","29,975,125,000","23,486,100,000",16.001,22.700,22.591
364,EGT9980R2O11,28/02/2023,27/02/2024,"23,500,000,000","44,745,150,000","27,113,650,000",18.000,22.480,22.393
364,EGT9980K2O16,21/02/2023,20/02/2024,"23,000,000,000","40,544,775,000","21,731,775,000",20.001,22.349,22.273
364,EGT9980D2O11,14/02/2023,13/02/2024,"23,500,000,000","47,554,700,000","23,554,950,000",18.000,22.230,22.126
364,EGT998062O13,07/02/2023,06/02/2024,"23,000,000,000","25,429,175,000","16,759,175,000",18.600,22.100,22.035
364,EGT9980Y1O18,31/01/2023,30/01/2024,"23,500,000,000","31,668,250,000","18,904,250,000",18.000,22.000,21.953
364,EGT9980N1O11,24/01/2023,23/01/2024,"23,000,000,000","59,621,200,000","44,713,450,000",18.000,21.950,21.845
364,EGT9980G1O15,17/01/2023,16/01/2024,"23,500,000,000","45,893,400,000","30,396,625,000",18.000,21.800,21.520
364,EGT998091O18,10/01/2023,09/01/2024,"23,000,000,000","25,730,275,000","3,745,850,000",18.000,21.490,20.886
364,EGT998021O13,03/01/2023,02/01/2024,"23,000,000,000","31,351,325,000","3,575,425,000",18.000,20.001,18.906
364,EGT9980QCN15,27/12/2022,26/12/2023,"21,500,000,000","13,798,750,000","3,355,100,000",18.000,18.900,18.874
364,EGT9980JCN14,20/12/2022,19/12/2023,"21,500,000,000","19,052,425,000","1,519,825,000",14.000,18.900,18.815
364,EGT9980CCN11,13/12/2022,12/12/2023,"21,500,000,000","20,843,500,000","6,516,700,000",13.750,18.900,18.811
364,EGT99805CN12,06/12/2022,05/12/2023,"21,500,000,000","62,460,900,000","37,368,400,000",16.750,18.850,18.747
364,EGT9980SBN14,29/11/2022,28/11/2023,"21,500,000,000","38,847,625,000","20,581,600,000",16.750,18.701,18.653
364,EGT9980LBN11,22/11/2022,21/11/2023,"21,000,000,000","27,042,300,000","5,162,350,000",16.001,18.600,18.332
364,EGT9980EBN10,15/11/2022,14/11/2023,"21,500,000,000","31,509,550,000","2,325,800,000",16.001,18.099,18.049
364,EGT99807BN11,08/11/2022,07/11/2023,"21,000,000,000","40,932,325,000","1,982,850,000",17.000,18.099,18.060
364,EGT9980VAN10,01/11/2022,31/10/2023,"21,500,000,000","31,346,625,000","526,475,000",16.750,18.099,18.001
364,EGT9980OAN19,25/10/2022,24/10/2023,"21,000,000,000","36,305,700,000","18,419,700,000",14.000,18.099,17.977
364,EGT9980HAN18,18/10/2022,17/10/2023,"21,500,000,000","38,055,625,000","4,448,300,000",14.999,17.840,17.702
364,EGT9980AAN15,11/10/2022,10/10/2023,"21,000,000,000","34,121,200,000","21,348,900,000",16.001,17.700,17.445
364,EGT99803AN16,04/10/2022,03/10/2023,"21,500,000,000","56,376,150,000","23,583,375,000",14.000,17.350,17.318
364,EGT9980Q9N17,27/09/2022,26/09/2023,"16,500,000,000","47,882,350,000","33,194,975,000",15.500,17.350,17.325
364,EGT9980J9N12,20/09/2022,19/09/2023,"15,500,000,000","32,478,450,000","23,320,450,000",12.750,17.000,16.929
364,EGT9980C9N17,13/09/2022,12/09/2023,"16,000,000,000","36,182,800,000","20,291,150,000",14.000,16.910,16.870
364,EGT998059N19,06/09/2022,05/09/2023,"15,500,000,000","34,730,850,000","19,188,350,000",14.070,16.910,16.878
364,EGT9980T8N12,30/08/2022,29/08/2023,"16,500,000,000","30,448,525,000","16,690,525,000",14.000,16.880,16.803
364,EGT9980M8N17,23/08/2022,22/08/2023,"15,500,000,000","26,698,825,000","16,199,825,000",14.999,16.800,16.604
364,EGT9980F8N11,16/08/2022,15/08/2023,"16,000,000,000","28,513,500,000","20,428,100,000",14.999,16.650,16.474
364,EGT998088N14,09/08/2022,08/08/2023,"15,500,000,000","35,227,600,000","26,884,600,000",14.070,16.500,16.378
364,EGT998018N19,02/08/2022,01/08/2023,"16,000,000,000","20,449,225,000","12,188,225,000",14.000,16.400,16.291
364,EGT9980P7N11,26/07/2022,25/07/2023,"15,500,000,000","20,373,325,000","12,775,825,000",13.501,16.299,16.052
364,EGT9980I7N16,19/07/2022,18/07/2023,"16,000,000,000","13,816,225,000","805,225,000",14.000,15.800,15.752
364,EGT9980B7N11,12/07/2022,11/07/2023,"15,500,000,000","16,569,525,000","8,039,525,000",14.000,15.800,15.612
364,EGT998047N14,05/07/2022,04/07/2023,"16,000,000,000","11,131,125,000","1,034,875,000",14.000,14.100,14.091
364,EGT9980R6N18,28/06/2022,27/06/2023,"8,000,000,000","10,592,375,000","764,375,000",13.900,14.100,14.084
364,EGT9980K6N13,21/06/2022,20/06/2023,"7,000,000,000","10,328,500,000","804,475,000",13.800,14.141,14.071
364,EGT9980D6N18,14/06/2022,13/06/2023,"8,000,000,000","13,861,475,000","1,244,225,000",13.501,14.141,14.051
364,EGT998066N10,07/06/2022,06/06/2023,"7,000,000,000","15,462,250,000","3,467,250,000",13.700,14.141,13.798
364,EGT9980Y5N15,31/05/2022,30/05/2023,"8,000,000,000","12,045,575,000","1,372,650,000",13.450,14.141,13.841
364,EGT9980N5N18,24/05/2022,23/05/2023,"7,000,000,000","10,371,850,000","468,050,000",13.249,13.700,13.637
364,EGT9980G5N12,17/05/2022,16/05/2023,"8,000,000,000","12,493,800,000","386,975,000",13.501,13.700,13.623
364,EGT998095N15,10/05/2022,09/05/2023,"7,000,000,000","9,570,950,000","107,950,000",13.501,13.700,13.691
364,EGT998025N10,03/05/2022,02/05/2023,"8,000,000,000","12,408,850,000","62,850,000",13.400,13.689,13.627
364,EGT9980P4N14,26/04/2022,25/04/2023,"7,000,000,000","13,058,475,000","630,200,000",13.201,13.550,13.413
364,EGT9980I4N19,19/04/2022,18/04/2023,"8,000,000,000","13,331,550,000","303,350,000",12.500,13.579,13.504
364,EGT9980B4N14,12/04/2022,11/04/2023,"7,000,000,000","35,378,350,000","21,129,750,000",13.249,13.579,13.548
364,EGT998044N17,05/04/2022,04/04/2023,"8,000,000,000","21,445,950,000","8,499,950,000",13.001,13.550,13.494
364,EGT9980S3N19,29/03/2022,28/03/2023,"6,500,000,000","10,567,275,000","97,500,000",13.001,13.501,13.395
364,EGT9980L3N14,22/03/2022,21/03/2023,"7,000,000,000","13,417,675,000","306,375,000",13.001,13.230,13.153
364,EGT9980E3N19,15/03/2022,14/03/2023,"6,500,000,000","8,698,450,000","729,950,000",13.001,13.230,13.198
364,EGT998073N11,08/03/2022,07/03/2023,"7,000,000,000","15,010,100,000","3,039,725,000",12.990,13.248,13.212
364,EGT9980S2N10,01/03/2022,28/02/2023,"6,500,000,000","12,994,100,000","4,418,725,000",13.001,13.249,13.204
364,EGT9980L2N15,22/02/2022,21/02/2023,"7,000,000,000","29,002,600,000","22,002,375,000",12.699,13.230,13.221
364,EGT9980E2N10,15/02/2022,14/02/2023,"6,500,000,000","25,250,600,000","15,803,950,000",12.699,13.230,13.216
364,EGT998072N12,08/02/2022,07/02/2023,"7,000,000,000","36,269,700,000","27,557,700,000",12.000,13.220,13.206
364,EGT9980V1N15,01/02/2022,31/01/2023,"6,500,000,000","33,229,625,000","27,541,125,000",12.000,13.220,13.210
364,EGT9980O1N10,25/01/2022,24/01/2023,"7,000,000,000","30,769,325,000","14,807,325,000",13.001,13.220,13.206
364,EGT9980H1N14,18/01/2022,17/01/2023,"6,500,000,000","51,447,700,000","39,687,825,000",13.001,13.230,13.207
364,EGT9980A1N19,11/01/2022,10/01/2023,"7,000,000,000","50,732,750,000","19,161,500,000",12.699,13.240,13.224
364,EGT998031N12,04/01/2022,03/01/2023,"6,500,000,000","41,955,050,000","21,124,700,000",12.200,13.260,13.222
364,EGT9980RCM15,28/12/2021,27/12/2022,"15,000,000,000","35,793,525,000","15,000,000,000",13.001,13.270,13.246
364,EGT9980KCM12,21/12/2021,20/12/2022,"14,500,000,000","34,293,325,000","14,500,000,000",13.001,13.270,13.245
364,EGT9980DCM11,14/12/2021,13/12/2022,"15,000,000,000","47,795,575,000","15,000,000,000",13.001,13.298,13.284
364,EGT99806CM12,07/12/2021,06/12/2022,"14,500,000,000","35,499,125,000","15,555,750,000",13.001,13.330,13.318
364,EGT9980TBM14,30/11/2021,29/11/2022,"15,000,000,000","33,733,200,000","15,000,000,000",13.001,13.339,13.334
364,EGT9980MBM11,23/11/2021,22/11/2022,"14,500,000,000","31,430,450,000","22,814,875,000",13.001,13.339,13.318
364,EGT9980FBM10,16/11/2021,15/11/2022,"15,000,000,000","42,839,675,000","30,273,850,000",13.001,13.300,13.285
364,EGT99808BM11,09/11/2021,08/11/2022,"14,500,000,000","51,077,650,000","41,328,550,000",13.001,13.280,13.253
364,EGT99801BM18,02/11/2021,01/11/2022,"15,000,000,000","35,616,300,000","28,701,300,000",12.980,13.230,13.203
364,EGT9980PAM19,26/10/2021,25/10/2022,"14,500,000,000","36,963,550,000","21,211,900,000",12.800,13.180,13.177
364,EGT9980IAM18,19/10/2021,18/10/2022,"15,000,000,000","40,913,475,000","28,013,375,000",12.800,13.180,13.163
364,EGT9980BAM15,12/10/2021,11/10/2022,"14,500,000,000","39,755,500,000","20,606,425,000",12.850,13.151,13.113
364,EGT99804AM16,05/10/2021,04/10/2022,"15,000,000,000","46,781,075,000","17,399,925,000",12.800,13.080,13.056
364,EGT9980R9M16,28/09/2021,27/09/2022,"15,000,000,000","33,634,425,000","9,756,200,000",12.500,13.060,13.030
364,EGT9980K9M11,21/09/2021,20/09/2022,"14,500,000,000","40,264,750,000","21,549,400,000",12.750,13.051,13.025
364,EGT9980D9M16,14/09/2021,13/09/2022,"15,000,000,000","28,826,300,000","20,356,300,000",12.600,13.070,13.021
364,EGT998069M18,07/09/2021,06/09/2022,"14,500,000,000","56,173,775,000","28,396,850,000",12.500,13.020,12.986
364,EGT9980Y8M13,31/08/2021,30/08/2022,"15,000,000,000","47,541,375,000","21,720,950,000",12.900,13.151,13.125
364,EGT9980N8M16,24/08/2021,23/08/2022,"14,500,000,000","46,510,025,000","37,339,125,000",13.001,13.260,13.182
364,EGT9980G8M10,17/08/2021,16/08/2022,"15,000,000,000","31,601,425,000","25,196,425,000",13.001,13.300,13.274
364,EGT998098M13,10/08/2021,09/08/2022,"14,500,000,000","24,418,450,000","16,753,075,000",12.500,13.280,13.256
364,EGT998028M18,03/08/2021,02/08/2022,"15,000,000,000","55,252,725,000","36,408,375,000",13.101,13.260,13.251
364,EGT9980Q7M10,27/07/2021,26/07/2022,"14,500,000,000","30,470,775,000","25,705,775,000",13.001,13.320,13.307
364,EGT9980J7M15,20/07/2021,19/07/2022,"15,000,000,000","31,227,925,000","20,734,775,000",13.001,13.310,13.283
364,EGT9980C7M10,13/07/2021,12/07/2022,"14,500,000,000","30,235,675,000","17,647,675,000",13.001,13.300,13.283
364,EGT998057M12,06/07/2021,05/07/2022,"15,000,000,000","17,317,450,000","11,107,450,000",13.001,13.300,13.265
364,EGT9980L6M12,22/06/2021,21/06/2022,"6,500,000,000","19,497,450,000","11,731,850,000",13.001,13.240,13.198
364,EGT998076M19,08/06/2021,07/06/2022,"6,500,000,000","13,848,875,000","9,083,550,000",13.001,13.339,13.328
364,EGT9980O5M17,25/05/2021,24/05/2022,"6,500,000,000","21,839,950,000","8,994,750,000",13.001,13.350,13.342
364,EGT9980A5M16,11/05/2021,10/05/2022,"6,500,000,000","17,248,350,000","10,090,475,000",13.001,13.370,13.361
364,EGT9980Q4M13,27/04/2021,26/04/2022,"6,500,000,000","10,309,800,000","5,461,300,000",13.249,13.390,13.382
364,EGT9980C4M13,13/04/2021,12/04/2022,"6,500,000,000","17,561,425,000","8,735,375,000",13.249,13.400,13.384
364,EGT9980T3M18,30/03/2021,29/03/2022,"7,500,000,000","15,801,950,000","8,116,700,000",13.001,13.395,13.377
364,EGT9980F3M17,16/03/2021,15/03/2022,"7,500,000,000","19,729,950,000","10,752,550,000",13.101,13.379,13.352
364,EGT998013M15,02/03/2021,01/03/2022,"7,500,000,000","24,086,425,000","9,578,750,000",13.001,13.300,13.219
364,EGT9980F2M18,16/02/2021,15/02/2022,"12,500,000,000","32,963,525,000","14,468,775,000",12.500,13.201,13.171
364,EGT998012M16,02/02/2021,01/02/2022,"12,500,000,000","29,332,600,000","17,521,700,000",12.500,13.400,13.312
364,EGT9980I1M13,19/01/2021,18/01/2022,"12,500,000,000","32,282,750,000","23,582,975,000",12.500,12.920,12.883
364,EGT998041M11,05/01/2021,04/01/2022,"12,500,000,000","24,877,925,000","13,444,925,000",12.500,13.090,12.948
364,EGT9980LCL12,22/12/2020,21/12/2021,"11,000,000,000","32,517,025,000","11,000,000,000",12.500,12.739,12.671
364,EGT99807CL12,08/12/2020,07/12/2021,"11,500,000,000","28,658,450,000","7,852,725,000",13.101,13.320,13.293
364,EGT9980NBL11,24/11/2020,23/11/2021,"11,500,000,000","37,138,375,000","8,581,275,000",13.101,13.395,13.357
364,EGT99809BL11,10/11/2020,09/11/2021,"11,500,000,000","48,405,900,000","22,866,125,000",13.001,13.689,13.680
364,EGT9980QAL19,27/10/2020,26/10/2021,"11,500,000,000","25,083,600,000","18,443,325,000",13.300,13.610,13.592
364,EGT9980CAL15,13/10/2020,12/10/2021,"11,500,000,000","43,576,725,000","25,146,650,000",13.300,13.470,13.439
364,EGT9980S9L15,29/09/2020,28/09/2021,"10,500,000,000","38,172,175,000","27,497,000,000",13.001,13.651,13.604
364,EGT9980E9L15,15/09/2020,14/09/2021,"10,500,000,000","27,504,850,000","10,500,000,000",13.400,13.680,13.652
364,EGT9980V8L10,01/09/2020,31/08/2021,"10,500,000,000","34,540,775,000","10,500,000,000",13.651,13.850,13.820
364,EGT9980H8L19,18/08/2020,17/08/2021,"10,500,000,000","42,904,100,000","27,652,100,000",13.501,13.840,13.816
364,EGT998038L17,04/08/2020,03/08/2021,"10,500,000,000","16,470,025,000","14,809,525,000",13.450,13.790,13.688
364,EGT9980K7L14,21/07/2020,20/07/2021,"10,500,000,000","29,133,750,000","14,859,650,000",13.249,13.501,13.488
364,EGT998067L11,07/07/2020,06/07/2021,"10,500,000,000","20,085,075,000","18,132,975,000",12.500,13.689,13.516
364,EGT9980T6L16,30/06/2020,29/06/2021,"7,500,000,000","14,512,925,000","2,900,575,000",12.500,13.291,13.120
364,EGT9980F6L15,16/06/2020,15/06/2021,"7,500,000,000","20,054,875,000","12,875,075,000",12.200,12.500,12.449
364,EGT998016L13,02/06/2020,01/06/2021,"11,000,000,000","8,513,325,000","6,158,125,000",12.390,12.500,12.474
364,EGT9980I5L10,19/05/2020,18/05/2021,"11,000,000,000","22,850,725,000","11,000,000,000",12.200,12.520,12.510
364,EGT998045L18,05/05/2020,04/05/2021,"11,000,000,000","16,153,625,000","11,000,000,000",12.200,12.650,12.599
364,EGT9980K4L17,21/04/2020,20/04/2021,"11,000,000,000","16,379,400,000","11,000,000,000",12.000,12.410,12.307
364,EGT998064L14,07/04/2020,06/04/2021,"11,000,000,000","36,922,300,000","11,000,000,000",12.740,13.030,12.967
364,EGT9980Y3L19,31/03/2020,30/03/2021,"10,500,000,000","17,163,975,000","13,543,075,000",13.001,13.660,13.560
364,EGT9980G3L16,17/03/2020,16/03/2021,"10,500,000,000","14,320,075,000","10,500,000,000",13.750,15.200,14.713
364,EGT998023L14,03/03/2020,02/03/2021,"10,500,000,000","23,469,775,000","6,742,275,000",13.501,14.141,14.086
364,EGT9980G2L17,18/02/2020,16/02/2021,"10,500,000,000","32,582,475,000","10,500,000,000",13.700,13.879,13.863
364,EGT998022L15,04/02/2020,02/02/2021,"10,500,000,000","24,436,575,000","16,220,025,000",13.750,14.311,14.280
364,EGT9980J1L12,21/01/2020,19/01/2021,"10,500,000,000","36,598,150,000","15,456,575,000",13.501,13.790,13.737
364,EGT998051L19,07/01/2020,05/01/2021,"10,500,000,000","15,030,950,000","10,500,000,000",14.250,14.680,14.619
364,EGT9980MCK12,24/12/2019,22/12/2020,"9,750,000,000","25,387,125,000","13,193,675,000",14.499,14.610,14.573
364,EGT99808CK12,10/12/2019,08/12/2020,"9,750,000,000","25,120,175,000","11,955,150,000",14.400,14.950,14.929
364,EGT9980OBK11,26/11/2019,24/11/2020,"9,750,000,000","17,135,000,000","274,800,000",14.199,14.750,14.676
364,EGT9980ABK17,12/11/2019,10/11/2020,"9,750,000,000","26,724,975,000","14,098,950,000",14.999,15.060,15.036
364,EGT9980RAK19,29/10/2019,27/10/2020,"9,750,000,000","21,853,700,000","9,750,000,000",14.999,15.211,15.177
364,EGT9980DAK15,15/10/2019,13/10/2020,"9,750,000,000","22,670,925,000","15,445,125,000",14.920,15.300,15.237
364,EGT9980T9K14,01/10/2019,29/09/2020,"9,750,000,000","24,057,300,000","12,568,475,000",14.000,15.440,15.369
364,EGT9980F9K13,17/09/2019,15/09/2020,"9,750,000,000","35,907,325,000","12,053,250,000",15.850,15.900,15.877
364,EGT998019K11,03/09/2019,01/09/2020,"9,750,000,000","15,746,275,000","9,750,000,000",15.900,16.340,16.263
364,EGT9980I8K18,20/08/2019,18/08/2020,"9,750,000,000","24,277,125,000","10,193,725,000",17.000,17.550,17.496
364,EGT998048K16,06/08/2019,04/08/2020,"9,750,000,000","15,782,100,000","9,750,000,000",16.891,17.380,17.250
364,EGT9980L7K13,23/07/2019,21/07/2020,"9,500,000,000","17,081,000,000","10,873,475,000",16.870,17.100,17.007
364,EGT998077K10,09/07/2019,07/07/2020,"9,500,000,000","10,095,825,000","9,500,000,000",17.190,17.500,17.378
364,EGT9980N6K10,25/06/2019,23/06/2020,"9,250,000,000","15,977,550,000","11,538,750,000",17.000,17.321,17.263
364,EGT998096K17,11/06/2019,09/06/2020,"8,750,000,000","24,867,800,000","14,489,975,000",17.190,17.321,17.299
364,EGT9980Q5K14,28/05/2019,26/05/2020,"9,250,000,000","30,791,550,000","10,868,150,000",16.500,17.300,17.257
364,EGT9980C5K14,14/05/2019,12/05/2020,"9,250,000,000","14,402,450,000","6,173,725,000",17.000,17.340,17.268
364,EGT9980S4K11,30/04/2019,28/04/2020,"8,750,000,000","16,466,800,000","12,077,800,000",16.690,17.110,17.026
364,EGT9980E4K11,16/04/2019,14/04/2020,"9,250,000,000","26,177,000,000","11,302,550,000",17.000,17.398,17.391
364,EGT9980V3K16,02/04/2019,31/03/2020,"9,500,000,000","27,275,200,000","9,500,000,000",16.750,17.019,16.999
364,EGT9980H3K15,19/03/2019,17/03/2020,"9,250,000,000","21,823,675,000","9,352,625,000",17.100,17.550,17.510
364,EGT998033K13,05/03/2019,03/03/2020,"9,250,000,000","26,706,625,000","9,250,000,000",16.900,17.780,17.722
364,EGT9980I2K14,19/02/2019,18/02/2020,"9,250,000,000","20,913,400,000","9,250,000,000",17.500,18.260,18.182
364,EGT998042K12,05/02/2019,04/02/2020,"9,250,000,000","26,735,925,000","9,250,000,000",17.800,18.169,18.133
364,EGT9980L1K19,22/01/2019,21/01/2020,"9,250,000,000","50,575,475,000","18,913,575,000",18.799,18.920,18.904
364,EGT998071K16,08/01/2019,07/01/2020,"9,250,000,000","23,141,300,000","11,770,700,000",18.500,19.770,19.760
364,EGT9980OCJ13,25/12/2018,24/12/2019,"9,250,000,000","27,223,225,000","26,551,225,000",19.080,19.990,19.978
364,EGT9980ACJ19,11/12/2018,10/12/2019,"9,250,000,000","18,445,125,000","14,491,325,000",19.800,19.990,19.977
364,EGT9980QBJ12,27/11/2018,26/11/2019,"9,500,000,000","9,320,000,000","1,308,175,000",19.501,19.990,19.920
364,EGT9980CBJ18,13/11/2018,12/11/2019,"9,500,000,000","18,725,675,000","12,369,500,000",19.579,19.821,19.778
364,EGT9980TAJ10,30/10/2018,29/10/2019,"9,500,000,000","16,416,375,000","9,952,000,000",19.650,19.841,19.809
364,EGT9980FAJ16,16/10/2018,15/10/2019,"9,250,000,000","11,667,375,000","9,250,000,000",19.249,19.890,19.816
364,EGT99801AJ14,02/10/2018,01/10/2019,"9,250,000,000","12,443,300,000","10,438,300,000",19.001,19.700,19.623
364,EGT9980H9J12,18/09/2018,17/09/2019,"8,500,000,000","15,014,725,000","13,388,175,000",18.900,19.391,19.296
364,EGT998039J10,04/09/2018,03/09/2019,"8,500,000,000","15,657,250,000","8,500,000,000",18.500,19.239,19.187
364,EGT9980K8J17,21/08/2018,20/08/2019,"8,500,000,000","19,170,325,000","8,500,000,000",18.500,19.070,18.967
364,EGT998068J14,07/08/2018,06/08/2019,"8,750,000,000","17,289,900,000","8,811,600,000",17.000,18.740,18.711
364,EGT9980N7J12,24/07/2018,23/07/2019,"8,500,000,000","27,341,925,000","8,500,000,000",19.001,19.180,19.134
364,EGT998097J19,10/07/2018,09/07/2019,"8,750,000,000","18,944,050,000","10,574,750,000",18.701,19.501,19.444
364,EGT9980P6J18,26/06/2018,25/06/2019,"8,500,000,000","12,293,400,000","6,224,400,000",18.150,18.991,18.928
364,EGT9980B6J18,12/06/2018,11/06/2019,"8,500,000,000","23,131,325,000","15,383,000,000",18.099,18.380,18.310
364,EGT9980S5J13,29/05/2018,28/05/2019,"8,000,000,000","15,878,700,000","7,107,175,000",18.000,18.780,18.553
364,EGT9980E5J13,15/05/2018,14/05/2019,"8,250,000,000","14,683,625,000","3,332,575,000",16.750,18.048,17.796
364,EGT9980Y4J12,01/05/2018,30/04/2019,"7,750,000,000","11,725,750,000","4,869,750,000",16.650,16.980,16.926
364,EGT9980G4J19,17/04/2018,16/04/2019,"8,000,000,000","13,292,375,000","7,300,375,000",16.450,16.849,16.767
364,EGT998024J17,03/04/2018,02/04/2019,"8,250,000,000","20,340,775,000","8,746,825,000",16.251,16.600,16.559
364,EGT9980J3J14,20/03/2018,19/03/2019,"7,750,000,000","19,762,100,000","7,750,000,000",16.350,16.701,16.626
364,EGT998053J11,06/03/2018,05/03/2019,"8,250,000,000","26,941,825,000","8,250,000,000",16.600,16.960,16.894
364,EGT9980J2J15,20/02/2018,19/02/2019,"8,000,000,000","16,236,350,000","7,787,675,000",16.001,16.725,16.618
364,EGT998052J12,06/02/2018,05/02/2019,"8,000,000,000","23,413,925,000","7,779,775,000",16.450,16.746,16.679
364,EGT9980M1J10,23/01/2018,22/01/2019,"7,500,000,000","18,691,025,000","6,103,425,000",17.000,17.610,17.483
364,EGT998081J17,09/01/2018,08/01/2019,"7,500,000,000","20,588,800,000","7,500,000,000",17.250,18.350,18.186
364,EGT9980PCI13,26/12/2017,25/12/2018,"6,750,000,000","16,725,600,000","8,025,175,000",17.450,17.690,17.580
364,EGT9980BCI19,12/12/2017,11/12/2018,"7,000,000,000","19,081,825,000","7,270,575,000",18.401,18.831,18.758
364,EGT9980RBI12,28/11/2017,27/11/2018,"6,750,000,000","15,648,075,000","8,716,575,000",17.500,18.070,17.988
364,EGT9980DBI18,14/11/2017,13/11/2018,"8,000,000,000","15,454,175,000","9,202,925,000",17.401,17.821,17.724
364,EGT9980YAI14,31/10/2017,30/10/2018,"6,750,000,000","19,822,050,000","7,934,275,000",17.500,17.750,17.690
364,EGT9980GAI16,17/10/2017,16/10/2018,"6,750,000,000","29,373,875,000","9,312,250,000",17.700,18.051,17.985
364,EGT99802AI14,03/10/2017,02/10/2018,"6,750,000,000","23,342,675,000","8,420,250,000",17.250,17.991,17.919
364,EGT9980I9I11,19/09/2017,18/09/2018,"6,750,000,000","29,380,100,000","8,088,050,000",18.450,18.790,18.709
364,EGT998049I19,05/09/2017,04/09/2018,"6,250,000,000","18,833,975,000","8,182,450,000",18.600,19.331,19.213
364,EGT9980L8I16,22/08/2017,21/08/2018,"7,250,000,000","18,333,775,000","8,883,300,000",18.500,19.491,19.308
364,EGT998078I13,08/08/2017,07/08/2018,"8,250,000,000","32,150,950,000","11,129,875,000",19.050,19.501,19.348
364,EGT9980O7I11,25/07/2017,24/07/2018,"6,500,000,000","21,315,375,000","6,882,375,000",21.250,21.770,21.706
364,EGT9980A7I10,11/07/2017,10/07/2018,"6,750,000,000","16,912,100,000","8,983,500,000",20.728,21.100,20.981
364,EGT9980Q6I17,27/06/2017,26/06/2018,"6,000,000,000","9,877,500,000","6,492,825,000",20.001,20.599,20.390
364,EGT9980C6I17,13/06/2017,12/06/2018,"6,250,000,000","21,638,825,000","13,911,300,000",19.351,20.380,20.274
364,EGT9980T5I12,30/05/2017,29/05/2018,"6,250,000,000","25,107,750,000","8,466,850,000",19.200,20.799,20.588
364,EGT9980F5I11,16/05/2017,15/05/2018,"6,000,000,000","11,662,100,000","6,000,000,000",19.001,19.481,19.307
364,EGT998015I19,02/05/2017,01/05/2018,"6,000,000,000","18,987,775,000","7,030,925,000",18.750,19.050,18.988
364,EGT9980H4I18,18/04/2017,17/04/2018,"6,000,000,000","20,458,100,000","6,909,975,000",18.500,19.180,19.136
364,,04/04/2017,03/04/2018,"6,000,000,000","19,067,675,000","12,553,725,000",18.500,19.249,19.173
364,EGT9980K3I13,21/03/2017,20/03/2018,"5,250,000,000","15,841,100,000","5,250,000,000",18.251,19.341,19.243
364,EGT998063I10,07/03/2017,06/03/2018,"5,750,000,000","20,149,975,000","5,750,000,000",18.253,19.990,19.922
364,EGT9980K2I14,21/02/2017,20/02/2018,"5,500,000,000","13,624,350,000","5,500,000,000",16.500,19.070,18.982
364,EGT998062I11,07/02/2017,06/02/2018,"5,250,000,000","20,076,450,000","5,250,000,000",19.431,19.660,19.593
364,EGT9980N1I19,24/01/2017,23/01/2018,"5,250,000,000","13,634,350,000","5,801,400,000",19.501,20.259,20.187
364,,10/01/2017,09/01/2018,"5,250,000,000","16,526,950,000","5,812,825,000",19.001,19.940,19.900
364,EGT9980QCH13,27/12/2016,26/12/2017,"3,000,000,000","5,956,525,000","3,000,000,000",18.500,19.391,19.316
364,EGT9980CCH19,13/12/2016,12/12/2017,"3,000,000,000","9,066,325,000","3,000,000,000",18.251,18.650,18.622
364,EGT9980SBH12,29/11/2016,28/11/2017,"3,500,000,000","7,022,625,000","3,500,000,000",16.500,18.569,18.034
364,EGT9980EBH18,15/11/2016,14/11/2017,"6,000,000,000","26,210,525,000","7,229,825,000",18.401,19.200,18.903
364,EGT9980VAH18,01/11/2016,31/10/2017,"6,500,000,000","6,590,675,000","6,590,675,000",16.350,17.600,16.842
364,EGT9980HAH16,18/10/2016,17/10/2017,"6,000,000,000","6,548,125,000","5,198,125,000",16.251,16.519,16.442
364,,04/10/2016,03/10/2017,"6,500,000,000","8,492,225,000","6,500,000,000",16.299,16.450,16.424
364,EGT9980J9H10,20/09/2016,19/09/2017,"6,000,000,000","6,756,475,000","3,689,475,000",16.001,16.450,16.414
364,EGT998059H17,06/09/2016,05/09/2017,"6,000,000,000","9,389,200,000","6,000,000,000",15.900,16.290,16.249
364,EGT9980M8H15,23/08/2016,22/08/2017,"6,000,000,000","11,562,650,000","6,000,000,000",14.804,16.001,15.965
364,EGT998088H12,09/08/2016,08/08/2017,"6,000,000,000","14,917,050,000","6,000,000,000",15.300,15.861,15.825
364,EGT9980P7H19,26/07/2016,25/07/2017,"5,500,000,000","9,362,775,000","5,500,000,000",15.500,15.780,15.743
364,EGT9980B7H19,12/07/2016,11/07/2017,"5,500,000,000","6,062,600,000","5,500,000,000",15.100,15.640,15.370
364,EGT9980R6H16,28/06/2016,27/06/2017,"5,000,000,000","11,786,675,000","5,000,000,000",13.850,15.211,15.185
364,EGT9980D6H16,14/06/2016,13/06/2017,"5,000,000,000","12,366,050,000","5,000,000,000",13.900,14.150,14.115
364,EGT9980Y5H13,31/05/2016,30/05/2017,"5,000,000,000","15,403,900,000","5,000,000,000",13.759,13.959,13.907
364,EGT9980G5H10,17/05/2016,16/05/2017,"5,000,000,000","9,337,050,000","5,000,000,000",13.850,14.021,13.988
364,EGT998044H15,04/05/2016,04/04/2017,"5,000,000,000","16,425,300,000","5,000,000,000",14.148,14.277,14.231
364,EGT998025H18,03/05/2016,02/05/2017,"5,000,000,000","12,420,500,000","5,000,000,000",14.141,14.150,14.145
364,EGT9980I4H17,19/04/2016,18/04/2017,"5,000,000,000","10,196,300,000","5,000,000,000",13.800,14.150,14.085
364,EGT9980TCF12,30/12/2014,29/12/2015,"4,000,000,000","8,708,400,000","4,000,000,000",11.72,11.99,11.939
364,EGT9980FCF18,16/12/2014,15/12/2015,"4,000,000,000","10,258,175,000","4,000,000,000",11.75,11.851,11.824
364,EGT99801CF16,02/12/2014,01/12/2015,"4,000,000,000","8,260,550,000","4,000,000,000",12,12.09,12.067
364,EGT9980HBF17,18/11/2014,17/11/2015,"4,000,000,000","9,351,975,000","4,000,000,000",12,12.241,12.219
364,EGT99803BF15,04/11/2014,03/11/2015,"4,000,000,000","10,669,600,000","4,000,000,000",12.18,12.21,12.199
364,EGT9980KAF13,21/10/2014,20/10/2015,"4,000,000,000","7,833,500,000","4,000,000,000",12.249,12.369,12.352
364,EGT99806AF13,07/10/2014,06/10/2015,"4,000,000,000","8,041,300,000","4,000,000,000",12.3,12.39,12.369
364,EGT9980M9F16,23/09/2014,22/09/2015,"4,000,000,000","7,424,100,000","4,000,000,000",12.35,12.56,12.524
364,EGT998089F13,09/09/2014,08/09/2015,"4,000,000,000","8,252,300,000","4,000,000,000",12.2,12.451,12.407
364,EGT9980P8F10,26/08/2014,25/08/2015,"4,000,000,000","7,212,125,000","4,000,000,000",11.501,12.22,12.138
364,EGT9980B8F10,12/08/2014,11/08/2015,"4,000,000,000","10,471,775,000","4,000,000,000",12.38,12.43,12.411
364,EGT9980S7F15,29/07/2014,28/07/2015,"4,000,000,000","7,144,300,000","114,175,000",11.161,12.5,12.459
364,EGT9980E7F15,15/07/2014,14/07/2015,"4,000,000,000","9,379,500,000","4,000,000,000",10.85,11.185,11.161
364,EGT9980Y6F14,01/07/2014,30/06/2015,"4,000,000,000","6,789,650,000","4,000,000,000",10.7,10.96,10.926
364,EGT9980N6F17,24/06/2014,23/06/2015,"4,000,000,000","7,726,525,000","4,000,000,000",10.7,10.96,10.938
364,EGT998096F14,10/06/2014,09/06/2015,"3,500,000,000","11,734,375,000","3,500,000,000",10.7,11.149,11.115
364,EGT9980Q5F11,27/05/2014,26/05/2015,"3,500,000,000","6,444,625,000","3,500,000,000",10.717,10.819,10.783
364,EGT9980C5F11,13/05/2014,12/05/2015,"3,500,000,000","12,405,775,000","3,500,000,000",10.93,11.07,11.027
364,EGT9980S4F18,29/04/2014,28/04/2015,"3,500,000,000","6,219,425,000","3,500,000,000",10.7,10.875,10.849
364,EGT9980E4F18,15/04/2014,14/04/2015,"3,500,000,000","6,740,975,000","3,500,000,000",10.45,10.819,10.8
364,EGT9980V3F13,01/04/2014,31/03/2015,"3,500,000,000","6,617,325,000","3,500,000,000",10.5,10.78,10.753
364,EGT9980H3F12,18/03/2014,17/03/2015,"4,000,000,000","8,384,150,000","4,000,000,000",10.7,10.85,10.828
364,EGT998033F10,04/03/2014,03/03/2015,"4,000,000,000","8,210,400,000","4,000,000,000",10.65,10.78,10.737
364,EGT9980H2F13,18/02/2014,17/02/2015,"3,500,000,000","7,605,225,000","3,500,000,000",10.7,10.807,10.786
364,EGT998032F11,04/02/2014,03/02/2015,"3,500,000,000","9,351,575,000","3,500,000,000",10.751,10.92,10.897
364,EGT9980K1F18,21/01/2014,20/01/2015,"4,000,000,000","12,908,350,000","4,000,000,000",10.45,10.831,10.808
364,EGT998061F15,07/01/2014,06/01/2015,"3,500,000,000","10,583,100,000","3,500,000,000",10.999,11.15,11.126
364,EGT9980YCE16,31/12/2013,30/12/2014,"3,500,000,000","9,481,850,000","3,500,000,000",10.999,11.23,11.21
364,EGT9980GCE18,17/12/2013,16/12/2014,"4,000,000,000","8,532,975,000","4,000,000,000",10.6,11.07,10.951
364,EGT99802CE16,03/12/2013,02/12/2014,"4,000,000,000","8,411,675,000","4,000,000,000",11.249,11.39,11.358
364,EGT9980IBE17,19/11/2013,18/11/2014,"4,000,000,000","6,719,175,000","4,000,000,000",10.999,11.4,11.351
364,EGT99804BE15,05/11/2013,04/11/2014,"4,000,000,000","7,783,550,000","4,000,000,000",10.95,11.271,11.229
364,EGT9980LAE13,22/10/2013,21/10/2014,"4,000,000,000","8,461,275,000","4,000,000,000",10.95,11.02,10.995
364,EGT99807AE13,08/10/2013,07/10/2014,"4,000,000,000","12,985,125,000","4,000,000,000",11.2,11.33,11.294
364,EGT9980N9E15,24/09/2013,23/09/2014,"4,000,000,000","6,704,775,000","4,000,000,000",10,10.6,10.538
364,EGT998099E12,10/09/2013,09/09/2014,"4,000,000,000","11,958,225,000","4,000,000,000",12,12.451,12.426
364,EGT9980Q8E19,27/08/2013,26/08/2014,"4,000,000,000","8,655,575,000","4,000,000,000",12,12.96,12.92
364,EGT9980C8E19,13/08/2013,12/08/2014,"4,000,000,000","10,762,325,000","4,000,000,000",12.249,12.75,12.686
364,EGT9980T7E14,30/07/2013,29/07/2014,"4,000,000,000","10,242,900,000","4,000,000,000",13.75,13.88,13.822
364,EGT9980F7E13,16/07/2013,15/07/2014,"4,000,000,000","9,727,750,000","4,000,000,000",13.998,14.39,14.312
364,EGT998017E11,02/07/2013,01/07/2014,"4,000,000,000","5,001,575,000","4,000,000,000",14.499,15.64,15.406
364,EGT9980H6E10,18/06/2013,17/06/2014,"4,000,000,000","6,049,850,000","4,000,000,000",14.699,14.99,14.877
364,EGT998036E18,04/06/2013,03/06/2014,"4,000,000,000","6,465,650,000","4,000,000,000",14.499,14.95,14.801
364,EGT998065E12,07/05/2013,06/05/2014,"3,500,000,000","4,915,275,000","3,500,000,000",13.001,14.35,14.043
364,EGT9980M4E12,23/04/2013,22/04/2014,"3,000,000,000","9,911,725,000","3,000,000,000",14,14.599,14.581
364,EGT998084E19,09/04/2013,08/04/2014,"3,000,000,000","6,579,550,000","3,000,000,000",14.25,14.9,14.788
364,EGT9980P3E16,26/03/2013,25/03/2014,"3,500,000,000","8,762,500,000","3,500,000,000",13.501,13.71,13.68
364,EGT9980B3E16,12/03/2013,11/03/2014,"4,000,000,000","11,174,850,000","4,000,000,000",13.85,13.94,13.908
364,EGT9980P2E17,26/02/2013,25/02/2014,"4,000,000,000","8,953,725,000","4,000,000,000",13.001,14.01,13.957
364,EGT9980B2E17,12/02/2013,11/02/2014,"4,000,000,000","11,634,100,000","4,000,000,000",13.75,14.12,14.072
364,EGT9980S1E12,29/01/2013,28/01/2014,"3,500,000,000","7,424,775,000","3,500,000,000",13.249,14.04,14.004
364,EGT9980E1E12,15/01/2013,14/01/2014,"4,000,000,000","9,589,700,000","4,000,000,000",14,14.69,14.503
364,EGT9980HCD18,18/12/2012,17/12/2013,"4,000,000,000","10,165,225,000","4,000,000,000",13.249,13.698,13.623
364,EGT9980ACD15,11/12/2012,10/12/2013,"3,500,000,000","5,911,225,000","1,400,000,000",13.249,14,13.755
364,EGT99803CD16,04/12/2012,03/12/2013,"3,500,000,000","6,512,175,000","3,500,000,000",12.75,14.35,14.154
364,EGT9980JBD17,20/11/2012,19/11/2013,"3,500,000,000","8,026,675,000","3,500,000,000",12.75,13.01,12.985
364,EGT99805BD15,06/11/2012,05/11/2013,"3,500,000,000","7,231,950,000","3,500,000,000",12.5,13.201,13.15
364,EGT9980MAD13,23/10/2012,22/10/2013,"3,500,000,000","11,809,650,000","3,500,000,000",13.001,13.19,13.143
364,EGT99808AD13,09/10/2012,08/10/2013,"3,000,000,000","6,245,850,000","3,000,000,000",13.249,13.84,13.757
364,EGT9980O9D14,25/09/2012,24/09/2013,"3,500,000,000","13,170,450,000","3,500,000,000",13.7,13.85,13.803
364,EGT9980A9D13,11/09/2012,10/09/2013,"3,500,000,000","11,453,725,000","3,500,000,000",15.699,15.771,15.748
364,EGT9980R8D18,28/08/2012,27/08/2013,"3,500,000,000","4,982,350,000","1,500,000,000",15.699,15.968,15.949
364,EGT9980D8D18,14/08/2012,13/08/2013,"3,500,000,000","5,103,625,000","3,500,000,000",15.6,15.9,15.845
364,EGT9980Y7D15,31/07/2012,30/07/2013,"3,500,000,000","6,405,875,000","3,500,000,000",15.5,15.789,15.749
364,EGT9980G7D12,17/07/2012,16/07/2013,"3,500,000,000","7,169,350,000","3,500,000,000",15.771,15.85,15.825
364,EGT998027D10,03/07/2012,02/07/2013,"3,500,000,000","6,404,225,000","3,500,000,000",15.8,15.97,15.943
364,EGT9980P6D14,26/06/2012,25/06/2013,"3,000,000,000","3,790,775,000","1,945,775,000",15.85,15.999,15.965
364,EGT9980B6D14,12/06/2012,11/06/2013,"3,000,000,000","4,405,225,000","3,000,000,000",15.75,15.949,15.915
364,EGT9980S5D19,29/05/2012,28/05/2013,"2,500,000,000","4,298,275,000","2,500,000,000",15.6,15.914,15.899
364,EGT9980E5D19,15/05/2012,14/05/2013,"3,000,000,000","4,320,575,000","2,000,000,000",15.6,15.89,15.85
364,EGT9980Y4D18,01/05/2012,30/04/2013,"3,500,000,000","5,478,650,000","3,500,000,000",15.45,15.661,15.602
364,EGT9980G4D15,17/04/2012,16/04/2013,"3,000,000,000","8,642,100,000","4,000,000,000",15.511,15.62,15.577
364,EGT998024D13,03/04/2012,02/04/2013,"3,500,000,000","8,391,625,000","4,500,000,000",15.6,15.771,15.709
364,EGT9980J3D10,20/03/2012,19/03/2013,"3,500,000,000","5,886,000,000","3,500,000,000",15.75,15.948,15.919
364,EGT998053D17,06/03/2012,05/03/2013,"3,500,000,000","6,357,625,000","3,500,000,000",15.624,15.974,15.954
364,EGT9980J2D11,21/02/2012,19/02/2013,"3,500,000,000","6,343,425,000","3,500,000,000",15.85,15.984,15.965
364,EGT998052D18,07/02/2012,05/02/2013,"3,500,000,000","4,349,225,000","1,979,075,000",15.5,15.99,15.91
364,EGT9980T1D11,31/01/2012,29/01/2013,"4,000,000,000","4,350,575,000","500,000,000",15.6,15.9,15.867
364,EGT9980F1D10,17/01/2012,15/01/2013,"4,000,000,000","6,333,950,000","4,000,000,000",15.2,15.72,15.555
364,EGT998011D18,03/01/2012,01/01/2013,"3,500,000,000","4,254,725,000","2,043,725,000",14.499,15.5,15.399
364,EGT9980BCC15,13/12/2011,11/12/2012,"3,500,000,000","6,308,150,000","3,500,000,000",14.25,15.3,15.193
364,EGT9980DBC14,15/11/2011,13/11/2012,"3,500,000,000","5,252,525,000","3,500,000,000",13.95,14.24,14.071
364,EGT9980YAC10,01/11/2011,30/10/2012,"3,500,000,000","8,155,675,000","3,500,000,000",13.651,13.91,13.854
364,EGT9980GAC12,18/10/2011,16/10/2012,"3,500,000,000","8,016,925,000","3,500,000,000",13.501,13.789,13.72
364,EGT99802AC10,04/10/2011,02/10/2012,"3,500,000,000","7,665,925,000","3,500,000,000",13.501,13.9,13.863
364,EGT9980B9C12,13/09/2011,11/09/2012,"3,500,000,000","4,566,150,000","3,500,000,000",12.605,13.81,13.6
364,EGT9980L8C12,23/08/2011,21/08/2012,"3,500,000,000","4,999,725,000","3,100,000,000",12.9,12.994,12.979
364,EGT9980V7C12,02/08/2011,31/07/2012,"3,500,000,000","6,184,125,000","3,500,000,000",12.65,12.9,12.847
364,EGT998037C19,12/07/2011,10/07/2012,"3,500,000,000","8,399,950,000","3,500,000,000",12.845,12.93,12.9
364,EGT9980C6C13,14/06/2011,12/06/2012,"3,500,000,000","5,508,325,000","3,320,325,000",12.9,12.999,12.969
364,EGT9980M5C13,24/05/2011,22/05/2012,"3,500,000,000","4,650,850,000","2,275,000,000",12.75,12.999,12.938
364,EGT9980O4C10,26/04/2011,24/04/2012,"3,500,000,000","2,988,950,000","1,500,000,000",12.4,12.998,12.787
364,EGT998034C12,05/04/2011,03/04/2012,"3,500,000,000","5,846,175,000","3,500,000,000",12.101,12.67,12.475
364,EGT9980D3C14,15/03/2011,13/03/2012,"3,500,000,000","5,001,575,000","3,000,000,000",12,12.99,12.409
364,EGT9980L2C18,22/02/2011,21/02/2012,"3,500,000,000","4,656,050,000","3,500,000,000",11.491,12.53,12.033
364,EGT9980H1C17,18/01/2011,17/01/2012,"3,000,000,000","9,948,425,000","3,000,000,000",10.39,10.51,10.444
364,EGT9980RCB18,28/12/2010,27/12/2011,"3,500,000,000","6,944,325,000","3,500,000,000",10.4,10.71,10.665
364,EGT99806CB15,07/12/2010,06/12/2011,"3,500,000,000","9,130,875,000","3,500,000,000",10.25,10.56,10.471
364,EGT99808BB14,09/11/2010,08/11/2011,"3,500,000,000","11,198,300,000","3,500,000,000",10.2,10.45,10.341
364,EGT9980BAB18,12/10/2010,11/10/2011,"3,500,000,000","7,684,325,000","3,500,000,000",10,10.29,10.253
364,EGT9980K9B14,21/09/2010,20/09/2011,"3,000,000,000","7,089,950,000","3,000,000,000",10.45,10.629,10.584
364,EGT9980Y8B16,31/08/2010,30/08/2011,"3,000,000,000","6,609,775,000","3,000,000,000",10.3,10.559,10.503
364,EGT998098B16,10/08/2010,09/08/2011,"3,000,000,000","13,059,475,000","3,000,000,000",10.19,10.42,10.38
364,EGT9980C7B13,13/07/2010,12/07/2011,"3,000,000,000","6,031,750,000","3,000,000,000",10.65,10.87,10.836
364,EGT9980L6B15,22/06/2010,21/06/2011,"3,000,000,000","7,324,675,000","1,000,000,000",10.85,10.95,10.932
364,EGT998076B12,08/06/2010,07/06/2011,"3,000,000,000","5,868,975,000","3,000,000,000",10.551,10.93,10.873
364,EGT9980A5B19,11/05/2010,10/05/2011,"3,000,000,000","4,630,700,000","1,500,000,000",10.2,10.589,10.542
364,EGT9980C4B16,13/04/2010,12/04/2011,"3,000,000,000","7,476,100,000","3,000,000,000",10.2,10.34,10.293
364,EGT9980T3B11,30/03/2010,29/03/2011,"3,000,000,000","9,193,100,000","3,000,000,000",10.39,10.5,10.436
364,EGT998083B13,09/03/2010,08/03/2011,"3,000,000,000","8,252,400,000","3,000,000,000",10.35,10.64,10.565
364,EGT998082B14,09/02/2010,08/02/2011,"3,000,000,000","14,352,200,000","3,000,000,000",10.999,11.23,11.207
364,EGT9980B1B11,12/01/2010,11/01/2011,"3,000,000,000","5,536,775,000","3,000,000,000",11.3,11.7,11.66
364,EGT9980LCA15,22/12/2009,21/12/2010,"3,000,000,000","4,008,750,000","3,000,000,000",11.15,11.6,11.468
364,EGT99807CA15,08/12/2009,07/12/2010,"3,000,000,000","3,392,325,000","1,011,425,000",10.95,11.501,11.311
364,EGT9980NBA14,24/11/2009,23/11/2010,"3,000,000,000","3,321,675,000","2,121,675,000",10.25,11.06,10.981
364,EGT99809BA14,10/11/2009,09/11/2010,"3,000,000,000","3,922,875,000","2,094,875,000",10,10.3,10.263
364,EGT9980QAA12,27/10/2009,26/10/2010,"3,000,000,000","5,993,375,000","3,000,000,000",9.9,10.29,10.242
364,EGT9980CAA18,13/10/2009,12/10/2010,"3,000,000,000","3,597,350,000","2,000,000,000",9.7,9.96,9.913
364,EGT9980S9A18,29/09/2009,28/09/2010,"3,000,000,000","4,402,000,000","3,000,000,000",9.67,9.779,9.722
364,EGT9980E9A18,15/09/2009,14/09/2010,"3,000,000,000","6,599,950,000","3,000,000,000",9.7,9.81,9.803
364,EGT9980V8A13,01/09/2009,31/08/2010,"3,000,000,000","7,252,175,000","3,000,000,000",9.75,9.825,9.806
364,EGT9980H8A12,18/08/2009,17/08/2010,"3,000,000,000","7,238,450,000","3,000,000,000",9.74,9.88,9.849
364,EGT998038A10,04/08/2009,03/08/2010,"3,000,000,000","5,155,000,000","3,000,000,000",10.29,10.349,10.33
364,EGT9980D7A12,14/07/2009,13/07/2010,"3,000,000,000","5,764,725,000","3,000,000,000",10.2,10.41,10.371
364,EGT9980F6A18,16/06/2009,15/06/2010,"3,000,000,000","5,290,525,000","3,000,000,000",10.2,10.52,10.389
364,EGT9980P5A18,26/05/2009,25/05/2010,"3,000,000,000","4,419,425,000","3,000,000,000",9.98,10.44,10.251
364,EGT998045A11,05/05/2009,04/05/2010,"3,000,000,000","6,184,575,000","3,000,000,000",10.3,10.609,10.5
364,EGT998064A17,07/04/2009,06/04/2010,"3,000,000,000","5,125,525,000","3,000,000,000",10.4,10.66,10.569
364,EGT998023A17,03/03/2009,02/03/2010,"3,000,000,000","8,329,675,000","3,000,000,000",10.5,10.62,10.583
364,EGT998022A18,03/02/2009,02/02/2010,"3,000,000,000","5,272,900,000","3,000,000,000",11.39,11.58,11.527
364,EGT998051A12,06/01/2009,05/01/2010,"2,500,000,000","5,964,150,000","2,500,000,000",11.501,12.029,11.966
364,EGT9980TC913,30/12/2008,29/12/2009,"2,500,000,000","4,487,300,000","2,500,000,000",11.35,11.65,11.58
364,EGT9980MC918,23/12/2008,22/12/2009,"2,500,000,000","5,916,025,000","2,500,000,000",11.35,11.59,11.552
364,EGT9980FC912,16/12/2008,15/12/2009,"2,500,000,000","4,932,125,000","2,500,000,000",11.501,11.72,11.662
364,EGT99808C915,09/12/2008,08/12/2009,"2,500,000,000","6,069,850,000","2,500,000,000",11.62,11.79,11.749
364,EGT99801C910,02/12/2008,01/12/2009,"2,500,000,000","7,836,250,000","2,500,000,000",11.64,11.861,11.765
364,EGT9980OB916,25/11/2008,24/11/2009,"2,500,000,000","6,782,700,000","2,500,000,000",12,12.23,12.071
364,EGT9980HB910,18/11/2008,17/11/2009,"2,500,000,000","8,510,150,000","2,500,000,000",11.79,12.5,12.263
364,EGT9980AB915,11/11/2008,10/11/2009,"2,500,000,000","8,529,825,000","2,500,000,000",12.9,13.651,13.092
364,EGT99803B918,04/11/2008,03/11/2009,"2,500,000,000","4,264,300,000","2,500,000,000",13.251,14.3,13.898
364,EGT9980RA911,28/10/2008,27/10/2009,"2,500,000,000","6,914,000,000","2,500,000,000",12.946,13.45,13.211
364,EGT9980KA916,21/10/2008,20/10/2009,"2,000,000,000","7,974,000,000","2,000,000,000",12.75,14,13.899
364,EGT9980DA911,14/10/2008,13/10/2009,"2,500,000,000","6,490,175,000","2,000,000,000",14,14.875,14.687
364,EGT99806A913,07/10/2008,06/10/2009,"2,500,000,000","3,895,000,000","2,500,000,000",14.198,14.85,14.592
364,EGT9980T9915,30/09/2008,29/09/2009,"2,000,000,000","6,681,500,000","2,000,000,000",14.081,14.48,14.343
364,EGT9980M9912,23/09/2008,22/09/2009,"2,000,000,000","3,034,475,000","2,000,000,000",14.25,14.99,14.799
364,EGT9980F9911,16/09/2008,15/09/2009,"2,000,000,000","3,629,500,000","2,000,000,000",13.75,14.199,14.062
364,EGT998089912,09/09/2008,08/09/2009,"2,000,000,000","4,177,350,000","1,500,000,000",13.6,13.97,13.892
364,EGT998019919,02/09/2008,01/09/2009,"2,000,000,000","3,595,275,000","2,000,000,000",13.4,13.95,13.763
364,EGT9980P8911,26/08/2008,25/08/2009,"2,000,000,000","2,916,075,000","1,500,000,000",12.5,12.949,12.839
364,EGT9980I8910,19/08/2008,18/08/2009,"2,500,000,000","5,497,475,000","2,500,000,000",12.19,12.541,12.411
364,EGT9980B8917,12/08/2008,11/08/2009,"2,000,000,000","5,050,450,000","2,000,000,000",11.846,12.04,11.961
364,EGT998048918,05/08/2008,04/08/2009,"2,500,000,000","4,839,050,000","2,300,000,000",11.501,11.995,11.919
364,EGT9980S7910,29/07/2008,28/07/2009,"2,000,000,000","3,914,650,000","2,000,000,000",11.3,11.7,11.594
364,EGT9980L7917,22/07/2008,21/07/2009,"1,500,000,000","5,711,225,000","1,500,000,000",11.501,11.75,11.692
364,EGT9980E7916,15/07/2008,14/07/2009,"1,500,000,000","3,176,150,000","750,000,000",11.79,11.899,11.849
364,EGT998077917,08/07/2008,07/07/2009,"1,500,000,000","3,878,600,000","1,500,000,000",11.491,11.871,11.77
364,EGT9980Y6914,01/07/2008,30/06/2009,"1,500,000,000","2,765,275,000","1,500,000,000",10.999,11.64,11.394
364,EGT9980N6917,24/06/2008,23/06/2009,"2,500,000,000","3,869,125,000","2,500,000,000",10.7,11.24,10.995
364,EGT998096917,10/06/2008,09/06/2009,"2,500,000,000","6,198,100,000","1,500,000,000",10.5,10.95,10.906
364,EGT998026914,03/06/2008,02/06/2009,"2,500,000,000","3,982,500,000","1,500,000,000",10.29,10.9,10.697
364,EGT9980Q5916,27/05/2008,26/05/2009,"1,000,000,000","2,140,900,000","1,000,000,000",9.5,10.4,10.247
364,EGT9980J5915,20/05/2008,19/05/2009,"2,000,000,000","3,342,500,000","2,000,000,000",9.9,10.35,10.112
364,EGT9980C5912,13/05/2008,12/05/2009,"2,500,000,000","3,716,150,000","2,500,000,000",8.74,9.75,9.207
364,EGT998055913,06/05/2008,05/05/2009,"2,000,000,000","5,087,975,000","2,000,000,000",7.29,7.45,7.402
364,EGT9980S4917,29/04/2008,28/04/2009,"2,500,000,000","5,842,625,000","2,500,000,000",7.5,7.78,7.581
364,EGT9980L4914,22/04/2008,21/04/2009,"2,000,000,000","6,486,900,000","2,000,000,000",7.75,8.115,7.985
364,EGT9980E4913,15/04/2008,14/04/2009,"2,500,000,000","9,795,850,000","2,500,000,000",7.97,8.25,8.16
364,EGT9980V3914,01/04/2008,31/03/2009,"2,500,000,000","6,283,150,000","2,500,000,000",7.578,8.73,8.429
364,EGT9980O3913,25/03/2008,24/03/2009,"2,500,000,000","2,807,500,000","2,500,000,000",6.45,7.75,7.097
364,EGT9980H3912,18/03/2008,17/03/2009,"2,500,000,000","5,265,175,000","2,500,000,000",6.3,6.5,6.471
364,EGT9980A3919,11/03/2008,10/03/2009,"2,000,000,000","5,072,075,000","2,000,000,000",6.2,6.38,6.34
364,EGT998033910,04/03/2008,03/03/2009,"2,000,000,000","4,491,650,000","2,000,000,000",6.15,6.75,6.502
364,EGT9980O2915,26/02/2008,24/02/2009,"2,000,000,000","5,002,975,000","2,000,000,000",6.57,6.88,6.768
364,EGT9980H2914,19/02/2008,17/02/2009,"1,500,000,000","4,535,400,000","1,500,000,000",6.65,6.85,6.767
364,EGT9980A2911,12/02/2008,10/02/2009,"2,000,000,000","3,163,000,000","2,000,000,000",5.08,5.9,5.62
364,EGT998032912,05/02/2008,03/02/2009,"2,000,000,000","4,437,125,000","2,000,000,000",5.9,6.06,5.994
364,EGT9980R1914,29/01/2008,27/01/2009,"2,000,000,000","7,442,025,000","2,000,000,000",6.74,6.98,6.866
364,EGT9980K1911,22/01/2008,20/01/2009,"500,000,000","1,910,850,000","500,000,000",6.9,7.08,7.003
364,EGT9980D1910,15/01/2008,13/01/2009,"2,000,000,000","7,389,300,000","2,000,000,000",7.33,7.49,7.423
364,EGT998061911,08/01/2008,06/01/2009,"2,000,000,000","3,802,525,000","2,000,000,000",7.45,7.64,7.572
364,EGT9980YC814,01/01/2008,30/12/2008,"2,000,000,000","3,842,950,000","2,000,000,000",7.25,7.57,7.496
364,EGT9980NC817,25/12/2007,23/12/2008,"1,500,000,000","2,903,950,000","1,500,000,000",7.25,7.5,7.388
364,EGT9980GC811,18/12/2007,16/12/2008,"2,000,000,000","5,760,275,000","2,000,000,000",7.25,7.5,7.438
364,EGT99809C814,11/12/2007,09/12/2008,"1,000,000,000","3,708,200,000","1,000,000,000",7.25,7.6,7.57
364,EGT99802C819,04/12/2007,02/12/2008,"2,000,000,000","4,867,000,000","2,000,000,000",7.25,7.76,7.731
364,EGT9980PB814,27/11/2007,25/11/2008,"2,000,000,000","5,977,225,000","2,000,000,000",7,7.78,7.691
364,EGT9980IB819,20/11/2007,18/11/2008,"2,000,000,000","6,160,350,000","2,000,000,000",7,7.745,7.667
364,EGT9980BB814,13/11/2007,11/11/2008,"1,500,000,000","3,591,275,000","1,500,000,000",6.8,7.1,6.925
364,EGT99804B817,06/11/2007,04/11/2008,"2,000,000,000","8,872,600,000","2,000,000,000",6.79,6.85,6.824
364,EGT9980SA810,30/10/2007,28/10/2008,"2,000,000,000","8,011,875,000","2,000,000,000",7.59,7.655,7.631
364,EGT9980LA815,23/10/2007,21/10/2008,"1,500,000,000","5,315,750,000","1,500,000,000",7.7,7.789,7.76
364,EGT9980EA810,16/10/2007,14/10/2008,"1,000,000,000","2,701,325,000","1,000,000,000",7.69,7.8,7.767
364,EGT99807A812,09/10/2007,07/10/2008,"2,000,000,000","3,889,000,000","2,000,000,000",7.646,7.8,7.742
364,EGT9980Y9819,02/10/2007,30/09/2008,"2,000,000,000","3,952,650,000","2,000,000,000",7.25,7.59,7.46
364,EGT9980N9812,25/09/2007,23/09/2008,"1,000,000,000","4,571,125,000","1,000,000,000",7.385,7.495,7.437
364,EGT9980G9811,18/09/2007,16/09/2008,"2,000,000,000","9,167,100,000","2,000,000,000",7.75,7.935,7.899
364,EGT998099812,11/09/2007,09/09/2008,"2,000,000,000","7,715,100,000","2,000,000,000",8.2,8.279,8.265
364,EGT998029819,04/09/2007,02/09/2008,"2,000,000,000","5,419,975,000","2,000,000,000",8.299,8.425,8.377
364,EGT9980Q8811,28/08/2007,26/08/2008,"1,000,000,000","3,318,000,000","1,000,000,000",8.2,8.41,8.354
364,EGT9980J8810,21/08/2007,19/08/2008,"2,000,000,000","3,581,500,000","2,000,000,000",8.091,8.27,8.213
364,EGT9980C8817,14/08/2007,12/08/2008,"2,000,000,000","4,275,000,000","2,000,000,000",7.86,8.1,8.023
364,EGT998058818,07/08/2007,05/08/2008,"2,000,000,000","4,322,500,000","2,000,000,000",7.8,7.95,7.917
364,EGT9980T7810,31/07/2007,29/07/2008,"2,000,000,000","4,761,525,000","2,000,000,000",7.5,7.845,7.8
364,EGT9980M7817,24/07/2007,22/07/2008,"1,500,000,000","3,441,825,000","1,500,000,000",7.5,7.8,7.764
364,EGT9980F7816,17/07/2007,15/07/2008,"2,000,000,000","3,844,000,000","2,000,000,000",7.5,7.74,7.664
364,EGT998087817,10/07/2007,08/07/2008,"2,000,000,000","4,568,250,000","2,000,000,000",7.25,7.64,7.561
364,EGT998017814,03/07/2007,01/07/2008,"1,500,000,000","3,933,475,000","1,500,000,000",7.25,7.6,7.454
364,EGT9980O6817,26/06/2007,24/06/2008,"2,000,000,000","5,699,200,000","2,000,000,000",7.25,7.55,7.483
364,EGT9980H6816,19/06/2007,17/06/2008,"2,000,000,000","6,170,450,000","2,000,000,000",7.48,7.66,7.583
364,EGT9980A6813,12/06/2007,10/06/2008,"1,000,000,000","5,647,200,000","1,000,000,000",7.73,7.888,7.824
364,EGT998036814,05/06/2007,03/06/2008,"1,000,000,000","5,191,925,000","1,000,000,000",7.5,8.19,8.158
364,EGT9980R5816,29/05/2007,27/05/2008,"1,000,000,000","3,589,275,000","1,000,000,000",7.5,8.454,8.372
364,EGT9980K5813,22/05/2007,20/05/2008,"2,000,000,000","4,075,250,000","2,000,000,000",7.5,8.5,8.386
364,EGT9980D5812,15/05/2007,13/05/2008,"2,000,000,000","3,084,500,000","2,000,000,000",7.3,7.981,7.736
364,EGT9980T4817,01/05/2007,29/04/2008,"2,000,000,000","5,144,175,000","2,000,000,000",7.64,8.05,7.905
364,EGT9980M4814,24/04/2007,22/04/2008,"2,000,000,000","10,557,450,000","2,000,000,000",8.169,8.399,8.261
364,EGT9980F4813,17/04/2007,15/04/2008,"1,000,000,000","5,642,475,000","1,000,000,000",8.5,8.85,8.828
364,EGT998084814,10/04/2007,08/04/2008,"2,000,000,000","3,840,650,000","2,000,000,000",8.5,9.04,8.997
364,EGT998014811,03/04/2007,01/04/2008,"1,500,000,000","3,662,400,000","1,500,000,000",8.25,9,8.936
364,EGT9980P3813,27/03/2007,25/03/2008,"1,000,000,000","2,919,000,000","1,000,000,000",8.25,8.98,8.894
364,EGT9980I3812,20/03/2007,18/03/2008,"2,000,000,000","4,399,200,000","2,000,000,000",8.25,8.895,8.859
364,EGT9980B3819,13/03/2007,11/03/2008,"1,000,000,000","2,300,075,000","1,000,000,000",8.25,8.93,8.854
364,EGT998043810,06/03/2007,04/03/2008,"2,000,000,000","3,625,450,000","2,000,000,000",8.399,8.915,8.767
364,EGT9980Q2814,27/02/2007,26/02/2008,"500,000,000","1,932,275,000","500,000,000",8.5,8.89,8.75
364,EGT9980J2813,20/02/2007,19/02/2008,"2,000,000,000","4,173,500,000","2,000,000,000",8.5,8.95,8.805
364,EGT9980C2810,13/02/2007,12/02/2008,"1,500,000,000","8,582,275,000","1,500,000,000",8.961,9.12,9.057
364,EGT998052811,06/02/2007,05/02/2008,"2,000,000,000","6,300,600,000","2,000,000,000",9.5,9.77,9.701
364,EGT9980T1813,30/01/2007,29/01/2008,"1,500,000,000","4,800,025,000","1,500,000,000",9.75,10.049,9.998
364,EGT9980M1810,23/01/2007,22/01/2008,"1,500,000,000","3,570,525,000","1,500,000,000",9.75,10.2,10.16
364,EGT9980F1819,16/01/2007,15/01/2008,"1,500,000,000","2,574,125,000","1,500,000,000",9.75,10.25,10.192
364,EGT998081810,09/01/2007,08/01/2008,"1,500,000,000","3,051,000,000","1,500,000,000",9.8,10.25,10.207
364,EGT998011817,02/01/2007,01/01/2008,"1,500,000,000","2,627,350,000","1,500,000,000",9.74,10.3,10.173
364,EGT9980BC713,12/12/2006,11/12/2007,"700,000,000","1,005,325,000","700,000,000",9.5,10.1,9.992
364,EGT9980RB711,28/11/2006,27/11/2007,"2,000,000,000","2,606,750,000","1,000,000,000",9.75,9.984,9.899
364,EGT9980KB716,21/11/2006,20/11/2007,"1,500,000,000","3,587,075,000","1,500,000,000",9.75,9.84,9.801
364,EGT9980DB711,14/11/2006,13/11/2007,"1,500,000,000","3,288,275,000","1,500,000,000",9.7,9.85,9.812
364,EGT99806B713,07/11/2006,06/11/2007,"1,500,000,000","3,522,025,000","1,500,000,000",9.5,9.729,9.658
364,EGT9980YA719,31/10/2006,30/10/2007,"1,500,000,000","4,247,350,000","1,500,000,000",9.75,9.85,9.802
364,EGT9980NA712,24/10/2006,23/10/2007,"1,000,000,000","3,495,625,000","1,000,000,000",9.85,9.95,9.915
364,EGT9980GA716,17/10/2006,16/10/2007,"1,500,000,000","2,646,050,000","1,500,000,000",9.7,10.03,9.923
364,EGT99809A719,10/10/2006,09/10/2007,"1,500,000,000","1,629,275,000","1,500,000,000",9.5,9.95,9.815
364,EGT99802A714,03/10/2006,02/10/2007,"1,500,000,000","1,925,450,000","500,000,000",9.5,9.75,9.719
364,EGT9980P9711,26/09/2006,25/09/2007,"1,000,000,000","1,896,950,000","800,000,000",9.55,9.74,9.693
364,EGT9980I9710,19/09/2006,18/09/2007,"1,000,000,000","1,495,850,000","1,000,000,000",9.4,9.7,9.565
364,EGT9980B9717,12/09/2006,11/09/2007,"1,000,000,000","1,822,750,000","1,000,000,000",9.3,9.49,9.396
364,EGT998049718,05/09/2006,04/09/2007,"1,000,000,000","1,569,900,000","1,000,000,000",9.2,9.38,9.309
364,EGT9980S8710,29/08/2006,28/08/2007,"500,000,000","1,385,000,000","500,000,000",9.181,9.28,9.242
364,EGT9980L8717,22/08/2006,21/08/2007,"1,500,000,000","2,588,800,000","1,500,000,000",9.141,9.29,9.216
364,EGT9980E8716,15/08/2006,14/08/2007,"1,500,000,000","2,487,425,000","1,500,000,000",9.05,9.24,9.193
364,EGT998078717,08/08/2006,07/08/2007,"1,500,000,000","2,299,075,000","1,000,000,000",9,9.2,9.147
364,EGT9980V7717,01/08/2006,31/07/2007,"1,500,000,000","2,171,950,000","1,500,000,000",8.9,9.2,9.099
364,EGT9980O7716,25/07/2006,24/07/2007,"2,000,000,000","2,746,750,000","1,200,000,000",8.5,9.1,8.972
364,EGT9980H7715,18/07/2006,17/07/2007,"1,500,000,000","2,300,000,000","1,500,000,000",8.95,9.1,9.04
364,EGT9980A7712,11/07/2006,10/07/2007,"2,000,000,000","3,126,600,000","2,000,000,000",8.9,9.05,8.982
364,EGT9980Q6716,27/06/2006,26/06/2007,"2,000,000,000","2,899,425,000","2,000,000,000",8.789,8.99,8.893
364,EGT9980J6715,20/06/2006,19/06/2007,"1,500,000,000","2,370,900,000","1,500,000,000",8.75,8.86,8.816
364,EGT9980C6712,13/06/2006,12/06/2007,"500,000,000","1,124,500,000","500,000,000",8.75,8.82,8.791
364,EGT998056713,06/06/2006,05/06/2007,"1,000,000,000","2,047,000,000","1,000,000,000",8.72,8.8,8.776
364,EGT9980M5712,23/05/2006,22/05/2007,"1,000,000,000","2,081,400,000","1,000,000,000",8.76,8.81,8.786
364,EGT9980F5711,16/05/2006,15/05/2007,"1,000,000,000","2,812,125,000","1,000,000,000",8.73,8.81,8.786
364,EGT998085712,09/05/2006,08/05/2007,"2,000,000,000","2,358,400,000","2,000,000,000",8.6,8.85,8.718
364,EGT998015719,02/05/2006,01/05/2007,"1,000,000,000","1,882,500,000","1,000,000,000",8.6,8.67,8.642
364,EGT9980H4712,18/04/2006,17/04/2007,"1,000,000,000","2,251,150,000","1,000,000,000",8.57,8.66,8.618
364,EGT998034710,04/04/2006,03/04/2007,"2,000,000,000","3,223,300,000","2,000,000,000",8.58,8.73,8.69
364,EGT9980R3712,28/03/2006,27/03/2007,"1,500,000,000","3,165,525,000","1,500,000,000",8.399,8.701,8.632
364,EGT9980K3719,21/03/2006,20/03/2007,"2,000,000,000","2,641,500,000","2,000,000,000",8.15,8.69,8.488
364,EGT9980D3718,14/03/2006,13/03/2007,"1,000,000,000","1,899,000,000","1,000,000,000",7.94,8.221,8.117
364,EGT998063719,07/03/2006,06/03/2007,"2,000,000,000","3,601,500,000","2,000,000,000",7.95,8.12,8.082
364,EGT9980R2714,28/02/2006,27/02/2007,"1,000,000,000","3,579,525,000","1,000,000,000",8,8.13,8.09
364,EGT9980K2711,21/02/2006,20/02/2007,"1,000,000,000","3,098,000,000","1,000,000,000",8.1,8.19,8.162
364,EGT9980D2710,14/02/2006,13/02/2007,"500,000,000","1,161,000,000","500,000,000",8.15,8.227,8.208
364,EGT998062711,07/02/2006,06/02/2007,"2,000,000,000","4,429,875,000","2,000,000,000",8.1,8.239,8.194
364,EGT9980Y1717,31/01/2006,30/01/2007,"1,500,000,000","4,946,300,000","1,500,000,000",8.069,8.259,8.211
364,EGT9980N1710,24/01/2006,23/01/2007,"1,000,000,000","3,598,800,000","1,000,000,000",8.5,8.67,8.64
364,EGT9980G1719,17/01/2006,16/01/2007,"2,000,000,000","4,902,800,000","2,000,000,000",8.6,8.75,8.687
364,EGT998021717,03/01/2006,02/01/2007,"1,500,000,000","2,896,500,000","1,500,000,000",8.6,8.829,8.763
364,EGT9980JC617,20/12/2005,19/12/2006,"2,000,000,000","4,498,300,000","2,000,000,000",8.5,8.829,8.765
364,EGT9980CC612,13/12/2005,12/12/2006,"600,000,000","2,791,700,000","600,000,000",8.64,8.789,8.716
364,EGT99805C614,06/12/2005,05/12/2006,"1,000,000,000","4,153,225,000","1,000,000,000",8.889,9.09,8.989
364,EGT9980LB615,22/11/2005,21/11/2006,"1,000,000,000","4,574,000,000","1,000,000,000",9.15,9.219,9.195
364,EGT99807B612,08/11/2005,07/11/2006,"900,000,000","2,898,675,000","900,000,000",9.175,9.3,9.278
364,EGT9980VA616,01/11/2005,31/10/2006,"2,000,000,000","5,498,425,000","2,000,000,000",9.141,9.35,9.298
364,EGT9980HA615,18/10/2005,17/10/2006,"1,500,000,000","3,216,850,000","1,500,000,000",9.251,9.44,9.394
364,EGT9980AA610,11/10/2005,10/10/2006,"2,000,000,000","3,933,175,000","2,000,000,000",9,9.449,9.38
364,EGT9980Q9611,27/09/2005,26/09/2006,"2,300,000,000","4,098,400,000","2,300,000,000",8.841,9.28,9.127
364,EGT9980J9610,20/09/2005,19/09/2006,"1,000,000,000","5,074,300,000","1,000,000,000",8.73,9,8.908
364,EGT9980C9617,13/09/2005,12/09/2006,"2,500,000,000","8,362,225,000","2,500,000,000",9.1,9.359,9.287
364,EGT998059618,06/09/2005,05/09/2006,"1,500,000,000","3,630,300,000","1,500,000,000",9.6,9.925,9.849
364,EGT9980T8610,30/08/2005,29/08/2006,"2,000,000,000","4,944,550,000","86,250,000",9.9,9.99,9.984
364,EGT9980M8617,23/08/2005,22/08/2006,"1,000,000,000","2,843,225,000","1,000,000,000",9.6,10.15,9.987
364,EGT998088617,09/08/2005,08/08/2006,"1,200,000,000","3,692,175,000","1,200,000,000",9.7,9.99,9.896
364,EGT9980P7616,26/07/2005,25/07/2006,"1,000,000,000","3,179,100,000","1,000,000,000",9.15,9.55,9.393
364,EGT9980I7615,19/07/2005,18/07/2006,"1,500,000,000","4,343,000,000","1,500,000,000",8,9.125,8.79
364,EGT9980B7612,12/07/2005,11/07/2006,"1,000,000,000","2,810,775,000","1,000,000,000",7.991,8.301,8.174
364,EGT998047613,05/07/2005,04/07/2006,"1,000,000,000","4,936,875,000","1,000,000,000",8.301,8.45,8.39
364,EGT9980R6616,28/06/2005,27/06/2006,"1,000,000,000","6,088,175,000","1,000,000,000",9,9.141,9.096
364,EGT9980D6612,14/06/2005,13/06/2006,"1,000,000,000","3,785,450,000","1,000,000,000",9.7,9.86,9.797
364,EGT9980Y5619,31/05/2005,30/05/2006,"1,000,000,000","2,152,675,000","1,000,000,000",9.99,10.089,10.036
364,EGT9980N5612,24/05/2005,23/05/2006,"500,000,000","2,344,025,000","500,000,000",10,10.19,10.132
364,EGT998095612,10/05/2005,09/05/2006,"1,000,000,000","5,062,275,000","1,000,000,000",10.25,10.44,10.396
364,EGT9980P4613,26/04/2005,25/04/2006,"1,000,000,000","3,616,800,000","1,000,000,000",10.595,10.7,10.656
364,EGT9980B4619,12/04/2005,11/04/2006,"1,400,000,000","3,553,025,000","1,400,000,000",10.6,10.9,10.795
364,EGT998044610,05/04/2005,04/04/2006,"1,000,000,000","3,364,050,000","1,000,000,000",10.751,11.08,10.974
364,EGT9980S3612,29/03/2005,28/03/2006,"2,000,000,000","3,495,000,000","2,000,000,000",10.5,11.2,11.072
364,EGT9980E3618,15/03/2005,14/03/2006,"1,700,000,000","2,211,425,000","1,700,000,000",10.1,11.1,10.659
364,EGT998073619,08/03/2005,07/03/2006,"1,200,000,000","2,893,775,000","1,200,000,000",9.85,10.491,10.329
364,EGT9980S2614,01/03/2005,28/02/2006,"2,000,000,000","2,160,000,000","2,000,000,000",9.4,10.5,9.793
364,EGT9980L2611,22/02/2005,21/02/2006,"1,000,000,000","2,503,500,000","1,000,000,000",9.34,9.6,9.525
364,EGT9980E2610,15/02/2005,14/02/2006,"1,000,000,000","3,326,700,000","1,000,000,000",9.57,9.7,9.661
364,EGT998072611,08/02/2005,07/02/2006,"1,500,000,000","4,925,950,000","1,500,000,000",9.75,9.98,9.937
364,EGT9980V1611,01/02/2005,31/01/2006,"1,000,000,000","3,924,775,000","1,000,000,000",9.95,10.2,10.159
364,EGT9980O1610,25/01/2005,24/01/2006,"1,400,000,000","5,292,775,000","1,400,000,000",10,10.52,10.481
364,EGT9980A1616,11/01/2005,10/01/2006,"2,000,000,000","5,311,475,000","2,000,000,000",10.551,10.72,10.676
364,EGT998031617,04/01/2005,03/01/2006,"1,000,000,000","3,035,600,000","1,000,000,000",10.65,10.85,10.797
364,EGT9980RC511,28/12/2004,27/12/2005,"1,500,000,000","3,588,425,000","1,500,000,000",10.5,10.977,10.846
364,EGT9980DC511,14/12/2004,13/12/2005,"1,600,000,000","4,254,825,000","1,600,000,000",10.3,11.085,10.956
364,EGT9980TB519,30/11/2004,29/11/2005,"1,000,000,000","2,920,300,000","1,000,000,000",10.999,11.35,11.203
364,EGT9980FB518,16/11/2004,15/11/2005,"500,000,000","2,524,400,000","500,000,000",11.4,11.6,11.51
364,EGT99801B516,02/11/2004,01/11/2005,"1,300,000,000","3,624,525,000","1,300,000,000",11.6,12.15,12.05
364,EGT9980IA514,19/10/2004,18/10/2005,"1,000,000,000","1,775,125,000","1,000,000,000",10.999,12.48,12
364,EGT99804A512,05/10/2004,04/10/2005,"1,500,000,000","1,489,075,000","700,000,000",11.7,12.2,12.077
364,EGT9980K9518,21/09/2004,20/09/2005,"1,000,000,000","1,919,200,000","1,000,000,000",11.7,11.951,11.871
364,EGT998069518,07/09/2004,06/09/2005,"1,000,000,000","3,682,125,000","1,000,000,000",11.69,12.03,11.946
364,EGT9980U8518,31/08/2004,30/08/2005,"1,500,000,000","3,787,825,000","1,500,000,000",11.95,12.35,12.207
364,EGT9980G8516,17/08/2004,16/08/2005,"1,000,000,000","2,309,225,000","1,000,000,000",11.75,12.5,12.389
364,EGT998028514,03/08/2004,02/08/2005,"1,000,000,000","1,941,975,000","1,000,000,000",11.899,12.48,12.326
364,EGT9980J7515,20/07/2004,19/07/2005,"1,000,000,000","1,634,975,000","1,000,000,000",11.75,12.501,12.194
364,EGT998057513,06/07/2004,05/07/2005,"1,000,000,000","1,256,175,000","1,000,000,000",10.999,12.05,11.666
364,EGT9980C4519,13/04/2004,12/04/2005,"1,000,000,000","1,713,325,000","1,000,325,000",10.24,10.95,10.723
364,EGT998054510,06/04/2004,05/04/2005,"1,000,000,000","2,104,900,000","1,000,500,000",9,10.89,10.47
371,EGT9980H1C17,11/01/2011,17/01/2012,"3,500,000,000","12,169,800,000","3,500,000,000",10.5,10.66,10.596
