Issue Date,ISIN,Tenor (Years),Type (New / Reopening),Required Amount,Submitted Amount,Accepted Amount,Coupon Rate (%),Coupon Frequency,Min. Yield (%),Max. Yield (%),Weighted Avg. Yield (%)
14/02/2006,EGBGR00241F2,2,N,,"5,611,200,000","2,000,000,000",8.515,,8.45,8.54,8.514
04/10/2005,EGBGR00191F9,3,N,,"3,748,000,000","2,000,000,000",9.078,,9,9.125,9.064
07/12/2004,,4,N,,"7,857,820,000","3,000,000,000",10.927,,10.5,11,10.956
08/11/2005,,4,R,,"3,114,750,000","2,000,000,000",9.137,,9,9.19,9.114
02/08/2005,EGBGR00161F2,4,N,,"4,601,400,000","2,000,000,000",9.242,,9,9.31,9.238
03/01/2006,EGBGR00221F4,4,N,,"3,736,250,000","2,000,000,000",9.049,,8.9,9.1,9.047
02/05/2006,,4,N,,"2,661,250,000","2,000,000,000",8.968,,8.7,9.03,8.969
12/07/2005,EGBGR00151F3,5,N,,"6,786,812,000","2,000,000,000",9.1,,8.875,9.22,9.109
16/08/2005,,5,N,,"3,979,285,000","2,000,000,000",9.371,,9.1,9.45,9.358
18/10/2005,EGBGR00201F6,5,N,,"3,708,800,000","2,000,000,000",9.117,,9,9.15,9.108
11/12/2007,,5,R,,"3,953,502,000","2,000,000,000",8.383,,8.24,8.51,8.399
28/02/2006,,5,N,,"4,940,496,000","2,000,000,000",8.597,,8.55,8.62,8.594
21/07/2009,,2,R,,"5,247,000,000","3,000,000,000",10.521,,10.3,10.6,10.524
07/07/2009,,2,N,,"4,100,000,000","500,000,000",10.602,,10.5,10.64,10.61
08/02/2005,,7,R,,"5,741,502,000","2,000,000,000",10.745,,10.49,10.78,10.748
26/10/2004,EGBGR00111F7,7,N,,"6,878,190,000","3,000,000,000",11.503,,10.15,11.75,11.486
24/02/2009,,3,R,,"8,227,500,000","3,000,000,000",10.824,,10.73,10.89,10.827
13/01/2009,EGBGR00391F5,3,N,,"10,119,400,000","3,000,000,000",12.072,,11.78,12.23,12.087
30/11/2010,EGBGR00421F0,3,R,"1,000,000,000","2,537,900,000","1,000,000,000",10.643,,10.6,10.67,10.633
23/11/2010,EGBGR00421F0,3,R,"1,000,000,000","3,057,025,000","1,000,000,000",10.653,,10.6,10.68,10.659
09/11/2010,EGBGR00421F0,3,R,"1,000,000,000","3,965,480,000","1,000,000,000",10.713,,10.62,10.74,10.711
28/04/2009,,3,N,,"4,650,000,000","3,000,000,000",10.419,,10,10.49,10.352
01/09/2009,EGBGR00471F,3,R,,"4,346,350,000","3,000,000,000",10.588,,10.49,10.63,10.579
11/08/2009,EGBGR00471F5,3,N,,"4,972,000,000","3,000,000,000",10.427,,10.24,10.52,10.448
27/03/2007,,7,R,,"3,422,882,000","2,000,000,000",9.674,,9.4,9.85,9.61
13/12/2005,EGBGR00181FO,7,R,,"3,312,000,000","2,000,000,000",9.13,,8.9,9.2,9.124
20/09/2005,EGBGR00181F0,7,N,,"5,001,800,000","2,000,000,000",9.088,,8.95,9.13,9.086
16/03/2010,EGBGR00531F6,3,R,"2,000,000,000","5,695,500,000","2,000,000,000",11.429,,11.3,11.47,11.431
02/03/2010,EGBGR00531F6,3,R,"1,500,000,000","4,462,455,000","1,500,000,000",11.551,,11.45,11.61,11.552
02/02/2010,,3,R,"1,500,000,000","4,274,400,000","1,500,000,000",12.23,,12.14,12.28,12.228
05/01/2010,EGBGR00531F6,3,N,"3,000,000,000","5,961,415,000","3,000,000,000",12.39,,12.1,12.49,12.359
17/04/2007,,7,R,,"4,188,856,000","2,000,000,000",9.69,,9.5,9.75,9.678
18/04/2006,,7,R,,"2,485,000,000","2,000,000,000",8.906,,8.8,8.99,8.908
24/01/2006,EGBGR00231F3,7,N,,"4,328,900,000","2,000,000,000",8.872,,8.8,8.9,8.871
15/06/2010,EGBGR00561F3,3,R,"1,500,000,000","2,681,500,000","1,000,000,000",11.527,,11.3,11.59,11.523
01/06/2010,EGBGR00561F3,3,R,"1,500,000,000","2,646,100,000","1,500,000,000",11.495,,11.42,11.55,11.483
18/05/2010,EGBGR00561F3,3,R,"1,000,000,000","2,121,300,000","1,000,000,000",11.387,,11.28,11.44,11.382
04/05/2010,EGBGR00561F3,3,R,"1,500,000,000","2,636,175,000","1,500,000,000",11.359,,11.2,11.43,11.351
20/04/2010,EGBGR00561F3,3,R,"1,500,000,000","2,555,394,000","1,500,000,000",11.229,,11.05,11.35,11.21
06/04/2010,EGBGR00561F3,3,N,"3,000,000,000","6,546,200,000","3,000,000,000",11.356,,11.24,11.4,11.364
28/09/2010,EGBGR00571F2,3,R,"1,000,000,000","1,871,990,000","1,000,000,000",11.537,,11.4,11.57,11.548
14/09/2010,EGBGR00571F2,3,R,"1,500,000,000","2,945,750,000","1,500,000,000",11.536,,11.47,11.585,11.537
31/08/2010,EGBGR00571F2,3,R,"2,000,000,000","3,900,050,000","2,000,000,000",11.494,,11.4,11.54,11.498
17/08/2010,EGBGR00571F2,3,R,"1,000,000,000","2,598,500,000","1,000,000,000",11.467,,11.35,11.51,11.473
03/08/2010,EGBGR00571F2,3,R,"1,500,000,000","3,763,970,000","1,500,000,000",11.518,,11.42,11.55,11.523
06/07/2010,EGBGR00571F2,3,N,"3,000,000,000","4,713,930,000","3,000,000,000",11.562,,11.4,11.63,11.549
06/09/2011,EGBGR00641F3,2,R,"2,500,000,000","2,783,000,000","2,500,000,000",13.41,,13.25,13.69,13.41
16/08/2011,EGBGR00641F3,2,R,"2,500,000,000","3,942,950,000","2,500,000,000",13.272,,11.58,13.35,13.29
26/07/2011,EGBGR00641F3,2,N,"3,000,000,000","6,389,325,000","3,000,000,000",13.207,,13,13.27,13.194
25/08/2009,EGBGR0046IF6,4,R,,"4,304,700,000","3,000,000,000",10.71,,10.5,10.8,10.734
28/07/2009,EGBGR00461F6,4,N,,"4,436,500,000","3,000,000,000",10.789,,10.36,10.88,10.813
13/10/2009,,4,R,"3,000,000,000","3,370,000,000","3,000,000,000",11.292,,10.9,11.7,11.241
29/09/2009,EGBGR00491F3,4,N,,"4,461,500,000","3,000,000,000",10.881,,10.78,10.97,10.867
04/01/2011,EGBGR00601F7,3,R,"1,500,000,000","3,485,750,000","1,500,000,000",11.613,,11.57,11.63,11.606
14/12/2010,EGBGR00601F7,3,R,"2,000,000,000","3,700,500,000","2,000,000,000",11.58,,11.5,11.61,11.583
30/11/2010,EGBGR00601F7,3,R,"1,500,000,000","3,306,545,000","1,500,000,000",11.47,,10.6,11.6,11.426
16/11/2010,EGBGR00601F7,3,R,"1,500,000,000","3,380,950,000","1,500,000,000",11.558,,11.5,11.6,11.555
02/11/2010,EGBGR00601F7,3,R,"2,000,000,000","3,755,600,000","2,000,000,000",11.599,,11.54,11.64,11.605
05/10/2010,EGBGR00601F7,3,N,"3,000,000,000","5,168,800,000","3,000,000,000",11.594,,11.5,11.65,11.597
04/03/2008,EGBGR00311F3,6,R,,"5,721,549,000","3,000,000,000",9.325,,9.12,9.42,9.274
13/11/2007,,6,N,,"3,773,600,000","2,000,000,000",8.53,,8.3,8.62,8.537
24/11/2009,EGBGR00501F9,4,N,"3,000,000,000","3,945,000,000","2,000,000,000",12.156,,11.9,12.33,12.167
18/01/2011,EGBGR00621F5,3,N,"3,000,000,000","5,689,704,000","3,000,000,000",11.633,,11.5,11.69,11.635
31/03/2009,,5,R,,"4,518,000,000","3,000,000,000",10.279,,9.98,10.45,10.233
10/02/2009,,5,N,,"7,289,500,000","3,000,000,000",12.007,,11.9,12.08,12.001
19/02/2008,EGBGR00341F0,6,N,,"5,707,000,000","3,000,000,000",9.214,,9,9.34,9.224
05/05/2009,,5,R,,"3,060,000,000","2,000,000,000",10.679,,10.55,10.78,10.644
14/04/2009,,5,N,,"3,504,900,000","3,000,000,000",10.542,,10.24,10.73,10.558
29/05/2007,,7,N,,"6,175,300,000","2,000,000,000",9.466,,9.4,9.5,9.459
06/09/2011,EGBGR00651F2,3,R,"2,500,000,000","2,907,396,000","2,500,000,000",13.578,,13.48,13.8,13.578
23/08/2011,EGBGR00651F2,3,R,"2,000,000,000","3,145,100,000","2,000,000,000",13.501,,13.44,13.53,13.501
16/08/2011,EGBGR00651F2,3,R,"2,500,000,000","4,596,875,000","2,500,000,000",13.492,,13.2,13.53,13.48
02/08/2011,EGBGR00651F2,3,N,"3,000,000,000","5,950,045,000","3,000,000,000",13.445,,13.29,13.53,13.438
03/11/2009,,5,R,"3,000,000,000","3,531,250,000","2,127,000,000",11.427,,11.05,11.59,11.444
15/09/2009,EGBGR00481F4,5,N,,"4,218,000,000","3,000,000,000",10.814,,9.88,10.98,10.884
25/09/2007,,7,N,,"5,517,000,000","2,000,000,000",8.478,,8.45,8.54,8.461
20/12/2011,EGBGR00661F1,3,R,"2,500,000,000","2,911,951,000","2,000,000,000",15.853,,15.65,15.94,15.853
06/12/2011,EGBGR00661F1,3,R,"2,500,000,000","2,646,855,000","1,500,000,000",15.75,,15.58,15.85,15.75
29/11/2011,EGBGR00661F1,3,R,"2,500,000,000","2,558,600,000","2,000,000,000",15.456,,15.2,15.85,15.456
08/11/2011,EGBGR00661F1,3,R,"2,500,000,000","3,254,300,000","500,000,000",14.214,,14,14.25,14.214
18/10/2011,EGBGR00661F1,3,N,"1,500,000,000","4,112,450,000","1,500,000,000",13.996,,13.7,14.05,13.996
22/03/2005,,10,R,,"3,745,430,000","2,000,000,000",10.954,,10.85,11,10.94
16/11/2004,,10,N,,"5,272,095,000","3,000,000,000",11.599,,11,11.74,11.628
16/02/2010,EGBGR00511F8,5,R,"1,500,000,000","3,298,800,000","1,500,000,000",,,10.53,12.41,12.181
02/02/2010,,5,R,"1,500,000,000","3,277,500,000","1,500,000,000",12.485,,12.4,12.52,12.487
19/01/2010,EGBGR00511F8,5,R,"1,500,000,000","3,925,250,000","1,500,000,000",12.534,,12.4,12.59,12.53
08/12/2009,EGBGR00511F8,5,N,"3,000,000,000","4,304,926,000","2,014,876,000",12.515,,12.35,12.6,12.503
27/03/2012,EGBGR00691F8,3,R,"2,000,000,000","5,233,825,000","2,000,000,000",16.245,,16.16,16.28,16.245
13/03/2012,EGBGR00691F8,3,R,"2,000,000,000","5,165,958,000","2,000,000,000",16.359,,16.3,16.41,16.359
28/02/2012,EGBGR00691F8,3,R,"2,000,000,000","4,444,457,000","2,000,000,000",16.46,,15.57,16.48,16.46
14/02/2012,EGBGR00691F8,3,R,"2,000,000,000","2,950,968,000","1,500,000,000",16.427,,16.33,16.49,16.427
31/01/2012,EGBGR00691F8,3,R,"2,000,000,000","2,584,900,000","1,000,000,000",16.359,,16.18,16.42,16.359
17/01/2012,EGBGR00691F8,3,N,"2,000,000,000","3,008,000,000","2,000,000,000",16.145,,15.96,16.35,16.145
15/06/2010,EGBGR00551F4,5,R,"1,000,000,000","1,989,325,000","1,000,000,000",12.567,,12.5,12.62,12.562
01/06/2010,EGBGR00551F4,5,R,"1,500,000,000","3,469,500,000","1,500,000,000",12.565,,12.49,12.6,12.563
18/05/2010,EGBGR00551F4,5,R,"1,500,000,000","2,379,600,000","1,500,000,000",12.419,,12.25,12.54,12.446
04/05/2010,EGBGR00551F4,5,R,"1,500,000,000","2,850,000,000","1,500,000,000",12.248,,12,12.35,12.261
20/04/2010,EGBGR00551F4,5,R,"1,500,000,000","3,381,190,000","1,500,000,000",12.069,,11.95,12.158,12.047
02/03/2010,EGBGR00551F4,5,N,"3,000,000,000","7,409,150,000","3,000,000,000",12.242,,12.15,12.29,12.24
05/06/2012,EGBGR00711F4,3,R,"2,000,000,000","4,137,940,000","2,000,000,000",16.21,,16.15,16.225,16.21
15/05/2012,EGBGR00711F4,3,R,"2,000,000,000","4,236,848,000","2,000,000,000",16.226,,16.17,16.245,16.226
01/05/2012,EGBGR00711F4,3,R,"2,000,000,000","2,812,326,000","2,000,000,000",16.165,,16.05,16.245,16.165
10/04/2012,EGBGR00711F4,3,R,"2,000,000,000","4,517,921,000","2,000,000,000",16.116,,16.05,16.15,16.116
03/04/2012,EGBGR00711F4,3,N,"2,000,000,000","4,443,442,000","2,000,000,000",16.167,,16.1,16.22,16.167
27/05/2008,,7,N,,"4,267,500,000","3,000,000,000",10.696,,9.625,11,10.645
25/09/2012,EGBGR00751F0,3,R,"2,000,000,000","5,542,169,000","2,000,000,000",14.022,,13.89,14.15,14.022
11/09/2012,EGBGR00751F0,3,R,"2,000,000,000","6,010,920,000","2,000,000,000",15.848,,15.8,15.87,15.848
28/08/2012,EGBGR00751F0,3,R,"2,000,000,000","3,502,950,000","2,000,000,000",16.196,,16.15,16.22,16.196
21/08/2012,EGBGR00751F0,3,R,"1,000,000,000","1,581,300,000","1,000,000,000",16.207,,16.18,16.24,16.207
14/08/2012,EGBGR00751F0,3,R,"2,000,000,000","2,979,950,000","2,000,000,000",16.18,,16.12,16.22,16.18
31/07/2012,EGBGR00751F0,3,R,"2,000,000,000","3,062,189,000","2,000,000,000",16.151,,16.07,16.18,16.151
17/07/2012,EGBGR00751F0,3,R,"2,000,000,000","3,247,589,000","2,000,000,000",16.148,,16.05,16.2,16.148
03/07/2012,EGBGR00751F0,3,N,"2,000,000,000","3,124,130,000","2,000,000,000",16.185,,16.1,16.21,16.185
21/09/2010,EGBGR00581F1,5,R,"1,500,000,000","3,397,075,000","1,500,000,000",12.359,,12.3,12.42,12.364
14/09/2010,EGBGR00581F1,5,R,"1,500,000,000","2,711,000,000","1,500,000,000",12.228,,12.15,12.37,12.222
31/08/2010,EGBGR00581F1,5,R,"1,500,000,000","4,547,050,000","1,500,000,000",12.151,,12.09,12.185,12.155
20/07/2010,EGBGR00581F1,5,N,"3,000,000,000","7,572,000,000","3,000,000,000",12.546,,12.5,12.58,12.541
04/01/2011,EGBGR00611F6,5,R,"1,500,000,000","3,029,265,000","1,500,000,000",12.321,,12.25,12.35,12.322
14/12/2010,EGBGR00611F6,5,R,"1,000,000,000","2,642,739,000","1,000,000,000",12.269,,12.22,12.29,12.27
30/11/2010,EGBGR00611F6,5,R,"1,000,000,000","3,227,421,000","1,000,000,000",12.316,,12.29,12.33,12.32
02/11/2010,EGBGR00611F6,5,R,"2,000,000,000","4,495,726,000","1,000,000,000",12.368,,12.33,12.39,12.37
19/10/2010,EGBGR00611F6,5,N,"3,000,000,000","7,813,600,000","3,000,000,000",12.368,,12.29,12.41,12.364
18/12/2012,EGBGR00791F6,3,R,"1,000,000,000","1,775,000,000","1,000,000,000",13.892,,13.75,14,13.892
04/12/2012,EGBGR00791F6,3,R,"1,000,000,000","1,230,550,000","500,000,000",14.011,,13.9,14.17,14.011
20/11/2012,EGBGR00791F6,3,R,"1,000,000,000","2,412,154,000","1,000,000,000",13.273,,13.1,13.31,13.273
06/11/2012,EGBGR00791F6,3,R,"1,000,000,000","2,955,000,000","1,000,000,000",13.413,,13.34,13.45,13.413
23/10/2012,EGBGR00791F6,3,R,"1,000,000,000","3,847,760,000","1,000,000,000",13.473,,13.4,13.52,13.473
09/10/2012,EGBGR00791F6,3,N,"1,000,000,000","3,861,185,000","1,000,000,000",14.057,,13.9,14.14,14.057
23/10/2007,,8,N,,"4,834,500,000","2,000,000,000",8.574,,8.45,8.62,8.574
13/06/2006,,10,R,,"1,990,500,000","1,000,000,000",9.07,,9,9.12,9.058
14/03/2006,,10,R,,"3,012,184,000","2,000,000,000",8.798,,8.75,8.83,8.8
15/11/2005,EGBGR00211F5,10,N,,"3,061,000,000","2,000,000,000",9.333,,9.15,9.5,9.297
29/12/2009,EGBGR00521F7,6,R,"3,000,000,000","4,888,750,000","2,125,000,000",12.975,,12.7,13.05,12.991
15/12/2009,,6,N,"3,000,000,000","4,821,050,000","3,000,000,000",12.793,,12.25,12.97,12.811
12/03/2013,EGBGR00821F1,3,R,"500,000,000","1,297,700,000","500,000,000",14.339,,14.1,14.37,14.339
26/02/2013,EGBGR00821F1,3,R,"1,000,000,000","1,622,800,000","1,000,000,000",14.406,,14.38,14.42,14.406
12/02/2013,EGBGR00821F1,3,R,"1,000,000,000","2,081,365,000","1,500,000,000",14.476,,14.35,14.52,14.476
29/01/2013,EGBGR00821F1,3,R,"1,000,000,000","2,284,800,000","500,000,000",14.521,,14.41,14.58,14.521
15/01/2013,EGBGR00821F1,3,R,"1,000,000,000","2,556,318,000","1,000,000,000",14.49,,14.35,14.58,14.489
01/01/2013,EGBGR00821F1,3,N,"1,500,000,000","1,861,700,000","500,000,000",14.387,,14.25,14.8,14.387
22/01/2008,,8,N,,"4,506,800,000","3,000,000,000",8.697,,8.5,8.85,8.705
25/03/2014,EGBGR01031F6,2,R,"2,000,000,000","4,607,038,000","2,000,000,000",11.961,,11.9,11.99,11.961
11/03/2014,EGBGR01031F6,2,R,"2,000,000,000","3,206,300,000","2,000,000,000",12.019,,11.95,12.05,12.019
18/02/2014,EGBGR01031F6,2,R,"2,000,000,000","3,249,800,000","2,000,000,000",11.981,,11.9,12.03,11.981
04/02/2014,EGBGR01031F6,2,N,"2,000,000,000","2,893,300,000","2,000,000,000",11.904,,11.69,12.03,11.904
30/07/2013,EGBGR00841F9,3,R,"2,000,000,000","5,037,800,000","2,000,000,000",14.783,,14.68,14.84,14.783
16/07/2013,EGBGR00841F9,3,R,"2,000,000,000","4,850,000,000","2,000,000,000",15.013,,14.67,15.25,15.013
02/07/2013,EGBGR00841F9,3,R,"2,000,000,000","2,069,600,000","955,000,000",15.451,,15.4,15.7,15.451
18/06/2013,EGBGR00841F9,3,R,"1,000,000,000","1,310,627,000","668,827,000",15.441,,15.35,15.45,15.441
04/06/2013,EGBGR00841F9,3,R,"1,000,000,000","1,783,377,000","1,000,000,000",15.335,,15.21,15.45,15.335
21/05/2013,EGBGR00841F9,3,R,"1,000,000,000","2,000,577,000","600,000,000",15.425,,15.4,15.45,15.425
07/05/2013,EGBGR00841F9,3,N,"500,000,000","852,400,000","500,000,000",14.827,,14.72,14.95,14.827
28/09/2010,EGBGR00431F9,7,R,"1,500,000,000","3,186,000,000","1,500,000,000",12.608,,12.55,12.635,12.609
21/09/2010,EGBGR00431F9,7,R,"1,500,000,000","2,622,000,000","1,500,000,000",12.567,,12.45,12.645,12.6
09/06/2009,,7,N,,"3,301,000,000","3,000,000,000",11.108,,10.64,11.5,11.04
10/06/2008,EGBGR00371F7,8,N,"3,000,000,000","4,732,000,000","2,000,000,000",11.041,,10.6,11.15,10.954
24/09/2013,EGBGR00891F4,3,R,"2,000,000,000","5,088,550,000","2,000,000,000",12.384,,12.2,12.52,12.384
10/09/2013,EGBGR00891F4,3,R,"2,000,000,000","4,351,800,000","2,000,000,000",12.544,,12.5,12.63,12.544
27/08/2013,EGBGR00891F4,3,R,"2,000,000,000","3,804,500,000","2,000,000,000",13.767,,13.63,13.79,13.767
13/08/2013,EGBGR00891F4,3,N,"1,000,000,000","2,937,900,000","1,000,000,000",13.761,,13.55,13.85,13.761
19/11/2013,EGBGR00961F5,3,R,"1,500,000,000","3,287,100,000","1,500,000,000",12.222,,12.05,12.36,12.222
05/11/2013,EGBGR00961F5,3,R,"1,500,000,000","2,756,500,000","1,500,000,000",12.183,,12.08,12.247,12.183
22/10/2013,EGBGR00961F5,3,R,"1,500,000,000","2,124,600,000","1,500,000,000",11.76,,11.59,12.05,11.76
15/10/2013,EGBGR00961F5,3,R,"1,500,000,000","3,008,475,000","1,500,000,000",11.684,,11.44,11.74,11.684
01/10/2013,EGBGR00961F5,3,N,"1,500,000,000","4,137,600,000","1,500,000,000",12.05,,12,12.1,12.049
30/04/2013,EGBGR00671F0,5,R,"500,000,000","1,323,300,000","500,000,000",14.847,,14.7,14.9,14.847
16/04/2013,EGBGR00671F0,5,R,"500,000,000","1,446,511,000","500,000,000",15.088,,14.9,15.24,15.088
02/04/2013,EGBGR00671F0,5,R,"1,000,000,000","1,742,300,000","1,000,000,000",15.328,,15.1,15.5,15.328
20/12/2011,EGBGR00671F0,5,R,"2,500,000,000","2,787,362,000","1,500,000,000",15.968,,15.25,16.05,15.968
06/12/2011,EGBGR00671F0,5,R,"2,500,000,000","2,460,313,000","1,300,000,000",15.926,,15.5,16,15.926
29/11/2011,EGBGR00671F0,5,R,"2,500,000,000","2,568,052,000","2,000,000,000",15.765,,15.2,16,15.765
08/11/2011,EGBGR00671F0,5,R,"2,500,000,000","2,145,404,000","500,000,000",14.429,,14.35,14.5,14.429
25/10/2011,EGBGR00671F0,5,N,"1,500,000,000","3,197,594,000","1,500,000,000",14.26,,14.15,14.3,14.26
11/02/2014,EGBGR00971F4,3,R,"2,000,000,000","2,324,800,000","1,676,800,000",12.423,,12.3,12.51,12.423
21/01/2014,EGBGR00971F4,3,R,"2,000,000,000","3,486,950,000","2,000,000,000",12.349,,12.25,12.42,12.349
14/01/2014,EGBGR00971F4,3,R,"2,000,000,000","4,375,096,000","2,000,000,000",12.33,,12.29,12.35,12.33
17/12/2013,EGBGR00971F4,3,R,"1,500,000,000","3,427,850,000","1,500,000,000",12.199,,12,12.45,12.199
03/12/2013,EGBGR00971F4,3,N,"1,500,000,000","2,659,000,000","1,500,000,000",12.399,,12.24,12.46,12.399
27/03/2012,EGBGR00701F5,5,R,"2,000,000,000","4,102,286,000","2,000,000,000",16.692,,16.35,16.73,16.692
13/03/2012,EGBGR00701F5,5,R,"2,000,000,000","3,849,550,000","2,000,000,000",16.779,,16.7,16.83,16.779
28/02/2012,EGBGR00701F5,5,R,"2,000,000,000","3,703,857,000","2,000,000,000",16.833,,16.75,16.86,16.833
21/02/2012,EGBGR00701F5,5,R,"2,000,000,000","3,136,510,000","1,600,000,000",16.831,,16.7,16.86,16.831
07/02/2012,EGBGR00701F5,5,R,"2,000,000,000","2,140,550,000","1,000,000,000",16.821,,16.65,16.86,16.821
31/01/2012,EGBGR00701F5,5,R,"2,000,000,000","2,465,033,000","1,000,000,000",16.695,,16.6,16.75,16.695
17/01/2012,EGBGR00701F5,5,N,"2,000,000,000","2,399,562,000","1,500,000,000",16.38,,16.2,16.69,16.38
18/01/2011,EGBGR00541F5,7,R,"1,000,000,000","2,494,600,000","1,000,000,000",12.795,,12.65,12.84,12.803
14/12/2010,EGBGR00541F5,7,R,"2,000,000,000","2,794,600,000","1,000,000,000",12.869,,12.6,12.91,12.883
16/11/2010,EGBGR00541F5,7,R,"1,000,000,000","1,525,000,000","1,000,000,000",12.762,,12.6,12.9,12.745
14/09/2010,EGBGR00541F5,7,R,"1,500,000,000","3,031,000,000","1,500,000,000",12.761,,12.65,12.815,12.763
17/08/2010,EGBGR00541F5,7,R,"1,500,000,000","2,864,000,000","1,500,000,000",12.776,,12.6,12.88,12.803
15/06/2010,EGBGR00541F5,7,R,"1,500,000,000","2,256,000,000","1,000,000,000",12.761,,12.62,12.84,12.773
18/05/2010,EGBGR00541F5,7,R,"1,500,000,000","2,609,400,000","1,500,000,000",12.633,,12.55,12.72,12.625
20/04/2010,EGBGR00541F5,7,R,"1,000,000,000","2,279,850,000","1,000,000,000",12.496,,12.35,12.57,12.455
30/03/2010,EGBGR00541F5,7,R,"2,000,000,000","3,770,200,000","2,000,000,000",12.584,,12.4,12.69,12.607
16/02/2010,EGBGR00541F5,7,N,"2,000,000,000","3,720,500,000","2,000,000,000",12.783,,12.49,12.89,12.62
27/05/2014,EGBGR01081F1,3,R,"2,000,000,000","2,183,090,000","1,566,090,000",12.611,,12.52,12.69,12.611
13/05/2014,EGBGR01081F1,3,R,"2,250,000,000","3,919,600,000","2,250,000,000",12.648,,12.51,12.69,12.648
29/04/2014,EGBGR01081F1,3,R,"2,500,000,000","3,159,205,000","2,500,000,000",12.698,,12.59,12.84,12.698
15/04/2014,EGBGR01081F1,3,R,"2,000,000,000","4,384,700,000","2,000,000,000",12.574,,12.54,12.6,12.574
01/04/2014,EGBGR01081F1,3,R,"2,500,000,000","3,375,563,000","2,500,000,000",12.586,,12.5,12.68,12.586
18/03/2014,EGBGR01081F1,3,R,"2,000,000,000","3,239,450,000","2,000,000,000",12.525,,12.48,12.55,12.525
04/03/2014,EGBGR01081F1,3,N,"2,000,000,000","3,346,750,000","2,000,000,000",12.543,,12.5,12.6,12.543
24/07/2012,EGBGR00741F1,5,R,"1,000,000,000","1,756,875,000","1,000,000,000",16.556,,16.54,16.58,16.556
10/07/2012,EGBGR00741F1,5,R,"2,000,000,000","3,811,025,000","2,000,000,000",16.575,,16.52,16.61,16.575
12/06/2012,EGBGR00741F1,5,R,"1,500,000,000","2,214,435,000","1,500,000,000",16.619,,16.51,16.67,16.619
22/05/2012,EGBGR00741F1,5,R,"1,500,000,000","3,063,950,000","2,000,000,000",16.622,,16.55,16.65,16.622
08/05/2012,EGBGR00741F1,5,R,"1,500,000,000","2,132,010,000","500,000,000",16.623,,16.55,16.64,16.623
24/04/2012,EGBGR00741F1,5,R,"1,500,000,000","3,556,700,000","1,500,000,000",16.544,,16.45,16.56,16.544
10/04/2012,EGBGR00741F1,5,N,"1,500,000,000","4,265,330,000","1,500,000,000",16.592,,16.4,16.62,16.592
18/11/2014,EGBGR01181F9,3,R,"2,000,000,000","5,349,300,000","2,000,000,000",13.675,,13.58,13.69,13.676
04/11/2014,EGBGR01181F9,3,R,"2,000,000,000","4,993,625,000","2,000,000,000",13.755,,13.71,13.78,13.755
28/10/2014,EGBGR01181F9,3,R,"2,000,000,000","5,704,780,000","2,000,000,000",13.918,,13.88,13.93,13.918
14/10/2014,EGBGR01181F9,3,R,"2,000,000,000","4,356,420,000","2,000,000,000",14.021,,13.96,14.04,14.021
22/07/2014,EGBGR01181F9,3,R,"2,000,000,000","3,123,810,000","223,710,000",13.971,,13.67,14,13.971
08/07/2014,EGBGR01181F9,3,R,"2,000,000,000","4,142,118,000","2,000,000,000",12.691,,12.53,12.72,12.691
24/06/2014,EGBGR01181F9,3,R,"2,000,000,000","4,538,915,000","2,000,000,000",12.579,,12.47,12.6,12.579
10/06/2014,EGBGR01181F9,3,N,"2,000,000,000","2,859,700,000","2,000,000,000",12.636,,12.52,12.69,12.636
30/09/2014,EGBGR01251F0,3,R,"2,250,000,000","4,246,900,000","2,250,000,000",14.06,,14,14.1,14.06
16/09/2014,EGBGR01251F0,3,R,"2,000,000,000","3,425,600,000","2,000,000,000",14.181,,14.1,14.24,14.181
02/09/2014,EGBGR01251F0,3,R,"2,000,000,000","3,644,800,000","2,000,000,000",14.009,,13.85,14.12,14.01
19/08/2014,EGBGR01251F0,3,R,"2,000,000,000","10,745,650,000","9,451,650,000",13.731,,13.41,13.75,13.731
05/08/2014,EGBGR01251F0,3,N,"1,500,000,000","4,466,600,000","3,667,600,000",13.924,,13.8,13.95,13.925
30/10/2012,EGBGR00761F9,5,R,"750,000,000","2,078,450,000","750,000,000",13.966,,13.84,14,13.966
16/10/2012,EGBGR00761F9,5,R,"1,500,000,000","4,548,670,000","1,500,000,000",14.829,,14.7,14.93,14.829
02/10/2012,EGBGR00761F9,5,R,"1,500,000,000","1,931,250,000","750,000,000",15.143,,14.4,15.55,15.143
18/09/2012,EGBGR00761F9,5,R,"1,500,000,000","6,278,725,000","1,500,000,000",15.421,,15.25,15.5,15.42
04/09/2012,EGBGR00761F9,5,R,"1,500,000,000","2,699,200,000","1,500,000,000",16.329,,16,16.55,16.329
21/08/2012,EGBGR00761F9,5,R,"1,500,000,000","1,540,200,000","500,000,000",16.591,,16.58,16.61,16.591
14/08/2012,EGBGR00761F9,5,N,"2,000,000,000","2,874,300,000","2,000,000,000",16.578,,16.5,16.62,16.577
19/03/2013,EGBGR00801F3,5,R,"1,000,000,000","1,385,600,000","1,000,000,000",14.485,,14.4,14.6,14.485
05/03/2013,EGBGR00801F3,5,R,"1,000,000,000","2,059,860,000","1,000,000,000",14.625,,14.59,14.64,14.625
19/02/2013,EGBGR00801F3,5,R,"500,000,000","1,171,900,000","500,000,000",14.679,,14.5,14.71,14.679
05/02/2013,EGBGR00801F3,5,R,"1,000,000,000","1,808,800,000","1,000,000,000",14.79,,14.67,14.89,14.79
25/12/2012,EGBGR00801F3,5,R,"500,000,000","782,100,000","500,000,000",14.182,,13.9,14.37,14.182
11/12/2012,EGBGR00801F3,5,R,"1,000,000,000","2,173,400,000","1,000,000,000",14.163,,14,14.25,14.163
13/11/2012,EGBGR00801F3,5,N,"1,000,000,000","2,690,650,000","1,000,000,000",13.655,,13.6,13.72,13.655
30/12/2014,EGBGR01321F1,3,R,"2,000,000,000","4,624,473,000","2,000,000,000",13.351,,13.23,13.42,13.352
16/12/2014,EGBGR01321F1,3,R,"2,000,000,000","7,804,200,000","3,000,000,000",13.113,,13.02,13.16,13.114
02/12/2014,EGBGR01321F1,3,N,"2,000,000,000","7,628,594,000","3,000,000,000",13.433,,13.4,13.455,13.433
18/02/2014,EGBGR01091F0,4,R,"2,000,000,000","3,514,800,000","2,000,000,000",12.878,,12.8,12.92,12.878
04/02/2014,EGBGR01091F0,4,N,"2,000,000,000","2,770,800,000","2,000,000,000",12.742,,12.6,12.9,12.742
12/02/2008,,10,N,,"2,835,800,000","1,500,000,000",9.132,,8.89,9.35,9.13
25/06/2013,EGBGR00851F8,5,R,"1,000,000,000","1,320,050,000","500,000,000",15.84,,15.8,15.9,15.84
11/06/2013,EGBGR00851F8,5,R,"1,000,000,000","1,116,600,000","600,000,000",15.708,,15.65,15.75,15.708
28/05/2013,EGBGR00851F8,5,R,"1,000,000,000","1,853,300,000","1,000,000,000",15.728,,15.5,15.75,15.728
14/05/2013,EGBGR00851F8,5,N,"500,000,000","1,685,550,000","500,000,000",15.946,,15.5,16,15.946
17/09/2013,EGBGR00871F6,5,R,"1,500,000,000","2,918,200,000","1,500,000,000",11.715,,11.65,11.769,11.715
03/09/2013,EGBGR00871F6,5,R,"1,500,000,000","4,246,600,000","1,500,000,000",14.627,,14.55,14.68,14.627
20/08/2013,EGBGR00871F6,5,R,"1,500,000,000","3,282,600,000","1,500,000,000",14.909,,14.55,14.99,14.909
23/07/2013,EGBGR00871F6,5,R,"1,500,000,000","3,336,390,000","1,500,000,000",15.467,,15.29,15.52,15.467
09/07/2013,EGBGR00871F6,5,N,"1,000,000,000","1,023,400,000","735,400,000",15.546,,15.4,15.7,15.546
17/05/2016,EGBGR00681F9,3,R,"3,000,000,000","4,419,900,000","3,000,000,000",14.500,,14.400,14.600,14.578
04/05/2016,EGBGR00681F9,7,R,"3,000,000,000","7,608,300,000","3,000,000,000",14.500,,14.450,14.700,14.639
03/05/2016,EGBGR00681F9,3,R,"3,000,000,000","7,926,880,000","3,000,000,000",14.500,,14.500,14.600,14.570
19/04/2016,EGBGR00681F9,3,R,"3,000,000,000","6,989,508,000","3,000,000,000",14.500,,14.750,14.970,14.896
30/04/2013,EGBGR00681F9,7,R,"500,000,000","942,800,000","500,000,000",15.049,,15,15.12,15.049
23/04/2013,EGBGR00681F9,7,R,"500,000,000","1,284,995,000","500,000,000",15.428,,15.24,15.5,15.428
09/04/2013,EGBGR00681F9,7,R,"500,000,000","948,300,000","500,000,000",16.005,,15.5,16.1,16.005
20/03/2012,EGBGR00681F9,7,R,"1,000,000,000","2,145,500,000","1,000,000,000",16.877,,16.83,16.9,16.877
06/03/2012,EGBGR00681F9,7,R,"1,000,000,000","1,682,154,000","1,000,000,000",16.905,,16.8,16.93,16.905
21/02/2012,EGBGR00681F9,7,R,"1,000,000,000","1,047,528,000","400,000,000",16.901,,16.85,16.95,16.901
10/01/2012,EGBGR00681F9,7,R,"1,000,000,000","1,292,500,000","500,000,000",16.273,,15.95,16.49,16.273
25/10/2011,EGBGR00681F9,7,N,"1,000,000,000","1,737,185,000","1,000,000,000",14.518,,14.375,14.6,14.518
11/02/2014,EGBGR01011F8,5,R,"2,000,000,000","3,029,800,000","2,000,000,000",13.026,,12.95,13.09,13.026
28/01/2014,EGBGR01011F8,5,R,"2,000,000,000","3,362,550,000","2,000,000,000",13.03,,12.9,13.09,13.03
07/01/2014,EGBGR01011F8,5,R,"2,000,000,000","2,992,183,000","2,000,000,000",12.905,,12.55,12.99,12.905
10/12/2013,EGBGR01011F8,5,R,"1,500,000,000","4,003,860,000","1,500,000,000",12.631,,12.55,12.7,12.631
26/11/2013,EGBGR01011F8,5,R,"1,500,000,000","2,277,375,000","1,500,000,000",13.103,,13.05,13.15,13.103
12/11/2013,EGBGR01011F8,5,R,"1,500,000,000","1,761,100,000","1,500,000,000",12.732,,12.35,13.1,12.731
29/10/2013,EGBGR01011F8,5,R,"1,500,000,000","1,626,550,000","1,030,800,000",12.431,,12.32,12.61,12.43
08/10/2013,EGBGR01011F8,5,N,"1,500,000,000","2,006,600,000","1,071,100,000",12.288,,12.24,12.34,12.288
23/12/2014,EGBGR01101F7,5,R,"2,000,000,000","7,317,990,000","3,000,000,000",13.637,,13.48,13.689,13.637
08/04/2014,EGBGR01101F7,5,R,"2,000,000,000","4,915,315,000","2,000,000,000",13.076,,13.05,13.1,13.076
25/03/2014,EGBGR01101F7,5,R,"2,000,000,000","3,792,900,000","2,000,000,000",13.09,,13,13.15,13.09
11/03/2014,EGBGR01101F7,5,R,"2,000,000,000","3,229,800,000","2,000,000,000",13.07,,13,13.12,13.07
25/02/2014,EGBGR01101F7,5,N,"2,000,000,000","3,440,700,000","2,000,000,000",13.058,,12.99,13.1,13.058
22/03/2016,EGBGR01671F9,3,R,"2,750,000,000","3,748,175,000","2,750,000,000",13.350,,14.900,15.170,15.115
08/03/2016,EGBGR01671F9,3,N,"3,000,000,000","4,506,600,000","3,000,000,000",13.350,,13.350,13.420,13.408
31/07/2012,EGBGR00721F3,7,R,"1,500,000,000","2,170,012,000","1,500,000,000",16.889,,16.85,16.91,16.889
17/07/2012,EGBGR00721F3,7,R,"1,500,000,000","2,736,675,000","1,500,000,000",16.884,,16.85,16.91,16.884
03/07/2012,EGBGR00721F3,7,R,"1,500,000,000","2,191,548,000","1,500,000,000",16.914,,16.875,16.93,16.914
12/06/2012,EGBGR00721F3,7,R,"1,000,000,000","1,486,670,000","1,000,000,000",16.918,,16.87,16.94,16.918
22/05/2012,EGBGR00721F3,7,R,"1,000,000,000","2,035,200,000","1,000,000,000",16.908,,16.88,16.935,16.908
15/05/2012,EGBGR00721F3,7,R,"1,000,000,000","2,549,790,000","1,500,000,000",16.909,,16.87,16.93,16.909
01/05/2012,EGBGR00721F3,7,R,"1,000,000,000","1,647,340,000","1,000,000,000",16.913,,16.85,16.95,16.913
03/04/2012,EGBGR00721F3,7,N,"1,000,000,000","1,710,650,000","1,000,000,000",16.881,,16.75,16.91,16.881
15/07/2014,EGBGR01191F8,5,R,"2,000,000,000","6,968,233,000","2,000,000,000",13.429,,13.38,13.451,13.429
01/07/2014,EGBGR01191F8,5,R,"2,000,000,000","6,239,833,000","2,000,000,000",13.462,,13.15,13.49,13.462
17/06/2014,EGBGR01191F8,5,R,"2,250,000,000","5,448,093,000","2,250,000,000",13.479,,13.45,13.5,13.479
03/06/2014,EGBGR01191F8,5,R,"2,250,000,000","2,795,533,000","1,600,250,000",13.58,,13.498,13.6,13.58
20/05/2014,EGBGR01191F8,5,R,"2,250,000,000","5,309,400,000","2,250,000,000",13.37,,13.3,13.4,13.37
06/05/2014,EGBGR01191F8,5,N,"2,000,000,000","3,580,930,000","1,006,120,000",13.46,,13.4,13.497,13.46
28/06/2016,EGBGR01741F0,3,R,"2,500,000,000","7,602,300,000","2,500,000,000",14.600,,15.400,15.560,15.521
14/06/2016,EGBGR01741F0,3,N,"3,000,000,000","5,147,505,000","3,000,000,000",14.600,,14.540,14.719,14.638
23/09/2014,EGBGR01261F9,5,R,"1,500,000,000","3,294,676,000","1,500,000,000",14.655,,14.51,14.68,14.655
09/09/2014,EGBGR01261F9,5,R,"1,500,000,000","2,924,382,000","1,500,000,000",14.725,,14.63,14.77,14.726
12/08/2014,EGBGR01261F9,5,N,"1,500,000,000","6,224,033,000","5,218,033,000",14.399,,14.23,14.45,14.4
06/11/2012,EGBGR00771F8,7,R,"500,000,000","1,238,705,000","500,000,000",14.388,,14.1,14.43,14.388
23/10/2012,EGBGR00771F8,7,R,"500,000,000","1,463,390,000","500,000,000",14.471,,14,14.55,14.471
16/10/2012,EGBGR00771F8,7,R,"1,000,000,000","2,614,640,000","1,000,000,000",15.382,,15.08,15.43,15.382
02/10/2012,EGBGR00771F8,7,R,"1,000,000,000","1,310,730,000","500,000,000",15.573,,15.1,15.9,15.573
25/09/2012,EGBGR00771F8,7,R,"1,000,000,000","2,093,315,000","1,000,000,000",14.88,,14.5,15.22,14.88
11/09/2012,EGBGR00771F8,7,R,"1,000,000,000","2,598,238,000","1,000,000,000",16.717,,16.7,16.75,16.717
04/09/2012,EGBGR00771F8,7,R,"1,000,000,000","1,895,328,000","1,000,000,000",16.652,,16.15,16.9,16.652
21/08/2012,EGBGR00771F8,7,N,"1,000,000,000","1,458,304,000","1,000,000,000",16.897,,16.85,16.96,16.897
30/05/2017,EGBGR01871F5,3,R,"1,000,000,000","2,413,200,000","801,100,000",16.750,,18.400,18.690,18.540
16/05/2017,EGBGR01871F5,3,R,"1,000,000,000","1,502,100,000","310,000,000",16.750,,17.340,17.390,17.360
02/05/2017,EGBGR01871F5,3,R,"1,000,000,000","1,623,946,000","350,000,000",16.750,,17.170,17.370,17.229
18/04/2017,EGBGR01871F5,3,R,"1,000,000,000","2,062,870,000","1,000,000,000",16.750,,17.150,17.340,17.263
04/04/2017,EGBGR01871F5,3,R,"1,000,000,000","1,832,600,000","749,000,000",16.750,,17.100,17.350,17.198
21/03/2017,EGBGR01871F5,3,R,"500,000,000","975,146,000","500,000,000",16.750,,17.030,17.320,17.204
07/03/2017,EGBGR01871F5,3,R,"750,000,000","1,822,370,000","750,000,000",16.750,,16.750,17.240,17.097
21/02/2017,EGBGR01871F5,3,R,"750,000,000","3,353,870,000","1,507,754,000",16.750,,16.400,16.910,16.751
07/02/2017,EGBGR01871F5,3,R,"500,000,000","1,769,264,000","500,000,000",16.750,,17.050,17.120,17.099
24/01/2017,EGBGR01871F5,3,R,"500,000,000","1,428,810,000","500,000,000",16.750,,17.000,17.370,17.203
10/01/2017,EGBGR01871F5,3,R,"500,000,000","1,174,385,000","231,800,000",16.750,,16.750,17.100,16.911
27/12/2016,EGBGR01871F5,3,R,"250,000,000","1,013,100,000","250,000,000",16.750,,16.750,16.800,16.768
13/12/2016,EGBGR01871F5,3,R,"250,000,000","1,087,480,000","250,000,000",16.750,,16.400,16.750,16.655
29/11/2016,EGBGR01871F5,3,R,"250,000,000","2,174,040,000","250,000,000",16.750,,16.750,16.750,16.750
15/11/2016,EGBGR01871F5,3,R,"1,500,000,000","12,275,120,000","1,500,000,000",16.750,,18.500,18.650,18.573
01/11/2016,EGBGR01871F5,3,R,"1,500,000,000","1,806,175,000","1,430,675,000",16.750,,18.000,18.300,18.258
18/10/2016,EGBGR01871F5,3,R,"1,500,000,000","1,902,750,000","1,610,650,000",16.750,,16.900,17.050,17.037
04/10/2016,EGBGR01871F5,3,R,"1,500,000,000","2,196,015,000","1,793,015,000",16.750,,16.850,17.000,16.982
20/09/2016,EGBGR01871F5,3,R,"1,500,000,000","1,871,150,000","1,500,000,000",16.750,,16.830,17.000,16.937
06/09/2016,EGBGR01871F5,3,N,"1,250,000,000","2,748,100,000","1,250,000,000",16.750,,16.550,16.950,16.896
31/05/2016,EGBGR01331F0,3,R,"3,000,000,000","6,866,800,000","3,000,000,000",14.500,,14.000,14.620,14.585
11/11/2014,EGBGR01331F0,5,R,"2,000,000,000","6,326,500,000","2,000,000,000",14.453,,14.34,14.49,14.453
21/10/2014,EGBGR01331F0,5,N,"2,000,000,000","4,446,190,000","2,000,000,000",14.546,,14.47,14.57,14.547
09/12/2014,EGBGR00811F2,7,R,"2,000,000,000","4,771,674,000","2,000,000,000",13.918,,13.84,14,13.918
25/11/2014,EGBGR00811F2,7,R,"2,000,000,000","6,676,050,000","3,500,000,000",14.181,,14.1,14.209,14.181
19/03/2013,EGBGR00811F2,7,R,"500,000,000","672,400,000","500,000,000",14.891,,14.8,15,14.891
05/03/2013,EGBGR00811F2,7,R,"500,000,000","881,400,000","500,000,000",15.031,,15,15.04,15.03
19/02/2013,EGBGR00811F2,7,R,"500,000,000","863,905,000","500,000,000",15.094,,15,15.12,15.094
05/02/2013,EGBGR00811F2,7,R,"1,000,000,000","1,515,930,000","500,000,000",15.185,,15.1,15.25,15.185
18/12/2012,EGBGR00811F2,7,R,"500,000,000","861,050,000","500,000,000",14.184,,14.15,14.22,14.184
13/11/2012,EGBGR00811F2,7,N,"1,000,000,000","1,823,240,000","1,000,000,000",14.174,,14.05,14.2,14.174
03/03/2015,EGBGR01431F8,5,R,"2,500,000,000","5,904,050,000","2,500,000,000",12.450,,12.600,12.990,12.915
23/08/2016,EGBGR00861F7,3,R,"2,750,000,000","3,793,825,000","2,750,000,000",15.900,,16.450,16.680,16.623
09/08/2016,EGBGR00861F7,3,R,"2,750,000,000","6,044,575,000","2,750,000,000",15.900,,16.250,16.450,16.389
12/04/2016,EGBGR00861F7,7,R,"3,000,000,000","9,001,500,000","3,000,000,000",15.900,,15.380,15.830,15.658
12/04/2016,EGBGR00861F7,5,R,"3,000,000,000","9,001,500,000","3,000,000,000",15.900,,15.380,15.830,15.658
27/08/2013,EGBGR00861F7,7,R,"1,000,000,000","2,138,900,000","1,000,000,000",15.014,,14.95,15.04,15.014
13/08/2013,EGBGR00861F7,7,R,"1,500,000,000","3,293,700,000","1,500,000,000",15.024,,14.85,15.1,15.024
30/07/2013,EGBGR00861F7,7,R,"1,000,000,000","3,059,300,000","1,000,000,000",15.754,,15.55,15.88,15.754
16/07/2013,EGBGR00861F7,7,R,"1,500,000,000","2,629,000,000","1,500,000,000",15.922,,15.7,16.1,15.922
18/06/2013,EGBGR00861F7,7,R,"1,000,000,000","1,054,800,000","700,000,000",16.133,,15.87,16.25,16.133
04/06/2013,EGBGR00861F7,7,R,"1,000,000,000","1,408,300,000","792,000,000",15.805,,15.72,15.88,15.805
21/05/2013,EGBGR00861F7,7,N,"500,000,000","1,005,000,000","300,000,000",15.9,,15.9,15.9,15.9
22/08/2017,EGBGR01951F5,3,R,"1,250,000,000","3,809,725,000","1,250,000,000",18.150,,16.590,16.920,16.804
08/08/2017,EGBGR01951F5,3,R,"1,000,000,000","4,382,350,000","1,000,000,000",18.150,,16.750,17.050,16.813
25/07/2017,EGBGR01951F5,3,R,"1,000,000,000","4,206,500,000","1,255,000,000",18.150,,18.600,18.680,18.652
11/07/2017,EGBGR01951F5,3,R,"1,000,000,000","3,408,000,000","1,000,000,000",18.150,,19.240,19.600,19.478
27/06/2017,EGBGR01951F5,3,R,"1,000,000,000","2,488,400,000","1,000,000,000",18.150,,18.200,18.480,18.358
13/06/2017,EGBGR01951F5,3,N,"750,000,000","3,339,165,000","1,821,940,000",18.150,,18.150,18.300,18.271
22/10/2013,EGBGR00591F0,10,R,"1,500,000,000","2,408,500,000","1,500,000,000",13.101,,12.89,13.21,13.101
01/10/2013,EGBGR00591F0,10,R,"1,500,000,000","3,163,850,000","1,500,000,000",13.331,,13.1,13.45,13.331
04/01/2011,EGBGR00591F0,10,R,"1,000,000,000","1,408,000,000","500,000,000",13.04,,13,13.07,13.043
30/11/2010,EGBGR00591F0,10,R,"1,000,000,000","1,735,000,000","1,000,000,000",13.031,,12.97,13.08,13.022
02/11/2010,EGBGR00591F0,10,R,"1,000,000,000","1,925,000,000","1,000,000,000",12.998,,12.94,13.05,12.988
05/10/2010,EGBGR00591F0,10,R,"1,000,000,000","2,991,500,000","1,000,000,000",12.956,,12.9,12.99,12.96
07/09/2010,EGBGR00591F0,10,R,"1,000,000,000","3,099,500,000","1,000,000,000",13.023,,12.9,13.07,13.025
03/08/2010,EGBGR00591F0,10,N,"1,000,000,000","2,136,000,000","1,000,000,000",13.02,,12.86,13.2,13.035
19/09/2017,EGBGR01991F1,3,R,"1,000,000,000","4,670,040,000","2,150,000,000",16.400,,15.500,15.540,15.504
05/09/2017,EGBGR01991F1,3,N,"1,000,000,000","2,913,900,000","1,619,560,000",16.400,,16.400,16.600,16.518
28/11/2017,EGBGR02011F7,3,R,"1,500,000,000","3,429,150,000","534,885,000",15.000,,15.940,16.260,16.197
14/11/2017,EGBGR02011F7,3,R,"1,500,000,000","4,567,450,000","2,716,350,000",15.000,,15.490,15.930,15.874
31/10/2017,EGBGR02011F7,3,R,"1,500,000,000","4,201,350,000","1,955,000,000",15.000,,15.300,15.720,15.578
17/10/2017,EGBGR02011F7,3,R,"1,500,000,000","3,834,225,000","1,500,000,000",15.000,,14.590,15.580,15.467
03/10/2017,EGBGR02011F7,3,N,"1,500,000,000","4,960,100,000","2,443,000,000",15.000,,14.750,15.230,15.097
18/02/2014,EGBGR00991F2,7,R,"2,000,000,000","3,801,000,000","2,000,000,000",14.05,,13.96,14.09,14.05
04/02/2014,EGBGR00991F2,7,R,"2,000,000,000","4,004,721,000","2,000,000,000",14.054,,13.95,14.11,14.053
21/01/2014,EGBGR00991F2,7,R,"2,000,000,000","4,320,593,000","2,000,000,000",14.012,,13.8,14.08,14.012
17/12/2013,EGBGR00991F2,7,R,"1,500,000,000","3,320,100,000","1,500,000,000",13.945,,13.5,14.02,13.945
03/12/2013,EGBGR00991F2,7,R,"1,500,000,000","4,013,820,000","1,500,000,000",13.904,,13.49,13.93,13.904
19/11/2013,EGBGR00991F2,7,R,"1,500,000,000","2,906,000,000","1,500,000,000",13.74,,13.5,13.93,13.74
05/11/2013,EGBGR00991F2,7,N,"1,500,000,000","1,998,100,000","1,500,000,000",13.44,,13.28,13.7,13.44
06/03/2018,EGBGR02021F6,3,R,"1,250,000,000","2,915,750,000","763,150,000",16.000,,14.920,15.200,15.153
20/02/2018,EGBGR02021F6,3,R,"1,500,000,000","2,732,350,000","1,203,550,000",16.000,,14.640,15.290,15.090
06/02/2018,EGBGR02021F6,3,R,"1,500,000,000","2,564,350,000","1,391,000,000",16.000,,14.500,14.900,14.716
23/01/2018,EGBGR02021F6,3,R,"1,500,000,000","4,646,500,000","1,513,150,000",16.000,,15.000,15.320,15.168
09/01/2018,EGBGR02021F6,3,R,"1,500,000,000","3,791,580,000","1,500,000,000",16.000,,15.650,16.000,15.897
26/12/2017,EGBGR02021F6,3,R,"1,500,000,000","4,687,850,000","2,252,250,000",16.000,,15.460,15.640,15.542
12/12/2017,EGBGR02021F6,3,N,"1,500,000,000","4,864,400,000","1,500,000,000",16.000,,15.990,16.120,16.094
29/04/2014,EGBGR01111F6,7,R,"2,250,000,000","2,925,610,000","2,250,000,000",14.446,,14.15,14.6,14.446
15/04/2014,EGBGR01111F6,7,R,"2,000,000,000","3,928,100,000","2,000,000,000",14.268,,14.1,14.3,14.268
01/04/2014,EGBGR01111F6,7,R,"2,000,000,000","2,335,891,000","1,521,891,000",14.186,,14.1,14.33,14.186
18/03/2014,EGBGR01111F6,7,R,"2,000,000,000","2,971,495,000","2,000,000,000",14.127,,14.1,14.15,14.127
04/03/2014,EGBGR01111F6,7,N,"2,000,000,000","3,802,570,000","2,000,000,000",14.109,,13.9,14.18,14.109
29/05/2018,EGBGR02061F2,3,R,"1,750,000,000","4,003,625,000","2,313,000,000",14.950,,15.740,16.090,15.974
15/05/2018,EGBGR02061F2,3,R,"1,750,000,000","2,154,775,000","475,150,000",14.950,,15.200,15.500,15.404
01/05/2018,EGBGR02061F2,3,R,"1,750,000,000","2,184,625,000","690,000,000",14.950,,15.140,15.300,15.238
17/04/2018,EGBGR02061F2,3,R,"1,750,000,000","3,890,912,000","2,806,287,000",14.950,,14.900,15.250,15.165
03/04/2018,EGBGR02061F2,3,R,"1,750,000,000","3,963,775,000","1,750,000,000",14.950,,14.790,15.140,15.030
20/03/2018,EGBGR02061F2,3,N,"1,500,000,000","3,736,350,000","1,500,000,000",14.950,,14.850,15.190,15.119
21/06/2016,EGBGR01751F9,5,R,"2,500,000,000","10,448,860,000","2,500,000,000",15.970,,16.310,16.530,16.512
07/06/2016,EGBGR01751F9,5,R,"2,500,000,000","9,403,625,000","2,500,000,000",15.970,,15.650,15.700,15.684
24/05/2016,EGBGR01751F9,5,R,"2,500,000,000","8,399,770,000","2,500,000,000",15.970,,15.600,15.725,15.705
10/05/2016,EGBGR01751F9,5,R,"2,500,000,000","10,346,050,000","2,500,000,000",15.970,,15.595,15.720,15.696
26/04/2016,EGBGR01751F9,5,N,"2,500,000,000","8,010,965,000","2,500,000,000",15.970,,15.950,16.100,16.059
16/12/2014,EGBGR01201F5,7,R,"1,000,000,000","3,152,174,000","2,000,000,000",14.389,,14.2,14.4,14.39
24/06/2014,EGBGR01201F5,7,R,"500,000,000","1,781,410,000","500,000,000",14.174,,14.11,14.19,14.174
10/06/2014,EGBGR01201F5,7,R,"1,000,000,000","2,345,680,000","1,000,000,000",14.507,,14.43,14.53,14.507
27/05/2014,EGBGR01201F5,7,R,"2,250,000,000","2,758,100,000","2,250,000,000",14.486,,14.4,14.58,14.486
13/05/2014,EGBGR01201F5,7,N,"2,000,000,000","4,008,650,000","2,000,000,000",14.467,,14.2,14.53,14.467
26/06/2018,EGBGR02091F9,3,R,"1,750,000,000","4,294,625,000","1,140,000,000",16.000,,16.250,17.150,16.976
12/06/2018,EGBGR02091F9,3,N,"1,750,000,000","3,210,725,000","2,930,725,000",16.000,,15.950,16.250,16.115
21/08/2018,EGBGR01821F0,3,R,"2,000,000,000","1,943,920,000","1,758,920,000",16.400,,17.900,18.250,18.178
07/08/2018,EGBGR01821F0,3,R,"2,000,000,000","2,396,425,000","2,000,000,000",16.400,,17.550,17.900,17.801
24/07/2018,EGBGR01821F0,3,R,"2,000,000,000","4,857,532,000","3,607,532,000",16.400,,17.450,17.750,17.609
02/08/2016,EGBGR01821F0,5,R,"2,500,000,000","6,442,017,000","2,500,000,000",16.400,,16.480,16.730,16.676
19/07/2016,EGBGR01821F0,5,R,"2,500,000,000","6,733,830,000","2,500,000,000",16.400,,16.650,16.830,16.777
05/07/2016,EGBGR01821F0,5,N,"2,250,000,000","7,712,819,000","2,250,000,000",16.400,,16.300,16.570,16.520
02/12/2014,EGBGR01271F8,7,R,"1,000,000,000","3,280,033,000","1,500,000,000",14.655,,14.6,14.69,14.655
18/11/2014,EGBGR01271F8,7,R,"1,000,000,000","2,783,735,000","1,000,000,000",14.872,,14.85,14.91,14.873
04/11/2014,EGBGR01271F8,7,R,"1,000,000,000","3,563,855,000","1,000,000,000",14.933,,14.84,15,14.934
28/10/2014,EGBGR01271F8,7,R,"1,000,000,000","4,206,285,000","1,000,000,000",15.219,,15.15,15.25,15.22
14/10/2014,EGBGR01271F8,7,R,"1,000,000,000","2,915,126,000","1,000,000,000",15.458,,15.45,15.48,15.458
30/09/2014,EGBGR01271F8,7,R,"750,000,000","2,283,758,000","750,000,000",15.507,,15.5,15.54,15.508
16/09/2014,EGBGR01271F8,7,R,"500,000,000","1,782,106,000","831,106,000",15.69,,15.6,15.717,15.69
02/09/2014,EGBGR01271F8,7,R,"500,000,000","1,721,200,000","500,000,000",15.601,,15.1,15.67,15.602
19/08/2014,EGBGR01271F8,7,R,"500,000,000","2,397,909,000","1,767,409,000",15.358,,15.1,15.5,15.358
05/08/2014,EGBGR01271F8,7,R,"500,000,000","2,304,800,000","919,350,000",15.824,,15.7,15.87,15.825
22/07/2014,EGBGR01271F8,7,R,"750,000,000","1,245,300,000","393,250,000",15.781,,15.1,15.95,15.781
08/07/2014,EGBGR01271F8,7,N,"1,500,000,000","2,577,775,000","1,500,000,000",14.537,,14.25,14.64,14.537
27/11/2018,EGBGR01881F4,3,R,"750,000,000","3,083,200,000","2,166,000,000",16.750,,18.000,18.200,18.143
13/11/2018,EGBGR01881F4,3,R,"1,000,000,000","1,705,286,000","1,180,686,000",16.750,,17.950,18.150,18.066
30/10/2018,EGBGR01881F4,3,R,"1,000,000,000","5,322,900,000","2,018,175,000",16.750,,17.990,18.170,18.138
16/10/2018,EGBGR01881F4,3,R,"750,000,000","2,955,230,000","850,000,000",16.750,,18.250,18.350,18.321
02/10/2018,EGBGR01881F4,3,R,"750,000,000","3,272,000,000","750,000,000",16.750,,18.300,18.450,18.432
28/03/2017,EGBGR01881F4,5,R,"350,000,000","1,123,020,000","660,740,000",16.750,,17.140,17.230,17.198
14/03/2017,EGBGR01881F4,5,R,"350,000,000","841,460,000","350,000,000",16.750,,16.800,17.270,17.132
28/02/2017,EGBGR01881F4,5,R,"350,000,000","1,195,380,000","350,000,000",16.750,,16.600,16.860,16.807
14/02/2017,EGBGR01881F4,5,R,"350,000,000","1,732,485,000","350,000,000",16.750,,16.240,16.780,16.676
31/01/2017,EGBGR01881F4,5,R,"350,000,000","1,393,065,000","686,790,000",16.750,,17.390,17.500,17.478
17/01/2017,EGBGR01881F4,5,R,"350,000,000","1,309,055,000","525,315,000",16.750,,17.040,17.590,17.542
03/01/2017,EGBGR01881F4,5,R,"500,000,000","1,278,080,000","380,905,000",16.750,,16.750,17.570,17.185
20/12/2016,EGBGR01881F4,5,R,"250,000,000","1,169,236,000","250,000,000",16.750,,16.500,16.750,16.718
06/12/2016,EGBGR01881F4,5,R,"250,000,000","1,381,451,000","250,000,000",16.750,,16.600,16.600,16.600
22/11/2016,EGBGR01881F4,5,R,"250,000,000","3,233,046,000","250,000,000",16.750,,16.800,16.830,16.814
25/10/2016,EGBGR01881F4,5,R,"1,250,000,000","1,166,150,000","1,020,775,000",16.750,,17.260,17.570,17.509
11/10/2016,EGBGR01881F4,5,R,"1,000,000,000","1,955,900,000","1,000,000,000",16.750,,17.250,17.370,17.286
27/09/2016,EGBGR01881F4,5,R,"750,000,000","2,833,284,000","750,000,000",16.750,,17.200,17.330,17.302
30/08/2016,EGBGR01881F4,5,R,"2,500,000,000","3,221,085,000","2,500,000,000",16.750,,17.040,17.400,17.260
16/08/2016,EGBGR01881F4,5,N,"2,500,000,000","3,898,371,000","2,500,000,000",16.750,,16.600,16.990,16.922
19/03/2019,EGBGR02161F0,3,R,"1,000,000,000","4,356,600,000","2,812,000,000",18.150,,16.240,16.400,16.347
05/03/2019,EGBGR02161F0,3,R,"1,000,000,000","2,065,222,000","435,522,000",18.150,,16.450,16.590,16.461
19/02/2019,EGBGR02161F0,3,R,"1,000,000,000","5,976,844,000","3,095,000,000",18.150,,16.400,16.580,16.506
05/02/2019,EGBGR0216F0,3,R,"1,000,000,000","1,840,872,000","515,000,000",18.150,,17.100,17.479,17.340
22/01/2019,EGBGR02161F0,3,R,"1,000,000,000","5,256,174,000","3,590,454,000",18.150,,17.750,17.999,17.936
08/01/2019,EGBGR02161F0,3,R,"750,000,000","2,032,297,000","1,569,597,000",18.150,,18.000,18.150,18.110
25/12/2018,EGBGR02161F0,3,R,"750,000,000","2,642,200,000","750,000,000",18.150,,18.100,18.150,18.144
11/12/2018,EGBGR02161F0,3,N,"750,000,000","2,659,457,000","1,015,157,000",18.150,,18.110,18.200,18.131
09/05/2017,EGBGR00731F2,5,R,"750,000,000","1,046,171,000","299,846,000",17.000,,17.220,17.420,17.357
25/04/2017,EGBGR00731F2,5,R,"750,000,000","1,752,000,000","690,700,000",17.000,,17.180,17.290,17.221
11/04/2017,EGBGR00731F2,5,R,"750,000,000","1,862,010,000","840,840,000",17.000,,17.100,17.260,17.232
26/07/2016,EGBGR00731F2,7,R,"1,000,000,000","2,510,475,000","1,000,000,000",17.000,,17.000,17.600,17.521
12/07/2016,EGBGR00731F2,7,R,"1,000,000,000","3,607,554,000","1,000,000,000",17.000,,16.900,17.380,17.291
02/10/2012,EGBGR00731F2,10,R,"1,000,000,000","1,474,625,000","750,000,000",16.247,,15.9,16.55,16.247
18/09/2012,EGBGR00731F2,10,R,"1,000,000,000","2,257,725,000","1,000,000,000",16.329,,16.15,16.53,16.329
11/09/2012,EGBGR00731F2,10,R,"1,000,000,000","2,241,995,000","1,000,000,000",16.861,,16.83,16.91,16.861
14/08/2012,EGBGR00731F2,10,R,"1,000,000,000","1,758,995,000","1,100,000,000",17.033,,17,17.04,17.033
24/07/2012,EGBGR00731F2,10,R,"1,000,000,000","1,255,200,000","900,000,000",17.017,,16.99,17.04,17.017
10/07/2012,EGBGR00731F2,10,R,"1,000,000,000","1,459,898,000","1,000,000,000",17.015,,16.95,17.045,17.015
19/06/2012,EGBGR00731F2,10,R,"1,000,000,000","1,845,000,000","1,000,000,000",17.023,,17,17.03,17.023
22/05/2012,EGBGR00731F2,10,R,"1,000,000,000","1,967,050,000","1,000,000,000",17.03,,17,17.045,17.03
24/04/2012,EGBGR00731F2,10,R,"1,000,000,000","2,122,468,000","1,000,000,000",17.014,,16.92,17.05,17.014
03/04/2012,EGBGR00731F2,10,N,"1,000,000,000","1,834,050,000","1,000,000,000",17.028,,16.95,17.05,17.027
01/08/2017,EGBGR01961F4,5,R,"750,000,000","3,690,885,000","750,000,000",18.750,,17.800,17.800,17.800
18/07/2017,EGBGR01961F4,5,R,"750,000,000","4,521,210,000","750,000,000",18.750,,18.897,18.970,18.934
20/06/2017,EGBGR01961F4,5,R,"750,000,000","2,327,027,000","750,000,000",18.750,,18.190,18.450,18.349
06/06/2017,EGBGR01961F4,5,R,"750,000,000","3,106,082,000","1,215,400,000",18.750,,18.400,18.500,18.475
23/05/2017,EGBGR01961F4,5,N,"500,000,000","2,236,700,000","125,000,000",18.750,,18.740,18.790,18.760
20/08/2019,EGBGR02241F0,3,R,"1,250,000,000","4,594,500,000","1,250,000,000",16.000,,15.610,15.740,15.697
06/08/2019,EGBGR02241F0,3,R,"1,250,000,000","4,372,160,000","2,206,285,000",16.000,,15.700,15.800,15.763
23/07/2019,EGBGR02241F0,3,R,"1,250,000,000","4,236,750,000","2,491,750,000",16.000,,15.750,15.950,15.837
09/07/2019,EGBGR02241F0,3,R,"1,250,000,000","4,197,000,000","3,490,000,000",16.000,,15.830,16.029,15.964
25/06/2019,EGBGR02241F0,3,R,"1,000,000,000","2,893,900,000","1,714,300,000",16.000,,15.910,16.060,15.987
11/06/2019,EGBGR02241F0,3,N,"1,000,000,000","3,790,100,000","2,255,100,000",16.000,,16.000,16.100,16.022
22/09/2020,EGBGR02801F1,2,R,"1,250,000,000","8,147,225,000","4,681,450,000",14.051,,13.910,14.180,14.088
18/08/2020,EGBGR02801F1,2,R,"1,250,000,000","3,246,895,000","1,250,000,000",14.051,,14.100,14.180,14.111
21/07/2020,EGBGR02801F1,2,N,"1,000,000,000","7,033,850,000","5,397,500,000",14.051,,13.900,14.170,14.051
26/09/2017,EGBGR02001F8,5,R,"750,000,000","2,516,050,000","1,000,000,000",16.850,,15.000,15.000,15.000
12/09/2017,EGBGR02001F8,5,R,"750,000,000","3,356,125,000","1,000,000,000",16.850,,16.150,16.150,16.150
29/08/2017,EGBGR02001F8,5,R,"750,000,000","3,281,750,000","750,000,000",16.850,,16.490,16.750,16.749
15/08/2017,EGBGR02001F8,5,N,0,"2,384,425,000","750,000,000",16.850,,16.600,17.060,17.001
12/11/2019,EGBGR02281F6,3,R,"2,250,000,000","6,953,040,000","4,743,865,000",14.300,,13.900,14.150,14.066
29/10/2019,EGBGR02281F6,3,R,"2,000,000,000","5,941,200,000","4,526,200,000",14.300,,14.180,14.300,14.279
15/10/2019,EGBGR02281F6,3,R,"2,250,000,000","4,101,500,000","3,266,500,000",14.300,,14.200,14.410,14.365
01/10/2019,EGBGR02281F6,3,R,"2,000,000,000","3,350,000,000","2,000,000,000",14.300,,13.900,14.400,14.239
17/09/2019,EGBGR02281F6,3,R,"1,250,000,000","9,812,900,000","4,105,000,000",14.300,,13.750,13.920,13.866
03/09/2019,EGBGR02281F6,3,N,"1,250,000,000","5,853,750,000","3,680,000,000",14.300,,14.300,14.500,14.443
16/01/2018,EGBGR02031F5,5,R,"1,250,000,000","4,702,525,000","1,800,040,000",15.160,2,15.390,15.510,15.441
02/01/2018,EGBGR02031F5,5,R,"1,250,000,000","1,905,125,000","1,250,000,000",15.160,2,15.550,16.050,15.856
19/12/2017,EGBGR02031F5,5,R,"1,250,000,000","3,976,200,000","1,250,000,000",15.160,2,15.590,15.767,15.728
05/12/2017,EGBGR02031F5,5,R,"1,500,000,000","3,265,350,000","1,500,000,000",15.160,2,16.190,16.430,16.322
21/11/2017,EGBGR02031F5,5,R,"1,250,000,000","3,567,825,000","1,250,000,000",15.160,2,15.650,16.077,16.006
07/11/2017,EGBGR02031F5,5,R,"1,250,000,000","2,936,125,000","1,250,000,000",15.160,2,15.690,15.840,15.762
24/10/2017,EGBGR02031F5,5,R,"1,250,000,000","2,427,125,000","1,506,000,000",15.160,2,15.300,15.700,15.583
10/10/2017,EGBGR02031F5,5,N,"1,250,000,000","2,295,350,000","1,336,100,000",15.160,2,15.050,15.690,15.282
15/12/2020,EGBGR02901F9,2,R,"3,000,000,000","8,468,650,000","6,411,450,000",14.138,1,13.350,13.770,13.634
17/11/2020,EGBGR02901F9,2,R,"2,500,000,000","7,506,000,000","2,500,000,000",14.138,1,13.750,13.990,13.960
20/10/2020,EGBGR02901F9,2,N,"3,000,000,000","6,476,650,000","3,000,000,000",14.138,1,14.050,14.190,14.138
24/12/2019,EGBGR02421F8,3,R,"2,000,000,000","6,098,600,000","2,000,000,000",13.863,2,13.600,13.700,13.656
10/12/2019,EGBGR02421F8,3,R,"2,250,000,000","5,824,475,000","3,012,000,000",13.863,2,13.840,13.970,13.927
26/11/2019,EGBGR02421F8,3,N,"2,000,000,000","5,681,600,000","3,500,000,000",13.863,2,13.760,13.970,13.863
28/05/2019,EGBGR00831F0,3,R,"1,000,000,000","3,107,894,000","715,852,000",16.300,2,15.990,16.150,16.098
14/05/2019,EGBGR00831F0,3,R,"1,000,000,000","2,448,334,000","1,000,000,000",16.300,2,16.150,16.150,16.150
30/04/2019,EGBGR00831F0,3,R,"750,000,000","1,344,000,000","750,000,000",16.300,2,16.080,16.500,16.268
16/04/2019,EGBGR00831F0,3,R,"1,000,000,000","2,831,200,000","1,224,600,000",16.300,2,16.300,16.490,16.401
02/04/2019,EGBGR00831F0,3,R,"1,000,000,000","2,474,600,000","1,000,000,000",16.300,2,16.400,16.750,16.627
14/06/2016,EGBGR00831F0,7,R,"500,000,000","2,985,815,000","500,000,000",16.300,2,16.080,16.200,16.161
20/08/2013,EGBGR00831F0,10,R,"1,500,000,000","2,390,750,000","1,500,000,000",16.319,2,16.22,16.395,16.319
06/08/2013,EGBGR00831F0,10,R,"1,500,000,000","3,482,100,000","1,500,000,000",16.196,2,15.9,16.3,16.196
23/07/2013,EGBGR00831F0,10,R,"1,500,000,000","2,154,110,000","1,500,000,000",16.634,2,16.3,16.75,16.634
09/07/2013,EGBGR00831F0,10,R,"1,500,000,000","1,457,400,000","1,002,900,000",16.569,2,16.3,16.84,16.568
11/06/2013,EGBGR00831F0,10,R,"500,000,000","938,310,000","500,000,000",16.924,2,16.3,17,16.924
07/05/2013,EGBGR00831F0,10,R,"500,000,000","978,600,000","500,000,000",16.906,2,16.19,17,16.906
02/04/2013,EGBGR00831F0,10,R,"500,000,000","897,400,000","500,000,000",16.996,2,16.75,17.15,16.996
12/03/2013,EGBGR00831F0,10,R,"500,000,000","1,201,720,000","500,000,000",16.309,2,16.3,16.33,16.309
26/02/2013,EGBGR00831F0,10,R,"500,000,000","1,039,325,000","500,000,000",16.397,2,16.3,16.42,16.397
12/02/2013,EGBGR00831F0,10,R,"500,000,000","1,504,540,000","1,000,000,000",16.484,2,16.4,16.52,16.484
29/01/2013,EGBGR00831F0,10,R,"500,000,000","1,509,160,000","500,000,000",16.52,2,16.45,16.58,16.52
15/01/2013,EGBGR00831F0,10,R,"1,000,000,000","2,367,407,000","1,000,000,000",16.551,2,16.2,16.64,16.551
01/01/2013,EGBGR00831F0,10,N,"500,000,000","502,400,000","500,000,000",16.322,2,15.3,17.1,16.322
21/01/2020,EGBGR02451F5,3,R,"3,750,000,000","4,899,606,000","4,584,606,000",13.721,2,13.540,13.850,13.774
07/01/2020,EGBGR02451F5,3,R,"3,500,000,000","715,000,000","3,770,000,000",13.721,2,13.650,13.750,13.721
16/03/2021,EGBGR03051F2,2,R,"5,000,000,000","6,234,800,000","2,317,000,000",13.614,1,13.690,13.790,13.764
16/02/2021,EGBGR03051F2,2,R,"5,000,000,000","7,773,200,000","5,000,000,000",13.614,1,13.600,13.750,13.678
19/01/2021,EGBGR03051F2,2,N,"5,000,000,000","4,756,500,000","4,331,500,000",13.614,1,13.400,13.770,13.614
27/03/2018,EGBGR02071F1,5,R,"1,250,000,000","4,305,200,000","1,438,400,000",14.800,2,14.890,14.990,14.942
13/03/2018,EGBGR02071F1,5,R,"1,500,000,000","2,526,500,000","808,150,000",14.800,2,14.850,14.990,14.960
27/02/2018,EGBGR02071F1,5,R,"1,250,000,000","3,951,525,000","864,700,000",14.800,2,14.600,15.000,14.911
13/02/2018,EGBGR02071F1,5,R,"1,250,000,000","3,127,875,000","1,554,150,000",14.800,2,14.000,14.720,14.438
30/01/2018,EGBGR02071F1,5,N,"1,250,000,000","4,659,925,000","1,550,000,000",14.800,2,14.800,14.900,14.863
03/03/2020,EGBGR02461F4,3,R,"4,000,000,000","9,200,425,000","3,189,425,000",13.973,2,13.770,14.130,13.986
18/02/2020,EGBGR02461F4,3,R,"3,750,000,000","8,233,920,000","3,750,000,000",13.973,2,13.690,13.850,13.810
04/02/2020,EGBGR02461F4,3,N,"3,750,000,000","9,090,485,000","8,570,485,000",13.973,2,13.790,14.000,13.973
22/03/2016,EGBGR01691F7,7,R,"1,250,000,000","3,405,200,000","1,250,000,000",14.800,2,16.740,17.000,16.921
08/03/2016,EGBGR01691F7,7,R,"1,750,000,000","2,987,700,000","1,750,000,000",14.800,2,14.880,15.320,15.080
17/03/2020,EGBGR02521F5,3,N,"4,000,000,000","6,677,515,000","4,000,000,000",14.765,2,14.610,15.100,14.765
31/03/2020,EGBGR02551F2,3,N,"4,000,000,000","10,790,305,000","1,585,305,000",13.902,2,13.800,13.980,13.902
19/06/2018,EGBGR02101F6,5,R,"1,500,000,000","3,143,250,000","2,978,250,000",14.850,2,16.000,16.500,16.320
05/06/2018,EGBGR02101F6,5,R,"1,500,000,000","3,418,250,000","2,600,000,000",14.850,2,15.820,16.050,15.943
22/05/2018,EGBGR02101F6,5,R,"1,500,000,000","2,243,250,000","1,978,250,000",14.850,2,15.850,16.000,15.953
08/05/2018,EGBGR02101F6,5,R,"1,500,000,000","2,566,750,000","1,205,000,000",14.850,2,15.200,15.270,15.232
24/04/2018,EGBGR02101F6,5,R,"1,500,000,000","3,966,717,000","1,867,467,000",14.850,2,14.890,15.160,15.091
10/04/2018,EGBGR02101F6,5,N,"1,500,000,000","2,213,500,000","986,000,000",14.850,2,14.750,15.100,15.027
26/05/2020,EGBGR02571F0,3,R,"3,750,000,000","5,890,660,000","5,075,660,000",13.080,2,13.270,13.500,13.458
12/05/2020,EGBGR02571F0,3,R,"3,750,000,000","8,780,285,000","3,750,000,000",13.080,2,13.270,13.390,13.376
28/04/2020,EGBGR02571F0,3,R,"3,750,000,000","5,274,030,000","351,030,000",13.080,2,13.200,13.410,13.399
14/04/2020,EGBGR02571F0,3,N,"3,750,000,000","8,262,435,000","3,750,000,000",13.080,2,12.900,13.260,13.080
15/06/2021,EGBGR03151F0,2,R,"5,000,000,000","8,992,000,000","5,000,000,000",13.759,1,13.699,13.699,13.699
18/05/2021,EGBGR03151F0,2,R,"5,000,000,000","5,879,150,000","3,672,150,000",13.759,1,13.710,13.790,13.776
20/04/2021,EGBGR03151F0,2,N,"5,000,000,000","4,970,200,000","1,337,800,000",13.759,1,13.700,13.790,13.759
23/06/2020,EGBGR02701F3,3,R,"3,750,000,000","5,903,816,000","402,835,000",13.514,2,13.550,13.920,13.883
09/06/2020,EGBGR02701F3,3,N,"3,750,000,000","5,092,920,000","2,662,920,000",13.514,2,13.340,13.600,13.514
28/08/2018,EGBGR02131F3,5,R,"1,750,000,000","2,506,800,000","2,021,800,000",17.650,2,18.100,18.350,18.261
14/08/2018,EGBGR02131F3,5,R,"1,750,000,000","2,644,255,000","1,274,630,000",17.650,2,17.700,18.000,17.950
31/07/2018,EGBGR02131F3,5,R,"1,750,000,000","4,161,025,000","1,970,080,000",17.650,2,17.350,17.700,17.638
17/07/2018,EGBGR02131F3,5,R,"1,750,000,000","6,286,600,000","3,638,800,000",17.650,2,17.600,17.800,17.759
03/07/2018,EGBGR02131F3,5,N,"1,750,000,000","3,202,325,000","920,000,000",17.650,2,17.500,17.850,17.756
20/07/2021,EGBGR03301F1,2,R,"7,000,000,000","7,768,750,000","5,003,750,000",13.725,1,13.725,13.750,13.740
06/07/2021,EGBGR03301F1,2,N,"8,000,000,000","5,090,000,000","2,880,000,000",13.725,1,13.720,13.730,13.725
29/09/2020,EGBGR02811F0,3,R,"4,000,000,000","10,763,610,000","4,000,000,000",14.196,2,14.240,14.420,14.381
15/09/2020,EGBGR02811F0,3,R,"4,500,000,000","9,564,950,000","6,654,050,000",14.196,2,14.390,14.590,14.523
01/09/2020,EGBGR02811F0,3,R,"4,000,000,000","13,328,940,000","6,043,990,000",14.196,2,14.400,14.590,14.563
18/08/2020,EGBGR02811F0,3,R,"4,500,000,000","17,827,300,000","4,500,000,000",14.196,2,14.420,14.600,14.512
04/08/2020,EGBGR02811F0,3,R,"4,000,000,000","4,802,200,000","1,541,600,000",14.196,2,14.400,14.500,14.490
21/07/2020,EGBGR02811F0,3,R,"4,500,000,000","6,925,510,000","4,500,000,000",14.196,2,14.100,14.350,14.280
07/07/2020,EGBGR02811F0,3,N,"4,000,000,000","3,628,200,000","1,020,000,000",14.196,2,14.050,14.350,14.196
17/08/2021,EGBGR03311F0,2,R,"7,000,000,000","18,005,200,000","15,002,500,000",13.727,1,13.700,13.730,13.728
03/08/2021,EGBGR03311F0,2,N,"8,000,000,000","20,155,000,000","16,880,000,000",13.727,1,13.640,13.730,13.727
19/09/2017,EGBGR01831F9,7,R,"750,000,000","2,497,925,000","1,500,000,000",17.200,2,15.500,15.500,15.500
05/09/2017,EGBGR01831F9,7,R,"750,000,000","2,527,255,000","1,423,080,000",17.200,2,16.580,16.750,16.692
22/08/2017,EGBGR01831F9,7,R,"1,000,000,000","2,995,470,000","1,350,100,000",17.200,2,16.600,17.000,16.983
18/04/2017,EGBGR01831F9,7,R,"750,000,000","2,004,255,000","1,002,455,000",17.200,2,17.150,17.240,17.208
04/04/2017,EGBGR01831F9,7,R,"750,000,000","1,319,900,000","512,500,000",17.200,2,17.160,17.260,17.207
21/03/2017,EGBGR01831F9,7,R,"350,000,000","1,133,256,000","350,000,000",17.200,2,17.130,17.210,17.201
07/03/2017,EGBGR01831F9,7,R,"500,000,000","1,040,546,000","500,000,000",17.200,2,16.200,17.330,17.173
21/02/2017,EGBGR01831F9,7,R,"350,000,000","1,235,360,000","350,000,000",17.200,2,16.820,16.917,16.900
07/02/2017,EGBGR01831F9,7,R,"350,000,000","1,132,532,000","350,000,000",17.200,2,17.125,17.200,17.194
24/01/2017,EGBGR01831F9,7,R,"350,000,000","1,355,517,000","350,000,000",17.200,2,17.200,17.340,17.312
10/01/2017,EGBGR01831F9,7,R,"350,000,000","1,005,885,000","350,000,000",17.200,2,17.197,17.320,17.257
27/12/2016,EGBGR01831F9,7,R,"250,000,000","856,911,000","418,011,000",17.200,2,16.700,17.200,17.196
13/12/2016,EGBGR01831F9,7,R,"250,000,000","893,975,000","250,000,000",17.200,2,16.520,16.700,16.681
29/11/2016,EGBGR01831F9,7,R,"250,000,000","1,590,990,000","250,000,000",17.200,2,16.500,17.000,16.972
15/11/2016,EGBGR01831F9,7,R,"500,000,000","4,641,590,000","500,000,000",17.200,2,18.350,18.400,18.373
01/11/2016,EGBGR01831F9,7,R,"500,000,000","1,051,800,000","558,200,000",17.200,2,18.650,18.750,18.732
18/10/2016,EGBGR01831F9,7,R,"500,000,000","534,386,000","451,036,000",17.200,2,17.250,17.460,17.419
04/10/2016,EGBGR01831F9,7,R,"500,000,000","1,078,200,000","500,000,000",17.200,2,17.370,17.400,17.393
20/09/2016,EGBGR01831F9,7,R,"500,000,000","641,410,000","560,060,000",17.200,2,17.380,17.460,17.438
06/09/2016,EGBGR01831F9,7,R,"500,000,000","1,832,570,000","500,000,000",17.200,2,17.350,17.460,17.428
23/08/2016,EGBGR01831F9,7,R,"1,000,000,000","2,596,300,000","1,000,000,000",17.200,2,17.100,17.438,17.385
09/08/2016,EGBGR01831F9,7,N,"750,000,000","2,771,400,000","750,000,000",17.200,2,17.070,17.410,17.353
17/09/2013,EGBGR00901F1,10,R,"1,500,000,000","3,966,104,000","1,500,000,000",14.398,2,14.3,14.45,14.397
03/09/2013,EGBGR00901F1,10,N,"1,500,000,000","2,272,854,000","1,500,000,000",15.964,2,15.8,16.09,15.964
21/09/2021,EGBGR03321F9,2,R,"7,000,000,000","17,946,800,000","15,756,800,000",13.659,1,13.540,13.700,13.684
07/09/2021,EGBGR03321F9,2,N,"8,000,000,000","22,335,750,000","19,190,000,000",13.659,1,13.530,13.678,13.659
19/10/2021,EGBGR03441F5,2,R,"7,000,000,000","8,079,000,000","4,737,000,000",13.696,1,13.730,13.750,13.743
05/10/2021,EGBGR03441F5,2,N,"8,000,000,000","7,319,500,000","459,500,000",13.696,1,13.550,13.700,13.696
26/03/2019,EGBGR02171F9,5,R,"750,000,000","2,063,916,000","1,305,200,000",18.350,2,16.100,16.230,16.193
12/03/2019,EGBGR02171F9,5,R,"750,000,000","4,079,350,000","2,628,000,000",18.350,2,16.540,16.800,16.731
26/02/2019,EGBGR02171F9,5,R,"750,000,000","5,249,716,000","1,920,000,000",18.350,2,16.820,16.950,16.889
12/02/2019,EGBGR02171F9,5,R,"750,000,000","1,642,975,000","750,000,000",18.350,2,17.190,17.550,17.362
29/01/2019,EGBGR02171F9,5,R,"750,000,000","3,563,023,000","1,160,000,000",18.350,2,17.440,17.790,17.590
15/01/2019,EGBGR02171F9,5,R,"750,000,000","2,822,800,000","1,080,100,000",18.350,2,18.000,18.080,18.030
01/01/2019,EGBGR02171F9,5,R,"750,000,000","1,402,320,000","750,000,000",18.350,2,18.150,18.350,18.292
18/12/2018,EGBGR02171F9,5,R,"750,000,000","1,182,716,000","710,116,000",18.350,2,18.190,18.350,18.328
04/12/2018,EGBGR02171F9,5,R,"1,000,000,000","1,789,915,000","1,000,000,000",18.350,2,18.100,18.350,18.274
20/11/2018,EGBGR02171F9,5,R,"750,000,000","2,011,200,000","204,000,000",18.350,2,18.020,18.200,18.151
06/11/2018,EGBGR02171F9,5,R,"750,000,000","2,560,420,000","750,000,000",18.350,2,18.050,18.100,18.068
23/10/2018,EGBGR02171F9,5,R,"750,000,000","2,445,845,000","1,314,000,000",18.350,2,18.220,18.290,18.259
09/10/2018,EGBGR02171F9,5,N,"750,000,000","2,667,745,000","750,000,000",18.350,2,18.340,18.440,18.418
22/12/2020,EGBGR02911F8,3,R,"5,500,000,000","12,942,015,000","8,671,465,000",14.313,2,13.400,13.700,13.630
08/12/2020,EGBGR02911F8,3,R,"4,500,000,000","22,464,390,000","4,824,000,000",14.313,2,13.950,13.990,13.969
24/11/2020,EGBGR02911F8,3,R,"4,000,000,000","21,716,100,000","14,778,600,000",14.313,2,14.000,14.140,14.098
10/11/2020,EGBGR02911F8,3,R,"4,000,000,000","19,865,180,000","9,695,080,000",14.313,2,14.240,14.340,14.312
27/10/2020,EGBGR02911F8,3,R,"4,000,000,000","15,659,744,000","11,934,744,000",14.313,2,14.250,14.440,14.389
13/10/2020,EGBGR02911F8,3,N,"4,000,000,000","15,439,000,000","5,323,800,000",14.313,2,14.130,14.350,14.313
30/11/2021,EGBGR03451F4,2,R,"8,000,000,000","9,168,000,000","802,000,000",13.784,1,13.810,13.850,13.833
16/11/2021,EGBGR03451F4,2,R,"7,000,000,000","18,285,000,000","14,203,000,000",13.784,1,13.780,13.850,13.849
02/11/2021,EGBGR03451F4,2,N,"8,000,000,000","12,811,000,000","203,000,000",13.784,1,13.730,13.800,13.784
08/04/2014,EGBGR00981F3,10,R,"2,000,000,000","2,720,632,000","1,195,130,000",15.069,2,12.14,15.1,15.069
28/01/2014,EGBGR00981F3,10,R,"2,000,000,000","3,361,172,000","2,000,000,000",14.853,2,13.8,14.93,14.853
07/01/2014,EGBGR00981F3,10,R,"2,000,000,000","2,625,000,000","2,000,000,000",14.636,2,14.4,14.8,14.636
10/12/2013,EGBGR00981F3,10,R,"1,500,000,000","2,086,310,000","1,500,000,000",14.25,2,14.08,14.45,14.25
26/11/2013,EGBGR00981F3,10,R,"1,500,000,000","1,984,900,000","1,500,000,000",14.456,2,14.25,14.55,14.456
12/11/2013,EGBGR00981F3,10,R,"1,500,000,000","1,503,100,000","978,100,000",14.294,2,14.21,14.395,14.294
29/10/2013,EGBGR00981F3,10,R,"1,500,000,000","2,238,100,000","1,500,000,000",14.137,2,13.9,14.26,14.136
08/10/2013,EGBGR00981F3,10,N,"1,500,000,000","2,383,400,000","1,500,000,000",14.005,2,13.7,14.13,14.005
28/12/2021,EGBGR03461F3,2,R,"7,000,000,000","8,282,750,000","1,030,000,000",13.847,1,13.800,13.800,13.800
14/12/2021,EGBGR03461F3,2,N,"8,000,000,000","8,686,000,000","3,920,000,000",13.847,1,13.820,13.850,13.847
30/03/2021,EGBGR03061F1,3,R,"5,000,000,000","12,838,255,000","8,897,655,000",13.765,2,14.090,14.240,14.195
16/03/2021,EGBGR03061F1,3,R,"5,500,000,000","14,995,510,000","10,087,160,000",13.765,2,14.000,14.200,14.166
02/03/2021,EGBGR03061F1,3,R,"5,000,000,000","14,494,423,000","7,345,550,000",13.765,2,13.950,14.150,14.107
16/02/2021,EGBGR03061F1,3,R,"5,500,000,000","23,214,376,000","13,617,675,000",13.765,2,13.840,14.050,14.014
02/02/2021,EGBGR03061F1,3,R,"6,000,000,000","15,769,350,000","3,237,450,000",13.765,2,13.749,14.140,14.066
19/01/2021,EGBGR03061F1,3,R,"5,500,000,000","11,102,580,000","10,012,580,000",13.765,2,13.600,13.870,13.749
05/01/2021,EGBGR03061F1,3,N,"6,000,000,000","17,792,200,000","975,350,000",13.765,2,13.490,13.800,13.765
22/03/2022,EGBGR03571F9,2,R,"1,250,000,000","898,000,000","10,000,000",13.797,1,13.800,13.800,13.800
22/02/2022,EGBGR03571F9,2,R,"1,250,000,000","1,496,250,000","50,000,000",13.797,1,13.790,13.790,13.790
08/02/2022,EGBGR03571F9,2,R,"750,000,000","1,262,250,000","352,750,000",13.797,1,13.750,13.800,13.791
25/01/2022,EGBGR03571F9,2,R,"1,250,000,000","1,372,277,000","553,277,000",13.797,1,13.750,13.800,13.799
11/01/2022,EGBGR03571F9,2,N,"750,000,000","1,016,750,000","460,000,000",13.797,1,13.780,13.800,13.797
20/05/2014,EGBGR01121F5,10,R,"2,000,000,000","3,510,587,000","2,000,000,000",15.372,2,14.9,15.43,15.372
06/05/2014,EGBGR01121F5,10,R,"2,250,000,000","3,006,772,000","1,036,700,000",15.436,2,15.25,15.48,15.436
25/03/2014,EGBGR01121F5,10,R,"1,000,000,000","2,139,635,000","1,000,000,000",15.101,2,14.9,15.14,15.101
11/03/2014,EGBGR01121F5,10,R,"1,000,000,000","2,196,750,000","1,000,000,000",15.051,2,15,15.095,15.051
25/02/2014,EGBGR01121F5,10,R,"2,000,000,000","3,771,200,000","2,000,000,000",14.99,2,14.83,15.1,14.99
11/02/2014,EGBGR01121F5,10,N,"2,000,000,000","3,303,434,000","2,000,000,000",14.936,2,14.8,14.99,14.936
18/06/2019,EGBGR02251F9,5,R,"1,000,000,000","3,537,700,000","2,203,100,000",16.300,2,15.970,16.050,16.005
04/06/2019,EGBGR02251F9,5,R,"750,000,000","2,057,200,000","985,000,000",16.300,2,16.080,16.160,16.131
21/05/2019,EGBGR02251F9,5,R,"1,000,000,000","2,720,650,000","1,315,650,000",16.300,2,15.880,16.180,16.069
07/05/2019,EGBGR02251F9,5,R,"1,000,000,000","3,010,000,000","1,000,000,000",16.300,2,16.300,16.340,16.316
23/04/2019,EGBGR02251F9,5,R,"1,000,000,000","5,089,000,000","3,200,600,000",16.300,2,16.000,16.090,16.034
09/04/2019,EGBGR02251F9,5,N,"1,000,000,000","4,180,216,000","389,366,000",16.300,2,16.200,16.440,16.323
22/06/2021,EGBGR03161F9,3,R,"7,000,000,000","11,855,985,000","8,750,985,000",14.200,2,14.180,14.260,14.251
08/06/2021,EGBGR03161F9,3,R,"7,000,000,000","9,282,405,000","7,073,405,000",14.200,2,14.150,14.260,14.250
25/05/2021,EGBGR03161F9,3,R,"6,500,000,000","6,651,265,000","4,181,265,000",14.200,2,14.190,14.260,14.253
11/05/2021,EGBGR03161F9,3,R,"7,000,000,000","11,292,645,000","7,362,645,000",14.200,2,14.200,14.260,14.250
27/04/2021,EGBGR03161F9,3,R,"6,500,000,000","10,604,960,000","6,542,460,000",14.200,2,14.190,14.260,14.229
13/04/2021,EGBGR03161F9,3,N,"7,000,000,000","13,241,885,000","9,941,135,000",14.200,2,14.150,14.240,14.200
08/08/2017,EGBGR01971F3,7,R,"750,000,000","2,278,315,000","750,000,000",18.400,2,16.750,16.750,16.750
25/07/2017,EGBGR01971F3,7,R,"750,000,000","2,559,460,000","750,000,000",18.400,2,18.400,18.650,18.596
11/07/2017,EGBGR01971F3,7,R,"750,000,000","2,451,675,000","750,000,000",18.400,2,18.900,19.480,19.214
27/06/2017,EGBGR01971F3,7,R,"750,000,000","1,516,375,000","745,050,000",18.400,2,18.200,18.450,18.382
13/06/2017,EGBGR01971F3,7,R,"750,000,000","1,957,525,000","940,900,000",18.400,2,18.250,18.410,18.377
30/05/2017,EGBGR01971F3,7,N,"500,000,000","1,313,200,000","491,000,000",18.400,2,18.300,18.840,18.544
25/11/2014,EGBGR01211F4,10,R,"1,000,000,000","4,793,570,000","3,000,000,000",15.57,2,15.5,15.6,15.571
11/11/2014,EGBGR01211F4,10,R,"1,000,000,000","2,105,536,000","1,000,000,000",15.797,2,15.4,15.86,15.798
21/10/2014,EGBGR01211F4,10,R,"1,000,000,000","2,491,435,000","1,000,000,000",15.845,2,15.7,15.87,15.845
12/08/2014,EGBGR01211F4,10,R,"500,000,000","1,521,950,000","500,000,000",15.938,2,15.92,15.964,15.939
15/07/2014,EGBGR01211F4,10,R,"1,500,000,000","2,482,615,000","1,500,000,000",15.647,2,15.53,15.73,15.647
01/07/2014,EGBGR01211F4,10,R,"2,000,000,000","3,022,640,000","2,000,000,000",15.562,2,15.29,15.63,15.562
17/06/2014,EGBGR01211F4,10,R,"500,000,000","2,233,225,000","500,000,000",15.348,2,15.31,15.35,15.348
03/06/2014,EGBGR01211F4,10,N,"2,000,000,000","2,404,400,000","1,405,750,000",15.576,2,15.3,15.6,15.576
27/08/2019,EGBGR02291F5,5,R,"1,250,000,000","3,595,375,000","1,250,000,000",15.900,2,14.300,14.600,14.446
13/08/2019,EGBGR02291F5,5,R,"1,250,000,000","3,012,875,000","1,197,000,000",15.900,2,15.680,15.850,15.815
30/07/2019,EGBGR02291F5,5,R,"1,250,000,000","10,150,350,000","6,604,550,000",15.900,2,15.650,15.850,15.785
16/07/2019,EGBGR02291F5,5,R,"1,250,000,000","9,156,000,000","5,814,000,000",15.900,2,15.720,15.900,15.833
02/07/2019,EGBGR02291F5,5,N,"1,250,000,000","3,184,100,000","1,707,600,000",15.900,2,15.930,16.000,15.970
27/07/2021,EGBGR03331F8,3,R,"8,500,000,000","11,436,569,000","4,067,569,000",14.431,1,14.270,14.500,14.442
13/07/2021,EGBGR03331F8,3,N,"9,500,000,000","12,750,140,000","8,566,890,000",14.431,1,14.150,14.500,14.431
24/08/2021,EGBGR03341F7,3,R,"8,500,000,000","28,322,495,000","26,667,495,000",14.494,1,14.250,14.520,14.508
10/08/2021,EGBGR03341F7,3,N,"9,500,000,000","11,633,100,000","6,035,600,000",14.494,1,14.420,14.520,14.494
06/02/2018,EGBGR01281F7,7,R,"1,000,000,000","3,009,900,000","800,000,000",15.900,2,14.400,14.490,14.416
23/01/2018,EGBGR01281F7,7,R,"1,000,000,000","3,425,590,000","1,039,690,000",15.900,2,14.940,15.150,15.063
09/01/2018,EGBGR01281F7,7,R,"1,000,000,000","3,054,250,000","1,000,000,000",15.900,2,15.650,15.927,15.785
23/09/2014,EGBGR01281F7,10,R,"500,000,000","1,679,497,000","1,488,619,000",15.913,2,15.82,15.93,15.914
09/09/2014,EGBGR01281F7,10,N,"500,000,000","1,703,145,000","818,945,000",15.95,2,15.84,15.97,15.951
05/11/2019,EGBGR02331F9,5,R,"2,000,000,000","4,843,720,000","4,213,720,000",14.350,2,14.190,14.350,14.296
22/10/2019,EGBGR02331F9,5,R,"2,250,000,000","6,856,815,000","5,134,367,000",14.350,2,14.150,14.390,14.339
08/10/2019,EGBGR02331F9,5,R,"2,000,000,000","3,856,600,000","2,000,000,000",14.350,2,14.350,14.450,14.412
24/09/2019,EGBGR02331F9,5,R,"1,250,000,000","5,217,265,000","3,527,265,000",14.350,2,13.700,14.400,14.350
10/09/2019,EGBGR02331F9,5,N,"1,250,000,000","7,319,000,000","5,338,000,000",14.350,2,14.350,14.500,14.436
28/09/2021,EGBGR03351F6,3,R,"8,500,000,000","20,757,850,000","10,562,850,000",14.531,1,14.380,14.550,14.530
14/09/2021,EGBGR03351F6,3,N,"9,500,000,000","32,445,740,000","27,415,740,000",14.531,1,14.300,14.550,14.531
26/10/2021,EGBGR03471F2,3,R,"10,000,000,000","21,118,200,000","15,589,000,000",14.574,1,14.500,14.600,14.577
12/10/2021,EGBGR03471F2,3,N,"9,500,000,000","19,956,775,000","3,891,775,000",14.574,1,14.380,14.600,14.574
23/11/2021,EGBGR03481F1,3,R,"10,000,000,000","17,137,295,000","3,490,395,000",14.641,1,14.450,14.670,14.652
09/11/2021,EGBGR03481F1,3,N,"9,500,000,000","30,618,700,000","24,588,700,000",14.641,1,14.000,14.650,14.641
31/12/2019,EGBGR02431F7,5,R,"2,000,000,000","6,635,835,000","2,000,000,000",13.837,2,13.580,13.740,13.686
17/12/2019,EGBGR02431F7,5,R,"2,250,000,000","9,708,175,000","2,440,000,000",13.837,2,13.770,13.850,13.818
03/12/2019,EGBGR02431F7,5,R,"2,000,000,000","2,665,187,000","693,587,000",13.837,2,13.800,14.050,13.935
19/11/2019,EGBGR02431F7,5,N,"2,250,000,000","2,612,175,000","326,000,000",13.837,2,13.700,13.900,13.837
21/12/2021,EGBGR03491F0,3,R,"10,000,000,000","18,780,818,000","10,000,000,000",14.646,1,14.450,14.665,14.648
07/12/2021,EGBGR03491F0,3,N,"9,500,000,000","19,917,140,000","9,500,000,000",14.646,1,14.450,14.665,14.646
26/12/2017,EGBGR01341F9,7,R,"1,000,000,000","2,976,300,000","1,702,750,000",15.250,2,15.250,15.640,15.554
12/12/2017,EGBGR01341F9,7,R,"1,000,000,000","2,606,750,000","1,000,000,000",15.250,2,16.040,16.140,16.114
28/11/2017,EGBGR01341F9,7,R,"1,000,000,000","3,384,800,000","1,056,960,000",15.250,2,16.000,16.350,16.192
14/11/2017,EGBGR01341F9,7,R,"1,000,000,000","1,634,240,000","1,123,740,000",15.250,2,15.590,16.050,15.955
31/10/2017,EGBGR01341F9,7,R,"1,000,000,000","2,455,650,000","1,000,000,000",15.250,2,15.300,15.840,15.600
17/10/2017,EGBGR01341F9,7,R,"1,000,000,000","2,206,500,000","1,000,000,000",15.250,2,14.800,15.590,15.501
03/10/2017,EGBGR01341F9,7,R,"1,250,000,000","2,965,725,000","1,250,000,000",15.250,2,14.500,15.250,15.220
23/12/2014,EGBGR01341F9,10,R,"1,000,000,000","2,943,715,000","1,000,000,000",15.206,2,15.1,15.25,15.206
09/12/2014,EGBGR01341F9,10,N,"1,000,000,000","3,340,617,000","1,000,000,000",15.274,2,15.1,15.31,15.275
29/03/2022,EGBGR03581F8,3,R,"2,000,000,000","2,672,000,000","5,000,000",14.522,1,14.700,14.700,14.700
15/03/2022,EGBGR03581F8,3,R,"3,000,000,000","4,011,450,000","20,450,000",14.522,1,14.600,14.610,14.606
01/03/2022,EGBGR03581F8,3,R,"2,000,000,000","4,043,000,000","930,000,000",14.522,1,14.610,14.635,14.626
15/02/2022,EGBGR03581F8,3,R,"3,000,000,000","16,425,065,000","5,483,065,000",14.522,1,14.250,14.635,14.622
01/02/2022,EGBGR03581F8,3,R,"2,000,000,000","6,414,555,000","4,726,555,000",14.522,1,14.500,14.640,14.625
18/01/2022,EGBGR03581F8,3,R,"3,000,000,000","13,030,545,000","10,340,045,000",14.522,1,14.480,14.640,14.619
04/01/2022,EGBGR03581F8,3,N,"2,000,000,000","11,561,505,000","4,914,005,000",14.522,1,14.385,14.640,14.522
10/03/2020,EGBGR02471F3,5,R,"4,000,000,000","3,954,460,000","2,201,260,000",13.536,2,13.860,14.580,14.458
25/02/2020,EGBGR02471F3,5,R,"3,750,000,000","9,611,189,000","3,191,439,000",13.536,2,13.850,13.950,13.925
11/02/2020,EGBGR02471F3,5,R,"3,750,000,000","6,742,275,000","2,286,450,000",13.536,2,13.690,13.890,13.771
28/01/2020,EGBGR02471F3,5,R,"3,750,000,000","6,947,625,000","4,951,875,000",13.536,2,13.740,13.900,13.838
14/01/2020,EGBGR02471F3,5,N,"3,500,000,000","7,334,245,000","4,037,700,000",13.536,2,13.450,13.580,13.536
18/01/2005,,20,N,,"2,041,540,000","1,000,000,000",11.388,,11,11.5,11.397
26/06/2018,EGBGR02081F0,7,R,"1,250,000,000","1,337,125,000","404,750,000",14.500,2,16.500,17.299,17.027
01/05/2018,EGBGR02081F0,7,R,"1,250,000,000","1,793,375,000","686,500,000",14.500,2,14.850,15.000,14.962
17/04/2018,EGBGR02081F0,7,R,"1,250,000,000","1,059,575,000","261,700,000",14.500,2,14.650,14.940,14.899
06/03/2018,EGBGR02081F0,7,R,"1,250,000,000","3,172,660,000","1,250,000,000",14.500,2,14.450,14.600,14.528
20/02/2018,EGBGR02081F0,7,N,"1,000,000,000","2,314,900,000","1,000,000,000",14.500,2,14.500,14.600,14.550
07/04/2020,EGBGR02531F4,5,R,"3,500,000,000","18,446,175,000","3,500,000,000",13.939,2,13.400,13.440,13.415
24/03/2020,EGBGR02531F4,5,N,"4,000,000,000","4,295,700,000","4,000,000,000",13.939,2,13.850,14.000,13.939
21/06/2022,EGBGR03731F9,3,R,"1,250,000,000","8,464,000,000","7,036,000,000",14.687,1,14.680,14.690,14.680
07/06/2022,EGBGR03731F9,3,R,"1,000,000,000","1,327,000,000","55,000,000",14.687,1,14.600,14.700,14.680
24/05/2022,EGBGR03731F9,3,R,"1,250,000,000","1,965,750,000","24,000,000",14.687,1,14.680,14.680,14.680
10/05/2022,EGBGR03731F9,3,R,"1,000,000,000","1,067,000,000","30,000,000",14.687,1,14.700,14.700,14.700
26/04/2022,EGBGR03731F9,3,R,"1,250,000,000","1,948,600,000","301,600,000",14.687,1,14.700,14.750,14.739
12/04/2022,EGBGR03731F9,3,N,"1,000,000,000","3,426,000,000","684,000,000",14.687,1,14.500,14.725,14.687
19/05/2020,EGBGR02581F9,5,R,"3,500,000,000","1,580,690,000","13,340,000",13.298,2,13.380,13.530,13.497
05/05/2020,EGBGR02581F9,5,R,"3,500,000,000","2,206,535,000","205,535,000",13.298,2,13.340,13.590,13.546
21/04/2020,EGBGR02581F9,5,N,"3,500,000,000","4,498,090,000","1,395,090,000",13.298,2,13.020,13.330,13.298
30/06/2020,EGBGR02721F1,5,R,"3,500,000,000","2,526,000,000","9,000,000",13.727,2,14.100,14.100,14.100
16/06/2020,EGBGR02721F1,5,N,"3,500,000,000","1,292,000,000","567,000,000",13.727,2,13.700,13.750,13.727
30/08/2022,EGBGR03891F1,3,R,"4,000,000,000","27,331,000,000","20,304,000,000",14.680,1,15.500,17.500,17.499
16/08/2022,EGBGR03891F1,3,R,"3,500,000,000","6,579,000,000","3,000,000,000",14.680,1,15.500,15.500,15.500
02/08/2022,EGBGR03891F1,3,R,"4,000,000,000","2,212,000,000","11,000,000",14.680,1,15.500,15.500,15.500
05/07/2022,EGBGR03891F1,3,N,"4,000,000,000","2,065,350,000","10,350,000",14.680,1,14.680,14.680,14.680
25/08/2020,EGBGR02821F9,5,R,"4,000,000,000","4,857,200,000","1,437,500,000",14.349,2,14.500,14.730,14.708
11/08/2020,EGBGR02821F9,5,R,"3,500,000,000","5,938,650,000","1,658,000,000",14.349,2,14.540,14.620,14.580
28/07/2020,EGBGR02821F9,5,R,"4,000,000,000","2,499,835,000","2,004,835,000",14.349,2,14.360,14.550,14.480
14/07/2020,EGBGR02821F9,5,N,"3,500,000,000","5,677,450,000","3,500,000,000",14.349,2,14.300,14.390,14.349
19/03/2019,EGBGR02141F2,7,R,"750,000,000","2,364,138,000","1,000,588,000",17.700,2,16.550,16.680,16.627
05/03/2019,EGBGR02141F2,7,R,"750,000,000","1,989,390,000","902,190,000",17.700,2,16.880,17.150,16.991
19/02/2019,EGBGR02141F2,7,R,"750,000,000","2,254,608,000","955,408,000",17.700,2,16.740,17.150,16.982
05/02/2019,EGBGR02141F2,7,R,"750,000,000","4,220,089,000","2,937,099,000",17.700,2,17.500,17.800,17.713
22/01/2019,EGBGR02141F2,7,R,"750,000,000","1,333,750,000","750,000,000",17.700,2,17.700,18.070,17.927
08/01/2019,EGBGR02141F2,7,R,"500,000,000","730,200,000","430,400,000",17.700,2,18.070,18.100,18.086
25/12/2018,EGBGR02141F2,7,R,"500,000,000","408,000,000","10,000,000",17.700,2,18.050,18.100,18.075
11/12/2018,EGBGR02141F2,7,R,"500,000,000","437,000,000","1,000,000",17.700,2,18.100,18.100,18.100
27/11/2018,EGBGR02141F2,7,R,"500,000,000","1,909,280,000","1,448,000,000",17.700,2,18.000,18.050,18.007
13/11/2018,EGBGR02141F2,7,R,"750,000,000","1,477,900,000","1,000,700,000",17.700,2,17.800,18.060,18.011
30/10/2018,EGBGR02141F2,7,R,"750,000,000","2,179,975,000","1,255,250,000",17.700,2,16.000,18.190,18.142
16/10/2018,EGBGR02141F2,7,R,"500,000,000","1,222,296,000","500,000,000",17.700,2,18.250,18.350,18.324
02/10/2018,EGBGR02141F2,7,R,"500,000,000","1,487,190,000","153,800,000",17.700,2,18.410,18.500,18.431
21/08/2018,EGBGR02141F2,7,R,"1,500,000,000","2,094,400,000","1,884,400,000",17.700,2,17.840,18.280,18.202
07/08/2018,EGBGR02141F2,7,N,"1,500,000,000","2,180,250,000","1,500,000,000",17.700,2,17.620,17.900,17.755
27/09/2022,EGBGR04071F9,3,R,"4,000,000,000","8,034,000,000","1,793,600,000",17.498,1,17.540,17.600,17.595
20/09/2022,EGBGR04071F9,3,R,"3,000,000,000","3,818,000,000","10,000,000",17.498,1,17.550,17.600,17.575
13/09/2022,EGBGR04071F9,3,R,"3,500,000,000","7,074,425,000","4,822,925,000",17.498,1,17.400,17.600,17.566
06/09/2022,EGBGR04071F9,3,N,"3,000,000,000","19,106,650,000","12,060,650,000",17.498,1,17.400,17.500,17.498
08/09/2020,EGBGR02881F3,5,N,"3,500,000,000","17,674,550,000","14,797,950,000",14.605,2,14.420,14.640,14.605
22/09/2020,EGBGR02891F2,5,N,"4,000,000,000","24,548,650,000","15,712,600,000",14.493,2,14.449,14.550,14.493
25/10/2022,EGBGR04101F4,3,R,"7,000,000,000","7,725,000,000","120,000,000",17.652,1,17.652,17.750,17.723
18/10/2022,EGBGR04101F4,3,R,"7,500,000,000","8,533,600,000","296,100,000",17.652,1,17.500,17.750,17.742
11/10/2022,EGBGR04101F4,3,R,"7,000,000,000","5,224,485,000","225,985,000",17.652,1,17.710,17.750,17.748
04/10/2022,EGBGR04101F4,3,N,"7,500,000,000","15,332,712,000","9,048,212,000",17.652,1,17.450,17.750,17.652
06/10/2020,EGBGR02921F7,5,N,"6,000,000,000","16,857,000,000","12,794,200,000",14.388,2,14.230,14.490,14.388
29/12/2020,EGBGR02931F6,5,R,"7,500,000,000","10,220,750,000","9,490,750,000",14.369,2,13.500,14.220,14.117
15/12/2020,EGBGR02931F6,5,R,"8,000,000,000","13,667,450,000","10,937,450,000",14.369,2,13.700,14.040,13.935
01/12/2020,EGBGR02931F6,5,R,"6,000,000,000","17,251,000,000","13,631,500,000",14.369,2,14.090,14.195,14.155
17/11/2020,EGBGR02931F6,5,R,"5,000,000,000","17,519,000,000","5,000,000,000",14.369,2,14.000,14.310,14.280
03/11/2020,EGBGR02931F6,5,R,"6,000,000,000","13,917,220,000","5,682,220,000",14.369,2,14.370,14.540,14.465
20/10/2020,EGBGR02931F6,5,N,"5,000,000,000","19,785,030,000","7,742,300,000",14.369,2,14.230,14.490,14.369
29/11/2022,EGBGR04111F3,3,R,"7,500,000,000","6,133,250,000","153,250,000",17.945,1,17.945,18.000,17.988
22/11/2022,EGBGR04111F3,3,R,"7,000,000,000","5,608,250,000","202,250,000",17.945,1,17.945,18.000,17.992
15/11/2022,EGBGR04111F3,3,R,"7,500,000,000","5,980,300,000","201,000,000",17.945,1,17.970,18.000,17.996
08/11/2022,EGBGR04111F3,3,R,"7,000,000,000","6,004,750,000","359,950,000",17.945,1,17.900,18.000,17.977
01/11/2022,EGBGR04111F3,3,N,"7,500,000,000","12,535,300,000","138,500,000",17.945,1,17.500,18.000,17.945
24/10/2017,EGBGR01631F3,10,R,"1,000,000,000","1,404,400,000","698,500,000",15.300,2,15.300,15.680,15.495
10/10/2017,EGBGR01631F3,10,R,"1,000,000,000","1,138,750,000","1,000,000,000",15.300,2,15.000,15.700,15.555
27/12/2022,EGBGR04121F2,3,R,"7,500,000,000","5,865,315,000","63,050,000",17.964,1,18.000,18.000,18.000
20/12/2022,EGBGR04121F2,3,R,"7,000,000,000","5,225,000,000","36,000,000",17.964,1,18.000,18.000,18.000
13/12/2022,EGBGR04121F2,3,R,"7,500,000,000","2,098,000,000","78,000,000",17.964,1,17.960,18.000,17.974
06/12/2022,EGBGR04121F2,3,N,"7,000,000,000","1,949,140,000","221,140,000",17.964,1,17.900,18.000,17.964
07/02/2023,EGBGR03071F0,3,R,"3,000,000,000","18,046,792,000","5,377,592,000",14.060,2,21.300,21.440,21.430
31/01/2023,EGBGR03071F0,3,R,"3,000,000,000","6,102,000,000","375,000,000",14.060,2,21.390,21.440,21.409
17/01/2023,EGBGR03071F0,3,R,"3,000,000,000","6,066,439,000","3,208,439,000",14.060,2,18.000,21.440,20.956
23/03/2021,EGBGR03071F0,5,R,"7,000,000,000","9,678,869,000","3,451,419,000",14.060,2,14.350,14.520,14.510
09/03/2021,EGBGR03071F0,5,R,"6,000,000,000","12,830,603,000","4,651,547,000",14.060,2,14.200,14.500,14.455
23/02/2021,EGBGR03071F0,5,R,"7,500,000,000","16,272,887,000","12,232,748,000",14.060,2,14.250,14.440,14.403
09/02/2021,EGBGR03071F0,5,R,"8,000,000,000","25,096,250,000","17,216,050,000",14.060,2,14.240,14.395,14.359
26/01/2021,EGBGR03071F0,5,R,"7,500,000,000","12,049,886,000","8,049,886,000",14.060,2,14.100,14.400,14.347
12/01/2021,EGBGR03071F0,5,N,"8,000,000,000","14,321,550,000","8,000,000,000",14.060,2,13.900,14.120,14.060
01/10/2019,EGBGR02261F8,7,R,"1,750,000,000","1,476,150,000","17,625,000",16.500,2,14.050,14.050,14.050
23/07/2019,EGBGR02261F8,7,R,"1,000,000,000","3,464,600,000","2,213,090,000",16.500,2,15.700,15.899,15.796
09/07/2019,EGBGR02261F8,7,R,"1,000,000,000","5,617,900,000","4,097,300,000",16.500,2,15.830,15.940,15.864
25/06/2019,EGBGR02261F8,7,R,"750,000,000","2,183,750,000","1,292,150,000",16.500,2,15.930,15.950,15.943
11/06/2019,EGBGR02261F8,7,R,"750,000,000","2,124,200,000","1,358,500,000",16.500,2,15.990,16.090,16.016
28/05/2019,EGBGR02261F8,7,R,"750,000,000","3,304,600,000","661,000,000",16.500,2,16.000,16.100,16.063
14/05/2019,EGBGR02261F8,7,R,"750,000,000","2,857,050,000","1,000,000,000",16.500,2,16.100,16.100,16.100
30/04/2019,EGBGR02261F8,7,R,"500,000,000","1,503,100,000","713,100,000",16.500,2,16.020,16.300,16.173
16/04/2019,EGBGR02261F8,7,R,"750,000,000","2,672,300,000","1,192,000,000",16.500,2,16.220,16.450,16.343
02/04/2019,EGBGR02261F8,7,N,"750,000,000","1,749,200,000","322,300,000",16.500,2,16.480,16.700,16.582
18/04/2023,EGBGR03171F8,3,R,"3,000,000,000","2,209,000,000","2,000,000",14.483,2,21.700,21.700,21.700
04/04/2023,EGBGR03171F8,3,R,"3,000,000,000","5,769,250,000","1,090,000",14.483,2,21.700,21.700,21.700
21/03/2023,EGBGR03171F8,3,R,"3,000,000,000","2,318,055,000","5,055,000",14.483,2,21.700,21.700,21.700
07/03/2023,EGBGR03171F8,3,R,"3,000,000,000","5,626,551,000","1,569,551,000",14.483,2,21.400,21.700,21.672
21/02/2023,EGBGR03171F8,3,R,"3,000,000,000","8,677,900,000","3,001,900,000",14.483,2,21.400,21.550,21.451
29/06/2021,EGBGR03171F8,5,R,"6,500,000,000","8,458,110,000","2,983,110,000",14.483,2,14.500,14.590,14.562
15/06/2021,EGBGR03171F8,5,R,"6,000,000,000","16,586,890,000","8,479,978,000",14.483,2,14.500,14.550,14.539
01/06/2021,EGBGR03171F8,5,R,"6,500,000,000","8,713,880,000","6,058,880,000",14.483,2,14.400,14.600,14.590
18/05/2021,EGBGR03171F8,5,R,"6,000,000,000","12,153,813,000","10,118,813,000",14.483,2,14.490,14.600,14.563
04/05/2021,EGBGR03171F8,5,R,"6,500,000,000","11,308,054,000","8,142,164,000",14.483,2,14.400,14.590,14.541
20/04/2021,EGBGR03171F8,5,R,"6,000,000,000","10,656,500,000","7,831,200,000",14.483,2,14.350,14.560,14.532
06/04/2021,EGBGR03171F8,5,N,"6,500,000,000","11,199,265,000","6,066,265,000",14.483,2,14.400,14.560,14.483
09/07/2024,EGBGR05751F5,2,R,"3,000,000,000","3,319,500,000","200,000,000",24.700,1,24.900,24.900,24.900
02/07/2024,EGBGR05751F5,2,N,"2,000,000,000","2,076,000,000","500,000,000",24.700,1,24.500,24.900,24.700
24/07/2018,EGBGR01841F8,8,R,"1,500,000,000","2,535,500,000","1,500,000,000",17.150,2,17.490,17.900,17.762
25/04/2017,EGBGR01841F8,10,R,"750,000,000","1,340,050,000","339,750,000",17.150,2,17.100,17.230,17.135
11/04/2017,EGBGR01841F8,10,R,"750,000,000","1,646,300,000","750,000,000",17.150,2,16.700,17.180,17.134
28/03/2017,EGBGR01841F8,10,R,"250,000,000","563,380,000","250,000,000",17.150,2,17.000,17.187,17.142
14/03/2017,EGBGR01841F8,10,R,"250,000,000","780,550,000","458,775,000",17.150,2,17.020,17.190,17.145
28/02/2017,EGBGR01841F8,10,R,"250,000,000","879,560,000","250,000,000",17.150,2,16.400,16.980,16.889
14/02/2017,EGBGR01841F8,10,R,"250,000,000","1,199,940,000","250,000,000",17.150,2,16.600,16.800,16.784
31/01/2017,EGBGR01841F8,10,R,"250,000,000","650,625,000","367,000,000",17.150,2,17.150,17.450,17.345
17/01/2017,EGBGR01841F8,10,R,"250,000,000","938,075,000","350,000,000",17.150,2,17.400,17.550,17.529
03/01/2017,EGBGR01841F8,10,R,"500,000,000","789,502,000","278,252,000",17.150,2,17.200,17.590,17.278
20/12/2016,EGBGR01841F8,10,R,"250,000,000","916,025,000","370,250,000",17.150,2,16.930,17.150,17.112
06/12/2016,EGBGR01841F8,10,R,"250,000,000","994,938,000","250,000,000",17.150,2,16.600,16.700,16.699
22/11/2016,EGBGR01841F8,10,R,"250,000,000","1,733,885,000","250,000,000",17.150,2,16.700,17.020,16.952
25/10/2016,EGBGR01841F8,10,R,"500,000,000","816,002,000","730,652,000",17.150,2,17.250,17.750,17.591
11/10/2016,EGBGR01841F8,10,R,"250,000,000","600,853,000","250,000,000",17.150,2,17.350,17.390,17.360
27/09/2016,EGBGR01841F8,10,R,"250,000,000","662,265,000","250,000,000",17.150,2,17.300,17.500,17.461
13/09/2016,EGBGR01841F8,10,R,"250,000,000","786,925,000","250,000,000",17.150,2,17.500,17.540,17.527
30/08/2016,EGBGR01841F8,10,R,"500,000,000","1,319,560,000","500,000,000",17.150,2,17.200,17.590,17.534
16/08/2016,EGBGR01841F8,10,R,"500,000,000","1,877,885,000","500,000,000",17.150,2,17.430,17.500,17.471
02/08/2016,EGBGR01841F8,10,R,"500,000,000","2,247,080,000","500,000,000",17.150,2,17.400,17.600,17.564
19/07/2016,EGBGR01841F8,10,R,"500,000,000","2,877,960,000","800,000,000",17.150,2,17.160,17.800,17.699
05/07/2016,EGBGR01841F8,10,N,"250,000,000","937,100,000","550,000,000",17.150,2,15.200,17.750,17.238
21/09/2021,EGBGR03361F5,5,R,"2,500,000,000","4,962,717,000","2,500,000,000",14.563,2,14.280,14.440,14.417
07/09/2021,EGBGR03361F5,5,R,"3,000,000,000","7,523,183,000","3,000,000,000",14.563,2,14.400,14.440,14.422
31/08/2021,EGBGR03361F5,5,R,"3,000,000,000","7,540,550,000","4,172,250,000",14.563,2,14.440,14.500,14.486
17/08/2021,EGBGR03361F5,5,R,"2,500,000,000","7,582,980,000","2,500,000,000",14.563,2,14.480,14.550,14.536
03/08/2021,EGBGR03361F5,5,R,"3,000,000,000","4,571,095,000","2,985,595,000",14.563,2,14.480,14.590,14.562
20/07/2021,EGBGR03361F5,5,R,"2,500,000,000","3,209,965,000","863,965,000",14.563,2,14.490,14.600,14.563
06/07/2021,EGBGR03361F5,5,N,"3,000,000,000","3,795,510,000","795,510,000",14.563,2,14.490,14.600,14.563
26/09/2023,EGBGR04771F4,3,R,"3,500,000,000","2,691,500,000","300,000,000",23.000,1,24.090,24.090,24.090
12/09/2023,EGBGR04771F4,3,R,"4,000,000,000","6,771,029,000","1,065,029,000",23.000,1,23.000,24.090,24.087
29/08/2023,EGBGR04771F4,3,R,"3,500,000,000","12,174,000,000","125,500,000",23.000,1,23.500,24.090,24.040
15/08/2023,EGBGR04771F4,3,R,"4,000,000,000","12,053,800,000","107,800,000",23.000,1,23.000,23.990,23.889
01/08/2023,EGBGR04771F4,3,R,"3,500,000,000","14,308,918,000","2,947,418,000",23.000,1,23.000,23.300,23.281
18/07/2023,EGBGR04771F4,3,R,"4,000,000,000","16,287,000,000","2,360,000,000",23.000,1,23.000,23.100,23.026
11/07/2023,EGBGR04771F4,3,N,"2,500,000,000","3,462,500,000","230,000,000",23.000,1,23.000,23.000,23.000
17/09/2019,EGBGR02301F2,7,R,"1,250,000,000","7,083,899,000","3,526,427,000",15.600,2,13.790,13.900,13.865
03/09/2019,EGBGR02301F2,7,R,"1,250,000,000","3,731,625,000","1,250,000,000",15.600,2,14.580,14.700,14.679
20/08/2019,EGBGR02301F2,7,R,"1,250,000,000","9,165,675,000","1,250,000,000",15.600,2,15.500,15.540,15.538
06/08/2019,EGBGR02301F2,7,N,"1,250,000,000","7,780,550,000","5,538,000,000",15.600,2,15.620,15.799,15.754
17/09/2024,EGBGR05911F5,2,N,"1,000,000,000","3,577,500,000","550,000,000",25.744,1,25.690,25.750,25.744
31/12/2024,EGBGR05921F4,2,R,"3,000,000,000","28,574,500,000","3,350,000,000",25.072,2,24.500,25.000,24.903
17/12/2024,EGBGR05921F4,2,R,"5,000,000,000","8,623,500,000","450,000,000",25.072,2,25.470,25.500,25.490
03/12/2024,EGBGR05921F4,2,R,"5,000,000,000","9,353,600,000","250,100,000",25.072,2,25.500,25.500,25.500
19/11/2024,EGBGR05921F4,2,R,"5,000,000,000","8,866,225,000","5,663,175,000",25.072,2,24.931,25.500,25.285
05/11/2024,EGBGR05921F4,2,R,"5,000,000,000","11,995,700,000","3,296,200,000",25.072,2,24.850,24.950,24.931
29/10/2024,EGBGR05921F4,2,R,"5,000,000,000","12,660,000,000","4,144,000,000",25.072,2,24.570,24.950,24.791
15/10/2024,EGBGR05921F4,2,R,"5,000,000,000","19,171,950,000","6,500,000,000",25.072,2,24.800,24.950,24.881
01/10/2024,EGBGR05921F4,2,N,"5,000,000,000","12,110,000,000","1,874,000,000",25.072,2,24.500,25.350,25.072
28/12/2021,EGBGR03501F6,5,R,"1,000,000,000","2,700,050,000","1,034,200,000",14.424,2,14.300,14.300,14.300
14/12/2021,EGBGR03501F6,5,R,"1,250,000,000","2,277,750,000","856,000,000",14.424,2,14.340,14.380,14.359
30/11/2021,EGBGR03501F6,5,R,"1,000,000,000","2,527,250,000","1,000,000,000",14.424,2,14.360,14.383,14.372
16/11/2021,EGBGR03501F6,5,R,"1,250,000,000","2,204,000,000","686,600,000",14.424,2,14.350,14.390,14.380
02/11/2021,EGBGR03501F6,5,R,"1,000,000,000","2,297,698,000","1,021,008,000",14.424,2,14.350,14.398,14.375
19/10/2021,EGBGR03501F6,5,R,"1,250,000,000","5,412,520,000","3,045,535,000",14.424,2,14.350,14.400,14.399
05/10/2021,EGBGR03501F6,5,N,"1,000,000,000","2,962,985,000","1,365,825,000",14.424,2,14.340,14.440,14.424
24/12/2019,EGBGR02371F5,7,R,"2,000,000,000","4,681,332,000","2,000,000,000",14.217,2,13.550,13.750,13.627
10/12/2019,EGBGR02371F5,7,R,"1,750,000,000","2,449,357,000","494,332,000",14.217,2,13.890,13.990,13.919
26/11/2019,EGBGR02371F5,7,R,"2,000,000,000","3,121,700,000","1,766,500,000",14.217,2,13.800,13.990,13.910
12/11/2019,EGBGR02371F5,7,R,"1,750,000,000","3,605,025,000","1,476,000,000",14.217,2,14.000,14.150,14.072
29/10/2019,EGBGR02371F5,7,R,"1,750,000,000","5,284,500,000","2,709,500,000",14.217,2,14.000,14.250,14.203
15/10/2019,EGBGR02371F5,7,N,"2,000,000,000","5,378,900,000","3,548,500,000",14.217,2,14.090,14.300,14.217
14/11/2023,EGBGR04961F1,3,R,"2,500,000,000","1,750,550,000","28,050,000",23.540,1,23.850,24.040,23.987
07/11/2023,EGBGR04961F1,3,N,"3,000,000,000","2,341,811,000","28,811,000",23.540,1,23.000,24.000,23.540
17/03/2020,EGBGR02481F2,7,R,"3,500,000,000","3,554,600,000","1,200,550,000",13.771,2,14.340,14.700,14.653
03/03/2020,EGBGR02481F2,7,R,"3,500,000,000","4,059,765,000","791,715,000",13.771,2,13.950,14.000,13.979
18/02/2020,EGBGR02481F2,7,R,"3,250,000,000","6,329,452,000","3,250,000,000",13.771,2,13.450,13.880,13.837
04/02/2020,EGBGR02481F2,7,R,"3,250,000,000","2,863,025,000","208,950,000",13.771,2,13.820,13.900,13.886
21/01/2020,EGBGR02481F2,7,R,"3,000,000,000","2,695,731,000","2,399,731,000",13.771,2,13.650,13.900,13.847
07/01/2020,EGBGR02481F2,7,R,"3,000,000,000","5,547,900,000","4,302,900,000",13.771,2,13.600,13.850,13.771
22/03/2022,EGBGR03601F4,5,R,"1,000,000,000","818,000,000","11,000,000",14.285,2,14.250,14.250,14.250
08/03/2022,EGBGR03601F4,5,R,"1,500,000,000","2,464,877,000","138,377,000",14.285,2,14.200,14.290,14.269
22/02/2022,EGBGR03601F4,5,R,"1,000,000,000","2,857,540,000","1,540,540,000",14.285,2,14.150,14.300,14.291
08/02/2022,EGBGR03601F4,5,R,"1,500,000,000","3,376,679,000","1,195,179,000",14.285,2,14.200,14.300,14.283
25/01/2022,EGBGR03601F4,5,R,"1,000,000,000","2,672,102,000","1,671,102,000",14.285,2,14.000,14.300,14.287
11/01/2022,EGBGR03601F4,5,N,"1,500,000,000","2,355,800,000","804,100,000",14.285,2,14.265,14.300,14.285
21/01/2025,EGBGR06061F8,2,R,"3,000,000,000","15,886,820,000","4,835,000,000",23.463,2,22.450,22.900,22.721
14/01/2025,EGBGR06061F8,2,N,"2,500,000,000","36,875,000,000","2,947,500,000",23.463,2,23.100,23.500,23.463
25/02/2025,EGBGR06071F7,2,R,"5,000,000,000","7,562,900,000","1,104,900,000",22.957,2,23.400,23.500,23.445
18/02/2025,EGBGR06071F7,2,R,"2,500,000,000","5,891,600,000","2,517,600,000",22.957,2,23.050,23.400,23.200
11/02/2025,EGBGR06071F7,2,R,"3,000,000,000","7,936,650,000","1,043,950,000",22.957,2,22.990,23.090,23.039
04/02/2025,EGBGR06071F7,2,N,"2,500,000,000","3,607,383,000","325,000,000",22.957,2,22.850,23.000,22.957
25/03/2025,EGBGR06081F6,2,R,"5,000,000,000","5,438,600,000","395,600,000",23.531,2,21.750,22.100,21.994
18/03/2025,EGBGR06081F6,2,R,"4,000,000,000","31,758,067,000","7,000,000,000",23.531,2,21.980,21.980,21.980
11/03/2025,EGBGR06081F6,2,R,"5,000,000,000","11,575,900,000","4,099,000,000",23.531,2,23.000,23.650,23.447
04/03/2025,EGBGR06081F6,2,N,"4,000,000,000","8,512,200,000","2,566,000,000",23.531,2,23.400,23.740,23.531
26/03/2024,EGBGR05331F6,3,R,"2,500,000,000","27,346,353,000","2,900,000,000",26.233,2,25.000,25.750,25.460
19/03/2024,EGBGR05331F6,3,N,"3,000,000,000","53,662,600,000","1,247,350,000",26.233,2,25.980,26.500,26.233
31/03/2020,EGBGR02561F1,7,N,"3,500,000,000","6,285,000,000","1,000,000,000",14.000,2,14.000,14.000,14.000
29/04/2025,EGBGR06221F8,2,R,"3,000,000,000","2,767,300,000","251,800,000",22.143,2,22.230,22.250,22.239
22/04/2025,EGBGR06221F8,2,R,"4,000,000,000","5,500,000,000","402,000,000",22.143,2,22.190,22.250,22.234
15/04/2025,EGBGR06221F8,2,R,"3,000,000,000","3,967,400,000","756,400,000",22.143,2,22.200,22.250,22.241
08/04/2025,EGBGR06221F8,2,R,"4,000,000,000","5,022,000,000","500,000,000",22.143,2,22.250,22.250,22.250
01/04/2025,EGBGR06221F8,2,N,"3,000,000,000","5,822,500,000","577,000,000",22.143,2,22.070,22.190,22.143
28/06/2022,EGBGR03721F0,5,R,"750,000,000","871,600,000","4,600,000",14.222,2,14.220,14.250,14.233
14/06/2022,EGBGR03721F0,5,R,"1,000,000,000","1,181,400,000","74,400,000",14.222,2,14.200,14.220,14.219
31/05/2022,EGBGR03721F0,5,R,"750,000,000","1,396,375,000","36,125,000",14.222,2,14.220,14.220,14.220
17/05/2022,EGBGR03721F0,5,R,"1,000,000,000","1,248,000,000","62,000,000",14.222,2,14.250,14.250,14.250
03/05/2022,EGBGR03721F0,5,R,"750,000,000","1,016,250,000","70,000,000",14.222,2,14.250,14.280,14.262
19/04/2022,EGBGR03721F0,5,R,"1,000,000,000","2,816,000,000","740,000,000",14.222,2,14.000,14.285,14.241
05/04/2022,EGBGR03721F0,5,N,"750,000,000","1,318,120,000","48,120,000",14.222,2,14.200,14.250,14.222
26/05/2020,EGBGR02591F8,7,R,"3,250,000,000","1,457,275,000","12,800,000",13.204,2,13.500,13.590,13.551
12/05/2020,EGBGR02591F8,7,R,"3,250,000,000","1,563,475,000","249,000,000",13.204,2,13.450,13.550,13.548
28/04/2020,EGBGR02591F8,7,R,"3,250,000,000","3,697,000,000","214,000,000",13.204,2,13.280,13.550,13.391
14/04/2020,EGBGR02591F8,7,N,"3,250,000,000","5,170,000,000","3,250,000,000",13.204,2,13.000,13.280,13.204
30/04/2024,EGBGR05481F9,3,R,"3,000,000,000","2,947,600,000","1,263,600,000",25.151,2,24.950,25.090,24.985
23/04/2024,EGBGR05481F9,3,R,"4,000,000,000","8,531,700,000","899,000,000",25.151,2,24.980,25.100,25.019
16/04/2024,EGBGR05481F9,3,N,"4,000,000,000","11,469,100,000","4,500,000,000",25.151,2,24.990,25.240,25.151
24/06/2025,EGBGR06281F2,2,R,"5,000,000,000","3,855,000,000","509,000,000",22.262,2,22.900,24.000,23.980
10/06/2025,EGBGR06281F2,2,R,"5,000,000,000","3,861,900,000","101,900,000",22.262,2,22.700,22.700,22.700
03/06/2025,EGBGR06281F2,2,R,"4,000,000,000","3,873,000,000","790,000,000",22.262,2,22.450,22.700,22.610
27/05/2025,EGBGR06281F2,2,R,"4,000,000,000","4,163,000,000","1,510,000,000",22.262,2,22.200,22.500,22.350
20/05/2025,EGBGR06281F2,2,R,"3,000,000,000","2,364,200,000","84,200,000",22.262,2,22.540,22.650,22.588
13/05/2025,EGBGR06281F2,2,R,"4,000,000,000","4,379,000,000","881,000,000",22.262,2,22.350,22.550,22.461
06/05/2025,EGBGR06281F2,2,N,"3,000,000,000","4,445,400,000","2,004,000,000",22.262,2,22.200,22.300,22.262
28/05/2024,EGBGR05441F3,3,R,"3,000,000,000","24,602,779,000","5,514,000,000",25.021,2,24.250,24.400,24.347
21/05/2024,EGBGR05441F3,3,R,"4,000,000,000","32,532,740,000","5,050,000,000",25.021,2,24.790,24.850,24.832
14/05/2024,EGBGR05441F3,3,R,"3,000,000,000","10,449,550,000","3,481,150,000",25.021,2,24.590,25.000,24.964
07/05/2024,EGBGR05441F3,3,N,"4,000,000,000","8,925,760,000","4,000,000,000",25.021,2,24.950,25.050,25.021
28/08/2018,EGBGR01981F2,10,R,"1,250,000,000","2,645,000,000","2,290,000,000",17.180,2,17.400,18.400,18.287
31/07/2018,EGBGR01981F2,10,R,"1,250,000,000","1,807,125,000","1,047,125,000",17.180,2,17.400,17.900,17.777
17/07/2018,EGBGR01981F2,10,R,"1,250,000,000","3,648,250,000","1,250,000,000",17.180,2,17.690,17.790,17.748
03/07/2018,EGBGR01981F2,10,R,"1,250,000,000","2,254,475,000","1,098,280,000",17.180,2,17.200,18.000,17.859
26/09/2017,EGBGR01981F2,10,R,"750,000,000","2,815,625,000","1,214,800,000",17.180,2,15.000,15.000,15.000
12/09/2017,EGBGR01981F2,10,R,"750,000,000","2,529,600,000","1,000,000,000",17.180,2,16.150,16.150,16.150
29/08/2017,EGBGR01981F2,10,R,"750,000,000","2,029,575,000","750,000,000",17.180,2,16.750,16.750,16.750
15/08/2017,EGBGR01981F2,10,R,"750,000,000","1,933,375,000","750,000,000",17.180,2,16.500,17.530,17.130
01/08/2017,EGBGR01981F2,10,R,"750,000,000","3,868,230,000","750,000,000",17.180,2,17.500,17.800,17.798
18/07/2017,EGBGR01981F2,10,R,"750,000,000","4,214,135,000","750,000,000",17.180,2,18.600,18.900,18.669
04/07/2017,EGBGR01981F2,10,R,"750,000,000","1,666,675,000","750,000,000",17.180,2,18.150,18.370,18.296
20/06/2017,EGBGR01981F2,10,R,"750,000,000","2,490,375,000","823,175,000",17.180,2,18.300,18.380,18.346
06/06/2017,EGBGR01981F2,10,R,"750,000,000","2,025,840,000","1,309,100,000",17.180,2,18.400,18.600,18.556
23/05/2017,EGBGR01981F2,10,R,"750,000,000","2,447,600,000","330,000,000",17.180,2,18.450,18.850,18.652
09/05/2017,EGBGR01981F2,10,N,"750,000,000","1,046,325,000","300,000,000",17.180,2,17.180,17.290,17.244
25/06/2024,EGBGR05451F2,3,R,"2,500,000,000","7,136,000,000","4,578,500,000",23.865,2,23.600,23.900,23.837
18/06/2024,EGBGR05451F2,3,R,"3,000,000,000","15,691,000,000","13,912,000,000",23.865,2,23.600,23.900,23.796
11/06/2024,EGBGR05451F2,3,R,"2,500,000,000","17,017,450,000","4,301,150,000",23.865,2,23.500,23.900,23.860
04/06/2024,EGBGR05451F2,3,N,"3,000,000,000","35,603,850,000","28,617,650,000",23.865,2,23.650,24.100,23.865
23/06/2020,EGBGR02711F2,7,R,"3,250,000,000","2,488,800,000","8,800,000",13.723,2,13.750,14.000,13.861
09/06/2020,EGBGR02711F2,7,N,"3,250,000,000","4,449,475,000","1,229,475,000",13.723,2,13.700,13.750,13.723
30/07/2024,EGBGR05761F4,3,R,"5,000,000,000","14,962,000,000","4,301,000,000",23.851,1,25.170,25.320,25.234
23/07/2024,EGBGR05761F4,3,R,"5,000,000,000","15,049,050,000","4,458,050,000",23.851,1,25.000,25.250,25.173
16/07/2024,EGBGR05761F4,3,R,"6,000,000,000","13,095,597,000","1,495,597,000",23.851,1,24.650,25.100,24.849
09/07/2024,EGBGR05761F4,3,R,"5,000,000,000","12,358,635,000","2,365,135,000",23.851,1,23.900,25.000,24.780
02/07/2024,EGBGR05761F4,3,N,"6,000,000,000","12,744,000,000","2,050,000,000",23.851,1,23.850,23.900,23.851
29/09/2020,EGBGR02831F8,7,R,"3,000,000,000","5,109,300,000","3,000,000,000",14.406,2,14.200,14.620,14.545
15/09/2020,EGBGR02831F8,7,R,"3,500,000,000","6,388,575,000","2,826,825,000",14.406,2,14.500,14.740,14.651
01/09/2020,EGBGR02831F8,7,R,"3,000,000,000","1,778,400,000","44,800,000",14.406,2,14.640,14.700,14.668
18/08/2020,EGBGR02831F8,7,R,"3,500,000,000","3,009,400,000","480,350,000",14.406,2,14.000,14.700,14.644
04/08/2020,EGBGR02831F8,7,R,"3,000,000,000","1,833,700,000","1,415,350,000",14.406,2,14.450,14.600,14.569
21/07/2020,EGBGR02831F8,7,R,"3,500,000,000","3,823,650,000","1,634,650,000",14.406,2,14.350,14.500,14.481
07/07/2020,EGBGR02831F8,7,N,"3,000,000,000","1,675,800,000","1,446,800,000",14.406,2,14.010,14.500,14.406
29/07/2025,EGBGR06391F9,2,R,"7,000,000,000","5,788,500,000","816,500,000",24.114,2,24.390,24.690,24.584
22/07/2025,EGBGR06391F9,2,R,"5,000,000,000","6,476,875,000","564,875,000",24.114,2,24.290,24.390,24.333
15/07/2025,EGBGR06391F9,2,R,"7,000,000,000","7,787,375,000","1,100,000,000",24.114,2,24.200,24.300,24.259
08/07/2025,EGBGR06391F9,2,N,"5,000,000,000","7,382,500,000","700,000,000",24.114,2,24.000,24.200,24.114
20/09/2022,EGBGR03911F7,5,R,"1,000,000,000","5,614,000,000","18,000,000",15.500,2,15.470,15.470,15.470
06/09/2022,EGBGR03911F7,5,R,"1,000,000,000","876,000,000","30,000,000",15.500,2,15.480,15.500,15.482
23/08/2022,EGBGR03911F7,5,R,"1,000,000,000","1,065,100,000","4,100,000",15.500,2,15.450,15.500,15.493
09/08/2022,EGBGR03911F7,5,R,"1,000,000,000","1,009,727,000","148,727,000",15.500,2,15.450,15.500,15.475
26/07/2022,EGBGR03911F7,5,R,"1,000,000,000","890,800,000","33,800,000",15.500,2,15.400,15.500,15.485
12/07/2022,EGBGR03911F7,5,N,"1,000,000,000","911,000,000","25,000,000",15.500,2,15.500,15.500,15.500
26/08/2025,EGBGR06421F4,2,R,"7,000,000,000","22,208,050,000","13,773,000,000",24.829,2,23.800,24.200,24.182
19/08/2025,EGBGR06421F4,2,R,"5,000,000,000","10,799,850,000","2,375,000,000",24.829,2,24.350,24.500,24.475
12/08/2025,EGBGR06421F4,2,R,"7,000,000,000","9,168,000,000","1,176,000,000",24.829,2,24.650,24.800,24.764
05/08/2025,EGBGR06421F4,2,N,"5,000,000,000","5,955,000,000","1,190,000,000",24.829,2,24.650,24.880,24.829
24/09/2024,EGBGR05851F3,3,R,"5,000,000,000","90,017,798,000","54,450,519,000",25.318,1,24.500,24.890,24.801
17/09/2024,EGBGR05851F3,3,R,"5,000,000,000","74,929,805,000","33,828,023,000",25.318,1,24.900,25.100,25.062
10/09/2024,EGBGR05851F3,3,R,"5,000,000,000","55,806,927,000","25,010,167,000",25.318,1,25.050,25.250,25.187
03/09/2024,EGBGR05851F3,3,R,"5,000,000,000","31,843,590,000","23,222,590,000",25.318,1,25.000,25.322,25.243
27/08/2024,EGBGR05851F3,3,R,"5,000,000,000","22,081,567,000","12,545,567,000",25.318,1,25.000,25.323,25.301
20/08/2024,EGBGR05851F3,3,R,"5,000,000,000","13,374,828,000","4,162,833,000",25.318,1,25.290,25.320,25.308
13/08/2024,EGBGR05851F3,3,N,"5,000,000,000","13,712,660,000","2,666,660,000",25.318,1,25.250,25.320,25.318
30/09/2025,EGBGR06441F2,2,R,"5,000,000,000","8,172,750,000","2,916,750,000",23.727,2,23.440,23.520,23.478
23/09/2025,EGBGR06441F2,2,R,"7,000,000,000","11,566,450,000","1,678,150,000",23.727,2,23.450,23.520,23.458
16/09/2025,EGBGR06441F2,2,R,"5,000,000,000","10,948,150,000","3,758,150,000",23.727,2,23.330,23.560,23.523
09/09/2025,EGBGR06441F2,2,R,"7,000,000,000","12,338,550,000","4,064,000,000",23.727,2,23.440,23.580,23.523
02/09/2025,EGBGR06441F2,2,N,"5,000,000,000","14,512,300,000","3,480,000,000",23.727,2,23.590,23.790,23.727
29/10/2024,EGBGR05931F3,3,R,"10,000,000,000","18,780,040,000","7,698,040,000",24.458,1,23.900,24.100,24.047
22/10/2024,EGBGR05931F3,3,R,"12,000,000,000","40,608,925,000","12,352,475,000",24.458,1,23.980,24.100,24.058
15/10/2024,EGBGR05931F3,3,R,"10,000,000,000","29,339,965,000","10,700,865,000",24.458,1,24.000,24.190,24.112
08/10/2024,EGBGR05931F3,3,R,"10,000,000,000","74,170,945,000","30,928,555,000",24.458,1,23.990,24.250,24.152
01/10/2024,EGBGR05931F3,3,N,"10,000,000,000","109,831,440,000","47,924,020,000",24.458,1,24.440,24.590,24.458
28/10/2025,EGBGR06501F3,2,R,"10,000,000,000","21,859,300,000","12,285,300,000",22.845,2,22.720,22.800,22.778
21/10/2025,EGBGR06501F3,2,R,"10,000,000,000","26,190,215,000","10,854,475,000",22.845,2,22.740,22.820,22.774
14/10/2025,EGBGR06501F3,2,R,"7,000,000,000","16,943,080,000","4,167,080,000",22.845,2,22.780,22.870,22.834
07/10/2025,EGBGR06501F3,2,N,"7,000,000,000","25,064,900,000","4,554,300,000",22.845,2,22.700,22.900,22.845
16/05/2023,EGBGR02941F5,5,R,"500,000,000","199,600,000","5,100,000",14.556,2,15.000,15.000,15.000
14/02/2023,EGBGR02941F5,5,R,"500,000,000","560,168,000","334,168,000",14.556,2,19.500,20.000,19.986
17/01/2023,EGBGR02941F5,5,R,"500,000,000","2,492,375,000","7,875,000",14.556,2,14.550,20.000,19.048
15/11/2022,EGBGR02941F5,5,R,"500,000,000","160,900,000","1,400,000",14.556,2,15.000,15.000,15.000
18/10/2022,EGBGR02941F5,5,R,"500,000,000","402,800,000","3,000,000",14.556,2,15.460,15.460,15.460
22/12/2020,EGBGR02941F5,7,R,"7,500,000,000","7,616,050,000","7,500,000,000",14.556,2,13.750,14.260,14.180
08/12/2020,EGBGR02941F5,7,R,"4,000,000,000","8,529,400,000","4,553,550,000",14.556,2,14.150,14.340,14.300
24/11/2020,EGBGR02941F5,7,R,"4,500,000,000","12,810,550,000","3,839,000,000",14.556,2,14.200,14.460,14.423
10/11/2020,EGBGR02941F5,7,R,"4,000,000,000","8,791,646,000","5,468,446,000",14.556,2,14.450,14.660,14.614
27/10/2020,EGBGR02941F5,7,R,"4,500,000,000","3,505,150,000","1,576,700,000",14.556,2,14.540,14.680,14.648
13/10/2020,EGBGR02941F5,7,N,"4,000,000,000","9,197,650,000","8,551,650,000",14.556,2,14.510,14.600,14.556
25/11/2025,EGBGR06551F8,2,R,"10,000,000,000","8,375,900,000","969,900,000",22.740,2,22.600,22.690,22.663
18/11/2025,EGBGR06551F8,2,R,"8,000,000,000","7,852,000,000","2,500,000,000",22.740,2,22.580,22.690,22.666
11/11/2025,EGBGR06551F8,2,R,"7,000,000,000","9,556,300,000","4,075,000,000",22.740,2,22.670,22.720,22.706
04/11/2025,EGBGR06551F8,2,N,"7,000,000,000","15,351,600,000","7,578,000,000",22.740,2,22.690,22.770,22.740
26/11/2024,EGBGR05971F9,3,R,"6,000,000,000","10,494,210,000","442,710,000",24.072,1,24.080,24.100,24.084
19/11/2024,EGBGR05971F9,3,R,"6,000,000,000","10,359,800,000","486,800,000",24.072,1,24.100,24.100,24.100
12/11/2024,EGBGR05971F9,3,R,"10,000,000,000","24,543,695,000","5,724,000,000",24.072,1,24.000,24.100,24.079
05/11/2024,EGBGR05971F9,3,N,"12,000,000,000","23,999,300,000","7,488,300,000",24.072,1,23.930,24.100,24.072
23/04/2019,EGBGR02041F4,10,R,"750,000,000","2,583,454,000","1,323,180,000",15.700,2,16.000,16.090,16.025
09/04/2019,EGBGR02041F4,10,R,"750,000,000","2,747,354,000","492,300,000",15.700,2,16.250,16.400,16.302
24/04/2018,EGBGR02041F4,10,R,"1,250,000,000","1,146,875,000","290,000,000",15.700,2,14.800,14.980,14.875
10/04/2018,EGBGR02041F4,10,R,"1,250,000,000","1,444,725,000","470,600,000",15.700,2,14.690,14.980,14.825
27/03/2018,EGBGR02041F4,10,R,"1,000,000,000","2,099,704,000","1,000,000,000",15.700,2,14.690,14.887,14.818
13/03/2018,EGBGR02041F4,10,R,"1,000,000,000","2,316,330,000","1,504,930,000",15.700,2,14.490,14.950,14.667
27/02/2018,EGBGR02041F4,10,R,"1,000,000,000","1,498,700,000","532,580,000",15.700,2,14.490,14.950,14.800
13/02/2018,EGBGR02041F4,10,R,"1,000,000,000","1,457,900,000","703,000,000",15.700,2,13.550,14.670,13.871
30/01/2018,EGBGR02041F4,10,R,"1,000,000,000","3,092,833,000","847,289,000",15.700,2,14.550,14.800,14.732
16/01/2018,EGBGR02041F4,10,R,"1,000,000,000","4,062,300,000","776,210,000",15.700,2,15.040,15.357,15.306
02/01/2018,EGBGR02041F4,10,R,"1,000,000,000","1,614,200,000","1,000,000,000",15.700,2,15.700,16.100,16.025
19/12/2017,EGBGR02041F4,10,R,"1,000,000,000","3,090,050,000","1,000,000,000",15.700,2,15.700,15.760,15.740
05/12/2017,EGBGR02041F4,10,R,"1,250,000,000","3,289,575,000","1,250,000,000",15.700,2,16.197,16.280,16.245
21/11/2017,EGBGR02041F4,10,R,"1,000,000,000","3,233,230,000","1,473,232,000",15.700,2,15.840,16.000,15.987
07/11/2017,EGBGR02041F4,10,N,"1,000,000,000","2,221,900,000","986,000,000",15.700,2,15.650,15.840,15.716
30/12/2025,EGBGR06611F0,2,R,"14,000,000,000","14,617,985,000","7,104,985,000",22.695,2,22.000,22.520,22.263
23/12/2025,EGBGR06611F0,2,R,"10,000,000,000","28,350,150,000","16,624,700,000",22.695,2,22.380,22.530,22.466
16/12/2025,EGBGR06611F0,2,R,"14,000,000,000","18,810,200,000","8,247,000,000",22.695,2,22.600,22.690,22.672
09/12/2025,EGBGR06611F0,2,R,"10,000,000,000","7,405,130,000","1,171,130,000",22.695,2,22.630,22.740,22.689
02/12/2025,EGBGR06611F0,2,N,"10,000,000,000","8,361,225,000","2,007,225,000",22.695,2,22.660,22.740,22.695
31/12/2024,EGBGR05981F8,3,R,"2,000,000,000","22,622,750,000","3,087,950,000",24.144,1,23.500,23.990,23.976
24/12/2024,EGBGR05981F8,3,R,"3,000,000,000","19,252,000,000","3,947,000,000",24.144,1,24.150,24.270,24.222
17/12/2024,EGBGR05981F8,3,R,"12,000,000,000","27,902,500,000","1,455,000,000",24.144,1,24.290,24.300,24.298
10/12/2024,EGBGR05981F8,3,R,"10,000,000,000","18,789,234,000","3,130,234,000",24.144,1,24.190,24.300,24.216
03/12/2024,EGBGR05981F8,3,N,"12,000,000,000","22,505,100,000","3,165,100,000",24.144,1,24.090,24.200,24.144
30/03/2021,EGBGR03081F9,7,R,"7,000,000,000","7,592,350,000","607,050,000",14.292,2,14.500,14.570,14.545
16/03/2021,EGBGR03081F9,7,R,"6,500,000,000","10,453,170,000","8,256,470,000",14.292,2,14.400,14.570,14.548
02/03/2021,EGBGR03081F9,7,R,"7,000,000,000","8,160,836,000","342,000,000",14.292,2,14.350,14.470,14.436
16/02/2021,EGBGR03081F9,7,R,"6,500,000,000","9,785,000,000","5,762,500,000",14.292,2,14.300,14.400,14.374
02/02/2021,EGBGR03081F9,7,R,"7,000,000,000","11,947,200,000","7,000,000,000",14.292,2,14.350,14.400,14.386
19/01/2021,EGBGR03081F9,7,R,"6,500,000,000","6,657,500,000","6,447,500,000",14.292,2,14.150,14.440,14.362
05/01/2021,EGBGR03081F9,7,N,"7,000,000,000","5,819,239,000","1,306,939,000",14.292,2,13.750,14.340,14.292
10/02/2026,EGBGR06661F5,2,R,"10,000,000,000","37,529,900,000","12,671,900,000",22.422,2,21.870,22.000,21.960
03/02/2026,EGBGR06661F5,2,R,"8,000,000,000","6,813,050,000","2,575,050,000",22.422,2,22.000,22.170,22.086
27/01/2026,EGBGR06661F5,2,R,"10,000,000,000","17,408,225,000","7,707,300,000",22.422,2,22.000,22.220,22.114
20/01/2026,EGBGR06661F5,2,R,"8,000,000,000","17,956,780,000","8,171,380,000",22.422,2,22.3,22.37,22.337
13/01/2026,EGBGR06661F5,2,R,"10,000,000,000","16,626,000,000","8,485,000,000",22.422,2,22.300,22.420,22.360
06/01/2026,EGBGR06661F5,2,N,"8,000,000,000","9,275,500,000","3,102,500,000",22.422,2,22.300,22.470,22.422
28/01/2025,EGBGR06091F5,3,R,"10,000,000,000","22,888,000,000","4,515,000,000",22.576,2,21.240,21.390,21.286
21/01/2025,EGBGR06091F5,3,R,"8,000,000,000","35,033,974,000","11,374,474,000",22.576,2,21.000,21.390,21.274
14/01/2025,EGBGR06091F5,3,R,"10,000,000,000","51,469,550,000","21,595,650,000",22.576,2,21.450,22.040,21.900
07/01/2025,EGBGR06091F5,3,N,"8,000,000,000","51,947,894,000","11,141,515,000",22.576,2,22.250,22.690,22.576
25/02/2025,EGBGR06101F2,3,R,"10,000,000,000","14,171,900,000","966,900,000",21.383,2,21.500,21.830,21.731
18/02/2025,EGBGR06101F2,3,R,"8,000,000,000","16,437,163,000","4,637,163,000",21.383,2,21.490,21.670,21.583
11/02/2025,EGBGR06101F2,3,R,"10,000,000,000","24,523,526,000","10,185,246,000",21.383,2,21.050,21.520,21.364
04/02/2025,EGBGR06101F2,3,N,"8,000,000,000","14,619,550,000","909,550,000",21.383,2,21.370,21.390,21.383
10/03/2026,EGBGR06831F4,2,R,"10,000,000,000","13,317,500,000","8,001,500,000",21.762,2,22.430,22.580,22.506
03/03/2026,EGBGR06831F4,2,R,"8,000,000,000","97,459,805,000","92,551,805,000",21.762,2,21.900,22.430,22.423
24/02/2026,EGBGR06831F4,2,R,"10,000,000,000","11,008,000,000","8,465,000,000",21.762,2,21.750,21.970,21.892
17/02/2026,EGBGR06831F4,2,N,"8,000,000,000","29,607,600,000","20,712,600,000",21.762,2,21.520,21.870,21.762
25/03/2025,EGBGR06111F1,3,R,"10,000,000,000","19,213,687,000","7,082,687,000",21.954,2,20.520,21.100,20.947
18/03/2025,EGBGR06111F1,3,R,"8,000,000,000","54,786,676,000","9,039,900,000",21.954,2,20.750,20.980,20.952
11/03/2025,EGBGR06111F1,3,R,"6,000,000,000","33,203,180,000","13,235,180,000",21.954,2,21.000,21.940,21.839
04/03/2025,EGBGR06111F1,3,N,"10,000,000,000","19,165,505,000","3,529,505,000",21.954,2,21.790,22.100,21.954
17/03/2026,EGBGR06851F2,2,N,"8,000,000,000","4,291,000,000","56,000,000",22.700,2,22.700,22.700,22.700
29/04/2025,EGBGR06231F7,3,R,"8,000,000,000","13,730,075,000","4,675,075,000",21.263,2,20.880,21.300,21.257
22/04/2025,EGBGR06231F7,3,R,"10,000,000,000","7,651,000,000","100,000,000",21.263,2,21.300,21.300,21.300
15/04/2025,EGBGR06231F7,3,R,"8,000,000,000","10,424,125,000","882,125,000",21.263,2,21.100,21.300,21.265
01/04/2025,EGBGR06231F7,3,N,"8,000,000,000","17,875,000,000","2,525,000,000",21.263,2,21.050,21.300,21.263
22/06/2021,EGBGR03181F7,7,R,"6,500,000,000","8,332,171,000","3,682,171,000",14.551,2,14.500,14.600,14.590
08/06/2021,EGBGR03181F7,7,R,"6,000,000,000","5,457,121,000","587,121,000",14.551,2,14.550,14.600,14.591
25/05/2021,EGBGR03181F7,7,R,"6,500,000,000","5,568,792,000","1,092,392,000",14.551,2,14.520,14.600,14.592
11/05/2021,EGBGR03181F7,7,R,"6,000,000,000","5,619,988,000","1,098,788,000",14.551,2,14.500,14.600,14.580
27/04/2021,EGBGR03181F7,7,R,"6,500,000,000","5,529,342,000","2,242,242,000",14.551,2,14.500,14.600,14.582
13/04/2021,EGBGR03181F7,7,N,"6,000,000,000","6,116,750,000","525,800,000",14.551,2,14.500,14.570,14.551
24/06/2025,EGBGR06271F3,3,R,"13,000,000,000","39,816,000,000","8,000,000,000",21.333,2,22.620,23.100,23.066
17/06/2025,EGBGR06271F3,3,R,"10,000,000,000","20,967,000,000","10,500,000,000",21.333,2,22.600,22.620,22.619
10/06/2025,EGBGR06271F3,3,R,"13,000,000,000","36,828,000,000","26,275,000,000",21.333,2,21.980,22.120,22.118
03/06/2025,EGBGR06271F3,3,R,"10,000,000,000","29,113,500,000","21,512,500,000",21.333,2,21.800,22.000,21.988
27/05/2025,EGBGR06271F3,3,R,"15,000,000,000","16,050,900,000","1,175,900,000",21.333,2,21.600,21.850,21.771
20/05/2025,EGBGR06271F3,3,R,"10,000,000,000","8,600,600,000","624,600,000",21.333,2,21.600,21.750,21.682
13/05/2025,EGBGR06271F3,3,R,"8,000,000,000","10,571,700,000","1,116,700,000",21.333,2,21.450,21.670,21.539
06/05/2025,EGBGR06271F3,3,N,"10,000,000,000","11,885,800,000","1,118,800,000",21.333,2,21.300,21.450,21.333
23/10/2018,EGBGR02111F5,10,R,"500,000,000","1,990,336,000","974,000,000",14.900,2,17.950,18.150,18.092
09/10/2018,EGBGR02111F5,10,R,"500,000,000","1,635,596,000","500,000,000",14.900,2,18.250,18.400,18.374
19/06/2018,EGBGR02111F5,10,R,"1,250,000,000","1,141,875,000","1,051,875,000",14.900,2,15.350,16.500,16.378
05/06/2018,EGBGR02111F5,10,R,"1,250,000,000","1,666,900,000","800,025,000",14.900,2,15.220,15.350,15.301
22/05/2018,EGBGR02111F5,10,R,"1,250,000,000","1,634,875,000","803,000,000",14.900,2,14.950,15.390,15.221
08/05/2018,EGBGR02111F5,10,N,"1,250,000,000","2,055,560,000","1,041,185,000",14.900,2,14.900,14.980,14.946
30/06/2026,EGBGR07021F1,2,N,"4,000,000,000","7,207,000,000","4,000,000,000",22.700,2,22.700,22.700,22.700
29/07/2025,EGBGR06351F3,3,R,"10,000,000,000","47,189,581,000","33,171,081,000",23.440,1,24.200,24.440,24.429
22/07/2025,EGBGR06351F3,3,R,"15,000,000,000","44,707,460,000","32,658,460,000",23.440,1,23.960,24.300,24.258
15/07/2025,EGBGR06351F3,3,R,"10,000,000,000","46,577,000,000","36,140,000,000",23.440,1,23.880,24.000,23.999
08/07/2025,EGBGR06351F3,3,R,"15,000,000,000","43,715,000,000","3,333,000,000",23.440,1,23.590,23.900,23.712
01/07/2025,EGBGR06351F3,3,N,"10,000,000,000","35,333,175,000","5,432,175,000",23.440,1,22.890,23.800,23.440
07/07/2026,EGBGR07061F7,2,N,"4,500,000,000","4,038,000,000","1,015,000,000",22.691,2,22.650,22.700,22.691
28/09/2021,EGBGR03371F4,7,R,"2,000,000,000","1,858,000,000","33,500,000",14.585,2,14.000,14.590,14.530
14/09/2021,EGBGR03371F4,7,R,"2,500,000,000","2,163,775,000","870,775,000",14.585,2,14.500,14.590,14.556
24/08/2021,EGBGR03371F4,7,R,"2,000,000,000","1,662,000,000","633,000,000",14.585,2,14.570,14.590,14.589
10/08/2021,EGBGR03371F4,7,R,"2,500,000,000","1,514,750,000","532,250,000",14.585,2,14.500,14.600,14.598
13/07/2021,EGBGR03371F4,7,N,"2,500,000,000","2,491,400,000","277,400,000",14.585,2,14.550,14.600,14.585
19/08/2025,EGBGR06431F3,3,R,"10,000,000,000","193,549,471,000","83,002,000,000",24.439,1,23.740,23.930,23.925
12/08/2025,EGBGR06431F3,3,R,"15,000,000,000","85,789,640,000","15,411,020,000",24.439,1,24.200,24.330,24.292
05/08/2025,EGBGR06431F3,3,N,"10,000,000,000","57,256,500,000","40,231,000,000",24.439,1,24.290,24.440,24.439
18/08/2026,EGBGR07111F0,2,N,"2,000,000,000","3,404,000,000","2,000,000,000",22.691,2,22.691,22.691,22.691
30/09/2025,EGBGR06481F8,3,R,"13,000,000,000","26,321,175,000","6,971,175,000",23.381,1,22.750,22.980,22.958
23/09/2025,EGBGR06481F8,3,R,"10,000,000,000","25,168,174,000","4,101,615,000",23.381,1,22.690,22.980,22.782
16/09/2025,EGBGR06481F8,3,R,"13,000,000,000","52,805,282,000","34,276,382,000",23.381,1,22.490,22.980,22.878
09/09/2025,EGBGR06481F8,3,R,"10,000,000,000","49,686,535,000","15,514,600,000",23.381,1,22.850,23.080,23.039
02/09/2025,EGBGR06481F8,3,R,"13,000,000,000","44,321,300,000","15,013,800,000",23.381,1,22.750,23.380,23.246
26/08/2025,EGBGR06481F8,3,N,"15,000,000,000","155,933,720,000","135,389,220,000",23.381,1,23.000,23.600,23.381
28/10/2025,EGBGR06511F2,3,R,"20,000,000,000","36,408,850,000","3,955,850,000",21.738,2,21.750,21.840,21.822
21/10/2025,EGBGR06511F2,3,R,"20,000,000,000","47,048,800,000","13,739,800,000",21.738,2,21.640,21.860,21.791
14/10/2025,EGBGR06511F2,3,R,"20,000,000,000","27,000,275,000","4,220,100,000",21.738,2,21.630,21.860,21.767
07/10/2025,EGBGR06511F2,3,N,"20,000,000,000","64,333,200,000","20,400,000,000",21.738,2,21.430,21.940,21.738
21/12/2021,EGBGR03511F5,7,R,"1,000,000,000","786,000,000","115,000,000",14.575,2,14.570,14.640,14.599
07/12/2021,EGBGR03511F5,7,R,"750,000,000","1,079,031,000","203,031,000",14.575,2,14.500,14.640,14.570
23/11/2021,EGBGR03511F5,7,R,"1,000,000,000","1,249,500,000","143,500,000",14.575,2,14.611,14.640,14.623
09/11/2021,EGBGR03511F5,7,R,"750,000,000","1,043,507,000","134,507,000",14.575,2,14.580,14.640,14.611
26/10/2021,EGBGR03511F5,7,R,"1,000,000,000","2,218,230,000","692,230,000",14.575,2,14.450,14.640,14.595
12/10/2021,EGBGR03511F5,7,N,"750,000,000","1,174,060,000","137,060,000",14.575,2,14.000,14.640,14.575
25/11/2025,EGBGR06561F7,3,R,"15,000,000,000","19,804,600,000","4,652,600,000",21.703,2,21.240,21.540,21.442
18/11/2025,EGBGR06561F7,3,R,"13,000,000,000","24,039,855,000","7,158,455,000",21.703,2,21.390,21.540,21.489
11/11/2025,EGBGR06561F7,3,R,"10,000,000,000","39,242,389,000","10,607,300,000",21.703,2,21.590,21.640,21.621
04/11/2025,EGBGR06561F7,3,N,"18,000,000,000","51,723,000,000","8,250,000,000",21.703,2,21.680,21.740,21.703
26/03/2019,EGBGR02181F8,10,R,"500,000,000","697,300,000","208,000,000",18.000,2,16.130,16.440,16.387
12/03/2019,EGBGR02181F8,10,R,"500,000,000","2,752,600,000","1,700,000,000",18.000,2,16.800,16.920,16.865
26/02/2019,EGBGR02181F8,10,R,"500,000,000","3,474,310,000","1,495,000,000",18.000,2,16.950,17.190,17.157
12/02/2019,EGBGR02181F8,10,R,"500,000,000","2,100,350,000","500,000,000",18.000,2,17.390,17.800,17.735
29/01/2019,EGBGR02181F8,10,R,"500,000,000","2,154,500,000","977,050,000",18.000,2,17.850,18.000,17.996
15/01/2019,EGBGR02181F8,10,R,"500,000,000","1,608,650,000","1,030,850,000",18.000,2,17.690,18.090,18.030
01/01/2019,EGBGR02181F8,10,R,"500,000,000","1,460,800,000","500,000,000",18.000,2,18.050,18.170,18.152
18/12/2018,EGBGR02181F8,10,R,"500,000,000","452,000,000","102,760,000",18.000,2,18.000,18.190,18.075
04/12/2018,EGBGR02181F8,10,R,"750,000,000","1,570,600,000","1,006,600,000",18.000,2,18.000,18.160,18.052
06/11/2018,EGBGR02181F8,10,N,"500,000,000","1,881,550,000","500,000,000",18.000,2,18.000,18.060,18.033
30/12/2025,EGBGR06621F9,3,R,"23,000,000,000","29,235,000,000","11,395,000,000",21.492,2,20.900,21.300,21.141
23/12/2025,EGBGR06621F9,3,R,"23,000,000,000","66,864,165,000","41,820,565,000",21.492,2,21.110,21.340,21.295
16/12/2025,EGBGR06621F9,3,R,"22,000,000,000","42,381,300,000","18,448,000,000",21.492,2,21.350,21.490,21.453
09/12/2025,EGBGR06621F9,3,R,"22,000,000,000","22,170,953,000","2,904,953,000",21.492,2,21.440,21.540,21.521
02/12/2025,EGBGR06621F9,3,N,"20,000,000,000","25,191,000,000","5,569,000,000",21.492,2,21.240,21.540,21.492
29/03/2022,EGBGR03611F3,7,R,"750,000,000","4,195,452,000","3,000,702,000",14.598,2,14.500,14.522,14.521
15/03/2022,EGBGR03611F3,7,R,"1,000,000,000","1,202,610,000","17,610,000",14.598,2,14.000,14.630,14.522
01/03/2022,EGBGR03611F3,7,R,"750,000,000","708,600,000","19,400,000",14.598,2,14.620,14.640,14.635
15/02/2022,EGBGR03611F3,7,R,"1,000,000,000","1,518,625,000","401,625,000",14.598,2,14.600,14.640,14.630
01/02/2022,EGBGR03611F3,7,R,"750,000,000","593,285,000","14,035,000",14.598,2,14.600,14.630,14.623
18/01/2022,EGBGR03611F3,7,R,"1,000,000,000","784,800,000","90,500,000",14.598,2,14.600,14.640,14.616
04/01/2022,EGBGR03611F3,7,N,"750,000,000","917,370,000","352,000,000",14.598,2,14.550,14.640,14.598
13/01/2026,EGBGR06691F2,3,R,"12,000,000,000","52,079,180,000","37,104,180,000",21.182,2,21.070,21.230,21.192
06/01/2026,EGBGR06691F2,3,N,"15,000,000,000","34,545,700,000","25,339,700,000",21.182,2,21.100,21.250,21.182
10/02/2026,EGBGR06711F8,3,R,"25,000,000,000","34,229,045,000","25,054,045,000",21.173,2,20.730,20.960,20.892
03/02/2026,EGBGR06711F8,3,R,"20,000,000,000","24,223,000,000","8,061,000,000",21.173,2,20.740,21.000,20.928
27/01/2026,EGBGR06711F8,3,R,"20,000,000,000","51,236,000,000","21,088,000,000",21.173,2,20.740,21.050,20.981
20/01/2026,EGBGR06711F8,3,N,"15,000,000,000","32,207,700,000","19,625,700,000",21.173,2,21.1,21.2,21.173
03/03/2026,EGBGR06751F4,3,R,"20,000,000,000","20,632,700,000","100,000,000",20.741,2,21.000,21.000,21.000
24/02/2026,EGBGR06751F4,3,R,"25,000,000,000","25,021,230,000","1,838,230,000",20.741,2,20.730,20.900,20.836
17/02/2026,EGBGR06751F4,3,N,"20,000,000,000","34,717,800,000","20,890,800,000",20.741,2,20.550,20.850,20.741
24/03/2026,EGBGR06801F7,3,R,"25,000,000,000","16,483,000,000","400,000,000",21.170,2,21.170,21.250,21.220
17/03/2026,EGBGR06801F7,3,N,"20,000,000,000","15,648,000,000","880,000,000",21.170,2,21.000,21.250,21.170
19/05/2026,EGBGR06881F9,3,R,"5,000,000,000","78,226,000,000","1,250,000,000",21.200,2,22.250,22.400,22.310
12/05/2026,EGBGR06881F9,3,R,"10,000,000,000","10,881,000,000","500,000,000",21.200,2,21.790,22.250,22.088
05/05/2026,EGBGR06881F9,3,R,"7,000,000,000","8,724,000,000","300,000,000",21.200,2,21.720,21.950,21.796
28/04/2026,EGBGR06881F9,3,R,"6,000,000,000","12,403,000,000","6,500,000,000",21.200,2,21.500,21.750,21.719
31/03/2026,EGBGR06881F9,3,N,"20,000,000,000","34,351,513,000","12,669,513,000",21.200,2,21.200,21.200,21.200
08/11/2022,EGBGR02271F7,7,R,"250,000,000","472,550,000","2,800,000",16.100,2,15.500,15.500,15.500
25/10/2022,EGBGR02271F7,7,R,"250,000,000","202,050,000","10,300,000",16.100,2,15.500,15.500,15.500
27/08/2019,EGBGR02271F7,10,R,"1,250,000,000","4,137,975,000","1,250,000,000",16.100,2,14.350,14.750,14.682
13/08/2019,EGBGR02271F7,10,R,"1,000,000,000","6,529,086,000","1,690,000,000",16.100,2,15.480,15.600,15.551
30/07/2019,EGBGR02271F7,10,R,"1,250,000,000","9,518,724,000","4,183,298,000",16.100,2,15.680,15.770,15.724
16/07/2019,EGBGR02271F7,10,R,"1,000,000,000","5,330,347,000","2,955,297,000",16.100,2,15.750,15.850,15.820
02/07/2019,EGBGR02271F7,10,R,"1,250,000,000","2,272,200,000","1,250,000,000",16.100,2,15.890,16.000,15.969
18/06/2019,EGBGR02271F7,10,R,"750,000,000","3,561,565,000","2,227,165,000",16.100,2,15.970,16.070,15.988
04/06/2019,EGBGR02271F7,10,R,"500,000,000","2,293,800,000","1,547,500,000",16.100,2,16.000,16.100,16.086
21/05/2019,EGBGR02271F7,10,R,"750,000,000","2,595,975,000","1,452,725,000",16.100,2,15.880,16.190,16.037
07/05/2019,EGBGR02271F7,10,N,"750,000,000","1,669,861,000","402,581,000",16.100,2,15.990,16.240,16.182
21/06/2022,EGBGR03751F7,7,R,"750,000,000","805,000,000","3,000,000",14.630,2,14.630,14.630,14.630
07/06/2022,EGBGR03751F7,7,R,"500,000,000","586,940,000","39,440,000",14.630,2,14.600,14.630,14.625
24/05/2022,EGBGR03751F7,7,R,"750,000,000","915,250,000","59,000,000",14.630,2,14.560,14.630,14.619
10/05/2022,EGBGR03751F7,7,N,"500,000,000","615,500,000","75,000,000",14.630,2,14.630,14.630,14.630
26/05/2026,EGBGR06971F8,3,R,"10,000,000,000","26,343,000,000","2,465,000,000",23.098,2,23.000,23.100,23.066
21/05/2026,EGBGR06971F8,3,N,"50,000,000,000","155,665,000,000","120,900,000,000",23.098,2,22.730,23.100,23.098
23/06/2026,EGBGR07001F3,3,R,"20,000,000,000","21,583,480,000","4,801,480,000",23.063,2,22.900,23.100,23.068
16/06/2026,EGBGR07001F3,3,R,"25,000,000,000","33,395,159,000","17,617,159,000",23.063,2,22.600,23.100,23.023
09/06/2026,EGBGR07001F3,3,R,"25,000,000,000","26,438,000,000","1,220,000,000",23.063,2,23.07,23.1,23.094
02/06/2026,EGBGR07001F3,3,N,"35,000,000,000","27,520,000,000","2,701,000,000",23.063,2,23.000,23.100,23.063
30/06/2026,EGBGR07031F0,3,N,"20,000,000,000","39,955,826,000","17,283,826,000",23.099,2,23.090,23.100,23.099
13/09/2022,EGBGR03901F8,7,R,"500,000,000","292,250,000","1,750,000",14.650,2,14.000,14.000,14.000
16/08/2022,EGBGR03901F8,7,R,"500,000,000","552,400,000","9,400,000",14.650,2,14.600,14.600,14.600
02/08/2022,EGBGR03901F8,7,R,"500,000,000","316,700,000","1,200,000",14.650,2,14.600,14.600,14.600
19/07/2022,EGBGR03901F8,7,R,"500,000,000","452,100,000","21,600,000",14.650,2,14.300,14.650,14.628
05/07/2022,EGBGR03901F8,7,N,"500,000,000","405,100,000","20,300,000",14.650,2,14.650,14.650,14.650
11/08/2026,EGBGR07071F6,3,R,"15,000,000,000","34,654,250,000","15,410,000,000",23.091,2,23.250,23.400,23.354
04/08/2026,EGBGR07071F6,3,R,"15,000,000,000","16,949,000,000","2,297,000,000",23.091,2,23.40,23.44,23.407
28/07/2026,EGBGR07071F6,3,R,"15,000,000,000","18,724,000,000","835,000,000",23.091,2,23.390,23.400,23.399
21/07/2026,EGBGR07071F6,3,R,"15,000,000,000","12,812,200,000","1,838,200,000",23.091,2,23.170,23.400,23.329
14/07/2026,EGBGR07071F6,3,R,"15,000,000,000","16,089,270,000","4,467,270,000",23.091,2,23.1,23.2,23.147
07/07/2026,EGBGR07071F6,3,N,"20,000,000,000","24,953,550,000","6,283,550,000",23.091,2,23.040,23.100,23.091
18/08/2026,EGBGR07121F9,3,N,"15,000,000,000","39,684,186,000","18,880,686,000",23.269,2,23.200,23.350,23.269
17/12/2019,EGBGR02341F8,10,R,"1,500,000,000","4,419,875,000","2,116,940,000",14.400,2,13.750,13.890,13.831
03/12/2019,EGBGR02341F8,10,R,"1,750,000,000","1,392,025,000","290,000,000",14.400,2,13.950,13.990,13.966
19/11/2019,EGBGR02341F8,10,R,"1,500,000,000","2,250,950,000","371,000,000",14.400,2,13.750,13.800,13.797
05/11/2019,EGBGR02341F8,10,R,"1,750,000,000","3,033,525,000","1,750,000,000",14.400,2,14.120,14.280,14.225
22/10/2019,EGBGR02341F8,10,R,"1,500,000,000","4,363,875,000","3,270,195,000",14.400,2,14.190,14.300,14.247
08/10/2019,EGBGR02341F8,10,R,"1,750,000,000","2,804,625,000","1,501,625,000",14.400,2,14.000,14.450,14.361
24/09/2019,EGBGR02341F8,10,R,"1,250,000,000","3,760,450,000","2,280,450,000",14.400,2,13.800,14.450,14.417
10/09/2019,EGBGR02341F8,10,N,"1,000,000,000","5,798,750,000","4,500,750,000",14.400,2,14.350,14.690,14.537
31/12/2019,EGBGR02441F6,10,N,"1,750,000,000","4,527,000,000","1,750,000,000",13.703,2,13.640,13.750,13.703
10/03/2020,EGBGR02491F1,10,R,"3,500,000,000","1,566,050,000","77,000,000",13.564,2,13.990,14.200,14.033
25/02/2020,EGBGR02491F1,10,R,"3,250,000,000","4,799,775,000","2,952,950,000",13.564,2,13.850,14.000,13.990
11/02/2020,EGBGR02491F1,10,R,"3,250,000,000","4,416,355,000","2,430,190,000",13.564,2,13.700,13.940,13.810
28/01/2020,EGBGR02491F1,10,R,"3,000,000,000","5,926,090,000","4,129,490,000",13.564,2,13.650,13.950,13.830
14/01/2020,EGBGR02491F1,10,N,"3,000,000,000","8,341,790,000","5,508,290,000",13.564,2,13.480,13.600,13.564
07/04/2020,EGBGR02541F3,10,R,"3,000,000,000","5,401,000,000","3,000,000,000",13.938,2,13.400,13.500,13.443
24/03/2020,EGBGR02541F3,10,N,"3,500,000,000","3,785,000,000","3,500,000,000",13.938,2,13.850,14.000,13.938
19/05/2020,EGBGR02601F5,10,R,"3,000,000,000","1,349,900,000","50,000,000",13.411,2,13.450,13.450,13.450
05/05/2020,EGBGR02601F5,10,R,"3,000,000,000","1,856,000,000","112,000,000",13.411,2,13.550,13.600,13.564
21/04/2020,EGBGR02601F5,10,N,"3,000,000,000","3,939,150,000","3,000,000,000",13.411,2,13.240,13.490,13.411
17/06/2025,EGBGR06321F6,5,R,"2,500,000,000","3,005,900,000","1,000,000,000",19.980,2,19.980,19.980,19.980
10/06/2025,EGBGR06321F6,5,R,"3,000,000,000","6,736,700,000","240,700,000",19.980,2,19.450,19.590,19.484
03/06/2025,EGBGR06321F6,5,R,"2,500,000,000","6,957,600,000","574,600,000",19.980,2,19.150,19.490,19.318
27/05/2025,EGBGR06321F6,5,R,"3,000,000,000","24,480,700,000","20,000,000,000",19.980,2,19.250,19.250,19.250
20/05/2025,EGBGR06321F6,5,N,"2,000,000,000","25,809,600,000","20,000,000,000",19.980,2,19.980,19.980,19.980
30/06/2020,EGBGR02731F0,10,R,"3,250,000,000","1,181,500,000","1,500,000",13.800,2,14.100,14.100,14.100
16/06/2020,EGBGR02731F0,10,N,"3,000,000,000","1,025,000,000","10,000,000",13.800,2,13.800,13.800,13.800
30/09/2025,EGBGR06411F5,5,R,"1,000,000,000","857,100,000","18,100,000",19.945,2,19.790,19.800,19.793
23/09/2025,EGBGR06411F5,5,R,"500,000,000","591,870,000","106,935,000",19.945,2,19.790,19.800,19.790
16/09/2025,EGBGR06411F5,5,R,"1,000,000,000","1,557,200,000","672,900,000",19.945,2,19.700,19.800,19.750
02/09/2025,EGBGR06411F5,5,R,"1,000,000,000","1,922,800,000","1,000,000,000",19.945,2,19.600,19.800,19.654
26/08/2025,EGBGR06411F5,5,R,"500,000,000","2,829,200,000","1,940,000,000",19.945,2,19.850,19.890,19.888
19/08/2025,EGBGR06411F5,5,R,"1,000,000,000","1,208,000,000","356,250,000",19.945,2,19.930,20.000,19.976
05/08/2025,EGBGR06411F5,5,R,"1,000,000,000","1,968,150,000","100,000,000",19.945,2,20.100,20.100,20.100
29/07/2025,EGBGR06411F5,5,R,"500,000,000","2,269,000,000","1,300,000,000",19.945,2,20.040,20.100,20.088
22/07/2025,EGBGR06411F5,5,R,"1,000,000,000","2,942,600,000","1,076,500,000",19.945,2,19.990,20.050,20.022
15/07/2025,EGBGR06411F5,5,R,"500,000,000","4,198,550,000","1,250,000,000",19.945,2,19.980,19.990,19.982
08/07/2025,EGBGR06411F5,5,N,"1,000,000,000","1,325,000,000","390,000,000",19.945,2,19.840,19.980,19.945
22/09/2020,EGBGR02841F7,10,R,"3,500,000,000","8,944,050,000","6,397,000,000",14.425,2,14.560,14.700,14.643
08/09/2020,EGBGR02841F7,10,R,"3,000,000,000","6,945,004,000","2,095,104,000",14.425,2,14.520,14.780,14.695
25/08/2020,EGBGR02841F7,10,R,"3,500,000,000","1,614,050,000","85,000,000",14.425,2,14.700,14.820,14.780
11/08/2020,EGBGR02841F7,10,R,"3,000,000,000","2,356,950,000","134,800,000",14.425,2,14.500,14.600,14.580
28/07/2020,EGBGR02841F7,10,R,"3,500,000,000","951,200,000","766,200,000",14.425,2,14.400,14.550,14.479
14/07/2020,EGBGR02841F7,10,N,"3,000,000,000","1,498,300,000","482,200,000",14.425,2,14.240,14.500,14.425
29/12/2020,EGBGR02951F4,10,R,"6,000,000,000","5,696,000,000","5,261,000,000",14.664,2,14.250,14.490,14.394
15/12/2020,EGBGR02951F4,10,R,"5,000,000,000","1,596,400,000","1,029,900,000",14.664,2,14.000,14.360,14.267
01/12/2020,EGBGR02951F4,10,R,"4,000,000,000","7,202,500,000","2,291,000,000",14.664,2,14.450,14.500,14.486
17/11/2020,EGBGR02951F4,10,R,"3,500,000,000","8,698,867,000","3,688,867,000",14.664,2,14.090,14.640,14.505
03/11/2020,EGBGR02951F4,10,R,"4,000,000,000","4,048,600,000","3,923,600,000",14.664,2,14.690,14.800,14.791
20/10/2020,EGBGR02951F4,10,R,"3,500,000,000","5,434,550,000","3,500,000,000",14.664,2,14.600,14.750,14.731
06/10/2020,EGBGR02951F4,10,N,"4,000,000,000","772,050,000","434,650,000",14.664,2,14.580,14.700,14.664
27/01/2026,EGBGR06541F9,5,R,"15,000,000,000","94,180,200,000","88,433,200,000",19.698,2,19.360,19.710,19.708
23/12/2025,EGBGR06541F9,5,R,"3,000,000,000","1,993,400,000","460,400,000",19.698,2,19.340,19.580,19.530
09/12/2025,EGBGR06541F9,5,R,"3,000,000,000","2,766,822,000","863,822,000",19.698,2,19.510,19.630,19.616
25/11/2025,EGBGR06541F9,5,R,"5,000,000,000","4,674,950,000","1,843,950,000",19.698,2,19.510,19.630,19.530
11/11/2025,EGBGR06541F9,5,R,"3,000,000,000","3,625,700,000","1,173,250,000",19.698,2,19.590,19.630,19.605
28/10/2025,EGBGR06541F9,5,R,"3,000,000,000","2,667,800,000","398,800,000",19.698,2,19.680,19.690,19.687
14/10/2025,EGBGR06541F9,5,N,"3,000,000,000","1,542,140,000","28,600,000",19.698,2,19.690,19.700,19.698
17/02/2026,EGBGR06671F4,5,R,"5,000,000,000","9,243,300,000","6,057,300,000",19.480,2,19.250,19.650,19.573
03/02/2026,EGBGR06671F4,5,R,"5,000,000,000","2,901,700,000","745,700,000",19.480,2,19.410,19.690,19.611
20/01/2026,EGBGR06671F4,5,R,"3,000,000,000","2,063,300,000","64,900,000",19.48,2,19.38,19.44,19.401
06/01/2026,EGBGR06671F4,5,N,"3,000,000,000","3,104,000,000","400,000,000",19.480,2,19.480,19.480,19.480
23/03/2021,EGBGR03091F8,10,R,"5,500,000,000","6,719,350,000","1,306,850,000",14.382,2,14.700,14.800,14.786
09/03/2021,EGBGR03091F8,10,R,"5,000,000,000","5,809,234,000","1,553,006,000",14.382,2,14.600,14.788,14.702
23/02/2021,EGBGR03091F8,10,R,"5,500,000,000","5,276,600,000","3,733,600,000",14.382,2,14.600,14.760,14.726
09/02/2021,EGBGR03091F8,10,R,"5,000,000,000","9,332,500,000","3,815,800,000",14.382,2,14.300,14.710,14.685
26/01/2021,EGBGR03091F8,10,R,"5,500,000,000","5,478,150,000","739,000,000",14.382,2,14.510,14.720,14.687
12/01/2021,EGBGR03091F8,10,N,"5,000,000,000","4,907,280,000","4,092,280,000",14.382,2,14.240,14.440,14.382
31/03/2026,EGBGR06891F8,5,N,"10,000,000,000","25,266,000,000","20,000,000,000",19.700,2,19.700,19.700,19.700
29/06/2021,EGBGR03191F6,10,R,"6,000,000,000","4,740,950,000","100,950,000",14.820,2,14.822,14.830,14.826
15/06/2021,EGBGR03191F6,10,R,"5,500,000,000","6,689,248,000","954,250,000",14.820,2,14.760,14.840,14.833
01/06/2021,EGBGR03191F6,10,R,"5,000,000,000","4,797,783,000","2,905,383,000",14.820,2,14.800,14.840,14.836
18/05/2021,EGBGR03191F6,10,R,"5,500,000,000","5,127,613,000","489,450,000",14.820,2,14.800,14.840,14.830
04/05/2021,EGBGR03191F6,10,R,"5,000,000,000","4,033,887,000","257,777,000",14.820,2,14.800,14.840,14.834
20/04/2021,EGBGR03191F6,10,R,"5,500,000,000","4,895,050,000","2,529,650,000",14.820,2,14.760,14.850,14.844
06/04/2021,EGBGR03191F6,10,N,"5,000,000,000","6,749,150,000","3,664,150,000",14.820,2,14.700,14.850,14.820
26/05/2026,EGBGR06981F7,5,N,"1,000,000,000","7,450,514,000","6,923,514,000",19.700,2,19.700,19.700,19.700
30/06/2026,EGBGR07041F9,5,N,"1,500,000,000","2,984,700,000","1,500,000,000",19.700,2,19.700,19.700,19.700
21/09/2021,EGBGR03381F3,10,R,"1,500,000,000","991,852,000","371,352,000",14.820,2,14.500,14.740,14.692
07/09/2021,EGBGR03381F3,10,R,"2,000,000,000","1,322,230,000","229,545,000",14.820,2,14.690,14.740,14.707
31/08/2021,EGBGR03381F3,10,R,"2,000,000,000","973,010,000","136,010,000",14.820,2,14.750,14.800,14.790
17/08/2021,EGBGR03381F3,10,R,"1,500,000,000","2,117,300,000","1,500,000,000",14.820,2,14.750,14.800,14.799
03/08/2021,EGBGR03381F3,10,R,"2,000,000,000","2,585,171,000","572,271,000",14.820,2,14.750,14.800,14.798
20/07/2021,EGBGR03381F3,10,R,"1,500,000,000","1,302,700,000","53,700,000",14.820,2,14.810,14.820,14.817
06/07/2021,EGBGR03381F3,10,N,"2,000,000,000","1,716,500,000","8,500,000",14.820,2,14.820,14.820,14.820
18/08/2026,EGBGR07121F9,5,N,"5,000,000,000","7,686,000,000","5,000,000,000",19.700,2,19.700,19.700,19.700
28/12/2021,EGBGR03521F4,10,R,"500,000,000","707,075,000","91,125,000",14.700,2,14.710,14.730,14.712
14/12/2021,EGBGR03521F4,10,R,"750,000,000","924,441,000","41,741,000",14.700,2,14.720,14.730,14.723
30/11/2021,EGBGR03521F4,10,R,"500,000,000","607,250,000","1,250,000",14.700,2,14.730,14.730,14.730
16/11/2021,EGBGR03521F4,10,R,"750,000,000","763,600,000","32,600,000",14.700,2,14.700,14.730,14.710
02/11/2021,EGBGR03521F4,10,R,"500,000,000","703,896,000","63,896,000",14.700,2,14.690,14.730,14.707
19/10/2021,EGBGR03521F4,10,R,"750,000,000","1,170,250,000","233,250,000",14.700,2,14.690,14.740,14.725
05/10/2021,EGBGR03521F4,10,N,"500,000,000","598,900,000","76,400,000",14.700,2,14.640,14.740,14.700
08/03/2022,EGBGR03621F2,10,R,"500,000,000","859,233,000","54,733,000",14.720,2,14.500,14.715,14.707
22/02/2022,EGBGR03621F2,10,R,"750,000,000","953,975,000","24,000,000",14.720,2,14.710,14.720,14.711
08/02/2022,EGBGR03621F2,10,R,"500,000,000","682,739,000","20,500,000",14.720,2,14.720,14.725,14.724
25/01/2022,EGBGR03621F2,10,R,"750,000,000","696,950,000","37,950,000",14.720,2,14.250,14.730,14.713
11/01/2022,EGBGR03621F2,10,N,"500,000,000","762,500,000","68,000,000",14.720,2,14.710,14.730,14.720
31/05/2022,EGBGR03841F6,10,R,"250,000,000","587,100,000","1,350,000",14.372,2,14.675,14.675,14.675
17/05/2022,EGBGR03841F6,10,N,"500,000,000","639,755,000","2,905,000",14.372,2,14.200,14.700,14.372
29/09/2020,EGBGR02851F6,15,R,"1,000,000,000","1,922,400,000","108,950,000",15.433,1,15.200,15.340,15.320
25/08/2020,EGBGR02851F6,15,R,"1,000,000,000","3,656,300,000","112,000,000",15.433,1,15.450,15.540,15.534
28/07/2020,EGBGR02851F6,15,N,"1,000,000,000","2,832,500,000","1,000,000,000",15.433,1,14.850,15.550,15.433
29/12/2020,EGBGR02961F3,15,R,"1,000,000,000","2,382,050,000","1,150,000,000",15.342,1,14.850,15.100,14.997
24/11/2020,EGBGR02961F3,15,R,"1,000,000,000","1,802,200,000","191,000,000",15.342,1,15.110,15.270,15.234
27/10/2020,EGBGR02961F3,15,N,"1,000,000,000","1,072,175,000","695,175,000",15.342,1,15.250,15.370,15.342
30/03/2021,EGBGR03101F5,15,R,"1,000,000,000","1,077,000,000","210,000,000",15.276,1,15.360,15.400,15.375
23/02/2021,EGBGR03101F5,15,R,"1,000,000,000","2,089,695,000","1,000,000,000",15.276,1,15.300,15.400,15.376
26/01/2021,EGBGR03101F5,15,N,"1,000,000,000","2,509,750,000","658,750,000",15.276,1,15.150,15.380,15.276
29/06/2021,EGBGR03201F3,15,R,"500,000,000","755,870,000","528,870,000",15.370,1,15.380,15.390,15.384
25/05/2021,EGBGR03201F3,15,R,"500,000,000","1,498,050,000","659,050,000",15.370,1,15.350,15.395,15.384
27/04/2021,EGBGR03201F3,15,N,"500,000,000","902,650,000","424,650,000",15.370,1,15.330,15.400,15.370
21/09/2021,EGBGR03391F2,15,R,"1,000,000,000","1,678,350,000","1,000,000,000",15.387,1,15.300,15.389,15.334
10/08/2021,EGBGR03391F2,15,R,"1,000,000,000","1,197,870,000","892,870,000",15.387,1,15.340,15.390,15.386
13/07/2021,EGBGR03391F2,15,N,"1,000,000,000","1,002,250,000","321,750,000",15.387,1,15.370,15.390,15.387
21/12/2021,EGBGR03531F3,15,R,"500,000,000","304,590,000","14,090,000",15.371,1,15.371,15.380,15.375
23/11/2021,EGBGR03531F3,15,R,"500,000,000","602,750,000","93,750,000",15.371,1,15.350,15.380,15.370
26/10/2021,EGBGR03531F3,15,N,"500,000,000","894,286,000","413,311,000",15.371,1,15.300,15.380,15.371
15/02/2022,EGBGR03591F7,15,R,"500,000,000","1,206,735,000","645,235,000",15.379,1,15.370,15.380,15.378
18/01/2022,EGBGR03591F7,15,N,"500,000,000","328,600,000","29,300,000",15.379,1,15.370,15.380,15.379
